product_id,product_label,term,bank,language,date,value
app_mobile_argenta,Application mobile bancaire (Argenta vs ING),Argenta app,ARGENTA,multi,2021-09-12,6
app_mobile_argenta,Application mobile bancaire (Argenta vs ING),Argenta app,ARGENTA,multi,2021-09-19,5
app_mobile_argenta,Application mobile bancaire (Argenta vs ING),Argenta app,ARGENTA,multi,2021-09-26,9
app_mobile_argenta,Application mobile bancaire (Argenta vs ING),Argenta app,ARGENTA,multi,2021-10-03,4
app_mobile_argenta,Application mobile bancaire (Argenta vs ING),Argenta app,ARGENTA,multi,2021-10-10,6
app_mobile_argenta,Application mobile bancaire (Argenta vs ING),Argenta app,ARGENTA,multi,2021-10-17,4
app_mobile_argenta,Application mobile bancaire (Argenta vs ING),Argenta app,ARGENTA,multi,2021-10-24,6
app_mobile_argenta,Application mobile bancaire (Argenta vs ING),Argenta app,ARGENTA,multi,2021-10-31,7
app_mobile_argenta,Application mobile bancaire (Argenta vs ING),Argenta app,ARGENTA,multi,2021-11-07,0
app_mobile_argenta,Application mobile bancaire (Argenta vs ING),Argenta app,ARGENTA,multi,2021-11-14,5
app_mobile_argenta,Application mobile bancaire (Argenta vs ING),Argenta app,ARGENTA,multi,2021-11-21,4
app_mobile_argenta,Application mobile bancaire (Argenta vs ING),Argenta app,ARGENTA,multi,2021-11-28,4
app_mobile_argenta,Application mobile bancaire (Argenta vs ING),Argenta app,ARGENTA,multi,2021-12-05,7
app_mobile_argenta,Application mobile bancaire (Argenta vs ING),Argenta app,ARGENTA,multi,2021-12-12,5
app_mobile_argenta,Application mobile bancaire (Argenta vs ING),Argenta app,ARGENTA,multi,2021-12-19,0
app_mobile_argenta,Application mobile bancaire (Argenta vs ING),Argenta app,ARGENTA,multi,2021-12-26,0
app_mobile_argenta,Application mobile bancaire (Argenta vs ING),Argenta app,ARGENTA,multi,2022-01-02,6
app_mobile_argenta,Application mobile bancaire (Argenta vs ING),Argenta app,ARGENTA,multi,2022-01-09,5
app_mobile_argenta,Application mobile bancaire (Argenta vs ING),Argenta app,ARGENTA,multi,2022-01-16,7
app_mobile_argenta,Application mobile bancaire (Argenta vs ING),Argenta app,ARGENTA,multi,2022-01-23,4
app_mobile_argenta,Application mobile bancaire (Argenta vs ING),Argenta app,ARGENTA,multi,2022-01-30,19
app_mobile_argenta,Application mobile bancaire (Argenta vs ING),Argenta app,ARGENTA,multi,2022-02-06,4
app_mobile_argenta,Application mobile bancaire (Argenta vs ING),Argenta app,ARGENTA,multi,2022-02-13,4
app_mobile_argenta,Application mobile bancaire (Argenta vs ING),Argenta app,ARGENTA,multi,2022-02-20,6
app_mobile_argenta,Application mobile bancaire (Argenta vs ING),Argenta app,ARGENTA,multi,2022-02-27,3
app_mobile_argenta,Application mobile bancaire (Argenta vs ING),Argenta app,ARGENTA,multi,2022-03-06,4
app_mobile_argenta,Application mobile bancaire (Argenta vs ING),Argenta app,ARGENTA,multi,2022-03-13,6
app_mobile_argenta,Application mobile bancaire (Argenta vs ING),Argenta app,ARGENTA,multi,2022-03-20,5
app_mobile_argenta,Application mobile bancaire (Argenta vs ING),Argenta app,ARGENTA,multi,2022-03-27,7
app_mobile_argenta,Application mobile bancaire (Argenta vs ING),Argenta app,ARGENTA,multi,2022-04-03,5
app_mobile_argenta,Application mobile bancaire (Argenta vs ING),Argenta app,ARGENTA,multi,2022-04-10,4
app_mobile_argenta,Application mobile bancaire (Argenta vs ING),Argenta app,ARGENTA,multi,2022-04-17,4
app_mobile_argenta,Application mobile bancaire (Argenta vs ING),Argenta app,ARGENTA,multi,2022-04-24,3
app_mobile_argenta,Application mobile bancaire (Argenta vs ING),Argenta app,ARGENTA,multi,2022-05-01,5
app_mobile_argenta,Application mobile bancaire (Argenta vs ING),Argenta app,ARGENTA,multi,2022-05-08,3
app_mobile_argenta,Application mobile bancaire (Argenta vs ING),Argenta app,ARGENTA,multi,2022-05-15,5
app_mobile_argenta,Application mobile bancaire (Argenta vs ING),Argenta app,ARGENTA,multi,2022-05-22,0
app_mobile_argenta,Application mobile bancaire (Argenta vs ING),Argenta app,ARGENTA,multi,2022-05-29,4
app_mobile_argenta,Application mobile bancaire (Argenta vs ING),Argenta app,ARGENTA,multi,2022-06-05,5
app_mobile_argenta,Application mobile bancaire (Argenta vs ING),Argenta app,ARGENTA,multi,2022-06-12,3
app_mobile_argenta,Application mobile bancaire (Argenta vs ING),Argenta app,ARGENTA,multi,2022-06-19,0
app_mobile_argenta,Application mobile bancaire (Argenta vs ING),Argenta app,ARGENTA,multi,2022-06-26,7
app_mobile_argenta,Application mobile bancaire (Argenta vs ING),Argenta app,ARGENTA,multi,2022-07-03,0
app_mobile_argenta,Application mobile bancaire (Argenta vs ING),Argenta app,ARGENTA,multi,2022-07-10,0
app_mobile_argenta,Application mobile bancaire (Argenta vs ING),Argenta app,ARGENTA,multi,2022-07-17,5
app_mobile_argenta,Application mobile bancaire (Argenta vs ING),Argenta app,ARGENTA,multi,2022-07-24,4
app_mobile_argenta,Application mobile bancaire (Argenta vs ING),Argenta app,ARGENTA,multi,2022-07-31,0
app_mobile_argenta,Application mobile bancaire (Argenta vs ING),Argenta app,ARGENTA,multi,2022-08-07,0
app_mobile_argenta,Application mobile bancaire (Argenta vs ING),Argenta app,ARGENTA,multi,2022-08-14,4
app_mobile_argenta,Application mobile bancaire (Argenta vs ING),Argenta app,ARGENTA,multi,2022-08-21,8
app_mobile_argenta,Application mobile bancaire (Argenta vs ING),Argenta app,ARGENTA,multi,2022-08-28,4
app_mobile_argenta,Application mobile bancaire (Argenta vs ING),Argenta app,ARGENTA,multi,2022-09-04,0
app_mobile_argenta,Application mobile bancaire (Argenta vs ING),Argenta app,ARGENTA,multi,2022-09-11,6
app_mobile_argenta,Application mobile bancaire (Argenta vs ING),Argenta app,ARGENTA,multi,2022-09-18,4
app_mobile_argenta,Application mobile bancaire (Argenta vs ING),Argenta app,ARGENTA,multi,2022-09-25,0
app_mobile_argenta,Application mobile bancaire (Argenta vs ING),Argenta app,ARGENTA,multi,2022-10-02,6
app_mobile_argenta,Application mobile bancaire (Argenta vs ING),Argenta app,ARGENTA,multi,2022-10-09,5
app_mobile_argenta,Application mobile bancaire (Argenta vs ING),Argenta app,ARGENTA,multi,2022-10-16,4
app_mobile_argenta,Application mobile bancaire (Argenta vs ING),Argenta app,ARGENTA,multi,2022-10-23,4
app_mobile_argenta,Application mobile bancaire (Argenta vs ING),Argenta app,ARGENTA,multi,2022-10-30,3
app_mobile_argenta,Application mobile bancaire (Argenta vs ING),Argenta app,ARGENTA,multi,2022-11-06,5
app_mobile_argenta,Application mobile bancaire (Argenta vs ING),Argenta app,ARGENTA,multi,2022-11-13,9
app_mobile_argenta,Application mobile bancaire (Argenta vs ING),Argenta app,ARGENTA,multi,2022-11-20,3
app_mobile_argenta,Application mobile bancaire (Argenta vs ING),Argenta app,ARGENTA,multi,2022-11-27,7
app_mobile_argenta,Application mobile bancaire (Argenta vs ING),Argenta app,ARGENTA,multi,2022-12-04,5
app_mobile_argenta,Application mobile bancaire (Argenta vs ING),Argenta app,ARGENTA,multi,2022-12-11,6
app_mobile_argenta,Application mobile bancaire (Argenta vs ING),Argenta app,ARGENTA,multi,2022-12-18,8
app_mobile_argenta,Application mobile bancaire (Argenta vs ING),Argenta app,ARGENTA,multi,2022-12-25,5
app_mobile_argenta,Application mobile bancaire (Argenta vs ING),Argenta app,ARGENTA,multi,2023-01-01,5
app_mobile_argenta,Application mobile bancaire (Argenta vs ING),Argenta app,ARGENTA,multi,2023-01-08,5
app_mobile_argenta,Application mobile bancaire (Argenta vs ING),Argenta app,ARGENTA,multi,2023-01-15,0
app_mobile_argenta,Application mobile bancaire (Argenta vs ING),Argenta app,ARGENTA,multi,2023-01-22,4
app_mobile_argenta,Application mobile bancaire (Argenta vs ING),Argenta app,ARGENTA,multi,2023-01-29,5
app_mobile_argenta,Application mobile bancaire (Argenta vs ING),Argenta app,ARGENTA,multi,2023-02-05,4
app_mobile_argenta,Application mobile bancaire (Argenta vs ING),Argenta app,ARGENTA,multi,2023-02-12,0
app_mobile_argenta,Application mobile bancaire (Argenta vs ING),Argenta app,ARGENTA,multi,2023-02-19,3
app_mobile_argenta,Application mobile bancaire (Argenta vs ING),Argenta app,ARGENTA,multi,2023-02-26,5
app_mobile_argenta,Application mobile bancaire (Argenta vs ING),Argenta app,ARGENTA,multi,2023-03-05,3
app_mobile_argenta,Application mobile bancaire (Argenta vs ING),Argenta app,ARGENTA,multi,2023-03-12,13
app_mobile_argenta,Application mobile bancaire (Argenta vs ING),Argenta app,ARGENTA,multi,2023-03-19,8
app_mobile_argenta,Application mobile bancaire (Argenta vs ING),Argenta app,ARGENTA,multi,2023-03-26,6
app_mobile_argenta,Application mobile bancaire (Argenta vs ING),Argenta app,ARGENTA,multi,2023-04-02,5
app_mobile_argenta,Application mobile bancaire (Argenta vs ING),Argenta app,ARGENTA,multi,2023-04-09,0
app_mobile_argenta,Application mobile bancaire (Argenta vs ING),Argenta app,ARGENTA,multi,2023-04-16,6
app_mobile_argenta,Application mobile bancaire (Argenta vs ING),Argenta app,ARGENTA,multi,2023-04-23,5
app_mobile_argenta,Application mobile bancaire (Argenta vs ING),Argenta app,ARGENTA,multi,2023-04-30,5
app_mobile_argenta,Application mobile bancaire (Argenta vs ING),Argenta app,ARGENTA,multi,2023-05-07,5
app_mobile_argenta,Application mobile bancaire (Argenta vs ING),Argenta app,ARGENTA,multi,2023-05-14,4
app_mobile_argenta,Application mobile bancaire (Argenta vs ING),Argenta app,ARGENTA,multi,2023-05-21,5
app_mobile_argenta,Application mobile bancaire (Argenta vs ING),Argenta app,ARGENTA,multi,2023-05-28,6
app_mobile_argenta,Application mobile bancaire (Argenta vs ING),Argenta app,ARGENTA,multi,2023-06-04,5
app_mobile_argenta,Application mobile bancaire (Argenta vs ING),Argenta app,ARGENTA,multi,2023-06-11,8
app_mobile_argenta,Application mobile bancaire (Argenta vs ING),Argenta app,ARGENTA,multi,2023-06-18,4
app_mobile_argenta,Application mobile bancaire (Argenta vs ING),Argenta app,ARGENTA,multi,2023-06-25,5
app_mobile_argenta,Application mobile bancaire (Argenta vs ING),Argenta app,ARGENTA,multi,2023-07-02,5
app_mobile_argenta,Application mobile bancaire (Argenta vs ING),Argenta app,ARGENTA,multi,2023-07-09,5
app_mobile_argenta,Application mobile bancaire (Argenta vs ING),Argenta app,ARGENTA,multi,2023-07-16,5
app_mobile_argenta,Application mobile bancaire (Argenta vs ING),Argenta app,ARGENTA,multi,2023-07-23,6
app_mobile_argenta,Application mobile bancaire (Argenta vs ING),Argenta app,ARGENTA,multi,2023-07-30,5
app_mobile_argenta,Application mobile bancaire (Argenta vs ING),Argenta app,ARGENTA,multi,2023-08-06,10
app_mobile_argenta,Application mobile bancaire (Argenta vs ING),Argenta app,ARGENTA,multi,2023-08-13,0
app_mobile_argenta,Application mobile bancaire (Argenta vs ING),Argenta app,ARGENTA,multi,2023-08-20,8
app_mobile_argenta,Application mobile bancaire (Argenta vs ING),Argenta app,ARGENTA,multi,2023-08-27,6
app_mobile_argenta,Application mobile bancaire (Argenta vs ING),Argenta app,ARGENTA,multi,2023-09-03,6
app_mobile_argenta,Application mobile bancaire (Argenta vs ING),Argenta app,ARGENTA,multi,2023-09-10,5
app_mobile_argenta,Application mobile bancaire (Argenta vs ING),Argenta app,ARGENTA,multi,2023-09-17,7
app_mobile_argenta,Application mobile bancaire (Argenta vs ING),Argenta app,ARGENTA,multi,2023-09-24,12
app_mobile_argenta,Application mobile bancaire (Argenta vs ING),Argenta app,ARGENTA,multi,2023-10-01,0
app_mobile_argenta,Application mobile bancaire (Argenta vs ING),Argenta app,ARGENTA,multi,2023-10-08,0
app_mobile_argenta,Application mobile bancaire (Argenta vs ING),Argenta app,ARGENTA,multi,2023-10-15,4
app_mobile_argenta,Application mobile bancaire (Argenta vs ING),Argenta app,ARGENTA,multi,2023-10-22,5
app_mobile_argenta,Application mobile bancaire (Argenta vs ING),Argenta app,ARGENTA,multi,2023-10-29,0
app_mobile_argenta,Application mobile bancaire (Argenta vs ING),Argenta app,ARGENTA,multi,2023-11-05,7
app_mobile_argenta,Application mobile bancaire (Argenta vs ING),Argenta app,ARGENTA,multi,2023-11-12,4
app_mobile_argenta,Application mobile bancaire (Argenta vs ING),Argenta app,ARGENTA,multi,2023-11-19,4
app_mobile_argenta,Application mobile bancaire (Argenta vs ING),Argenta app,ARGENTA,multi,2023-11-26,5
app_mobile_argenta,Application mobile bancaire (Argenta vs ING),Argenta app,ARGENTA,multi,2023-12-03,4
app_mobile_argenta,Application mobile bancaire (Argenta vs ING),Argenta app,ARGENTA,multi,2023-12-10,7
app_mobile_argenta,Application mobile bancaire (Argenta vs ING),Argenta app,ARGENTA,multi,2023-12-17,0
app_mobile_argenta,Application mobile bancaire (Argenta vs ING),Argenta app,ARGENTA,multi,2023-12-24,4
app_mobile_argenta,Application mobile bancaire (Argenta vs ING),Argenta app,ARGENTA,multi,2023-12-31,5
app_mobile_argenta,Application mobile bancaire (Argenta vs ING),Argenta app,ARGENTA,multi,2024-01-07,7
app_mobile_argenta,Application mobile bancaire (Argenta vs ING),Argenta app,ARGENTA,multi,2024-01-14,4
app_mobile_argenta,Application mobile bancaire (Argenta vs ING),Argenta app,ARGENTA,multi,2024-01-21,5
app_mobile_argenta,Application mobile bancaire (Argenta vs ING),Argenta app,ARGENTA,multi,2024-01-28,5
app_mobile_argenta,Application mobile bancaire (Argenta vs ING),Argenta app,ARGENTA,multi,2024-02-04,3
app_mobile_argenta,Application mobile bancaire (Argenta vs ING),Argenta app,ARGENTA,multi,2024-02-11,4
app_mobile_argenta,Application mobile bancaire (Argenta vs ING),Argenta app,ARGENTA,multi,2024-02-18,7
app_mobile_argenta,Application mobile bancaire (Argenta vs ING),Argenta app,ARGENTA,multi,2024-02-25,7
app_mobile_argenta,Application mobile bancaire (Argenta vs ING),Argenta app,ARGENTA,multi,2024-03-03,5
app_mobile_argenta,Application mobile bancaire (Argenta vs ING),Argenta app,ARGENTA,multi,2024-03-10,5
app_mobile_argenta,Application mobile bancaire (Argenta vs ING),Argenta app,ARGENTA,multi,2024-03-17,4
app_mobile_argenta,Application mobile bancaire (Argenta vs ING),Argenta app,ARGENTA,multi,2024-03-24,5
app_mobile_argenta,Application mobile bancaire (Argenta vs ING),Argenta app,ARGENTA,multi,2024-03-31,4
app_mobile_argenta,Application mobile bancaire (Argenta vs ING),Argenta app,ARGENTA,multi,2024-04-07,4
app_mobile_argenta,Application mobile bancaire (Argenta vs ING),Argenta app,ARGENTA,multi,2024-04-14,4
app_mobile_argenta,Application mobile bancaire (Argenta vs ING),Argenta app,ARGENTA,multi,2024-04-21,6
app_mobile_argenta,Application mobile bancaire (Argenta vs ING),Argenta app,ARGENTA,multi,2024-04-28,0
app_mobile_argenta,Application mobile bancaire (Argenta vs ING),Argenta app,ARGENTA,multi,2024-05-05,4
app_mobile_argenta,Application mobile bancaire (Argenta vs ING),Argenta app,ARGENTA,multi,2024-05-12,5
app_mobile_argenta,Application mobile bancaire (Argenta vs ING),Argenta app,ARGENTA,multi,2024-05-19,0
app_mobile_argenta,Application mobile bancaire (Argenta vs ING),Argenta app,ARGENTA,multi,2024-05-26,5
app_mobile_argenta,Application mobile bancaire (Argenta vs ING),Argenta app,ARGENTA,multi,2024-06-02,3
app_mobile_argenta,Application mobile bancaire (Argenta vs ING),Argenta app,ARGENTA,multi,2024-06-09,0
app_mobile_argenta,Application mobile bancaire (Argenta vs ING),Argenta app,ARGENTA,multi,2024-06-16,5
app_mobile_argenta,Application mobile bancaire (Argenta vs ING),Argenta app,ARGENTA,multi,2024-06-23,3
app_mobile_argenta,Application mobile bancaire (Argenta vs ING),Argenta app,ARGENTA,multi,2024-06-30,6
app_mobile_argenta,Application mobile bancaire (Argenta vs ING),Argenta app,ARGENTA,multi,2024-07-07,5
app_mobile_argenta,Application mobile bancaire (Argenta vs ING),Argenta app,ARGENTA,multi,2024-07-14,5
app_mobile_argenta,Application mobile bancaire (Argenta vs ING),Argenta app,ARGENTA,multi,2024-07-21,0
app_mobile_argenta,Application mobile bancaire (Argenta vs ING),Argenta app,ARGENTA,multi,2024-07-28,4
app_mobile_argenta,Application mobile bancaire (Argenta vs ING),Argenta app,ARGENTA,multi,2024-08-04,4
app_mobile_argenta,Application mobile bancaire (Argenta vs ING),Argenta app,ARGENTA,multi,2024-08-11,5
app_mobile_argenta,Application mobile bancaire (Argenta vs ING),Argenta app,ARGENTA,multi,2024-08-18,7
app_mobile_argenta,Application mobile bancaire (Argenta vs ING),Argenta app,ARGENTA,multi,2024-08-25,4
app_mobile_argenta,Application mobile bancaire (Argenta vs ING),Argenta app,ARGENTA,multi,2024-09-01,6
app_mobile_argenta,Application mobile bancaire (Argenta vs ING),Argenta app,ARGENTA,multi,2024-09-08,5
app_mobile_argenta,Application mobile bancaire (Argenta vs ING),Argenta app,ARGENTA,multi,2024-09-15,0
app_mobile_argenta,Application mobile bancaire (Argenta vs ING),Argenta app,ARGENTA,multi,2024-09-22,4
app_mobile_argenta,Application mobile bancaire (Argenta vs ING),Argenta app,ARGENTA,multi,2024-09-29,3
app_mobile_argenta,Application mobile bancaire (Argenta vs ING),Argenta app,ARGENTA,multi,2024-10-06,4
app_mobile_argenta,Application mobile bancaire (Argenta vs ING),Argenta app,ARGENTA,multi,2024-10-13,4
app_mobile_argenta,Application mobile bancaire (Argenta vs ING),Argenta app,ARGENTA,multi,2024-10-20,5
app_mobile_argenta,Application mobile bancaire (Argenta vs ING),Argenta app,ARGENTA,multi,2024-10-27,4
app_mobile_argenta,Application mobile bancaire (Argenta vs ING),Argenta app,ARGENTA,multi,2024-11-03,4
app_mobile_argenta,Application mobile bancaire (Argenta vs ING),Argenta app,ARGENTA,multi,2024-11-10,0
app_mobile_argenta,Application mobile bancaire (Argenta vs ING),Argenta app,ARGENTA,multi,2024-11-17,4
app_mobile_argenta,Application mobile bancaire (Argenta vs ING),Argenta app,ARGENTA,multi,2024-11-24,5
app_mobile_argenta,Application mobile bancaire (Argenta vs ING),Argenta app,ARGENTA,multi,2024-12-01,7
app_mobile_argenta,Application mobile bancaire (Argenta vs ING),Argenta app,ARGENTA,multi,2024-12-08,7
app_mobile_argenta,Application mobile bancaire (Argenta vs ING),Argenta app,ARGENTA,multi,2024-12-15,4
app_mobile_argenta,Application mobile bancaire (Argenta vs ING),Argenta app,ARGENTA,multi,2024-12-22,5
app_mobile_argenta,Application mobile bancaire (Argenta vs ING),Argenta app,ARGENTA,multi,2024-12-29,5
app_mobile_argenta,Application mobile bancaire (Argenta vs ING),Argenta app,ARGENTA,multi,2025-01-05,10
app_mobile_argenta,Application mobile bancaire (Argenta vs ING),Argenta app,ARGENTA,multi,2025-01-12,4
app_mobile_argenta,Application mobile bancaire (Argenta vs ING),Argenta app,ARGENTA,multi,2025-01-19,10
app_mobile_argenta,Application mobile bancaire (Argenta vs ING),Argenta app,ARGENTA,multi,2025-01-26,14
app_mobile_argenta,Application mobile bancaire (Argenta vs ING),Argenta app,ARGENTA,multi,2025-02-02,4
app_mobile_argenta,Application mobile bancaire (Argenta vs ING),Argenta app,ARGENTA,multi,2025-02-09,6
app_mobile_argenta,Application mobile bancaire (Argenta vs ING),Argenta app,ARGENTA,multi,2025-02-16,5
app_mobile_argenta,Application mobile bancaire (Argenta vs ING),Argenta app,ARGENTA,multi,2025-02-23,4
app_mobile_argenta,Application mobile bancaire (Argenta vs ING),Argenta app,ARGENTA,multi,2025-03-02,0
app_mobile_argenta,Application mobile bancaire (Argenta vs ING),Argenta app,ARGENTA,multi,2025-03-09,4
app_mobile_argenta,Application mobile bancaire (Argenta vs ING),Argenta app,ARGENTA,multi,2025-03-16,4
app_mobile_argenta,Application mobile bancaire (Argenta vs ING),Argenta app,ARGENTA,multi,2025-03-23,5
app_mobile_argenta,Application mobile bancaire (Argenta vs ING),Argenta app,ARGENTA,multi,2025-03-30,6
app_mobile_argenta,Application mobile bancaire (Argenta vs ING),Argenta app,ARGENTA,multi,2025-04-06,6
app_mobile_argenta,Application mobile bancaire (Argenta vs ING),Argenta app,ARGENTA,multi,2025-04-13,7
app_mobile_argenta,Application mobile bancaire (Argenta vs ING),Argenta app,ARGENTA,multi,2025-04-20,6
app_mobile_argenta,Application mobile bancaire (Argenta vs ING),Argenta app,ARGENTA,multi,2025-04-27,7
app_mobile_argenta,Application mobile bancaire (Argenta vs ING),Argenta app,ARGENTA,multi,2025-05-04,6
app_mobile_argenta,Application mobile bancaire (Argenta vs ING),Argenta app,ARGENTA,multi,2025-05-11,4
app_mobile_argenta,Application mobile bancaire (Argenta vs ING),Argenta app,ARGENTA,multi,2025-05-18,5
app_mobile_argenta,Application mobile bancaire (Argenta vs ING),Argenta app,ARGENTA,multi,2025-05-25,7
app_mobile_argenta,Application mobile bancaire (Argenta vs ING),Argenta app,ARGENTA,multi,2025-06-01,6
app_mobile_argenta,Application mobile bancaire (Argenta vs ING),Argenta app,ARGENTA,multi,2025-06-08,5
app_mobile_argenta,Application mobile bancaire (Argenta vs ING),Argenta app,ARGENTA,multi,2025-06-15,6
app_mobile_argenta,Application mobile bancaire (Argenta vs ING),Argenta app,ARGENTA,multi,2025-06-22,9
app_mobile_argenta,Application mobile bancaire (Argenta vs ING),Argenta app,ARGENTA,multi,2025-06-29,5
app_mobile_argenta,Application mobile bancaire (Argenta vs ING),Argenta app,ARGENTA,multi,2025-07-06,5
app_mobile_argenta,Application mobile bancaire (Argenta vs ING),Argenta app,ARGENTA,multi,2025-07-13,0
app_mobile_argenta,Application mobile bancaire (Argenta vs ING),Argenta app,ARGENTA,multi,2025-07-20,6
app_mobile_argenta,Application mobile bancaire (Argenta vs ING),Argenta app,ARGENTA,multi,2025-07-27,5
app_mobile_argenta,Application mobile bancaire (Argenta vs ING),Argenta app,ARGENTA,multi,2025-08-03,7
app_mobile_argenta,Application mobile bancaire (Argenta vs ING),Argenta app,ARGENTA,multi,2025-08-10,4
app_mobile_argenta,Application mobile bancaire (Argenta vs ING),Argenta app,ARGENTA,multi,2025-08-17,7
app_mobile_argenta,Application mobile bancaire (Argenta vs ING),Argenta app,ARGENTA,multi,2025-08-24,5
app_mobile_argenta,Application mobile bancaire (Argenta vs ING),Argenta app,ARGENTA,multi,2025-08-31,0
app_mobile_argenta,Application mobile bancaire (Argenta vs ING),Argenta app,ARGENTA,multi,2025-09-07,5
app_mobile_argenta,Application mobile bancaire (Argenta vs ING),Argenta app,ARGENTA,multi,2025-09-14,6
app_mobile_argenta,Application mobile bancaire (Argenta vs ING),Argenta app,ARGENTA,multi,2025-09-21,6
app_mobile_argenta,Application mobile bancaire (Argenta vs ING),Argenta app,ARGENTA,multi,2025-09-28,6
app_mobile_argenta,Application mobile bancaire (Argenta vs ING),Argenta app,ARGENTA,multi,2025-10-05,11
app_mobile_argenta,Application mobile bancaire (Argenta vs ING),Argenta app,ARGENTA,multi,2025-10-12,6
app_mobile_argenta,Application mobile bancaire (Argenta vs ING),Argenta app,ARGENTA,multi,2025-10-19,8
app_mobile_argenta,Application mobile bancaire (Argenta vs ING),Argenta app,ARGENTA,multi,2025-10-26,8
app_mobile_argenta,Application mobile bancaire (Argenta vs ING),Argenta app,ARGENTA,multi,2025-11-02,5
app_mobile_argenta,Application mobile bancaire (Argenta vs ING),Argenta app,ARGENTA,multi,2025-11-09,5
app_mobile_argenta,Application mobile bancaire (Argenta vs ING),Argenta app,ARGENTA,multi,2025-11-16,5
app_mobile_argenta,Application mobile bancaire (Argenta vs ING),Argenta app,ARGENTA,multi,2025-11-23,4
app_mobile_argenta,Application mobile bancaire (Argenta vs ING),Argenta app,ARGENTA,multi,2025-11-30,7
app_mobile_argenta,Application mobile bancaire (Argenta vs ING),Argenta app,ARGENTA,multi,2025-12-07,6
app_mobile_argenta,Application mobile bancaire (Argenta vs ING),Argenta app,ARGENTA,multi,2025-12-14,5
app_mobile_argenta,Application mobile bancaire (Argenta vs ING),Argenta app,ARGENTA,multi,2025-12-21,6
app_mobile_argenta,Application mobile bancaire (Argenta vs ING),Argenta app,ARGENTA,multi,2025-12-28,12
app_mobile_argenta,Application mobile bancaire (Argenta vs ING),Argenta app,ARGENTA,multi,2026-01-04,6
app_mobile_argenta,Application mobile bancaire (Argenta vs ING),Argenta app,ARGENTA,multi,2026-01-11,8
app_mobile_argenta,Application mobile bancaire (Argenta vs ING),Argenta app,ARGENTA,multi,2026-01-18,6
app_mobile_argenta,Application mobile bancaire (Argenta vs ING),Argenta app,ARGENTA,multi,2026-01-25,7
app_mobile_argenta,Application mobile bancaire (Argenta vs ING),Argenta app,ARGENTA,multi,2026-02-01,8
app_mobile_argenta,Application mobile bancaire (Argenta vs ING),Argenta app,ARGENTA,multi,2026-02-08,5
app_mobile_argenta,Application mobile bancaire (Argenta vs ING),Argenta app,ARGENTA,multi,2026-02-15,5
app_mobile_argenta,Application mobile bancaire (Argenta vs ING),Argenta app,ARGENTA,multi,2026-02-22,6
app_mobile_argenta,Application mobile bancaire (Argenta vs ING),Argenta app,ARGENTA,multi,2026-03-01,5
app_mobile_argenta,Application mobile bancaire (Argenta vs ING),Argenta app,ARGENTA,multi,2026-03-08,7
app_mobile_argenta,Application mobile bancaire (Argenta vs ING),Argenta app,ARGENTA,multi,2026-03-15,4
app_mobile_argenta,Application mobile bancaire (Argenta vs ING),Argenta app,ARGENTA,multi,2026-03-22,6
app_mobile_argenta,Application mobile bancaire (Argenta vs ING),Argenta app,ARGENTA,multi,2026-03-29,0
app_mobile_argenta,Application mobile bancaire (Argenta vs ING),Argenta app,ARGENTA,multi,2026-04-05,9
app_mobile_argenta,Application mobile bancaire (Argenta vs ING),Argenta app,ARGENTA,multi,2026-04-12,7
app_mobile_argenta,Application mobile bancaire (Argenta vs ING),Argenta app,ARGENTA,multi,2026-04-19,5
app_mobile_argenta,Application mobile bancaire (Argenta vs ING),Argenta app,ARGENTA,multi,2026-04-26,6
app_mobile_argenta,Application mobile bancaire (Argenta vs ING),Argenta app,ARGENTA,multi,2026-05-03,8
app_mobile_argenta,Application mobile bancaire (Argenta vs ING),Argenta app,ARGENTA,multi,2026-05-10,9
app_mobile_argenta,Application mobile bancaire (Argenta vs ING),Argenta app,ARGENTA,multi,2026-05-17,6
app_mobile_argenta,Application mobile bancaire (Argenta vs ING),Argenta app,ARGENTA,multi,2026-05-24,9
app_mobile_argenta,Application mobile bancaire (Argenta vs ING),Argenta app,ARGENTA,multi,2026-05-31,13
app_mobile_argenta,Application mobile bancaire (Argenta vs ING),Argenta app,ARGENTA,multi,2026-06-07,8
app_mobile_argenta,Application mobile bancaire (Argenta vs ING),Argenta app,ARGENTA,multi,2026-06-14,10
app_mobile_argenta,Application mobile bancaire (Argenta vs ING),Argenta app,ARGENTA,multi,2026-06-21,6
app_mobile_argenta,Application mobile bancaire (Argenta vs ING),Argenta app,ARGENTA,multi,2026-06-28,4
app_mobile_argenta,Application mobile bancaire (Argenta vs ING),Argenta app,ARGENTA,multi,2026-07-05,11
app_mobile_argenta,Application mobile bancaire (Argenta vs ING),Argenta app,ARGENTA,multi,2026-07-12,5
app_mobile_argenta,Application mobile bancaire (Argenta vs ING),Argenta app,ARGENTA,multi,2026-07-19,7
app_mobile_argenta,Application mobile bancaire (Argenta vs ING),Argenta app,ARGENTA,multi,2026-07-26,7
app_mobile_argenta,Application mobile bancaire (Argenta vs ING),Argenta app,ARGENTA,multi,2026-08-02,0
app_mobile_argenta,Application mobile bancaire (Argenta vs ING),Argenta app,ARGENTA,multi,2026-08-09,6
app_mobile_argenta,Application mobile bancaire (Argenta vs ING),Argenta app,ARGENTA,multi,2026-08-16,6
app_mobile_argenta,Application mobile bancaire (Argenta vs ING),Argenta app,ARGENTA,multi,2026-08-23,7
app_mobile_argenta,Application mobile bancaire (Argenta vs ING),Argenta app,ARGENTA,multi,2026-08-30,6
app_mobile_argenta,Application mobile bancaire (Argenta vs ING),Argenta app,ARGENTA,multi,2026-09-06,5
app_mobile_argenta,Application mobile bancaire (Argenta vs ING),Argenta app,ARGENTA,multi,2026-09-13,6
compte_a_vue_argenta,Compte à vue particulier (Argenta vs ING),Argenta rekening,ARGENTA,nl,2021-09-12,0
compte_a_vue_argenta,Compte à vue particulier (Argenta vs ING),Argenta rekening,ARGENTA,nl,2021-09-19,0
compte_a_vue_argenta,Compte à vue particulier (Argenta vs ING),Argenta rekening,ARGENTA,nl,2021-09-26,0
compte_a_vue_argenta,Compte à vue particulier (Argenta vs ING),Argenta rekening,ARGENTA,nl,2021-10-03,0
compte_a_vue_argenta,Compte à vue particulier (Argenta vs ING),Argenta rekening,ARGENTA,nl,2021-10-10,0
compte_a_vue_argenta,Compte à vue particulier (Argenta vs ING),Argenta rekening,ARGENTA,nl,2021-10-17,0
compte_a_vue_argenta,Compte à vue particulier (Argenta vs ING),Argenta rekening,ARGENTA,nl,2021-10-24,0
compte_a_vue_argenta,Compte à vue particulier (Argenta vs ING),Argenta rekening,ARGENTA,nl,2021-10-31,28
compte_a_vue_argenta,Compte à vue particulier (Argenta vs ING),Argenta rekening,ARGENTA,nl,2021-11-07,0
compte_a_vue_argenta,Compte à vue particulier (Argenta vs ING),Argenta rekening,ARGENTA,nl,2021-11-14,0
compte_a_vue_argenta,Compte à vue particulier (Argenta vs ING),Argenta rekening,ARGENTA,nl,2021-11-21,0
compte_a_vue_argenta,Compte à vue particulier (Argenta vs ING),Argenta rekening,ARGENTA,nl,2021-11-28,34
compte_a_vue_argenta,Compte à vue particulier (Argenta vs ING),Argenta rekening,ARGENTA,nl,2021-12-05,0
compte_a_vue_argenta,Compte à vue particulier (Argenta vs ING),Argenta rekening,ARGENTA,nl,2021-12-12,0
compte_a_vue_argenta,Compte à vue particulier (Argenta vs ING),Argenta rekening,ARGENTA,nl,2021-12-19,0
compte_a_vue_argenta,Compte à vue particulier (Argenta vs ING),Argenta rekening,ARGENTA,nl,2021-12-26,40
compte_a_vue_argenta,Compte à vue particulier (Argenta vs ING),Argenta rekening,ARGENTA,nl,2022-01-02,30
compte_a_vue_argenta,Compte à vue particulier (Argenta vs ING),Argenta rekening,ARGENTA,nl,2022-01-09,0
compte_a_vue_argenta,Compte à vue particulier (Argenta vs ING),Argenta rekening,ARGENTA,nl,2022-01-16,0
compte_a_vue_argenta,Compte à vue particulier (Argenta vs ING),Argenta rekening,ARGENTA,nl,2022-01-23,0
compte_a_vue_argenta,Compte à vue particulier (Argenta vs ING),Argenta rekening,ARGENTA,nl,2022-01-30,30
compte_a_vue_argenta,Compte à vue particulier (Argenta vs ING),Argenta rekening,ARGENTA,nl,2022-02-06,0
compte_a_vue_argenta,Compte à vue particulier (Argenta vs ING),Argenta rekening,ARGENTA,nl,2022-02-13,0
compte_a_vue_argenta,Compte à vue particulier (Argenta vs ING),Argenta rekening,ARGENTA,nl,2022-02-20,22
compte_a_vue_argenta,Compte à vue particulier (Argenta vs ING),Argenta rekening,ARGENTA,nl,2022-02-27,26
compte_a_vue_argenta,Compte à vue particulier (Argenta vs ING),Argenta rekening,ARGENTA,nl,2022-03-06,0
compte_a_vue_argenta,Compte à vue particulier (Argenta vs ING),Argenta rekening,ARGENTA,nl,2022-03-13,0
compte_a_vue_argenta,Compte à vue particulier (Argenta vs ING),Argenta rekening,ARGENTA,nl,2022-03-20,22
compte_a_vue_argenta,Compte à vue particulier (Argenta vs ING),Argenta rekening,ARGENTA,nl,2022-03-27,21
compte_a_vue_argenta,Compte à vue particulier (Argenta vs ING),Argenta rekening,ARGENTA,nl,2022-04-03,18
compte_a_vue_argenta,Compte à vue particulier (Argenta vs ING),Argenta rekening,ARGENTA,nl,2022-04-10,18
compte_a_vue_argenta,Compte à vue particulier (Argenta vs ING),Argenta rekening,ARGENTA,nl,2022-04-17,17
compte_a_vue_argenta,Compte à vue particulier (Argenta vs ING),Argenta rekening,ARGENTA,nl,2022-04-24,23
compte_a_vue_argenta,Compte à vue particulier (Argenta vs ING),Argenta rekening,ARGENTA,nl,2022-05-01,0
compte_a_vue_argenta,Compte à vue particulier (Argenta vs ING),Argenta rekening,ARGENTA,nl,2022-05-08,0
compte_a_vue_argenta,Compte à vue particulier (Argenta vs ING),Argenta rekening,ARGENTA,nl,2022-05-15,24
compte_a_vue_argenta,Compte à vue particulier (Argenta vs ING),Argenta rekening,ARGENTA,nl,2022-05-22,19
compte_a_vue_argenta,Compte à vue particulier (Argenta vs ING),Argenta rekening,ARGENTA,nl,2022-05-29,24
compte_a_vue_argenta,Compte à vue particulier (Argenta vs ING),Argenta rekening,ARGENTA,nl,2022-06-05,0
compte_a_vue_argenta,Compte à vue particulier (Argenta vs ING),Argenta rekening,ARGENTA,nl,2022-06-12,19
compte_a_vue_argenta,Compte à vue particulier (Argenta vs ING),Argenta rekening,ARGENTA,nl,2022-06-19,0
compte_a_vue_argenta,Compte à vue particulier (Argenta vs ING),Argenta rekening,ARGENTA,nl,2022-06-26,30
compte_a_vue_argenta,Compte à vue particulier (Argenta vs ING),Argenta rekening,ARGENTA,nl,2022-07-03,0
compte_a_vue_argenta,Compte à vue particulier (Argenta vs ING),Argenta rekening,ARGENTA,nl,2022-07-10,0
compte_a_vue_argenta,Compte à vue particulier (Argenta vs ING),Argenta rekening,ARGENTA,nl,2022-07-17,0
compte_a_vue_argenta,Compte à vue particulier (Argenta vs ING),Argenta rekening,ARGENTA,nl,2022-07-24,22
compte_a_vue_argenta,Compte à vue particulier (Argenta vs ING),Argenta rekening,ARGENTA,nl,2022-07-31,27
compte_a_vue_argenta,Compte à vue particulier (Argenta vs ING),Argenta rekening,ARGENTA,nl,2022-08-07,22
compte_a_vue_argenta,Compte à vue particulier (Argenta vs ING),Argenta rekening,ARGENTA,nl,2022-08-14,23
compte_a_vue_argenta,Compte à vue particulier (Argenta vs ING),Argenta rekening,ARGENTA,nl,2022-08-21,29
compte_a_vue_argenta,Compte à vue particulier (Argenta vs ING),Argenta rekening,ARGENTA,nl,2022-08-28,0
compte_a_vue_argenta,Compte à vue particulier (Argenta vs ING),Argenta rekening,ARGENTA,nl,2022-09-04,0
compte_a_vue_argenta,Compte à vue particulier (Argenta vs ING),Argenta rekening,ARGENTA,nl,2022-09-11,25
compte_a_vue_argenta,Compte à vue particulier (Argenta vs ING),Argenta rekening,ARGENTA,nl,2022-09-18,27
compte_a_vue_argenta,Compte à vue particulier (Argenta vs ING),Argenta rekening,ARGENTA,nl,2022-09-25,32
compte_a_vue_argenta,Compte à vue particulier (Argenta vs ING),Argenta rekening,ARGENTA,nl,2022-10-02,22
compte_a_vue_argenta,Compte à vue particulier (Argenta vs ING),Argenta rekening,ARGENTA,nl,2022-10-09,26
compte_a_vue_argenta,Compte à vue particulier (Argenta vs ING),Argenta rekening,ARGENTA,nl,2022-10-16,0
compte_a_vue_argenta,Compte à vue particulier (Argenta vs ING),Argenta rekening,ARGENTA,nl,2022-10-23,22
compte_a_vue_argenta,Compte à vue particulier (Argenta vs ING),Argenta rekening,ARGENTA,nl,2022-10-30,33
compte_a_vue_argenta,Compte à vue particulier (Argenta vs ING),Argenta rekening,ARGENTA,nl,2022-11-06,0
compte_a_vue_argenta,Compte à vue particulier (Argenta vs ING),Argenta rekening,ARGENTA,nl,2022-11-13,0
compte_a_vue_argenta,Compte à vue particulier (Argenta vs ING),Argenta rekening,ARGENTA,nl,2022-11-20,0
compte_a_vue_argenta,Compte à vue particulier (Argenta vs ING),Argenta rekening,ARGENTA,nl,2022-11-27,18
compte_a_vue_argenta,Compte à vue particulier (Argenta vs ING),Argenta rekening,ARGENTA,nl,2022-12-04,18
compte_a_vue_argenta,Compte à vue particulier (Argenta vs ING),Argenta rekening,ARGENTA,nl,2022-12-11,27
compte_a_vue_argenta,Compte à vue particulier (Argenta vs ING),Argenta rekening,ARGENTA,nl,2022-12-18,33
compte_a_vue_argenta,Compte à vue particulier (Argenta vs ING),Argenta rekening,ARGENTA,nl,2022-12-25,30
compte_a_vue_argenta,Compte à vue particulier (Argenta vs ING),Argenta rekening,ARGENTA,nl,2023-01-01,33
compte_a_vue_argenta,Compte à vue particulier (Argenta vs ING),Argenta rekening,ARGENTA,nl,2023-01-08,28
compte_a_vue_argenta,Compte à vue particulier (Argenta vs ING),Argenta rekening,ARGENTA,nl,2023-01-15,25
compte_a_vue_argenta,Compte à vue particulier (Argenta vs ING),Argenta rekening,ARGENTA,nl,2023-01-22,0
compte_a_vue_argenta,Compte à vue particulier (Argenta vs ING),Argenta rekening,ARGENTA,nl,2023-01-29,28
compte_a_vue_argenta,Compte à vue particulier (Argenta vs ING),Argenta rekening,ARGENTA,nl,2023-02-05,0
compte_a_vue_argenta,Compte à vue particulier (Argenta vs ING),Argenta rekening,ARGENTA,nl,2023-02-12,42
compte_a_vue_argenta,Compte à vue particulier (Argenta vs ING),Argenta rekening,ARGENTA,nl,2023-02-19,0
compte_a_vue_argenta,Compte à vue particulier (Argenta vs ING),Argenta rekening,ARGENTA,nl,2023-02-26,22
compte_a_vue_argenta,Compte à vue particulier (Argenta vs ING),Argenta rekening,ARGENTA,nl,2023-03-05,0
compte_a_vue_argenta,Compte à vue particulier (Argenta vs ING),Argenta rekening,ARGENTA,nl,2023-03-12,0
compte_a_vue_argenta,Compte à vue particulier (Argenta vs ING),Argenta rekening,ARGENTA,nl,2023-03-19,23
compte_a_vue_argenta,Compte à vue particulier (Argenta vs ING),Argenta rekening,ARGENTA,nl,2023-03-26,31
compte_a_vue_argenta,Compte à vue particulier (Argenta vs ING),Argenta rekening,ARGENTA,nl,2023-04-02,20
compte_a_vue_argenta,Compte à vue particulier (Argenta vs ING),Argenta rekening,ARGENTA,nl,2023-04-09,23
compte_a_vue_argenta,Compte à vue particulier (Argenta vs ING),Argenta rekening,ARGENTA,nl,2023-04-16,0
compte_a_vue_argenta,Compte à vue particulier (Argenta vs ING),Argenta rekening,ARGENTA,nl,2023-04-23,18
compte_a_vue_argenta,Compte à vue particulier (Argenta vs ING),Argenta rekening,ARGENTA,nl,2023-04-30,0
compte_a_vue_argenta,Compte à vue particulier (Argenta vs ING),Argenta rekening,ARGENTA,nl,2023-05-07,28
compte_a_vue_argenta,Compte à vue particulier (Argenta vs ING),Argenta rekening,ARGENTA,nl,2023-05-14,31
compte_a_vue_argenta,Compte à vue particulier (Argenta vs ING),Argenta rekening,ARGENTA,nl,2023-05-21,0
compte_a_vue_argenta,Compte à vue particulier (Argenta vs ING),Argenta rekening,ARGENTA,nl,2023-05-28,23
compte_a_vue_argenta,Compte à vue particulier (Argenta vs ING),Argenta rekening,ARGENTA,nl,2023-06-04,27
compte_a_vue_argenta,Compte à vue particulier (Argenta vs ING),Argenta rekening,ARGENTA,nl,2023-06-11,28
compte_a_vue_argenta,Compte à vue particulier (Argenta vs ING),Argenta rekening,ARGENTA,nl,2023-06-18,26
compte_a_vue_argenta,Compte à vue particulier (Argenta vs ING),Argenta rekening,ARGENTA,nl,2023-06-25,0
compte_a_vue_argenta,Compte à vue particulier (Argenta vs ING),Argenta rekening,ARGENTA,nl,2023-07-02,23
compte_a_vue_argenta,Compte à vue particulier (Argenta vs ING),Argenta rekening,ARGENTA,nl,2023-07-09,0
compte_a_vue_argenta,Compte à vue particulier (Argenta vs ING),Argenta rekening,ARGENTA,nl,2023-07-16,24
compte_a_vue_argenta,Compte à vue particulier (Argenta vs ING),Argenta rekening,ARGENTA,nl,2023-07-23,37
compte_a_vue_argenta,Compte à vue particulier (Argenta vs ING),Argenta rekening,ARGENTA,nl,2023-07-30,23
compte_a_vue_argenta,Compte à vue particulier (Argenta vs ING),Argenta rekening,ARGENTA,nl,2023-08-06,31
compte_a_vue_argenta,Compte à vue particulier (Argenta vs ING),Argenta rekening,ARGENTA,nl,2023-08-13,31
compte_a_vue_argenta,Compte à vue particulier (Argenta vs ING),Argenta rekening,ARGENTA,nl,2023-08-20,48
compte_a_vue_argenta,Compte à vue particulier (Argenta vs ING),Argenta rekening,ARGENTA,nl,2023-08-27,68
compte_a_vue_argenta,Compte à vue particulier (Argenta vs ING),Argenta rekening,ARGENTA,nl,2023-09-03,31
compte_a_vue_argenta,Compte à vue particulier (Argenta vs ING),Argenta rekening,ARGENTA,nl,2023-09-10,28
compte_a_vue_argenta,Compte à vue particulier (Argenta vs ING),Argenta rekening,ARGENTA,nl,2023-09-17,31
compte_a_vue_argenta,Compte à vue particulier (Argenta vs ING),Argenta rekening,ARGENTA,nl,2023-09-24,22
compte_a_vue_argenta,Compte à vue particulier (Argenta vs ING),Argenta rekening,ARGENTA,nl,2023-10-01,24
compte_a_vue_argenta,Compte à vue particulier (Argenta vs ING),Argenta rekening,ARGENTA,nl,2023-10-08,32
compte_a_vue_argenta,Compte à vue particulier (Argenta vs ING),Argenta rekening,ARGENTA,nl,2023-10-15,40
compte_a_vue_argenta,Compte à vue particulier (Argenta vs ING),Argenta rekening,ARGENTA,nl,2023-10-22,25
compte_a_vue_argenta,Compte à vue particulier (Argenta vs ING),Argenta rekening,ARGENTA,nl,2023-10-29,47
compte_a_vue_argenta,Compte à vue particulier (Argenta vs ING),Argenta rekening,ARGENTA,nl,2023-11-05,27
compte_a_vue_argenta,Compte à vue particulier (Argenta vs ING),Argenta rekening,ARGENTA,nl,2023-11-12,18
compte_a_vue_argenta,Compte à vue particulier (Argenta vs ING),Argenta rekening,ARGENTA,nl,2023-11-19,0
compte_a_vue_argenta,Compte à vue particulier (Argenta vs ING),Argenta rekening,ARGENTA,nl,2023-11-26,33
compte_a_vue_argenta,Compte à vue particulier (Argenta vs ING),Argenta rekening,ARGENTA,nl,2023-12-03,35
compte_a_vue_argenta,Compte à vue particulier (Argenta vs ING),Argenta rekening,ARGENTA,nl,2023-12-10,0
compte_a_vue_argenta,Compte à vue particulier (Argenta vs ING),Argenta rekening,ARGENTA,nl,2023-12-17,0
compte_a_vue_argenta,Compte à vue particulier (Argenta vs ING),Argenta rekening,ARGENTA,nl,2023-12-24,43
compte_a_vue_argenta,Compte à vue particulier (Argenta vs ING),Argenta rekening,ARGENTA,nl,2023-12-31,47
compte_a_vue_argenta,Compte à vue particulier (Argenta vs ING),Argenta rekening,ARGENTA,nl,2024-01-07,34
compte_a_vue_argenta,Compte à vue particulier (Argenta vs ING),Argenta rekening,ARGENTA,nl,2024-01-14,26
compte_a_vue_argenta,Compte à vue particulier (Argenta vs ING),Argenta rekening,ARGENTA,nl,2024-01-21,26
compte_a_vue_argenta,Compte à vue particulier (Argenta vs ING),Argenta rekening,ARGENTA,nl,2024-01-28,33
compte_a_vue_argenta,Compte à vue particulier (Argenta vs ING),Argenta rekening,ARGENTA,nl,2024-02-04,37
compte_a_vue_argenta,Compte à vue particulier (Argenta vs ING),Argenta rekening,ARGENTA,nl,2024-02-11,35
compte_a_vue_argenta,Compte à vue particulier (Argenta vs ING),Argenta rekening,ARGENTA,nl,2024-02-18,31
compte_a_vue_argenta,Compte à vue particulier (Argenta vs ING),Argenta rekening,ARGENTA,nl,2024-02-25,28
compte_a_vue_argenta,Compte à vue particulier (Argenta vs ING),Argenta rekening,ARGENTA,nl,2024-03-03,0
compte_a_vue_argenta,Compte à vue particulier (Argenta vs ING),Argenta rekening,ARGENTA,nl,2024-03-10,29
compte_a_vue_argenta,Compte à vue particulier (Argenta vs ING),Argenta rekening,ARGENTA,nl,2024-03-17,27
compte_a_vue_argenta,Compte à vue particulier (Argenta vs ING),Argenta rekening,ARGENTA,nl,2024-03-24,25
compte_a_vue_argenta,Compte à vue particulier (Argenta vs ING),Argenta rekening,ARGENTA,nl,2024-03-31,0
compte_a_vue_argenta,Compte à vue particulier (Argenta vs ING),Argenta rekening,ARGENTA,nl,2024-04-07,39
compte_a_vue_argenta,Compte à vue particulier (Argenta vs ING),Argenta rekening,ARGENTA,nl,2024-04-14,23
compte_a_vue_argenta,Compte à vue particulier (Argenta vs ING),Argenta rekening,ARGENTA,nl,2024-04-21,0
compte_a_vue_argenta,Compte à vue particulier (Argenta vs ING),Argenta rekening,ARGENTA,nl,2024-04-28,20
compte_a_vue_argenta,Compte à vue particulier (Argenta vs ING),Argenta rekening,ARGENTA,nl,2024-05-05,0
compte_a_vue_argenta,Compte à vue particulier (Argenta vs ING),Argenta rekening,ARGENTA,nl,2024-05-12,25
compte_a_vue_argenta,Compte à vue particulier (Argenta vs ING),Argenta rekening,ARGENTA,nl,2024-05-19,25
compte_a_vue_argenta,Compte à vue particulier (Argenta vs ING),Argenta rekening,ARGENTA,nl,2024-05-26,40
compte_a_vue_argenta,Compte à vue particulier (Argenta vs ING),Argenta rekening,ARGENTA,nl,2024-06-02,22
compte_a_vue_argenta,Compte à vue particulier (Argenta vs ING),Argenta rekening,ARGENTA,nl,2024-06-09,24
compte_a_vue_argenta,Compte à vue particulier (Argenta vs ING),Argenta rekening,ARGENTA,nl,2024-06-16,26
compte_a_vue_argenta,Compte à vue particulier (Argenta vs ING),Argenta rekening,ARGENTA,nl,2024-06-23,0
compte_a_vue_argenta,Compte à vue particulier (Argenta vs ING),Argenta rekening,ARGENTA,nl,2024-06-30,26
compte_a_vue_argenta,Compte à vue particulier (Argenta vs ING),Argenta rekening,ARGENTA,nl,2024-07-07,0
compte_a_vue_argenta,Compte à vue particulier (Argenta vs ING),Argenta rekening,ARGENTA,nl,2024-07-14,36
compte_a_vue_argenta,Compte à vue particulier (Argenta vs ING),Argenta rekening,ARGENTA,nl,2024-07-21,0
compte_a_vue_argenta,Compte à vue particulier (Argenta vs ING),Argenta rekening,ARGENTA,nl,2024-07-28,0
compte_a_vue_argenta,Compte à vue particulier (Argenta vs ING),Argenta rekening,ARGENTA,nl,2024-08-04,40
compte_a_vue_argenta,Compte à vue particulier (Argenta vs ING),Argenta rekening,ARGENTA,nl,2024-08-11,0
compte_a_vue_argenta,Compte à vue particulier (Argenta vs ING),Argenta rekening,ARGENTA,nl,2024-08-18,30
compte_a_vue_argenta,Compte à vue particulier (Argenta vs ING),Argenta rekening,ARGENTA,nl,2024-08-25,41
compte_a_vue_argenta,Compte à vue particulier (Argenta vs ING),Argenta rekening,ARGENTA,nl,2024-09-01,51
compte_a_vue_argenta,Compte à vue particulier (Argenta vs ING),Argenta rekening,ARGENTA,nl,2024-09-08,43
compte_a_vue_argenta,Compte à vue particulier (Argenta vs ING),Argenta rekening,ARGENTA,nl,2024-09-15,35
compte_a_vue_argenta,Compte à vue particulier (Argenta vs ING),Argenta rekening,ARGENTA,nl,2024-09-22,43
compte_a_vue_argenta,Compte à vue particulier (Argenta vs ING),Argenta rekening,ARGENTA,nl,2024-09-29,0
compte_a_vue_argenta,Compte à vue particulier (Argenta vs ING),Argenta rekening,ARGENTA,nl,2024-10-06,24
compte_a_vue_argenta,Compte à vue particulier (Argenta vs ING),Argenta rekening,ARGENTA,nl,2024-10-13,29
compte_a_vue_argenta,Compte à vue particulier (Argenta vs ING),Argenta rekening,ARGENTA,nl,2024-10-20,37
compte_a_vue_argenta,Compte à vue particulier (Argenta vs ING),Argenta rekening,ARGENTA,nl,2024-10-27,35
compte_a_vue_argenta,Compte à vue particulier (Argenta vs ING),Argenta rekening,ARGENTA,nl,2024-11-03,26
compte_a_vue_argenta,Compte à vue particulier (Argenta vs ING),Argenta rekening,ARGENTA,nl,2024-11-10,21
compte_a_vue_argenta,Compte à vue particulier (Argenta vs ING),Argenta rekening,ARGENTA,nl,2024-11-17,29
compte_a_vue_argenta,Compte à vue particulier (Argenta vs ING),Argenta rekening,ARGENTA,nl,2024-11-24,28
compte_a_vue_argenta,Compte à vue particulier (Argenta vs ING),Argenta rekening,ARGENTA,nl,2024-12-01,0
compte_a_vue_argenta,Compte à vue particulier (Argenta vs ING),Argenta rekening,ARGENTA,nl,2024-12-08,44
compte_a_vue_argenta,Compte à vue particulier (Argenta vs ING),Argenta rekening,ARGENTA,nl,2024-12-15,32
compte_a_vue_argenta,Compte à vue particulier (Argenta vs ING),Argenta rekening,ARGENTA,nl,2024-12-22,0
compte_a_vue_argenta,Compte à vue particulier (Argenta vs ING),Argenta rekening,ARGENTA,nl,2024-12-29,33
compte_a_vue_argenta,Compte à vue particulier (Argenta vs ING),Argenta rekening,ARGENTA,nl,2025-01-05,34
compte_a_vue_argenta,Compte à vue particulier (Argenta vs ING),Argenta rekening,ARGENTA,nl,2025-01-12,29
compte_a_vue_argenta,Compte à vue particulier (Argenta vs ING),Argenta rekening,ARGENTA,nl,2025-01-19,26
compte_a_vue_argenta,Compte à vue particulier (Argenta vs ING),Argenta rekening,ARGENTA,nl,2025-01-26,25
compte_a_vue_argenta,Compte à vue particulier (Argenta vs ING),Argenta rekening,ARGENTA,nl,2025-02-02,33
compte_a_vue_argenta,Compte à vue particulier (Argenta vs ING),Argenta rekening,ARGENTA,nl,2025-02-09,0
compte_a_vue_argenta,Compte à vue particulier (Argenta vs ING),Argenta rekening,ARGENTA,nl,2025-02-16,32
compte_a_vue_argenta,Compte à vue particulier (Argenta vs ING),Argenta rekening,ARGENTA,nl,2025-02-23,26
compte_a_vue_argenta,Compte à vue particulier (Argenta vs ING),Argenta rekening,ARGENTA,nl,2025-03-02,38
compte_a_vue_argenta,Compte à vue particulier (Argenta vs ING),Argenta rekening,ARGENTA,nl,2025-03-09,31
compte_a_vue_argenta,Compte à vue particulier (Argenta vs ING),Argenta rekening,ARGENTA,nl,2025-03-16,0
compte_a_vue_argenta,Compte à vue particulier (Argenta vs ING),Argenta rekening,ARGENTA,nl,2025-03-23,28
compte_a_vue_argenta,Compte à vue particulier (Argenta vs ING),Argenta rekening,ARGENTA,nl,2025-03-30,30
compte_a_vue_argenta,Compte à vue particulier (Argenta vs ING),Argenta rekening,ARGENTA,nl,2025-04-06,34
compte_a_vue_argenta,Compte à vue particulier (Argenta vs ING),Argenta rekening,ARGENTA,nl,2025-04-13,27
compte_a_vue_argenta,Compte à vue particulier (Argenta vs ING),Argenta rekening,ARGENTA,nl,2025-04-20,39
compte_a_vue_argenta,Compte à vue particulier (Argenta vs ING),Argenta rekening,ARGENTA,nl,2025-04-27,30
compte_a_vue_argenta,Compte à vue particulier (Argenta vs ING),Argenta rekening,ARGENTA,nl,2025-05-04,27
compte_a_vue_argenta,Compte à vue particulier (Argenta vs ING),Argenta rekening,ARGENTA,nl,2025-05-11,35
compte_a_vue_argenta,Compte à vue particulier (Argenta vs ING),Argenta rekening,ARGENTA,nl,2025-05-18,0
compte_a_vue_argenta,Compte à vue particulier (Argenta vs ING),Argenta rekening,ARGENTA,nl,2025-05-25,34
compte_a_vue_argenta,Compte à vue particulier (Argenta vs ING),Argenta rekening,ARGENTA,nl,2025-06-01,28
compte_a_vue_argenta,Compte à vue particulier (Argenta vs ING),Argenta rekening,ARGENTA,nl,2025-06-08,25
compte_a_vue_argenta,Compte à vue particulier (Argenta vs ING),Argenta rekening,ARGENTA,nl,2025-06-15,36
compte_a_vue_argenta,Compte à vue particulier (Argenta vs ING),Argenta rekening,ARGENTA,nl,2025-06-22,0
compte_a_vue_argenta,Compte à vue particulier (Argenta vs ING),Argenta rekening,ARGENTA,nl,2025-06-29,27
compte_a_vue_argenta,Compte à vue particulier (Argenta vs ING),Argenta rekening,ARGENTA,nl,2025-07-06,27
compte_a_vue_argenta,Compte à vue particulier (Argenta vs ING),Argenta rekening,ARGENTA,nl,2025-07-13,29
compte_a_vue_argenta,Compte à vue particulier (Argenta vs ING),Argenta rekening,ARGENTA,nl,2025-07-20,0
compte_a_vue_argenta,Compte à vue particulier (Argenta vs ING),Argenta rekening,ARGENTA,nl,2025-07-27,41
compte_a_vue_argenta,Compte à vue particulier (Argenta vs ING),Argenta rekening,ARGENTA,nl,2025-08-03,36
compte_a_vue_argenta,Compte à vue particulier (Argenta vs ING),Argenta rekening,ARGENTA,nl,2025-08-10,0
compte_a_vue_argenta,Compte à vue particulier (Argenta vs ING),Argenta rekening,ARGENTA,nl,2025-08-17,24
compte_a_vue_argenta,Compte à vue particulier (Argenta vs ING),Argenta rekening,ARGENTA,nl,2025-08-24,39
compte_a_vue_argenta,Compte à vue particulier (Argenta vs ING),Argenta rekening,ARGENTA,nl,2025-08-31,25
compte_a_vue_argenta,Compte à vue particulier (Argenta vs ING),Argenta rekening,ARGENTA,nl,2025-09-07,36
compte_a_vue_argenta,Compte à vue particulier (Argenta vs ING),Argenta rekening,ARGENTA,nl,2025-09-14,40
compte_a_vue_argenta,Compte à vue particulier (Argenta vs ING),Argenta rekening,ARGENTA,nl,2025-09-21,35
compte_a_vue_argenta,Compte à vue particulier (Argenta vs ING),Argenta rekening,ARGENTA,nl,2025-09-28,23
compte_a_vue_argenta,Compte à vue particulier (Argenta vs ING),Argenta rekening,ARGENTA,nl,2025-10-05,0
compte_a_vue_argenta,Compte à vue particulier (Argenta vs ING),Argenta rekening,ARGENTA,nl,2025-10-12,35
compte_a_vue_argenta,Compte à vue particulier (Argenta vs ING),Argenta rekening,ARGENTA,nl,2025-10-19,24
compte_a_vue_argenta,Compte à vue particulier (Argenta vs ING),Argenta rekening,ARGENTA,nl,2025-10-26,0
compte_a_vue_argenta,Compte à vue particulier (Argenta vs ING),Argenta rekening,ARGENTA,nl,2025-11-02,22
compte_a_vue_argenta,Compte à vue particulier (Argenta vs ING),Argenta rekening,ARGENTA,nl,2025-11-09,28
compte_a_vue_argenta,Compte à vue particulier (Argenta vs ING),Argenta rekening,ARGENTA,nl,2025-11-16,27
compte_a_vue_argenta,Compte à vue particulier (Argenta vs ING),Argenta rekening,ARGENTA,nl,2025-11-23,28
compte_a_vue_argenta,Compte à vue particulier (Argenta vs ING),Argenta rekening,ARGENTA,nl,2025-11-30,34
compte_a_vue_argenta,Compte à vue particulier (Argenta vs ING),Argenta rekening,ARGENTA,nl,2025-12-07,27
compte_a_vue_argenta,Compte à vue particulier (Argenta vs ING),Argenta rekening,ARGENTA,nl,2025-12-14,31
compte_a_vue_argenta,Compte à vue particulier (Argenta vs ING),Argenta rekening,ARGENTA,nl,2025-12-21,40
compte_a_vue_argenta,Compte à vue particulier (Argenta vs ING),Argenta rekening,ARGENTA,nl,2025-12-28,43
compte_a_vue_argenta,Compte à vue particulier (Argenta vs ING),Argenta rekening,ARGENTA,nl,2026-01-04,34
compte_a_vue_argenta,Compte à vue particulier (Argenta vs ING),Argenta rekening,ARGENTA,nl,2026-01-11,26
compte_a_vue_argenta,Compte à vue particulier (Argenta vs ING),Argenta rekening,ARGENTA,nl,2026-01-18,43
compte_a_vue_argenta,Compte à vue particulier (Argenta vs ING),Argenta rekening,ARGENTA,nl,2026-01-25,46
compte_a_vue_argenta,Compte à vue particulier (Argenta vs ING),Argenta rekening,ARGENTA,nl,2026-02-01,24
compte_a_vue_argenta,Compte à vue particulier (Argenta vs ING),Argenta rekening,ARGENTA,nl,2026-02-08,28
compte_a_vue_argenta,Compte à vue particulier (Argenta vs ING),Argenta rekening,ARGENTA,nl,2026-02-15,27
compte_a_vue_argenta,Compte à vue particulier (Argenta vs ING),Argenta rekening,ARGENTA,nl,2026-02-22,34
compte_a_vue_argenta,Compte à vue particulier (Argenta vs ING),Argenta rekening,ARGENTA,nl,2026-03-01,26
compte_a_vue_argenta,Compte à vue particulier (Argenta vs ING),Argenta rekening,ARGENTA,nl,2026-03-08,31
compte_a_vue_argenta,Compte à vue particulier (Argenta vs ING),Argenta rekening,ARGENTA,nl,2026-03-15,0
compte_a_vue_argenta,Compte à vue particulier (Argenta vs ING),Argenta rekening,ARGENTA,nl,2026-03-22,31
compte_a_vue_argenta,Compte à vue particulier (Argenta vs ING),Argenta rekening,ARGENTA,nl,2026-03-29,24
compte_a_vue_argenta,Compte à vue particulier (Argenta vs ING),Argenta rekening,ARGENTA,nl,2026-04-05,24
compte_a_vue_argenta,Compte à vue particulier (Argenta vs ING),Argenta rekening,ARGENTA,nl,2026-04-12,25
compte_a_vue_argenta,Compte à vue particulier (Argenta vs ING),Argenta rekening,ARGENTA,nl,2026-04-19,23
compte_a_vue_argenta,Compte à vue particulier (Argenta vs ING),Argenta rekening,ARGENTA,nl,2026-04-26,37
compte_a_vue_argenta,Compte à vue particulier (Argenta vs ING),Argenta rekening,ARGENTA,nl,2026-05-03,34
compte_a_vue_argenta,Compte à vue particulier (Argenta vs ING),Argenta rekening,ARGENTA,nl,2026-05-10,37
compte_a_vue_argenta,Compte à vue particulier (Argenta vs ING),Argenta rekening,ARGENTA,nl,2026-05-17,29
compte_a_vue_argenta,Compte à vue particulier (Argenta vs ING),Argenta rekening,ARGENTA,nl,2026-05-24,0
compte_a_vue_argenta,Compte à vue particulier (Argenta vs ING),Argenta rekening,ARGENTA,nl,2026-05-31,32
compte_a_vue_argenta,Compte à vue particulier (Argenta vs ING),Argenta rekening,ARGENTA,nl,2026-06-07,46
compte_a_vue_argenta,Compte à vue particulier (Argenta vs ING),Argenta rekening,ARGENTA,nl,2026-06-14,47
compte_a_vue_argenta,Compte à vue particulier (Argenta vs ING),Argenta rekening,ARGENTA,nl,2026-06-21,34
compte_a_vue_argenta,Compte à vue particulier (Argenta vs ING),Argenta rekening,ARGENTA,nl,2026-06-28,0
compte_a_vue_argenta,Compte à vue particulier (Argenta vs ING),Argenta rekening,ARGENTA,nl,2026-07-05,29
compte_a_vue_argenta,Compte à vue particulier (Argenta vs ING),Argenta rekening,ARGENTA,nl,2026-07-12,0
compte_a_vue_argenta,Compte à vue particulier (Argenta vs ING),Argenta rekening,ARGENTA,nl,2026-07-19,0
compte_a_vue_argenta,Compte à vue particulier (Argenta vs ING),Argenta rekening,ARGENTA,nl,2026-07-26,30
compte_a_vue_argenta,Compte à vue particulier (Argenta vs ING),Argenta rekening,ARGENTA,nl,2026-08-02,38
compte_a_vue_argenta,Compte à vue particulier (Argenta vs ING),Argenta rekening,ARGENTA,nl,2026-08-09,35
compte_a_vue_argenta,Compte à vue particulier (Argenta vs ING),Argenta rekening,ARGENTA,nl,2026-08-16,0
compte_a_vue_argenta,Compte à vue particulier (Argenta vs ING),Argenta rekening,ARGENTA,nl,2026-08-23,47
compte_a_vue_argenta,Compte à vue particulier (Argenta vs ING),Argenta rekening,ARGENTA,nl,2026-08-30,38
compte_a_vue_argenta,Compte à vue particulier (Argenta vs ING),Argenta rekening,ARGENTA,nl,2026-09-06,32
compte_a_vue_argenta,Compte à vue particulier (Argenta vs ING),Argenta rekening,ARGENTA,nl,2026-09-13,33
compte_a_vue_argenta,Compte à vue particulier (Argenta vs ING),compte Argenta,ARGENTA,fr,2021-09-12,0
compte_a_vue_argenta,Compte à vue particulier (Argenta vs ING),compte Argenta,ARGENTA,fr,2021-09-19,0
compte_a_vue_argenta,Compte à vue particulier (Argenta vs ING),compte Argenta,ARGENTA,fr,2021-09-26,0
compte_a_vue_argenta,Compte à vue particulier (Argenta vs ING),compte Argenta,ARGENTA,fr,2021-10-03,0
compte_a_vue_argenta,Compte à vue particulier (Argenta vs ING),compte Argenta,ARGENTA,fr,2021-10-10,0
compte_a_vue_argenta,Compte à vue particulier (Argenta vs ING),compte Argenta,ARGENTA,fr,2021-10-17,22
compte_a_vue_argenta,Compte à vue particulier (Argenta vs ING),compte Argenta,ARGENTA,fr,2021-10-24,0
compte_a_vue_argenta,Compte à vue particulier (Argenta vs ING),compte Argenta,ARGENTA,fr,2021-10-31,0
compte_a_vue_argenta,Compte à vue particulier (Argenta vs ING),compte Argenta,ARGENTA,fr,2021-11-07,0
compte_a_vue_argenta,Compte à vue particulier (Argenta vs ING),compte Argenta,ARGENTA,fr,2021-11-14,0
compte_a_vue_argenta,Compte à vue particulier (Argenta vs ING),compte Argenta,ARGENTA,fr,2021-11-21,0
compte_a_vue_argenta,Compte à vue particulier (Argenta vs ING),compte Argenta,ARGENTA,fr,2021-11-28,0
compte_a_vue_argenta,Compte à vue particulier (Argenta vs ING),compte Argenta,ARGENTA,fr,2021-12-05,0
compte_a_vue_argenta,Compte à vue particulier (Argenta vs ING),compte Argenta,ARGENTA,fr,2021-12-12,0
compte_a_vue_argenta,Compte à vue particulier (Argenta vs ING),compte Argenta,ARGENTA,fr,2021-12-19,0
compte_a_vue_argenta,Compte à vue particulier (Argenta vs ING),compte Argenta,ARGENTA,fr,2021-12-26,0
compte_a_vue_argenta,Compte à vue particulier (Argenta vs ING),compte Argenta,ARGENTA,fr,2022-01-02,0
compte_a_vue_argenta,Compte à vue particulier (Argenta vs ING),compte Argenta,ARGENTA,fr,2022-01-09,0
compte_a_vue_argenta,Compte à vue particulier (Argenta vs ING),compte Argenta,ARGENTA,fr,2022-01-16,0
compte_a_vue_argenta,Compte à vue particulier (Argenta vs ING),compte Argenta,ARGENTA,fr,2022-01-23,0
compte_a_vue_argenta,Compte à vue particulier (Argenta vs ING),compte Argenta,ARGENTA,fr,2022-01-30,0
compte_a_vue_argenta,Compte à vue particulier (Argenta vs ING),compte Argenta,ARGENTA,fr,2022-02-06,0
compte_a_vue_argenta,Compte à vue particulier (Argenta vs ING),compte Argenta,ARGENTA,fr,2022-02-13,0
compte_a_vue_argenta,Compte à vue particulier (Argenta vs ING),compte Argenta,ARGENTA,fr,2022-02-20,0
compte_a_vue_argenta,Compte à vue particulier (Argenta vs ING),compte Argenta,ARGENTA,fr,2022-02-27,0
compte_a_vue_argenta,Compte à vue particulier (Argenta vs ING),compte Argenta,ARGENTA,fr,2022-03-06,20
compte_a_vue_argenta,Compte à vue particulier (Argenta vs ING),compte Argenta,ARGENTA,fr,2022-03-13,16
compte_a_vue_argenta,Compte à vue particulier (Argenta vs ING),compte Argenta,ARGENTA,fr,2022-03-20,0
compte_a_vue_argenta,Compte à vue particulier (Argenta vs ING),compte Argenta,ARGENTA,fr,2022-03-27,0
compte_a_vue_argenta,Compte à vue particulier (Argenta vs ING),compte Argenta,ARGENTA,fr,2022-04-03,0
compte_a_vue_argenta,Compte à vue particulier (Argenta vs ING),compte Argenta,ARGENTA,fr,2022-04-10,0
compte_a_vue_argenta,Compte à vue particulier (Argenta vs ING),compte Argenta,ARGENTA,fr,2022-04-17,0
compte_a_vue_argenta,Compte à vue particulier (Argenta vs ING),compte Argenta,ARGENTA,fr,2022-04-24,0
compte_a_vue_argenta,Compte à vue particulier (Argenta vs ING),compte Argenta,ARGENTA,fr,2022-05-01,0
compte_a_vue_argenta,Compte à vue particulier (Argenta vs ING),compte Argenta,ARGENTA,fr,2022-05-08,0
compte_a_vue_argenta,Compte à vue particulier (Argenta vs ING),compte Argenta,ARGENTA,fr,2022-05-15,0
compte_a_vue_argenta,Compte à vue particulier (Argenta vs ING),compte Argenta,ARGENTA,fr,2022-05-22,0
compte_a_vue_argenta,Compte à vue particulier (Argenta vs ING),compte Argenta,ARGENTA,fr,2022-05-29,0
compte_a_vue_argenta,Compte à vue particulier (Argenta vs ING),compte Argenta,ARGENTA,fr,2022-06-05,0
compte_a_vue_argenta,Compte à vue particulier (Argenta vs ING),compte Argenta,ARGENTA,fr,2022-06-12,0
compte_a_vue_argenta,Compte à vue particulier (Argenta vs ING),compte Argenta,ARGENTA,fr,2022-06-19,0
compte_a_vue_argenta,Compte à vue particulier (Argenta vs ING),compte Argenta,ARGENTA,fr,2022-06-26,0
compte_a_vue_argenta,Compte à vue particulier (Argenta vs ING),compte Argenta,ARGENTA,fr,2022-07-03,0
compte_a_vue_argenta,Compte à vue particulier (Argenta vs ING),compte Argenta,ARGENTA,fr,2022-07-10,0
compte_a_vue_argenta,Compte à vue particulier (Argenta vs ING),compte Argenta,ARGENTA,fr,2022-07-17,0
compte_a_vue_argenta,Compte à vue particulier (Argenta vs ING),compte Argenta,ARGENTA,fr,2022-07-24,0
compte_a_vue_argenta,Compte à vue particulier (Argenta vs ING),compte Argenta,ARGENTA,fr,2022-07-31,0
compte_a_vue_argenta,Compte à vue particulier (Argenta vs ING),compte Argenta,ARGENTA,fr,2022-08-07,0
compte_a_vue_argenta,Compte à vue particulier (Argenta vs ING),compte Argenta,ARGENTA,fr,2022-08-14,0
compte_a_vue_argenta,Compte à vue particulier (Argenta vs ING),compte Argenta,ARGENTA,fr,2022-08-21,0
compte_a_vue_argenta,Compte à vue particulier (Argenta vs ING),compte Argenta,ARGENTA,fr,2022-08-28,0
compte_a_vue_argenta,Compte à vue particulier (Argenta vs ING),compte Argenta,ARGENTA,fr,2022-09-04,0
compte_a_vue_argenta,Compte à vue particulier (Argenta vs ING),compte Argenta,ARGENTA,fr,2022-09-11,0
compte_a_vue_argenta,Compte à vue particulier (Argenta vs ING),compte Argenta,ARGENTA,fr,2022-09-18,0
compte_a_vue_argenta,Compte à vue particulier (Argenta vs ING),compte Argenta,ARGENTA,fr,2022-09-25,0
compte_a_vue_argenta,Compte à vue particulier (Argenta vs ING),compte Argenta,ARGENTA,fr,2022-10-02,0
compte_a_vue_argenta,Compte à vue particulier (Argenta vs ING),compte Argenta,ARGENTA,fr,2022-10-09,0
compte_a_vue_argenta,Compte à vue particulier (Argenta vs ING),compte Argenta,ARGENTA,fr,2022-10-16,19
compte_a_vue_argenta,Compte à vue particulier (Argenta vs ING),compte Argenta,ARGENTA,fr,2022-10-23,0
compte_a_vue_argenta,Compte à vue particulier (Argenta vs ING),compte Argenta,ARGENTA,fr,2022-10-30,0
compte_a_vue_argenta,Compte à vue particulier (Argenta vs ING),compte Argenta,ARGENTA,fr,2022-11-06,0
compte_a_vue_argenta,Compte à vue particulier (Argenta vs ING),compte Argenta,ARGENTA,fr,2022-11-13,0
compte_a_vue_argenta,Compte à vue particulier (Argenta vs ING),compte Argenta,ARGENTA,fr,2022-11-20,0
compte_a_vue_argenta,Compte à vue particulier (Argenta vs ING),compte Argenta,ARGENTA,fr,2022-11-27,0
compte_a_vue_argenta,Compte à vue particulier (Argenta vs ING),compte Argenta,ARGENTA,fr,2022-12-04,0
compte_a_vue_argenta,Compte à vue particulier (Argenta vs ING),compte Argenta,ARGENTA,fr,2022-12-11,0
compte_a_vue_argenta,Compte à vue particulier (Argenta vs ING),compte Argenta,ARGENTA,fr,2022-12-18,0
compte_a_vue_argenta,Compte à vue particulier (Argenta vs ING),compte Argenta,ARGENTA,fr,2022-12-25,0
compte_a_vue_argenta,Compte à vue particulier (Argenta vs ING),compte Argenta,ARGENTA,fr,2023-01-01,0
compte_a_vue_argenta,Compte à vue particulier (Argenta vs ING),compte Argenta,ARGENTA,fr,2023-01-08,0
compte_a_vue_argenta,Compte à vue particulier (Argenta vs ING),compte Argenta,ARGENTA,fr,2023-01-15,0
compte_a_vue_argenta,Compte à vue particulier (Argenta vs ING),compte Argenta,ARGENTA,fr,2023-01-22,0
compte_a_vue_argenta,Compte à vue particulier (Argenta vs ING),compte Argenta,ARGENTA,fr,2023-01-29,0
compte_a_vue_argenta,Compte à vue particulier (Argenta vs ING),compte Argenta,ARGENTA,fr,2023-02-05,0
compte_a_vue_argenta,Compte à vue particulier (Argenta vs ING),compte Argenta,ARGENTA,fr,2023-02-12,0
compte_a_vue_argenta,Compte à vue particulier (Argenta vs ING),compte Argenta,ARGENTA,fr,2023-02-19,0
compte_a_vue_argenta,Compte à vue particulier (Argenta vs ING),compte Argenta,ARGENTA,fr,2023-02-26,0
compte_a_vue_argenta,Compte à vue particulier (Argenta vs ING),compte Argenta,ARGENTA,fr,2023-03-05,0
compte_a_vue_argenta,Compte à vue particulier (Argenta vs ING),compte Argenta,ARGENTA,fr,2023-03-12,18
compte_a_vue_argenta,Compte à vue particulier (Argenta vs ING),compte Argenta,ARGENTA,fr,2023-03-19,0
compte_a_vue_argenta,Compte à vue particulier (Argenta vs ING),compte Argenta,ARGENTA,fr,2023-03-26,0
compte_a_vue_argenta,Compte à vue particulier (Argenta vs ING),compte Argenta,ARGENTA,fr,2023-04-02,0
compte_a_vue_argenta,Compte à vue particulier (Argenta vs ING),compte Argenta,ARGENTA,fr,2023-04-09,0
compte_a_vue_argenta,Compte à vue particulier (Argenta vs ING),compte Argenta,ARGENTA,fr,2023-04-16,0
compte_a_vue_argenta,Compte à vue particulier (Argenta vs ING),compte Argenta,ARGENTA,fr,2023-04-23,25
compte_a_vue_argenta,Compte à vue particulier (Argenta vs ING),compte Argenta,ARGENTA,fr,2023-04-30,0
compte_a_vue_argenta,Compte à vue particulier (Argenta vs ING),compte Argenta,ARGENTA,fr,2023-05-07,0
compte_a_vue_argenta,Compte à vue particulier (Argenta vs ING),compte Argenta,ARGENTA,fr,2023-05-14,19
compte_a_vue_argenta,Compte à vue particulier (Argenta vs ING),compte Argenta,ARGENTA,fr,2023-05-21,0
compte_a_vue_argenta,Compte à vue particulier (Argenta vs ING),compte Argenta,ARGENTA,fr,2023-05-28,0
compte_a_vue_argenta,Compte à vue particulier (Argenta vs ING),compte Argenta,ARGENTA,fr,2023-06-04,0
compte_a_vue_argenta,Compte à vue particulier (Argenta vs ING),compte Argenta,ARGENTA,fr,2023-06-11,0
compte_a_vue_argenta,Compte à vue particulier (Argenta vs ING),compte Argenta,ARGENTA,fr,2023-06-18,0
compte_a_vue_argenta,Compte à vue particulier (Argenta vs ING),compte Argenta,ARGENTA,fr,2023-06-25,0
compte_a_vue_argenta,Compte à vue particulier (Argenta vs ING),compte Argenta,ARGENTA,fr,2023-07-02,0
compte_a_vue_argenta,Compte à vue particulier (Argenta vs ING),compte Argenta,ARGENTA,fr,2023-07-09,0
compte_a_vue_argenta,Compte à vue particulier (Argenta vs ING),compte Argenta,ARGENTA,fr,2023-07-16,0
compte_a_vue_argenta,Compte à vue particulier (Argenta vs ING),compte Argenta,ARGENTA,fr,2023-07-23,0
compte_a_vue_argenta,Compte à vue particulier (Argenta vs ING),compte Argenta,ARGENTA,fr,2023-07-30,0
compte_a_vue_argenta,Compte à vue particulier (Argenta vs ING),compte Argenta,ARGENTA,fr,2023-08-06,0
compte_a_vue_argenta,Compte à vue particulier (Argenta vs ING),compte Argenta,ARGENTA,fr,2023-08-13,38
compte_a_vue_argenta,Compte à vue particulier (Argenta vs ING),compte Argenta,ARGENTA,fr,2023-08-20,100
compte_a_vue_argenta,Compte à vue particulier (Argenta vs ING),compte Argenta,ARGENTA,fr,2023-08-27,44
compte_a_vue_argenta,Compte à vue particulier (Argenta vs ING),compte Argenta,ARGENTA,fr,2023-09-03,39
compte_a_vue_argenta,Compte à vue particulier (Argenta vs ING),compte Argenta,ARGENTA,fr,2023-09-10,0
compte_a_vue_argenta,Compte à vue particulier (Argenta vs ING),compte Argenta,ARGENTA,fr,2023-09-17,0
compte_a_vue_argenta,Compte à vue particulier (Argenta vs ING),compte Argenta,ARGENTA,fr,2023-09-24,0
compte_a_vue_argenta,Compte à vue particulier (Argenta vs ING),compte Argenta,ARGENTA,fr,2023-10-01,0
compte_a_vue_argenta,Compte à vue particulier (Argenta vs ING),compte Argenta,ARGENTA,fr,2023-10-08,0
compte_a_vue_argenta,Compte à vue particulier (Argenta vs ING),compte Argenta,ARGENTA,fr,2023-10-15,0
compte_a_vue_argenta,Compte à vue particulier (Argenta vs ING),compte Argenta,ARGENTA,fr,2023-10-22,0
compte_a_vue_argenta,Compte à vue particulier (Argenta vs ING),compte Argenta,ARGENTA,fr,2023-10-29,0
compte_a_vue_argenta,Compte à vue particulier (Argenta vs ING),compte Argenta,ARGENTA,fr,2023-11-05,25
compte_a_vue_argenta,Compte à vue particulier (Argenta vs ING),compte Argenta,ARGENTA,fr,2023-11-12,24
compte_a_vue_argenta,Compte à vue particulier (Argenta vs ING),compte Argenta,ARGENTA,fr,2023-11-19,0
compte_a_vue_argenta,Compte à vue particulier (Argenta vs ING),compte Argenta,ARGENTA,fr,2023-11-26,25
compte_a_vue_argenta,Compte à vue particulier (Argenta vs ING),compte Argenta,ARGENTA,fr,2023-12-03,18
compte_a_vue_argenta,Compte à vue particulier (Argenta vs ING),compte Argenta,ARGENTA,fr,2023-12-10,0
compte_a_vue_argenta,Compte à vue particulier (Argenta vs ING),compte Argenta,ARGENTA,fr,2023-12-17,0
compte_a_vue_argenta,Compte à vue particulier (Argenta vs ING),compte Argenta,ARGENTA,fr,2023-12-24,23
compte_a_vue_argenta,Compte à vue particulier (Argenta vs ING),compte Argenta,ARGENTA,fr,2023-12-31,28
compte_a_vue_argenta,Compte à vue particulier (Argenta vs ING),compte Argenta,ARGENTA,fr,2024-01-07,20
compte_a_vue_argenta,Compte à vue particulier (Argenta vs ING),compte Argenta,ARGENTA,fr,2024-01-14,21
compte_a_vue_argenta,Compte à vue particulier (Argenta vs ING),compte Argenta,ARGENTA,fr,2024-01-21,26
compte_a_vue_argenta,Compte à vue particulier (Argenta vs ING),compte Argenta,ARGENTA,fr,2024-01-28,21
compte_a_vue_argenta,Compte à vue particulier (Argenta vs ING),compte Argenta,ARGENTA,fr,2024-02-04,23
compte_a_vue_argenta,Compte à vue particulier (Argenta vs ING),compte Argenta,ARGENTA,fr,2024-02-11,20
compte_a_vue_argenta,Compte à vue particulier (Argenta vs ING),compte Argenta,ARGENTA,fr,2024-02-18,32
compte_a_vue_argenta,Compte à vue particulier (Argenta vs ING),compte Argenta,ARGENTA,fr,2024-02-25,33
compte_a_vue_argenta,Compte à vue particulier (Argenta vs ING),compte Argenta,ARGENTA,fr,2024-03-03,0
compte_a_vue_argenta,Compte à vue particulier (Argenta vs ING),compte Argenta,ARGENTA,fr,2024-03-10,0
compte_a_vue_argenta,Compte à vue particulier (Argenta vs ING),compte Argenta,ARGENTA,fr,2024-03-17,24
compte_a_vue_argenta,Compte à vue particulier (Argenta vs ING),compte Argenta,ARGENTA,fr,2024-03-24,0
compte_a_vue_argenta,Compte à vue particulier (Argenta vs ING),compte Argenta,ARGENTA,fr,2024-03-31,0
compte_a_vue_argenta,Compte à vue particulier (Argenta vs ING),compte Argenta,ARGENTA,fr,2024-04-07,0
compte_a_vue_argenta,Compte à vue particulier (Argenta vs ING),compte Argenta,ARGENTA,fr,2024-04-14,0
compte_a_vue_argenta,Compte à vue particulier (Argenta vs ING),compte Argenta,ARGENTA,fr,2024-04-21,0
compte_a_vue_argenta,Compte à vue particulier (Argenta vs ING),compte Argenta,ARGENTA,fr,2024-04-28,0
compte_a_vue_argenta,Compte à vue particulier (Argenta vs ING),compte Argenta,ARGENTA,fr,2024-05-05,0
compte_a_vue_argenta,Compte à vue particulier (Argenta vs ING),compte Argenta,ARGENTA,fr,2024-05-12,0
compte_a_vue_argenta,Compte à vue particulier (Argenta vs ING),compte Argenta,ARGENTA,fr,2024-05-19,19
compte_a_vue_argenta,Compte à vue particulier (Argenta vs ING),compte Argenta,ARGENTA,fr,2024-05-26,20
compte_a_vue_argenta,Compte à vue particulier (Argenta vs ING),compte Argenta,ARGENTA,fr,2024-06-02,0
compte_a_vue_argenta,Compte à vue particulier (Argenta vs ING),compte Argenta,ARGENTA,fr,2024-06-09,0
compte_a_vue_argenta,Compte à vue particulier (Argenta vs ING),compte Argenta,ARGENTA,fr,2024-06-16,0
compte_a_vue_argenta,Compte à vue particulier (Argenta vs ING),compte Argenta,ARGENTA,fr,2024-06-23,0
compte_a_vue_argenta,Compte à vue particulier (Argenta vs ING),compte Argenta,ARGENTA,fr,2024-06-30,0
compte_a_vue_argenta,Compte à vue particulier (Argenta vs ING),compte Argenta,ARGENTA,fr,2024-07-07,0
compte_a_vue_argenta,Compte à vue particulier (Argenta vs ING),compte Argenta,ARGENTA,fr,2024-07-14,0
compte_a_vue_argenta,Compte à vue particulier (Argenta vs ING),compte Argenta,ARGENTA,fr,2024-07-21,0
compte_a_vue_argenta,Compte à vue particulier (Argenta vs ING),compte Argenta,ARGENTA,fr,2024-07-28,0
compte_a_vue_argenta,Compte à vue particulier (Argenta vs ING),compte Argenta,ARGENTA,fr,2024-08-04,25
compte_a_vue_argenta,Compte à vue particulier (Argenta vs ING),compte Argenta,ARGENTA,fr,2024-08-11,0
compte_a_vue_argenta,Compte à vue particulier (Argenta vs ING),compte Argenta,ARGENTA,fr,2024-08-18,37
compte_a_vue_argenta,Compte à vue particulier (Argenta vs ING),compte Argenta,ARGENTA,fr,2024-08-25,57
compte_a_vue_argenta,Compte à vue particulier (Argenta vs ING),compte Argenta,ARGENTA,fr,2024-09-01,47
compte_a_vue_argenta,Compte à vue particulier (Argenta vs ING),compte Argenta,ARGENTA,fr,2024-09-08,45
compte_a_vue_argenta,Compte à vue particulier (Argenta vs ING),compte Argenta,ARGENTA,fr,2024-09-15,0
compte_a_vue_argenta,Compte à vue particulier (Argenta vs ING),compte Argenta,ARGENTA,fr,2024-09-22,0
compte_a_vue_argenta,Compte à vue particulier (Argenta vs ING),compte Argenta,ARGENTA,fr,2024-09-29,0
compte_a_vue_argenta,Compte à vue particulier (Argenta vs ING),compte Argenta,ARGENTA,fr,2024-10-06,0
compte_a_vue_argenta,Compte à vue particulier (Argenta vs ING),compte Argenta,ARGENTA,fr,2024-10-13,21
compte_a_vue_argenta,Compte à vue particulier (Argenta vs ING),compte Argenta,ARGENTA,fr,2024-10-20,0
compte_a_vue_argenta,Compte à vue particulier (Argenta vs ING),compte Argenta,ARGENTA,fr,2024-10-27,0
compte_a_vue_argenta,Compte à vue particulier (Argenta vs ING),compte Argenta,ARGENTA,fr,2024-11-03,0
compte_a_vue_argenta,Compte à vue particulier (Argenta vs ING),compte Argenta,ARGENTA,fr,2024-11-10,0
compte_a_vue_argenta,Compte à vue particulier (Argenta vs ING),compte Argenta,ARGENTA,fr,2024-11-17,0
compte_a_vue_argenta,Compte à vue particulier (Argenta vs ING),compte Argenta,ARGENTA,fr,2024-11-24,23
compte_a_vue_argenta,Compte à vue particulier (Argenta vs ING),compte Argenta,ARGENTA,fr,2024-12-01,0
compte_a_vue_argenta,Compte à vue particulier (Argenta vs ING),compte Argenta,ARGENTA,fr,2024-12-08,30
compte_a_vue_argenta,Compte à vue particulier (Argenta vs ING),compte Argenta,ARGENTA,fr,2024-12-15,0
compte_a_vue_argenta,Compte à vue particulier (Argenta vs ING),compte Argenta,ARGENTA,fr,2024-12-22,0
compte_a_vue_argenta,Compte à vue particulier (Argenta vs ING),compte Argenta,ARGENTA,fr,2024-12-29,26
compte_a_vue_argenta,Compte à vue particulier (Argenta vs ING),compte Argenta,ARGENTA,fr,2025-01-05,29
compte_a_vue_argenta,Compte à vue particulier (Argenta vs ING),compte Argenta,ARGENTA,fr,2025-01-12,22
compte_a_vue_argenta,Compte à vue particulier (Argenta vs ING),compte Argenta,ARGENTA,fr,2025-01-19,0
compte_a_vue_argenta,Compte à vue particulier (Argenta vs ING),compte Argenta,ARGENTA,fr,2025-01-26,0
compte_a_vue_argenta,Compte à vue particulier (Argenta vs ING),compte Argenta,ARGENTA,fr,2025-02-02,24
compte_a_vue_argenta,Compte à vue particulier (Argenta vs ING),compte Argenta,ARGENTA,fr,2025-02-09,0
compte_a_vue_argenta,Compte à vue particulier (Argenta vs ING),compte Argenta,ARGENTA,fr,2025-02-16,0
compte_a_vue_argenta,Compte à vue particulier (Argenta vs ING),compte Argenta,ARGENTA,fr,2025-02-23,0
compte_a_vue_argenta,Compte à vue particulier (Argenta vs ING),compte Argenta,ARGENTA,fr,2025-03-02,0
compte_a_vue_argenta,Compte à vue particulier (Argenta vs ING),compte Argenta,ARGENTA,fr,2025-03-09,0
compte_a_vue_argenta,Compte à vue particulier (Argenta vs ING),compte Argenta,ARGENTA,fr,2025-03-16,0
compte_a_vue_argenta,Compte à vue particulier (Argenta vs ING),compte Argenta,ARGENTA,fr,2025-03-23,0
compte_a_vue_argenta,Compte à vue particulier (Argenta vs ING),compte Argenta,ARGENTA,fr,2025-03-30,23
compte_a_vue_argenta,Compte à vue particulier (Argenta vs ING),compte Argenta,ARGENTA,fr,2025-04-06,29
compte_a_vue_argenta,Compte à vue particulier (Argenta vs ING),compte Argenta,ARGENTA,fr,2025-04-13,0
compte_a_vue_argenta,Compte à vue particulier (Argenta vs ING),compte Argenta,ARGENTA,fr,2025-04-20,0
compte_a_vue_argenta,Compte à vue particulier (Argenta vs ING),compte Argenta,ARGENTA,fr,2025-04-27,0
compte_a_vue_argenta,Compte à vue particulier (Argenta vs ING),compte Argenta,ARGENTA,fr,2025-05-04,0
compte_a_vue_argenta,Compte à vue particulier (Argenta vs ING),compte Argenta,ARGENTA,fr,2025-05-11,24
compte_a_vue_argenta,Compte à vue particulier (Argenta vs ING),compte Argenta,ARGENTA,fr,2025-05-18,0
compte_a_vue_argenta,Compte à vue particulier (Argenta vs ING),compte Argenta,ARGENTA,fr,2025-05-25,0
compte_a_vue_argenta,Compte à vue particulier (Argenta vs ING),compte Argenta,ARGENTA,fr,2025-06-01,0
compte_a_vue_argenta,Compte à vue particulier (Argenta vs ING),compte Argenta,ARGENTA,fr,2025-06-08,0
compte_a_vue_argenta,Compte à vue particulier (Argenta vs ING),compte Argenta,ARGENTA,fr,2025-06-15,28
compte_a_vue_argenta,Compte à vue particulier (Argenta vs ING),compte Argenta,ARGENTA,fr,2025-06-22,23
compte_a_vue_argenta,Compte à vue particulier (Argenta vs ING),compte Argenta,ARGENTA,fr,2025-06-29,23
compte_a_vue_argenta,Compte à vue particulier (Argenta vs ING),compte Argenta,ARGENTA,fr,2025-07-06,39
compte_a_vue_argenta,Compte à vue particulier (Argenta vs ING),compte Argenta,ARGENTA,fr,2025-07-13,0
compte_a_vue_argenta,Compte à vue particulier (Argenta vs ING),compte Argenta,ARGENTA,fr,2025-07-20,0
compte_a_vue_argenta,Compte à vue particulier (Argenta vs ING),compte Argenta,ARGENTA,fr,2025-07-27,0
compte_a_vue_argenta,Compte à vue particulier (Argenta vs ING),compte Argenta,ARGENTA,fr,2025-08-03,0
compte_a_vue_argenta,Compte à vue particulier (Argenta vs ING),compte Argenta,ARGENTA,fr,2025-08-10,0
compte_a_vue_argenta,Compte à vue particulier (Argenta vs ING),compte Argenta,ARGENTA,fr,2025-08-17,0
compte_a_vue_argenta,Compte à vue particulier (Argenta vs ING),compte Argenta,ARGENTA,fr,2025-08-24,33
compte_a_vue_argenta,Compte à vue particulier (Argenta vs ING),compte Argenta,ARGENTA,fr,2025-08-31,0
compte_a_vue_argenta,Compte à vue particulier (Argenta vs ING),compte Argenta,ARGENTA,fr,2025-09-07,0
compte_a_vue_argenta,Compte à vue particulier (Argenta vs ING),compte Argenta,ARGENTA,fr,2025-09-14,0
compte_a_vue_argenta,Compte à vue particulier (Argenta vs ING),compte Argenta,ARGENTA,fr,2025-09-21,0
compte_a_vue_argenta,Compte à vue particulier (Argenta vs ING),compte Argenta,ARGENTA,fr,2025-09-28,34
compte_a_vue_argenta,Compte à vue particulier (Argenta vs ING),compte Argenta,ARGENTA,fr,2025-10-05,0
compte_a_vue_argenta,Compte à vue particulier (Argenta vs ING),compte Argenta,ARGENTA,fr,2025-10-12,0
compte_a_vue_argenta,Compte à vue particulier (Argenta vs ING),compte Argenta,ARGENTA,fr,2025-10-19,0
compte_a_vue_argenta,Compte à vue particulier (Argenta vs ING),compte Argenta,ARGENTA,fr,2025-10-26,0
compte_a_vue_argenta,Compte à vue particulier (Argenta vs ING),compte Argenta,ARGENTA,fr,2025-11-02,0
compte_a_vue_argenta,Compte à vue particulier (Argenta vs ING),compte Argenta,ARGENTA,fr,2025-11-09,0
compte_a_vue_argenta,Compte à vue particulier (Argenta vs ING),compte Argenta,ARGENTA,fr,2025-11-16,24
compte_a_vue_argenta,Compte à vue particulier (Argenta vs ING),compte Argenta,ARGENTA,fr,2025-11-23,0
compte_a_vue_argenta,Compte à vue particulier (Argenta vs ING),compte Argenta,ARGENTA,fr,2025-11-30,21
compte_a_vue_argenta,Compte à vue particulier (Argenta vs ING),compte Argenta,ARGENTA,fr,2025-12-07,26
compte_a_vue_argenta,Compte à vue particulier (Argenta vs ING),compte Argenta,ARGENTA,fr,2025-12-14,0
compte_a_vue_argenta,Compte à vue particulier (Argenta vs ING),compte Argenta,ARGENTA,fr,2025-12-21,0
compte_a_vue_argenta,Compte à vue particulier (Argenta vs ING),compte Argenta,ARGENTA,fr,2025-12-28,0
compte_a_vue_argenta,Compte à vue particulier (Argenta vs ING),compte Argenta,ARGENTA,fr,2026-01-04,26
compte_a_vue_argenta,Compte à vue particulier (Argenta vs ING),compte Argenta,ARGENTA,fr,2026-01-11,0
compte_a_vue_argenta,Compte à vue particulier (Argenta vs ING),compte Argenta,ARGENTA,fr,2026-01-18,21
compte_a_vue_argenta,Compte à vue particulier (Argenta vs ING),compte Argenta,ARGENTA,fr,2026-01-25,0
compte_a_vue_argenta,Compte à vue particulier (Argenta vs ING),compte Argenta,ARGENTA,fr,2026-02-01,24
compte_a_vue_argenta,Compte à vue particulier (Argenta vs ING),compte Argenta,ARGENTA,fr,2026-02-08,0
compte_a_vue_argenta,Compte à vue particulier (Argenta vs ING),compte Argenta,ARGENTA,fr,2026-02-15,24
compte_a_vue_argenta,Compte à vue particulier (Argenta vs ING),compte Argenta,ARGENTA,fr,2026-02-22,0
compte_a_vue_argenta,Compte à vue particulier (Argenta vs ING),compte Argenta,ARGENTA,fr,2026-03-01,0
compte_a_vue_argenta,Compte à vue particulier (Argenta vs ING),compte Argenta,ARGENTA,fr,2026-03-08,43
compte_a_vue_argenta,Compte à vue particulier (Argenta vs ING),compte Argenta,ARGENTA,fr,2026-03-15,0
compte_a_vue_argenta,Compte à vue particulier (Argenta vs ING),compte Argenta,ARGENTA,fr,2026-03-22,0
compte_a_vue_argenta,Compte à vue particulier (Argenta vs ING),compte Argenta,ARGENTA,fr,2026-03-29,0
compte_a_vue_argenta,Compte à vue particulier (Argenta vs ING),compte Argenta,ARGENTA,fr,2026-04-05,0
compte_a_vue_argenta,Compte à vue particulier (Argenta vs ING),compte Argenta,ARGENTA,fr,2026-04-12,0
compte_a_vue_argenta,Compte à vue particulier (Argenta vs ING),compte Argenta,ARGENTA,fr,2026-04-19,0
compte_a_vue_argenta,Compte à vue particulier (Argenta vs ING),compte Argenta,ARGENTA,fr,2026-04-26,0
compte_a_vue_argenta,Compte à vue particulier (Argenta vs ING),compte Argenta,ARGENTA,fr,2026-05-03,0
compte_a_vue_argenta,Compte à vue particulier (Argenta vs ING),compte Argenta,ARGENTA,fr,2026-05-10,23
compte_a_vue_argenta,Compte à vue particulier (Argenta vs ING),compte Argenta,ARGENTA,fr,2026-05-17,0
compte_a_vue_argenta,Compte à vue particulier (Argenta vs ING),compte Argenta,ARGENTA,fr,2026-05-24,0
compte_a_vue_argenta,Compte à vue particulier (Argenta vs ING),compte Argenta,ARGENTA,fr,2026-05-31,0
compte_a_vue_argenta,Compte à vue particulier (Argenta vs ING),compte Argenta,ARGENTA,fr,2026-06-07,25
compte_a_vue_argenta,Compte à vue particulier (Argenta vs ING),compte Argenta,ARGENTA,fr,2026-06-14,0
compte_a_vue_argenta,Compte à vue particulier (Argenta vs ING),compte Argenta,ARGENTA,fr,2026-06-21,0
compte_a_vue_argenta,Compte à vue particulier (Argenta vs ING),compte Argenta,ARGENTA,fr,2026-06-28,20
compte_a_vue_argenta,Compte à vue particulier (Argenta vs ING),compte Argenta,ARGENTA,fr,2026-07-05,0
compte_a_vue_argenta,Compte à vue particulier (Argenta vs ING),compte Argenta,ARGENTA,fr,2026-07-12,0
compte_a_vue_argenta,Compte à vue particulier (Argenta vs ING),compte Argenta,ARGENTA,fr,2026-07-19,0
compte_a_vue_argenta,Compte à vue particulier (Argenta vs ING),compte Argenta,ARGENTA,fr,2026-07-26,0
compte_a_vue_argenta,Compte à vue particulier (Argenta vs ING),compte Argenta,ARGENTA,fr,2026-08-02,0
compte_a_vue_argenta,Compte à vue particulier (Argenta vs ING),compte Argenta,ARGENTA,fr,2026-08-09,30
compte_a_vue_argenta,Compte à vue particulier (Argenta vs ING),compte Argenta,ARGENTA,fr,2026-08-16,0
compte_a_vue_argenta,Compte à vue particulier (Argenta vs ING),compte Argenta,ARGENTA,fr,2026-08-23,0
compte_a_vue_argenta,Compte à vue particulier (Argenta vs ING),compte Argenta,ARGENTA,fr,2026-08-30,7
compte_a_vue_argenta,Compte à vue particulier (Argenta vs ING),compte Argenta,ARGENTA,fr,2026-09-06,18
compte_a_vue_argenta,Compte à vue particulier (Argenta vs ING),compte Argenta,ARGENTA,fr,2026-09-13,17
compte_epargne_argenta,Compte épargne particulier (Argenta vs ING),Argenta spaarrekening,ARGENTA,nl,2021-09-12,0
compte_epargne_argenta,Compte épargne particulier (Argenta vs ING),Argenta spaarrekening,ARGENTA,nl,2021-09-19,0
compte_epargne_argenta,Compte épargne particulier (Argenta vs ING),Argenta spaarrekening,ARGENTA,nl,2021-09-26,0
compte_epargne_argenta,Compte épargne particulier (Argenta vs ING),Argenta spaarrekening,ARGENTA,nl,2021-10-03,0
compte_epargne_argenta,Compte épargne particulier (Argenta vs ING),Argenta spaarrekening,ARGENTA,nl,2021-10-10,0
compte_epargne_argenta,Compte épargne particulier (Argenta vs ING),Argenta spaarrekening,ARGENTA,nl,2021-10-17,0
compte_epargne_argenta,Compte épargne particulier (Argenta vs ING),Argenta spaarrekening,ARGENTA,nl,2021-10-24,0
compte_epargne_argenta,Compte épargne particulier (Argenta vs ING),Argenta spaarrekening,ARGENTA,nl,2021-10-31,0
compte_epargne_argenta,Compte épargne particulier (Argenta vs ING),Argenta spaarrekening,ARGENTA,nl,2021-11-07,0
compte_epargne_argenta,Compte épargne particulier (Argenta vs ING),Argenta spaarrekening,ARGENTA,nl,2021-11-14,0
compte_epargne_argenta,Compte épargne particulier (Argenta vs ING),Argenta spaarrekening,ARGENTA,nl,2021-11-21,0
compte_epargne_argenta,Compte épargne particulier (Argenta vs ING),Argenta spaarrekening,ARGENTA,nl,2021-11-28,8
compte_epargne_argenta,Compte épargne particulier (Argenta vs ING),Argenta spaarrekening,ARGENTA,nl,2021-12-05,0
compte_epargne_argenta,Compte épargne particulier (Argenta vs ING),Argenta spaarrekening,ARGENTA,nl,2021-12-12,0
compte_epargne_argenta,Compte épargne particulier (Argenta vs ING),Argenta spaarrekening,ARGENTA,nl,2021-12-19,0
compte_epargne_argenta,Compte épargne particulier (Argenta vs ING),Argenta spaarrekening,ARGENTA,nl,2021-12-26,0
compte_epargne_argenta,Compte épargne particulier (Argenta vs ING),Argenta spaarrekening,ARGENTA,nl,2022-01-02,0
compte_epargne_argenta,Compte épargne particulier (Argenta vs ING),Argenta spaarrekening,ARGENTA,nl,2022-01-09,0
compte_epargne_argenta,Compte épargne particulier (Argenta vs ING),Argenta spaarrekening,ARGENTA,nl,2022-01-16,0
compte_epargne_argenta,Compte épargne particulier (Argenta vs ING),Argenta spaarrekening,ARGENTA,nl,2022-01-23,0
compte_epargne_argenta,Compte épargne particulier (Argenta vs ING),Argenta spaarrekening,ARGENTA,nl,2022-01-30,0
compte_epargne_argenta,Compte épargne particulier (Argenta vs ING),Argenta spaarrekening,ARGENTA,nl,2022-02-06,0
compte_epargne_argenta,Compte épargne particulier (Argenta vs ING),Argenta spaarrekening,ARGENTA,nl,2022-02-13,0
compte_epargne_argenta,Compte épargne particulier (Argenta vs ING),Argenta spaarrekening,ARGENTA,nl,2022-02-20,0
compte_epargne_argenta,Compte épargne particulier (Argenta vs ING),Argenta spaarrekening,ARGENTA,nl,2022-02-27,0
compte_epargne_argenta,Compte épargne particulier (Argenta vs ING),Argenta spaarrekening,ARGENTA,nl,2022-03-06,0
compte_epargne_argenta,Compte épargne particulier (Argenta vs ING),Argenta spaarrekening,ARGENTA,nl,2022-03-13,0
compte_epargne_argenta,Compte épargne particulier (Argenta vs ING),Argenta spaarrekening,ARGENTA,nl,2022-03-20,0
compte_epargne_argenta,Compte épargne particulier (Argenta vs ING),Argenta spaarrekening,ARGENTA,nl,2022-03-27,0
compte_epargne_argenta,Compte épargne particulier (Argenta vs ING),Argenta spaarrekening,ARGENTA,nl,2022-04-03,0
compte_epargne_argenta,Compte épargne particulier (Argenta vs ING),Argenta spaarrekening,ARGENTA,nl,2022-04-10,0
compte_epargne_argenta,Compte épargne particulier (Argenta vs ING),Argenta spaarrekening,ARGENTA,nl,2022-04-17,0
compte_epargne_argenta,Compte épargne particulier (Argenta vs ING),Argenta spaarrekening,ARGENTA,nl,2022-04-24,0
compte_epargne_argenta,Compte épargne particulier (Argenta vs ING),Argenta spaarrekening,ARGENTA,nl,2022-05-01,0
compte_epargne_argenta,Compte épargne particulier (Argenta vs ING),Argenta spaarrekening,ARGENTA,nl,2022-05-08,0
compte_epargne_argenta,Compte épargne particulier (Argenta vs ING),Argenta spaarrekening,ARGENTA,nl,2022-05-15,0
compte_epargne_argenta,Compte épargne particulier (Argenta vs ING),Argenta spaarrekening,ARGENTA,nl,2022-05-22,0
compte_epargne_argenta,Compte épargne particulier (Argenta vs ING),Argenta spaarrekening,ARGENTA,nl,2022-05-29,0
compte_epargne_argenta,Compte épargne particulier (Argenta vs ING),Argenta spaarrekening,ARGENTA,nl,2022-06-05,0
compte_epargne_argenta,Compte épargne particulier (Argenta vs ING),Argenta spaarrekening,ARGENTA,nl,2022-06-12,0
compte_epargne_argenta,Compte épargne particulier (Argenta vs ING),Argenta spaarrekening,ARGENTA,nl,2022-06-19,0
compte_epargne_argenta,Compte épargne particulier (Argenta vs ING),Argenta spaarrekening,ARGENTA,nl,2022-06-26,0
compte_epargne_argenta,Compte épargne particulier (Argenta vs ING),Argenta spaarrekening,ARGENTA,nl,2022-07-03,0
compte_epargne_argenta,Compte épargne particulier (Argenta vs ING),Argenta spaarrekening,ARGENTA,nl,2022-07-10,0
compte_epargne_argenta,Compte épargne particulier (Argenta vs ING),Argenta spaarrekening,ARGENTA,nl,2022-07-17,0
compte_epargne_argenta,Compte épargne particulier (Argenta vs ING),Argenta spaarrekening,ARGENTA,nl,2022-07-24,0
compte_epargne_argenta,Compte épargne particulier (Argenta vs ING),Argenta spaarrekening,ARGENTA,nl,2022-07-31,0
compte_epargne_argenta,Compte épargne particulier (Argenta vs ING),Argenta spaarrekening,ARGENTA,nl,2022-08-07,0
compte_epargne_argenta,Compte épargne particulier (Argenta vs ING),Argenta spaarrekening,ARGENTA,nl,2022-08-14,0
compte_epargne_argenta,Compte épargne particulier (Argenta vs ING),Argenta spaarrekening,ARGENTA,nl,2022-08-21,0
compte_epargne_argenta,Compte épargne particulier (Argenta vs ING),Argenta spaarrekening,ARGENTA,nl,2022-08-28,0
compte_epargne_argenta,Compte épargne particulier (Argenta vs ING),Argenta spaarrekening,ARGENTA,nl,2022-09-04,0
compte_epargne_argenta,Compte épargne particulier (Argenta vs ING),Argenta spaarrekening,ARGENTA,nl,2022-09-11,0
compte_epargne_argenta,Compte épargne particulier (Argenta vs ING),Argenta spaarrekening,ARGENTA,nl,2022-09-18,0
compte_epargne_argenta,Compte épargne particulier (Argenta vs ING),Argenta spaarrekening,ARGENTA,nl,2022-09-25,0
compte_epargne_argenta,Compte épargne particulier (Argenta vs ING),Argenta spaarrekening,ARGENTA,nl,2022-10-02,0
compte_epargne_argenta,Compte épargne particulier (Argenta vs ING),Argenta spaarrekening,ARGENTA,nl,2022-10-09,0
compte_epargne_argenta,Compte épargne particulier (Argenta vs ING),Argenta spaarrekening,ARGENTA,nl,2022-10-16,0
compte_epargne_argenta,Compte épargne particulier (Argenta vs ING),Argenta spaarrekening,ARGENTA,nl,2022-10-23,0
compte_epargne_argenta,Compte épargne particulier (Argenta vs ING),Argenta spaarrekening,ARGENTA,nl,2022-10-30,0
compte_epargne_argenta,Compte épargne particulier (Argenta vs ING),Argenta spaarrekening,ARGENTA,nl,2022-11-06,0
compte_epargne_argenta,Compte épargne particulier (Argenta vs ING),Argenta spaarrekening,ARGENTA,nl,2022-11-13,0
compte_epargne_argenta,Compte épargne particulier (Argenta vs ING),Argenta spaarrekening,ARGENTA,nl,2022-11-20,0
compte_epargne_argenta,Compte épargne particulier (Argenta vs ING),Argenta spaarrekening,ARGENTA,nl,2022-11-27,0
compte_epargne_argenta,Compte épargne particulier (Argenta vs ING),Argenta spaarrekening,ARGENTA,nl,2022-12-04,7
compte_epargne_argenta,Compte épargne particulier (Argenta vs ING),Argenta spaarrekening,ARGENTA,nl,2022-12-11,0
compte_epargne_argenta,Compte épargne particulier (Argenta vs ING),Argenta spaarrekening,ARGENTA,nl,2022-12-18,13
compte_epargne_argenta,Compte épargne particulier (Argenta vs ING),Argenta spaarrekening,ARGENTA,nl,2022-12-25,27
compte_epargne_argenta,Compte épargne particulier (Argenta vs ING),Argenta spaarrekening,ARGENTA,nl,2023-01-01,25
compte_epargne_argenta,Compte épargne particulier (Argenta vs ING),Argenta spaarrekening,ARGENTA,nl,2023-01-08,15
compte_epargne_argenta,Compte épargne particulier (Argenta vs ING),Argenta spaarrekening,ARGENTA,nl,2023-01-15,15
compte_epargne_argenta,Compte épargne particulier (Argenta vs ING),Argenta spaarrekening,ARGENTA,nl,2023-01-22,11
compte_epargne_argenta,Compte épargne particulier (Argenta vs ING),Argenta spaarrekening,ARGENTA,nl,2023-01-29,23
compte_epargne_argenta,Compte épargne particulier (Argenta vs ING),Argenta spaarrekening,ARGENTA,nl,2023-02-05,16
compte_epargne_argenta,Compte épargne particulier (Argenta vs ING),Argenta spaarrekening,ARGENTA,nl,2023-02-12,0
compte_epargne_argenta,Compte épargne particulier (Argenta vs ING),Argenta spaarrekening,ARGENTA,nl,2023-02-19,12
compte_epargne_argenta,Compte épargne particulier (Argenta vs ING),Argenta spaarrekening,ARGENTA,nl,2023-02-26,15
compte_epargne_argenta,Compte épargne particulier (Argenta vs ING),Argenta spaarrekening,ARGENTA,nl,2023-03-05,13
compte_epargne_argenta,Compte épargne particulier (Argenta vs ING),Argenta spaarrekening,ARGENTA,nl,2023-03-12,10
compte_epargne_argenta,Compte épargne particulier (Argenta vs ING),Argenta spaarrekening,ARGENTA,nl,2023-03-19,15
compte_epargne_argenta,Compte épargne particulier (Argenta vs ING),Argenta spaarrekening,ARGENTA,nl,2023-03-26,10
compte_epargne_argenta,Compte épargne particulier (Argenta vs ING),Argenta spaarrekening,ARGENTA,nl,2023-04-02,14
compte_epargne_argenta,Compte épargne particulier (Argenta vs ING),Argenta spaarrekening,ARGENTA,nl,2023-04-09,14
compte_epargne_argenta,Compte épargne particulier (Argenta vs ING),Argenta spaarrekening,ARGENTA,nl,2023-04-16,12
compte_epargne_argenta,Compte épargne particulier (Argenta vs ING),Argenta spaarrekening,ARGENTA,nl,2023-04-23,9
compte_epargne_argenta,Compte épargne particulier (Argenta vs ING),Argenta spaarrekening,ARGENTA,nl,2023-04-30,0
compte_epargne_argenta,Compte épargne particulier (Argenta vs ING),Argenta spaarrekening,ARGENTA,nl,2023-05-07,8
compte_epargne_argenta,Compte épargne particulier (Argenta vs ING),Argenta spaarrekening,ARGENTA,nl,2023-05-14,16
compte_epargne_argenta,Compte épargne particulier (Argenta vs ING),Argenta spaarrekening,ARGENTA,nl,2023-05-21,25
compte_epargne_argenta,Compte épargne particulier (Argenta vs ING),Argenta spaarrekening,ARGENTA,nl,2023-05-28,16
compte_epargne_argenta,Compte épargne particulier (Argenta vs ING),Argenta spaarrekening,ARGENTA,nl,2023-06-04,17
compte_epargne_argenta,Compte épargne particulier (Argenta vs ING),Argenta spaarrekening,ARGENTA,nl,2023-06-11,0
compte_epargne_argenta,Compte épargne particulier (Argenta vs ING),Argenta spaarrekening,ARGENTA,nl,2023-06-18,11
compte_epargne_argenta,Compte épargne particulier (Argenta vs ING),Argenta spaarrekening,ARGENTA,nl,2023-06-25,15
compte_epargne_argenta,Compte épargne particulier (Argenta vs ING),Argenta spaarrekening,ARGENTA,nl,2023-07-02,23
compte_epargne_argenta,Compte épargne particulier (Argenta vs ING),Argenta spaarrekening,ARGENTA,nl,2023-07-09,18
compte_epargne_argenta,Compte épargne particulier (Argenta vs ING),Argenta spaarrekening,ARGENTA,nl,2023-07-16,11
compte_epargne_argenta,Compte épargne particulier (Argenta vs ING),Argenta spaarrekening,ARGENTA,nl,2023-07-23,17
compte_epargne_argenta,Compte épargne particulier (Argenta vs ING),Argenta spaarrekening,ARGENTA,nl,2023-07-30,25
compte_epargne_argenta,Compte épargne particulier (Argenta vs ING),Argenta spaarrekening,ARGENTA,nl,2023-08-06,23
compte_epargne_argenta,Compte épargne particulier (Argenta vs ING),Argenta spaarrekening,ARGENTA,nl,2023-08-13,19
compte_epargne_argenta,Compte épargne particulier (Argenta vs ING),Argenta spaarrekening,ARGENTA,nl,2023-08-20,100
compte_epargne_argenta,Compte épargne particulier (Argenta vs ING),Argenta spaarrekening,ARGENTA,nl,2023-08-27,64
compte_epargne_argenta,Compte épargne particulier (Argenta vs ING),Argenta spaarrekening,ARGENTA,nl,2023-09-03,28
compte_epargne_argenta,Compte épargne particulier (Argenta vs ING),Argenta spaarrekening,ARGENTA,nl,2023-09-10,0
compte_epargne_argenta,Compte épargne particulier (Argenta vs ING),Argenta spaarrekening,ARGENTA,nl,2023-09-17,14
compte_epargne_argenta,Compte épargne particulier (Argenta vs ING),Argenta spaarrekening,ARGENTA,nl,2023-09-24,0
compte_epargne_argenta,Compte épargne particulier (Argenta vs ING),Argenta spaarrekening,ARGENTA,nl,2023-10-01,11
compte_epargne_argenta,Compte épargne particulier (Argenta vs ING),Argenta spaarrekening,ARGENTA,nl,2023-10-08,14
compte_epargne_argenta,Compte épargne particulier (Argenta vs ING),Argenta spaarrekening,ARGENTA,nl,2023-10-15,10
compte_epargne_argenta,Compte épargne particulier (Argenta vs ING),Argenta spaarrekening,ARGENTA,nl,2023-10-22,11
compte_epargne_argenta,Compte épargne particulier (Argenta vs ING),Argenta spaarrekening,ARGENTA,nl,2023-10-29,16
compte_epargne_argenta,Compte épargne particulier (Argenta vs ING),Argenta spaarrekening,ARGENTA,nl,2023-11-05,15
compte_epargne_argenta,Compte épargne particulier (Argenta vs ING),Argenta spaarrekening,ARGENTA,nl,2023-11-12,8
compte_epargne_argenta,Compte épargne particulier (Argenta vs ING),Argenta spaarrekening,ARGENTA,nl,2023-11-19,14
compte_epargne_argenta,Compte épargne particulier (Argenta vs ING),Argenta spaarrekening,ARGENTA,nl,2023-11-26,25
compte_epargne_argenta,Compte épargne particulier (Argenta vs ING),Argenta spaarrekening,ARGENTA,nl,2023-12-03,20
compte_epargne_argenta,Compte épargne particulier (Argenta vs ING),Argenta spaarrekening,ARGENTA,nl,2023-12-10,18
compte_epargne_argenta,Compte épargne particulier (Argenta vs ING),Argenta spaarrekening,ARGENTA,nl,2023-12-17,15
compte_epargne_argenta,Compte épargne particulier (Argenta vs ING),Argenta spaarrekening,ARGENTA,nl,2023-12-24,26
compte_epargne_argenta,Compte épargne particulier (Argenta vs ING),Argenta spaarrekening,ARGENTA,nl,2023-12-31,23
compte_epargne_argenta,Compte épargne particulier (Argenta vs ING),Argenta spaarrekening,ARGENTA,nl,2024-01-07,18
compte_epargne_argenta,Compte épargne particulier (Argenta vs ING),Argenta spaarrekening,ARGENTA,nl,2024-01-14,17
compte_epargne_argenta,Compte épargne particulier (Argenta vs ING),Argenta spaarrekening,ARGENTA,nl,2024-01-21,17
compte_epargne_argenta,Compte épargne particulier (Argenta vs ING),Argenta spaarrekening,ARGENTA,nl,2024-01-28,13
compte_epargne_argenta,Compte épargne particulier (Argenta vs ING),Argenta spaarrekening,ARGENTA,nl,2024-02-04,12
compte_epargne_argenta,Compte épargne particulier (Argenta vs ING),Argenta spaarrekening,ARGENTA,nl,2024-02-11,16
compte_epargne_argenta,Compte épargne particulier (Argenta vs ING),Argenta spaarrekening,ARGENTA,nl,2024-02-18,12
compte_epargne_argenta,Compte épargne particulier (Argenta vs ING),Argenta spaarrekening,ARGENTA,nl,2024-02-25,16
compte_epargne_argenta,Compte épargne particulier (Argenta vs ING),Argenta spaarrekening,ARGENTA,nl,2024-03-03,13
compte_epargne_argenta,Compte épargne particulier (Argenta vs ING),Argenta spaarrekening,ARGENTA,nl,2024-03-10,12
compte_epargne_argenta,Compte épargne particulier (Argenta vs ING),Argenta spaarrekening,ARGENTA,nl,2024-03-17,8
compte_epargne_argenta,Compte épargne particulier (Argenta vs ING),Argenta spaarrekening,ARGENTA,nl,2024-03-24,16
compte_epargne_argenta,Compte épargne particulier (Argenta vs ING),Argenta spaarrekening,ARGENTA,nl,2024-03-31,0
compte_epargne_argenta,Compte épargne particulier (Argenta vs ING),Argenta spaarrekening,ARGENTA,nl,2024-04-07,9
compte_epargne_argenta,Compte épargne particulier (Argenta vs ING),Argenta spaarrekening,ARGENTA,nl,2024-04-14,8
compte_epargne_argenta,Compte épargne particulier (Argenta vs ING),Argenta spaarrekening,ARGENTA,nl,2024-04-21,10
compte_epargne_argenta,Compte épargne particulier (Argenta vs ING),Argenta spaarrekening,ARGENTA,nl,2024-04-28,14
compte_epargne_argenta,Compte épargne particulier (Argenta vs ING),Argenta spaarrekening,ARGENTA,nl,2024-05-05,9
compte_epargne_argenta,Compte épargne particulier (Argenta vs ING),Argenta spaarrekening,ARGENTA,nl,2024-05-12,9
compte_epargne_argenta,Compte épargne particulier (Argenta vs ING),Argenta spaarrekening,ARGENTA,nl,2024-05-19,14
compte_epargne_argenta,Compte épargne particulier (Argenta vs ING),Argenta spaarrekening,ARGENTA,nl,2024-05-26,8
compte_epargne_argenta,Compte épargne particulier (Argenta vs ING),Argenta spaarrekening,ARGENTA,nl,2024-06-02,0
compte_epargne_argenta,Compte épargne particulier (Argenta vs ING),Argenta spaarrekening,ARGENTA,nl,2024-06-09,0
compte_epargne_argenta,Compte épargne particulier (Argenta vs ING),Argenta spaarrekening,ARGENTA,nl,2024-06-16,0
compte_epargne_argenta,Compte épargne particulier (Argenta vs ING),Argenta spaarrekening,ARGENTA,nl,2024-06-23,0
compte_epargne_argenta,Compte épargne particulier (Argenta vs ING),Argenta spaarrekening,ARGENTA,nl,2024-06-30,13
compte_epargne_argenta,Compte épargne particulier (Argenta vs ING),Argenta spaarrekening,ARGENTA,nl,2024-07-07,0
compte_epargne_argenta,Compte épargne particulier (Argenta vs ING),Argenta spaarrekening,ARGENTA,nl,2024-07-14,12
compte_epargne_argenta,Compte épargne particulier (Argenta vs ING),Argenta spaarrekening,ARGENTA,nl,2024-07-21,0
compte_epargne_argenta,Compte épargne particulier (Argenta vs ING),Argenta spaarrekening,ARGENTA,nl,2024-07-28,13
compte_epargne_argenta,Compte épargne particulier (Argenta vs ING),Argenta spaarrekening,ARGENTA,nl,2024-08-04,11
compte_epargne_argenta,Compte épargne particulier (Argenta vs ING),Argenta spaarrekening,ARGENTA,nl,2024-08-11,10
compte_epargne_argenta,Compte épargne particulier (Argenta vs ING),Argenta spaarrekening,ARGENTA,nl,2024-08-18,14
compte_epargne_argenta,Compte épargne particulier (Argenta vs ING),Argenta spaarrekening,ARGENTA,nl,2024-08-25,22
compte_epargne_argenta,Compte épargne particulier (Argenta vs ING),Argenta spaarrekening,ARGENTA,nl,2024-09-01,47
compte_epargne_argenta,Compte épargne particulier (Argenta vs ING),Argenta spaarrekening,ARGENTA,nl,2024-09-08,23
compte_epargne_argenta,Compte épargne particulier (Argenta vs ING),Argenta spaarrekening,ARGENTA,nl,2024-09-15,12
compte_epargne_argenta,Compte épargne particulier (Argenta vs ING),Argenta spaarrekening,ARGENTA,nl,2024-09-22,13
compte_epargne_argenta,Compte épargne particulier (Argenta vs ING),Argenta spaarrekening,ARGENTA,nl,2024-09-29,12
compte_epargne_argenta,Compte épargne particulier (Argenta vs ING),Argenta spaarrekening,ARGENTA,nl,2024-10-06,0
compte_epargne_argenta,Compte épargne particulier (Argenta vs ING),Argenta spaarrekening,ARGENTA,nl,2024-10-13,0
compte_epargne_argenta,Compte épargne particulier (Argenta vs ING),Argenta spaarrekening,ARGENTA,nl,2024-10-20,0
compte_epargne_argenta,Compte épargne particulier (Argenta vs ING),Argenta spaarrekening,ARGENTA,nl,2024-10-27,17
compte_epargne_argenta,Compte épargne particulier (Argenta vs ING),Argenta spaarrekening,ARGENTA,nl,2024-11-03,0
compte_epargne_argenta,Compte épargne particulier (Argenta vs ING),Argenta spaarrekening,ARGENTA,nl,2024-11-10,0
compte_epargne_argenta,Compte épargne particulier (Argenta vs ING),Argenta spaarrekening,ARGENTA,nl,2024-11-17,11
compte_epargne_argenta,Compte épargne particulier (Argenta vs ING),Argenta spaarrekening,ARGENTA,nl,2024-11-24,0
compte_epargne_argenta,Compte épargne particulier (Argenta vs ING),Argenta spaarrekening,ARGENTA,nl,2024-12-01,9
compte_epargne_argenta,Compte épargne particulier (Argenta vs ING),Argenta spaarrekening,ARGENTA,nl,2024-12-08,13
compte_epargne_argenta,Compte épargne particulier (Argenta vs ING),Argenta spaarrekening,ARGENTA,nl,2024-12-15,12
compte_epargne_argenta,Compte épargne particulier (Argenta vs ING),Argenta spaarrekening,ARGENTA,nl,2024-12-22,13
compte_epargne_argenta,Compte épargne particulier (Argenta vs ING),Argenta spaarrekening,ARGENTA,nl,2024-12-29,32
compte_epargne_argenta,Compte épargne particulier (Argenta vs ING),Argenta spaarrekening,ARGENTA,nl,2025-01-05,15
compte_epargne_argenta,Compte épargne particulier (Argenta vs ING),Argenta spaarrekening,ARGENTA,nl,2025-01-12,0
compte_epargne_argenta,Compte épargne particulier (Argenta vs ING),Argenta spaarrekening,ARGENTA,nl,2025-01-19,18
compte_epargne_argenta,Compte épargne particulier (Argenta vs ING),Argenta spaarrekening,ARGENTA,nl,2025-01-26,12
compte_epargne_argenta,Compte épargne particulier (Argenta vs ING),Argenta spaarrekening,ARGENTA,nl,2025-02-02,9
compte_epargne_argenta,Compte épargne particulier (Argenta vs ING),Argenta spaarrekening,ARGENTA,nl,2025-02-09,11
compte_epargne_argenta,Compte épargne particulier (Argenta vs ING),Argenta spaarrekening,ARGENTA,nl,2025-02-16,0
compte_epargne_argenta,Compte épargne particulier (Argenta vs ING),Argenta spaarrekening,ARGENTA,nl,2025-02-23,11
compte_epargne_argenta,Compte épargne particulier (Argenta vs ING),Argenta spaarrekening,ARGENTA,nl,2025-03-02,0
compte_epargne_argenta,Compte épargne particulier (Argenta vs ING),Argenta spaarrekening,ARGENTA,nl,2025-03-09,15
compte_epargne_argenta,Compte épargne particulier (Argenta vs ING),Argenta spaarrekening,ARGENTA,nl,2025-03-16,0
compte_epargne_argenta,Compte épargne particulier (Argenta vs ING),Argenta spaarrekening,ARGENTA,nl,2025-03-23,0
compte_epargne_argenta,Compte épargne particulier (Argenta vs ING),Argenta spaarrekening,ARGENTA,nl,2025-03-30,10
compte_epargne_argenta,Compte épargne particulier (Argenta vs ING),Argenta spaarrekening,ARGENTA,nl,2025-04-06,0
compte_epargne_argenta,Compte épargne particulier (Argenta vs ING),Argenta spaarrekening,ARGENTA,nl,2025-04-13,15
compte_epargne_argenta,Compte épargne particulier (Argenta vs ING),Argenta spaarrekening,ARGENTA,nl,2025-04-20,11
compte_epargne_argenta,Compte épargne particulier (Argenta vs ING),Argenta spaarrekening,ARGENTA,nl,2025-04-27,0
compte_epargne_argenta,Compte épargne particulier (Argenta vs ING),Argenta spaarrekening,ARGENTA,nl,2025-05-04,0
compte_epargne_argenta,Compte épargne particulier (Argenta vs ING),Argenta spaarrekening,ARGENTA,nl,2025-05-11,0
compte_epargne_argenta,Compte épargne particulier (Argenta vs ING),Argenta spaarrekening,ARGENTA,nl,2025-05-18,0
compte_epargne_argenta,Compte épargne particulier (Argenta vs ING),Argenta spaarrekening,ARGENTA,nl,2025-05-25,0
compte_epargne_argenta,Compte épargne particulier (Argenta vs ING),Argenta spaarrekening,ARGENTA,nl,2025-06-01,10
compte_epargne_argenta,Compte épargne particulier (Argenta vs ING),Argenta spaarrekening,ARGENTA,nl,2025-06-08,9
compte_epargne_argenta,Compte épargne particulier (Argenta vs ING),Argenta spaarrekening,ARGENTA,nl,2025-06-15,0
compte_epargne_argenta,Compte épargne particulier (Argenta vs ING),Argenta spaarrekening,ARGENTA,nl,2025-06-22,11
compte_epargne_argenta,Compte épargne particulier (Argenta vs ING),Argenta spaarrekening,ARGENTA,nl,2025-06-29,10
compte_epargne_argenta,Compte épargne particulier (Argenta vs ING),Argenta spaarrekening,ARGENTA,nl,2025-07-06,9
compte_epargne_argenta,Compte épargne particulier (Argenta vs ING),Argenta spaarrekening,ARGENTA,nl,2025-07-13,0
compte_epargne_argenta,Compte épargne particulier (Argenta vs ING),Argenta spaarrekening,ARGENTA,nl,2025-07-20,0
compte_epargne_argenta,Compte épargne particulier (Argenta vs ING),Argenta spaarrekening,ARGENTA,nl,2025-07-27,11
compte_epargne_argenta,Compte épargne particulier (Argenta vs ING),Argenta spaarrekening,ARGENTA,nl,2025-08-03,0
compte_epargne_argenta,Compte épargne particulier (Argenta vs ING),Argenta spaarrekening,ARGENTA,nl,2025-08-10,0
compte_epargne_argenta,Compte épargne particulier (Argenta vs ING),Argenta spaarrekening,ARGENTA,nl,2025-08-17,11
compte_epargne_argenta,Compte épargne particulier (Argenta vs ING),Argenta spaarrekening,ARGENTA,nl,2025-08-24,18
compte_epargne_argenta,Compte épargne particulier (Argenta vs ING),Argenta spaarrekening,ARGENTA,nl,2025-08-31,17
compte_epargne_argenta,Compte épargne particulier (Argenta vs ING),Argenta spaarrekening,ARGENTA,nl,2025-09-07,15
compte_epargne_argenta,Compte épargne particulier (Argenta vs ING),Argenta spaarrekening,ARGENTA,nl,2025-09-14,0
compte_epargne_argenta,Compte épargne particulier (Argenta vs ING),Argenta spaarrekening,ARGENTA,nl,2025-09-21,0
compte_epargne_argenta,Compte épargne particulier (Argenta vs ING),Argenta spaarrekening,ARGENTA,nl,2025-09-28,12
compte_epargne_argenta,Compte épargne particulier (Argenta vs ING),Argenta spaarrekening,ARGENTA,nl,2025-10-05,0
compte_epargne_argenta,Compte épargne particulier (Argenta vs ING),Argenta spaarrekening,ARGENTA,nl,2025-10-12,14
compte_epargne_argenta,Compte épargne particulier (Argenta vs ING),Argenta spaarrekening,ARGENTA,nl,2025-10-19,13
compte_epargne_argenta,Compte épargne particulier (Argenta vs ING),Argenta spaarrekening,ARGENTA,nl,2025-10-26,17
compte_epargne_argenta,Compte épargne particulier (Argenta vs ING),Argenta spaarrekening,ARGENTA,nl,2025-11-02,9
compte_epargne_argenta,Compte épargne particulier (Argenta vs ING),Argenta spaarrekening,ARGENTA,nl,2025-11-09,15
compte_epargne_argenta,Compte épargne particulier (Argenta vs ING),Argenta spaarrekening,ARGENTA,nl,2025-11-16,17
compte_epargne_argenta,Compte épargne particulier (Argenta vs ING),Argenta spaarrekening,ARGENTA,nl,2025-11-23,10
compte_epargne_argenta,Compte épargne particulier (Argenta vs ING),Argenta spaarrekening,ARGENTA,nl,2025-11-30,0
compte_epargne_argenta,Compte épargne particulier (Argenta vs ING),Argenta spaarrekening,ARGENTA,nl,2025-12-07,0
compte_epargne_argenta,Compte épargne particulier (Argenta vs ING),Argenta spaarrekening,ARGENTA,nl,2025-12-14,0
compte_epargne_argenta,Compte épargne particulier (Argenta vs ING),Argenta spaarrekening,ARGENTA,nl,2025-12-21,15
compte_epargne_argenta,Compte épargne particulier (Argenta vs ING),Argenta spaarrekening,ARGENTA,nl,2025-12-28,28
compte_epargne_argenta,Compte épargne particulier (Argenta vs ING),Argenta spaarrekening,ARGENTA,nl,2026-01-04,15
compte_epargne_argenta,Compte épargne particulier (Argenta vs ING),Argenta spaarrekening,ARGENTA,nl,2026-01-11,11
compte_epargne_argenta,Compte épargne particulier (Argenta vs ING),Argenta spaarrekening,ARGENTA,nl,2026-01-18,14
compte_epargne_argenta,Compte épargne particulier (Argenta vs ING),Argenta spaarrekening,ARGENTA,nl,2026-01-25,11
compte_epargne_argenta,Compte épargne particulier (Argenta vs ING),Argenta spaarrekening,ARGENTA,nl,2026-02-01,13
compte_epargne_argenta,Compte épargne particulier (Argenta vs ING),Argenta spaarrekening,ARGENTA,nl,2026-02-08,0
compte_epargne_argenta,Compte épargne particulier (Argenta vs ING),Argenta spaarrekening,ARGENTA,nl,2026-02-15,14
compte_epargne_argenta,Compte épargne particulier (Argenta vs ING),Argenta spaarrekening,ARGENTA,nl,2026-02-22,11
compte_epargne_argenta,Compte épargne particulier (Argenta vs ING),Argenta spaarrekening,ARGENTA,nl,2026-03-01,0
compte_epargne_argenta,Compte épargne particulier (Argenta vs ING),Argenta spaarrekening,ARGENTA,nl,2026-03-08,17
compte_epargne_argenta,Compte épargne particulier (Argenta vs ING),Argenta spaarrekening,ARGENTA,nl,2026-03-15,0
compte_epargne_argenta,Compte épargne particulier (Argenta vs ING),Argenta spaarrekening,ARGENTA,nl,2026-03-22,14
compte_epargne_argenta,Compte épargne particulier (Argenta vs ING),Argenta spaarrekening,ARGENTA,nl,2026-03-29,26
compte_epargne_argenta,Compte épargne particulier (Argenta vs ING),Argenta spaarrekening,ARGENTA,nl,2026-04-05,11
compte_epargne_argenta,Compte épargne particulier (Argenta vs ING),Argenta spaarrekening,ARGENTA,nl,2026-04-12,9
compte_epargne_argenta,Compte épargne particulier (Argenta vs ING),Argenta spaarrekening,ARGENTA,nl,2026-04-19,12
compte_epargne_argenta,Compte épargne particulier (Argenta vs ING),Argenta spaarrekening,ARGENTA,nl,2026-04-26,0
compte_epargne_argenta,Compte épargne particulier (Argenta vs ING),Argenta spaarrekening,ARGENTA,nl,2026-05-03,10
compte_epargne_argenta,Compte épargne particulier (Argenta vs ING),Argenta spaarrekening,ARGENTA,nl,2026-05-10,10
compte_epargne_argenta,Compte épargne particulier (Argenta vs ING),Argenta spaarrekening,ARGENTA,nl,2026-05-17,0
compte_epargne_argenta,Compte épargne particulier (Argenta vs ING),Argenta spaarrekening,ARGENTA,nl,2026-05-24,0
compte_epargne_argenta,Compte épargne particulier (Argenta vs ING),Argenta spaarrekening,ARGENTA,nl,2026-05-31,10
compte_epargne_argenta,Compte épargne particulier (Argenta vs ING),Argenta spaarrekening,ARGENTA,nl,2026-06-07,24
compte_epargne_argenta,Compte épargne particulier (Argenta vs ING),Argenta spaarrekening,ARGENTA,nl,2026-06-14,12
compte_epargne_argenta,Compte épargne particulier (Argenta vs ING),Argenta spaarrekening,ARGENTA,nl,2026-06-21,0
compte_epargne_argenta,Compte épargne particulier (Argenta vs ING),Argenta spaarrekening,ARGENTA,nl,2026-06-28,12
compte_epargne_argenta,Compte épargne particulier (Argenta vs ING),Argenta spaarrekening,ARGENTA,nl,2026-07-05,0
compte_epargne_argenta,Compte épargne particulier (Argenta vs ING),Argenta spaarrekening,ARGENTA,nl,2026-07-12,0
compte_epargne_argenta,Compte épargne particulier (Argenta vs ING),Argenta spaarrekening,ARGENTA,nl,2026-07-19,0
compte_epargne_argenta,Compte épargne particulier (Argenta vs ING),Argenta spaarrekening,ARGENTA,nl,2026-07-26,0
compte_epargne_argenta,Compte épargne particulier (Argenta vs ING),Argenta spaarrekening,ARGENTA,nl,2026-08-02,13
compte_epargne_argenta,Compte épargne particulier (Argenta vs ING),Argenta spaarrekening,ARGENTA,nl,2026-08-09,9
compte_epargne_argenta,Compte épargne particulier (Argenta vs ING),Argenta spaarrekening,ARGENTA,nl,2026-08-16,15
compte_epargne_argenta,Compte épargne particulier (Argenta vs ING),Argenta spaarrekening,ARGENTA,nl,2026-08-23,17
compte_epargne_argenta,Compte épargne particulier (Argenta vs ING),Argenta spaarrekening,ARGENTA,nl,2026-08-30,16
compte_epargne_argenta,Compte épargne particulier (Argenta vs ING),Argenta spaarrekening,ARGENTA,nl,2026-09-06,12
compte_epargne_argenta,Compte épargne particulier (Argenta vs ING),Argenta spaarrekening,ARGENTA,nl,2026-09-13,10
marque_generique_traditionnelles,Marques — banques traditionnelles,/m/03lmky,ARGENTA,multi,2021-09-12,27
marque_generique_traditionnelles,Marques — banques traditionnelles,/m/03lmky,ARGENTA,multi,2021-09-19,27
marque_generique_traditionnelles,Marques — banques traditionnelles,/m/03lmky,ARGENTA,multi,2021-09-26,29
marque_generique_traditionnelles,Marques — banques traditionnelles,/m/03lmky,ARGENTA,multi,2021-10-03,27
marque_generique_traditionnelles,Marques — banques traditionnelles,/m/03lmky,ARGENTA,multi,2021-10-10,26
marque_generique_traditionnelles,Marques — banques traditionnelles,/m/03lmky,ARGENTA,multi,2021-10-17,26
marque_generique_traditionnelles,Marques — banques traditionnelles,/m/03lmky,ARGENTA,multi,2021-10-24,26
marque_generique_traditionnelles,Marques — banques traditionnelles,/m/03lmky,ARGENTA,multi,2021-10-31,26
marque_generique_traditionnelles,Marques — banques traditionnelles,/m/03lmky,ARGENTA,multi,2021-11-07,25
marque_generique_traditionnelles,Marques — banques traditionnelles,/m/03lmky,ARGENTA,multi,2021-11-14,27
marque_generique_traditionnelles,Marques — banques traditionnelles,/m/03lmky,ARGENTA,multi,2021-11-21,27
marque_generique_traditionnelles,Marques — banques traditionnelles,/m/03lmky,ARGENTA,multi,2021-11-28,26
marque_generique_traditionnelles,Marques — banques traditionnelles,/m/03lmky,ARGENTA,multi,2021-12-05,27
marque_generique_traditionnelles,Marques — banques traditionnelles,/m/03lmky,ARGENTA,multi,2021-12-12,27
marque_generique_traditionnelles,Marques — banques traditionnelles,/m/03lmky,ARGENTA,multi,2021-12-19,27
marque_generique_traditionnelles,Marques — banques traditionnelles,/m/03lmky,ARGENTA,multi,2021-12-26,30
marque_generique_traditionnelles,Marques — banques traditionnelles,/m/03lmky,ARGENTA,multi,2022-01-02,32
marque_generique_traditionnelles,Marques — banques traditionnelles,/m/03lmky,ARGENTA,multi,2022-01-09,30
marque_generique_traditionnelles,Marques — banques traditionnelles,/m/03lmky,ARGENTA,multi,2022-01-16,26
marque_generique_traditionnelles,Marques — banques traditionnelles,/m/03lmky,ARGENTA,multi,2022-01-23,26
marque_generique_traditionnelles,Marques — banques traditionnelles,/m/03lmky,ARGENTA,multi,2022-01-30,37
marque_generique_traditionnelles,Marques — banques traditionnelles,/m/03lmky,ARGENTA,multi,2022-02-06,27
marque_generique_traditionnelles,Marques — banques traditionnelles,/m/03lmky,ARGENTA,multi,2022-02-13,28
marque_generique_traditionnelles,Marques — banques traditionnelles,/m/03lmky,ARGENTA,multi,2022-02-20,29
marque_generique_traditionnelles,Marques — banques traditionnelles,/m/03lmky,ARGENTA,multi,2022-02-27,26
marque_generique_traditionnelles,Marques — banques traditionnelles,/m/03lmky,ARGENTA,multi,2022-03-06,26
marque_generique_traditionnelles,Marques — banques traditionnelles,/m/03lmky,ARGENTA,multi,2022-03-13,27
marque_generique_traditionnelles,Marques — banques traditionnelles,/m/03lmky,ARGENTA,multi,2022-03-20,25
marque_generique_traditionnelles,Marques — banques traditionnelles,/m/03lmky,ARGENTA,multi,2022-03-27,27
marque_generique_traditionnelles,Marques — banques traditionnelles,/m/03lmky,ARGENTA,multi,2022-04-03,29
marque_generique_traditionnelles,Marques — banques traditionnelles,/m/03lmky,ARGENTA,multi,2022-04-10,24
marque_generique_traditionnelles,Marques — banques traditionnelles,/m/03lmky,ARGENTA,multi,2022-04-17,25
marque_generique_traditionnelles,Marques — banques traditionnelles,/m/03lmky,ARGENTA,multi,2022-04-24,26
marque_generique_traditionnelles,Marques — banques traditionnelles,/m/03lmky,ARGENTA,multi,2022-05-01,28
marque_generique_traditionnelles,Marques — banques traditionnelles,/m/03lmky,ARGENTA,multi,2022-05-08,27
marque_generique_traditionnelles,Marques — banques traditionnelles,/m/03lmky,ARGENTA,multi,2022-05-15,27
marque_generique_traditionnelles,Marques — banques traditionnelles,/m/03lmky,ARGENTA,multi,2022-05-22,24
marque_generique_traditionnelles,Marques — banques traditionnelles,/m/03lmky,ARGENTA,multi,2022-05-29,29
marque_generique_traditionnelles,Marques — banques traditionnelles,/m/03lmky,ARGENTA,multi,2022-06-05,25
marque_generique_traditionnelles,Marques — banques traditionnelles,/m/03lmky,ARGENTA,multi,2022-06-12,27
marque_generique_traditionnelles,Marques — banques traditionnelles,/m/03lmky,ARGENTA,multi,2022-06-19,29
marque_generique_traditionnelles,Marques — banques traditionnelles,/m/03lmky,ARGENTA,multi,2022-06-26,31
marque_generique_traditionnelles,Marques — banques traditionnelles,/m/03lmky,ARGENTA,multi,2022-07-03,31
marque_generique_traditionnelles,Marques — banques traditionnelles,/m/03lmky,ARGENTA,multi,2022-07-10,29
marque_generique_traditionnelles,Marques — banques traditionnelles,/m/03lmky,ARGENTA,multi,2022-07-17,25
marque_generique_traditionnelles,Marques — banques traditionnelles,/m/03lmky,ARGENTA,multi,2022-07-24,27
marque_generique_traditionnelles,Marques — banques traditionnelles,/m/03lmky,ARGENTA,multi,2022-07-31,26
marque_generique_traditionnelles,Marques — banques traditionnelles,/m/03lmky,ARGENTA,multi,2022-08-07,26
marque_generique_traditionnelles,Marques — banques traditionnelles,/m/03lmky,ARGENTA,multi,2022-08-14,26
marque_generique_traditionnelles,Marques — banques traditionnelles,/m/03lmky,ARGENTA,multi,2022-08-21,29
marque_generique_traditionnelles,Marques — banques traditionnelles,/m/03lmky,ARGENTA,multi,2022-08-28,29
marque_generique_traditionnelles,Marques — banques traditionnelles,/m/03lmky,ARGENTA,multi,2022-09-04,27
marque_generique_traditionnelles,Marques — banques traditionnelles,/m/03lmky,ARGENTA,multi,2022-09-11,28
marque_generique_traditionnelles,Marques — banques traditionnelles,/m/03lmky,ARGENTA,multi,2022-09-18,26
marque_generique_traditionnelles,Marques — banques traditionnelles,/m/03lmky,ARGENTA,multi,2022-09-25,28
marque_generique_traditionnelles,Marques — banques traditionnelles,/m/03lmky,ARGENTA,multi,2022-10-02,24
marque_generique_traditionnelles,Marques — banques traditionnelles,/m/03lmky,ARGENTA,multi,2022-10-09,25
marque_generique_traditionnelles,Marques — banques traditionnelles,/m/03lmky,ARGENTA,multi,2022-10-16,26
marque_generique_traditionnelles,Marques — banques traditionnelles,/m/03lmky,ARGENTA,multi,2022-10-23,28
marque_generique_traditionnelles,Marques — banques traditionnelles,/m/03lmky,ARGENTA,multi,2022-10-30,27
marque_generique_traditionnelles,Marques — banques traditionnelles,/m/03lmky,ARGENTA,multi,2022-11-06,24
marque_generique_traditionnelles,Marques — banques traditionnelles,/m/03lmky,ARGENTA,multi,2022-11-13,28
marque_generique_traditionnelles,Marques — banques traditionnelles,/m/03lmky,ARGENTA,multi,2022-11-20,26
marque_generique_traditionnelles,Marques — banques traditionnelles,/m/03lmky,ARGENTA,multi,2022-11-27,27
marque_generique_traditionnelles,Marques — banques traditionnelles,/m/03lmky,ARGENTA,multi,2022-12-04,28
marque_generique_traditionnelles,Marques — banques traditionnelles,/m/03lmky,ARGENTA,multi,2022-12-11,27
marque_generique_traditionnelles,Marques — banques traditionnelles,/m/03lmky,ARGENTA,multi,2022-12-18,29
marque_generique_traditionnelles,Marques — banques traditionnelles,/m/03lmky,ARGENTA,multi,2022-12-25,31
marque_generique_traditionnelles,Marques — banques traditionnelles,/m/03lmky,ARGENTA,multi,2023-01-01,34
marque_generique_traditionnelles,Marques — banques traditionnelles,/m/03lmky,ARGENTA,multi,2023-01-08,29
marque_generique_traditionnelles,Marques — banques traditionnelles,/m/03lmky,ARGENTA,multi,2023-01-15,28
marque_generique_traditionnelles,Marques — banques traditionnelles,/m/03lmky,ARGENTA,multi,2023-01-22,28
marque_generique_traditionnelles,Marques — banques traditionnelles,/m/03lmky,ARGENTA,multi,2023-01-29,31
marque_generique_traditionnelles,Marques — banques traditionnelles,/m/03lmky,ARGENTA,multi,2023-02-05,28
marque_generique_traditionnelles,Marques — banques traditionnelles,/m/03lmky,ARGENTA,multi,2023-02-12,26
marque_generique_traditionnelles,Marques — banques traditionnelles,/m/03lmky,ARGENTA,multi,2023-02-19,27
marque_generique_traditionnelles,Marques — banques traditionnelles,/m/03lmky,ARGENTA,multi,2023-02-26,28
marque_generique_traditionnelles,Marques — banques traditionnelles,/m/03lmky,ARGENTA,multi,2023-03-05,26
marque_generique_traditionnelles,Marques — banques traditionnelles,/m/03lmky,ARGENTA,multi,2023-03-12,27
marque_generique_traditionnelles,Marques — banques traditionnelles,/m/03lmky,ARGENTA,multi,2023-03-19,28
marque_generique_traditionnelles,Marques — banques traditionnelles,/m/03lmky,ARGENTA,multi,2023-03-26,28
marque_generique_traditionnelles,Marques — banques traditionnelles,/m/03lmky,ARGENTA,multi,2023-04-02,28
marque_generique_traditionnelles,Marques — banques traditionnelles,/m/03lmky,ARGENTA,multi,2023-04-09,27
marque_generique_traditionnelles,Marques — banques traditionnelles,/m/03lmky,ARGENTA,multi,2023-04-16,26
marque_generique_traditionnelles,Marques — banques traditionnelles,/m/03lmky,ARGENTA,multi,2023-04-23,26
marque_generique_traditionnelles,Marques — banques traditionnelles,/m/03lmky,ARGENTA,multi,2023-04-30,26
marque_generique_traditionnelles,Marques — banques traditionnelles,/m/03lmky,ARGENTA,multi,2023-05-07,26
marque_generique_traditionnelles,Marques — banques traditionnelles,/m/03lmky,ARGENTA,multi,2023-05-14,23
marque_generique_traditionnelles,Marques — banques traditionnelles,/m/03lmky,ARGENTA,multi,2023-05-21,30
marque_generique_traditionnelles,Marques — banques traditionnelles,/m/03lmky,ARGENTA,multi,2023-05-28,25
marque_generique_traditionnelles,Marques — banques traditionnelles,/m/03lmky,ARGENTA,multi,2023-06-04,26
marque_generique_traditionnelles,Marques — banques traditionnelles,/m/03lmky,ARGENTA,multi,2023-06-11,27
marque_generique_traditionnelles,Marques — banques traditionnelles,/m/03lmky,ARGENTA,multi,2023-06-18,26
marque_generique_traditionnelles,Marques — banques traditionnelles,/m/03lmky,ARGENTA,multi,2023-06-25,29
marque_generique_traditionnelles,Marques — banques traditionnelles,/m/03lmky,ARGENTA,multi,2023-07-02,31
marque_generique_traditionnelles,Marques — banques traditionnelles,/m/03lmky,ARGENTA,multi,2023-07-09,30
marque_generique_traditionnelles,Marques — banques traditionnelles,/m/03lmky,ARGENTA,multi,2023-07-16,25
marque_generique_traditionnelles,Marques — banques traditionnelles,/m/03lmky,ARGENTA,multi,2023-07-23,28
marque_generique_traditionnelles,Marques — banques traditionnelles,/m/03lmky,ARGENTA,multi,2023-07-30,29
marque_generique_traditionnelles,Marques — banques traditionnelles,/m/03lmky,ARGENTA,multi,2023-08-06,30
marque_generique_traditionnelles,Marques — banques traditionnelles,/m/03lmky,ARGENTA,multi,2023-08-13,26
marque_generique_traditionnelles,Marques — banques traditionnelles,/m/03lmky,ARGENTA,multi,2023-08-20,62
marque_generique_traditionnelles,Marques — banques traditionnelles,/m/03lmky,ARGENTA,multi,2023-08-27,52
marque_generique_traditionnelles,Marques — banques traditionnelles,/m/03lmky,ARGENTA,multi,2023-09-03,30
marque_generique_traditionnelles,Marques — banques traditionnelles,/m/03lmky,ARGENTA,multi,2023-09-10,26
marque_generique_traditionnelles,Marques — banques traditionnelles,/m/03lmky,ARGENTA,multi,2023-09-17,26
marque_generique_traditionnelles,Marques — banques traditionnelles,/m/03lmky,ARGENTA,multi,2023-09-24,28
marque_generique_traditionnelles,Marques — banques traditionnelles,/m/03lmky,ARGENTA,multi,2023-10-01,28
marque_generique_traditionnelles,Marques — banques traditionnelles,/m/03lmky,ARGENTA,multi,2023-10-08,27
marque_generique_traditionnelles,Marques — banques traditionnelles,/m/03lmky,ARGENTA,multi,2023-10-15,25
marque_generique_traditionnelles,Marques — banques traditionnelles,/m/03lmky,ARGENTA,multi,2023-10-22,27
marque_generique_traditionnelles,Marques — banques traditionnelles,/m/03lmky,ARGENTA,multi,2023-10-29,25
marque_generique_traditionnelles,Marques — banques traditionnelles,/m/03lmky,ARGENTA,multi,2023-11-05,28
marque_generique_traditionnelles,Marques — banques traditionnelles,/m/03lmky,ARGENTA,multi,2023-11-12,27
marque_generique_traditionnelles,Marques — banques traditionnelles,/m/03lmky,ARGENTA,multi,2023-11-19,25
marque_generique_traditionnelles,Marques — banques traditionnelles,/m/03lmky,ARGENTA,multi,2023-11-26,28
marque_generique_traditionnelles,Marques — banques traditionnelles,/m/03lmky,ARGENTA,multi,2023-12-03,28
marque_generique_traditionnelles,Marques — banques traditionnelles,/m/03lmky,ARGENTA,multi,2023-12-10,29
marque_generique_traditionnelles,Marques — banques traditionnelles,/m/03lmky,ARGENTA,multi,2023-12-17,31
marque_generique_traditionnelles,Marques — banques traditionnelles,/m/03lmky,ARGENTA,multi,2023-12-24,31
marque_generique_traditionnelles,Marques — banques traditionnelles,/m/03lmky,ARGENTA,multi,2023-12-31,32
marque_generique_traditionnelles,Marques — banques traditionnelles,/m/03lmky,ARGENTA,multi,2024-01-07,30
marque_generique_traditionnelles,Marques — banques traditionnelles,/m/03lmky,ARGENTA,multi,2024-01-14,29
marque_generique_traditionnelles,Marques — banques traditionnelles,/m/03lmky,ARGENTA,multi,2024-01-21,30
marque_generique_traditionnelles,Marques — banques traditionnelles,/m/03lmky,ARGENTA,multi,2024-01-28,30
marque_generique_traditionnelles,Marques — banques traditionnelles,/m/03lmky,ARGENTA,multi,2024-02-04,30
marque_generique_traditionnelles,Marques — banques traditionnelles,/m/03lmky,ARGENTA,multi,2024-02-11,29
marque_generique_traditionnelles,Marques — banques traditionnelles,/m/03lmky,ARGENTA,multi,2024-02-18,30
marque_generique_traditionnelles,Marques — banques traditionnelles,/m/03lmky,ARGENTA,multi,2024-02-25,31
marque_generique_traditionnelles,Marques — banques traditionnelles,/m/03lmky,ARGENTA,multi,2024-03-03,29
marque_generique_traditionnelles,Marques — banques traditionnelles,/m/03lmky,ARGENTA,multi,2024-03-10,27
marque_generique_traditionnelles,Marques — banques traditionnelles,/m/03lmky,ARGENTA,multi,2024-03-17,27
marque_generique_traditionnelles,Marques — banques traditionnelles,/m/03lmky,ARGENTA,multi,2024-03-24,30
marque_generique_traditionnelles,Marques — banques traditionnelles,/m/03lmky,ARGENTA,multi,2024-03-31,29
marque_generique_traditionnelles,Marques — banques traditionnelles,/m/03lmky,ARGENTA,multi,2024-04-07,27
marque_generique_traditionnelles,Marques — banques traditionnelles,/m/03lmky,ARGENTA,multi,2024-04-14,27
marque_generique_traditionnelles,Marques — banques traditionnelles,/m/03lmky,ARGENTA,multi,2024-04-21,25
marque_generique_traditionnelles,Marques — banques traditionnelles,/m/03lmky,ARGENTA,multi,2024-04-28,27
marque_generique_traditionnelles,Marques — banques traditionnelles,/m/03lmky,ARGENTA,multi,2024-05-05,25
marque_generique_traditionnelles,Marques — banques traditionnelles,/m/03lmky,ARGENTA,multi,2024-05-12,30
marque_generique_traditionnelles,Marques — banques traditionnelles,/m/03lmky,ARGENTA,multi,2024-05-19,27
marque_generique_traditionnelles,Marques — banques traditionnelles,/m/03lmky,ARGENTA,multi,2024-05-26,28
marque_generique_traditionnelles,Marques — banques traditionnelles,/m/03lmky,ARGENTA,multi,2024-06-02,26
marque_generique_traditionnelles,Marques — banques traditionnelles,/m/03lmky,ARGENTA,multi,2024-06-09,25
marque_generique_traditionnelles,Marques — banques traditionnelles,/m/03lmky,ARGENTA,multi,2024-06-16,24
marque_generique_traditionnelles,Marques — banques traditionnelles,/m/03lmky,ARGENTA,multi,2024-06-23,26
marque_generique_traditionnelles,Marques — banques traditionnelles,/m/03lmky,ARGENTA,multi,2024-06-30,28
marque_generique_traditionnelles,Marques — banques traditionnelles,/m/03lmky,ARGENTA,multi,2024-07-07,29
marque_generique_traditionnelles,Marques — banques traditionnelles,/m/03lmky,ARGENTA,multi,2024-07-14,27
marque_generique_traditionnelles,Marques — banques traditionnelles,/m/03lmky,ARGENTA,multi,2024-07-21,27
marque_generique_traditionnelles,Marques — banques traditionnelles,/m/03lmky,ARGENTA,multi,2024-07-28,28
marque_generique_traditionnelles,Marques — banques traditionnelles,/m/03lmky,ARGENTA,multi,2024-08-04,30
marque_generique_traditionnelles,Marques — banques traditionnelles,/m/03lmky,ARGENTA,multi,2024-08-11,27
marque_generique_traditionnelles,Marques — banques traditionnelles,/m/03lmky,ARGENTA,multi,2024-08-18,30
marque_generique_traditionnelles,Marques — banques traditionnelles,/m/03lmky,ARGENTA,multi,2024-08-25,35
marque_generique_traditionnelles,Marques — banques traditionnelles,/m/03lmky,ARGENTA,multi,2024-09-01,45
marque_generique_traditionnelles,Marques — banques traditionnelles,/m/03lmky,ARGENTA,multi,2024-09-08,35
marque_generique_traditionnelles,Marques — banques traditionnelles,/m/03lmky,ARGENTA,multi,2024-09-15,27
marque_generique_traditionnelles,Marques — banques traditionnelles,/m/03lmky,ARGENTA,multi,2024-09-22,27
marque_generique_traditionnelles,Marques — banques traditionnelles,/m/03lmky,ARGENTA,multi,2024-09-29,27
marque_generique_traditionnelles,Marques — banques traditionnelles,/m/03lmky,ARGENTA,multi,2024-10-06,25
marque_generique_traditionnelles,Marques — banques traditionnelles,/m/03lmky,ARGENTA,multi,2024-10-13,26
marque_generique_traditionnelles,Marques — banques traditionnelles,/m/03lmky,ARGENTA,multi,2024-10-20,25
marque_generique_traditionnelles,Marques — banques traditionnelles,/m/03lmky,ARGENTA,multi,2024-10-27,24
marque_generique_traditionnelles,Marques — banques traditionnelles,/m/03lmky,ARGENTA,multi,2024-11-03,26
marque_generique_traditionnelles,Marques — banques traditionnelles,/m/03lmky,ARGENTA,multi,2024-11-10,24
marque_generique_traditionnelles,Marques — banques traditionnelles,/m/03lmky,ARGENTA,multi,2024-11-17,24
marque_generique_traditionnelles,Marques — banques traditionnelles,/m/03lmky,ARGENTA,multi,2024-11-24,25
marque_generique_traditionnelles,Marques — banques traditionnelles,/m/03lmky,ARGENTA,multi,2024-12-01,27
marque_generique_traditionnelles,Marques — banques traditionnelles,/m/03lmky,ARGENTA,multi,2024-12-08,29
marque_generique_traditionnelles,Marques — banques traditionnelles,/m/03lmky,ARGENTA,multi,2024-12-15,30
marque_generique_traditionnelles,Marques — banques traditionnelles,/m/03lmky,ARGENTA,multi,2024-12-22,26
marque_generique_traditionnelles,Marques — banques traditionnelles,/m/03lmky,ARGENTA,multi,2024-12-29,33
marque_generique_traditionnelles,Marques — banques traditionnelles,/m/03lmky,ARGENTA,multi,2025-01-05,30
marque_generique_traditionnelles,Marques — banques traditionnelles,/m/03lmky,ARGENTA,multi,2025-01-12,27
marque_generique_traditionnelles,Marques — banques traditionnelles,/m/03lmky,ARGENTA,multi,2025-01-19,28
marque_generique_traditionnelles,Marques — banques traditionnelles,/m/03lmky,ARGENTA,multi,2025-01-26,28
marque_generique_traditionnelles,Marques — banques traditionnelles,/m/03lmky,ARGENTA,multi,2025-02-02,29
marque_generique_traditionnelles,Marques — banques traditionnelles,/m/03lmky,ARGENTA,multi,2025-02-09,26
marque_generique_traditionnelles,Marques — banques traditionnelles,/m/03lmky,ARGENTA,multi,2025-02-16,26
marque_generique_traditionnelles,Marques — banques traditionnelles,/m/03lmky,ARGENTA,multi,2025-02-23,28
marque_generique_traditionnelles,Marques — banques traditionnelles,/m/03lmky,ARGENTA,multi,2025-03-02,30
marque_generique_traditionnelles,Marques — banques traditionnelles,/m/03lmky,ARGENTA,multi,2025-03-09,28
marque_generique_traditionnelles,Marques — banques traditionnelles,/m/03lmky,ARGENTA,multi,2025-03-16,26
marque_generique_traditionnelles,Marques — banques traditionnelles,/m/03lmky,ARGENTA,multi,2025-03-23,28
marque_generique_traditionnelles,Marques — banques traditionnelles,/m/03lmky,ARGENTA,multi,2025-03-30,29
marque_generique_traditionnelles,Marques — banques traditionnelles,/m/03lmky,ARGENTA,multi,2025-04-06,29
marque_generique_traditionnelles,Marques — banques traditionnelles,/m/03lmky,ARGENTA,multi,2025-04-13,26
marque_generique_traditionnelles,Marques — banques traditionnelles,/m/03lmky,ARGENTA,multi,2025-04-20,26
marque_generique_traditionnelles,Marques — banques traditionnelles,/m/03lmky,ARGENTA,multi,2025-04-27,25
marque_generique_traditionnelles,Marques — banques traditionnelles,/m/03lmky,ARGENTA,multi,2025-05-04,26
marque_generique_traditionnelles,Marques — banques traditionnelles,/m/03lmky,ARGENTA,multi,2025-05-11,26
marque_generique_traditionnelles,Marques — banques traditionnelles,/m/03lmky,ARGENTA,multi,2025-05-18,26
marque_generique_traditionnelles,Marques — banques traditionnelles,/m/03lmky,ARGENTA,multi,2025-05-25,23
marque_generique_traditionnelles,Marques — banques traditionnelles,/m/03lmky,ARGENTA,multi,2025-06-01,28
marque_generique_traditionnelles,Marques — banques traditionnelles,/m/03lmky,ARGENTA,multi,2025-06-08,23
marque_generique_traditionnelles,Marques — banques traditionnelles,/m/03lmky,ARGENTA,multi,2025-06-15,25
marque_generique_traditionnelles,Marques — banques traditionnelles,/m/03lmky,ARGENTA,multi,2025-06-22,28
marque_generique_traditionnelles,Marques — banques traditionnelles,/m/03lmky,ARGENTA,multi,2025-06-29,28
marque_generique_traditionnelles,Marques — banques traditionnelles,/m/03lmky,ARGENTA,multi,2025-07-06,28
marque_generique_traditionnelles,Marques — banques traditionnelles,/m/03lmky,ARGENTA,multi,2025-07-13,28
marque_generique_traditionnelles,Marques — banques traditionnelles,/m/03lmky,ARGENTA,multi,2025-07-20,25
marque_generique_traditionnelles,Marques — banques traditionnelles,/m/03lmky,ARGENTA,multi,2025-07-27,25
marque_generique_traditionnelles,Marques — banques traditionnelles,/m/03lmky,ARGENTA,multi,2025-08-03,25
marque_generique_traditionnelles,Marques — banques traditionnelles,/m/03lmky,ARGENTA,multi,2025-08-10,24
marque_generique_traditionnelles,Marques — banques traditionnelles,/m/03lmky,ARGENTA,multi,2025-08-17,27
marque_generique_traditionnelles,Marques — banques traditionnelles,/m/03lmky,ARGENTA,multi,2025-08-24,27
marque_generique_traditionnelles,Marques — banques traditionnelles,/m/03lmky,ARGENTA,multi,2025-08-31,27
marque_generique_traditionnelles,Marques — banques traditionnelles,/m/03lmky,ARGENTA,multi,2025-09-07,28
marque_generique_traditionnelles,Marques — banques traditionnelles,/m/03lmky,ARGENTA,multi,2025-09-14,25
marque_generique_traditionnelles,Marques — banques traditionnelles,/m/03lmky,ARGENTA,multi,2025-09-21,25
marque_generique_traditionnelles,Marques — banques traditionnelles,/m/03lmky,ARGENTA,multi,2025-09-28,29
marque_generique_traditionnelles,Marques — banques traditionnelles,/m/03lmky,ARGENTA,multi,2025-10-05,29
marque_generique_traditionnelles,Marques — banques traditionnelles,/m/03lmky,ARGENTA,multi,2025-10-12,28
marque_generique_traditionnelles,Marques — banques traditionnelles,/m/03lmky,ARGENTA,multi,2025-10-19,27
marque_generique_traditionnelles,Marques — banques traditionnelles,/m/03lmky,ARGENTA,multi,2025-10-26,27
marque_generique_traditionnelles,Marques — banques traditionnelles,/m/03lmky,ARGENTA,multi,2025-11-02,25
marque_generique_traditionnelles,Marques — banques traditionnelles,/m/03lmky,ARGENTA,multi,2025-11-09,23
marque_generique_traditionnelles,Marques — banques traditionnelles,/m/03lmky,ARGENTA,multi,2025-11-16,23
marque_generique_traditionnelles,Marques — banques traditionnelles,/m/03lmky,ARGENTA,multi,2025-11-23,24
marque_generique_traditionnelles,Marques — banques traditionnelles,/m/03lmky,ARGENTA,multi,2025-11-30,27
marque_generique_traditionnelles,Marques — banques traditionnelles,/m/03lmky,ARGENTA,multi,2025-12-07,26
marque_generique_traditionnelles,Marques — banques traditionnelles,/m/03lmky,ARGENTA,multi,2025-12-14,27
marque_generique_traditionnelles,Marques — banques traditionnelles,/m/03lmky,ARGENTA,multi,2025-12-21,24
marque_generique_traditionnelles,Marques — banques traditionnelles,/m/03lmky,ARGENTA,multi,2025-12-28,30
marque_generique_traditionnelles,Marques — banques traditionnelles,/m/03lmky,ARGENTA,multi,2026-01-04,28
marque_generique_traditionnelles,Marques — banques traditionnelles,/m/03lmky,ARGENTA,multi,2026-01-11,28
marque_generique_traditionnelles,Marques — banques traditionnelles,/m/03lmky,ARGENTA,multi,2026-01-18,27
marque_generique_traditionnelles,Marques — banques traditionnelles,/m/03lmky,ARGENTA,multi,2026-01-25,28
marque_generique_traditionnelles,Marques — banques traditionnelles,/m/03lmky,ARGENTA,multi,2026-02-01,29
marque_generique_traditionnelles,Marques — banques traditionnelles,/m/03lmky,ARGENTA,multi,2026-02-08,26
marque_generique_traditionnelles,Marques — banques traditionnelles,/m/03lmky,ARGENTA,multi,2026-02-15,24
marque_generique_traditionnelles,Marques — banques traditionnelles,/m/03lmky,ARGENTA,multi,2026-02-22,26
marque_generique_traditionnelles,Marques — banques traditionnelles,/m/03lmky,ARGENTA,multi,2026-03-01,28
marque_generique_traditionnelles,Marques — banques traditionnelles,/m/03lmky,ARGENTA,multi,2026-03-08,28
marque_generique_traditionnelles,Marques — banques traditionnelles,/m/03lmky,ARGENTA,multi,2026-03-15,24
marque_generique_traditionnelles,Marques — banques traditionnelles,/m/03lmky,ARGENTA,multi,2026-03-22,27
marque_generique_traditionnelles,Marques — banques traditionnelles,/m/03lmky,ARGENTA,multi,2026-03-29,27
marque_generique_traditionnelles,Marques — banques traditionnelles,/m/03lmky,ARGENTA,multi,2026-04-05,24
marque_generique_traditionnelles,Marques — banques traditionnelles,/m/03lmky,ARGENTA,multi,2026-04-12,25
marque_generique_traditionnelles,Marques — banques traditionnelles,/m/03lmky,ARGENTA,multi,2026-04-19,23
marque_generique_traditionnelles,Marques — banques traditionnelles,/m/03lmky,ARGENTA,multi,2026-04-26,23
marque_generique_traditionnelles,Marques — banques traditionnelles,/m/03lmky,ARGENTA,multi,2026-05-03,25
marque_generique_traditionnelles,Marques — banques traditionnelles,/m/03lmky,ARGENTA,multi,2026-05-10,22
marque_generique_traditionnelles,Marques — banques traditionnelles,/m/03lmky,ARGENTA,multi,2026-05-17,24
marque_generique_traditionnelles,Marques — banques traditionnelles,/m/03lmky,ARGENTA,multi,2026-05-24,22
marque_generique_traditionnelles,Marques — banques traditionnelles,/m/03lmky,ARGENTA,multi,2026-05-31,29
marque_generique_traditionnelles,Marques — banques traditionnelles,/m/03lmky,ARGENTA,multi,2026-06-07,28
marque_generique_traditionnelles,Marques — banques traditionnelles,/m/03lmky,ARGENTA,multi,2026-06-14,24
marque_generique_traditionnelles,Marques — banques traditionnelles,/m/03lmky,ARGENTA,multi,2026-06-21,26
marque_generique_traditionnelles,Marques — banques traditionnelles,/m/03lmky,ARGENTA,multi,2026-06-28,25
marque_generique_traditionnelles,Marques — banques traditionnelles,/m/03lmky,ARGENTA,multi,2026-07-05,25
marque_generique_traditionnelles,Marques — banques traditionnelles,/m/03lmky,ARGENTA,multi,2026-07-12,23
marque_generique_traditionnelles,Marques — banques traditionnelles,/m/03lmky,ARGENTA,multi,2026-07-19,20
marque_generique_traditionnelles,Marques — banques traditionnelles,/m/03lmky,ARGENTA,multi,2026-07-26,22
marque_generique_traditionnelles,Marques — banques traditionnelles,/m/03lmky,ARGENTA,multi,2026-08-02,23
marque_generique_traditionnelles,Marques — banques traditionnelles,/m/03lmky,ARGENTA,multi,2026-08-09,20
marque_generique_traditionnelles,Marques — banques traditionnelles,/m/03lmky,ARGENTA,multi,2026-08-16,21
marque_generique_traditionnelles,Marques — banques traditionnelles,/m/03lmky,ARGENTA,multi,2026-08-23,24
marque_generique_traditionnelles,Marques — banques traditionnelles,/m/03lmky,ARGENTA,multi,2026-08-30,25
marque_generique_traditionnelles,Marques — banques traditionnelles,/m/03lmky,ARGENTA,multi,2026-09-06,23
marque_generique_traditionnelles,Marques — banques traditionnelles,/m/03lmky,ARGENTA,multi,2026-09-13,18
