product_id,product_label,term,bank,language,date,value
app_mobile_bnppf,Application mobile bancaire (BNP Paribas Fortis vs ING),easy banking app,BNPPF,multi,2021-09-12,4
app_mobile_bnppf,Application mobile bancaire (BNP Paribas Fortis vs ING),easy banking app,BNPPF,multi,2021-09-19,6
app_mobile_bnppf,Application mobile bancaire (BNP Paribas Fortis vs ING),easy banking app,BNPPF,multi,2021-09-26,7
app_mobile_bnppf,Application mobile bancaire (BNP Paribas Fortis vs ING),easy banking app,BNPPF,multi,2021-10-03,0
app_mobile_bnppf,Application mobile bancaire (BNP Paribas Fortis vs ING),easy banking app,BNPPF,multi,2021-10-10,7
app_mobile_bnppf,Application mobile bancaire (BNP Paribas Fortis vs ING),easy banking app,BNPPF,multi,2021-10-17,6
app_mobile_bnppf,Application mobile bancaire (BNP Paribas Fortis vs ING),easy banking app,BNPPF,multi,2021-10-24,4
app_mobile_bnppf,Application mobile bancaire (BNP Paribas Fortis vs ING),easy banking app,BNPPF,multi,2021-10-31,6
app_mobile_bnppf,Application mobile bancaire (BNP Paribas Fortis vs ING),easy banking app,BNPPF,multi,2021-11-07,0
app_mobile_bnppf,Application mobile bancaire (BNP Paribas Fortis vs ING),easy banking app,BNPPF,multi,2021-11-14,4
app_mobile_bnppf,Application mobile bancaire (BNP Paribas Fortis vs ING),easy banking app,BNPPF,multi,2021-11-21,4
app_mobile_bnppf,Application mobile bancaire (BNP Paribas Fortis vs ING),easy banking app,BNPPF,multi,2021-11-28,5
app_mobile_bnppf,Application mobile bancaire (BNP Paribas Fortis vs ING),easy banking app,BNPPF,multi,2021-12-05,4
app_mobile_bnppf,Application mobile bancaire (BNP Paribas Fortis vs ING),easy banking app,BNPPF,multi,2021-12-12,6
app_mobile_bnppf,Application mobile bancaire (BNP Paribas Fortis vs ING),easy banking app,BNPPF,multi,2021-12-19,5
app_mobile_bnppf,Application mobile bancaire (BNP Paribas Fortis vs ING),easy banking app,BNPPF,multi,2021-12-26,0
app_mobile_bnppf,Application mobile bancaire (BNP Paribas Fortis vs ING),easy banking app,BNPPF,multi,2022-01-02,0
app_mobile_bnppf,Application mobile bancaire (BNP Paribas Fortis vs ING),easy banking app,BNPPF,multi,2022-01-09,0
app_mobile_bnppf,Application mobile bancaire (BNP Paribas Fortis vs ING),easy banking app,BNPPF,multi,2022-01-16,4
app_mobile_bnppf,Application mobile bancaire (BNP Paribas Fortis vs ING),easy banking app,BNPPF,multi,2022-01-23,0
app_mobile_bnppf,Application mobile bancaire (BNP Paribas Fortis vs ING),easy banking app,BNPPF,multi,2022-01-30,0
app_mobile_bnppf,Application mobile bancaire (BNP Paribas Fortis vs ING),easy banking app,BNPPF,multi,2022-02-06,0
app_mobile_bnppf,Application mobile bancaire (BNP Paribas Fortis vs ING),easy banking app,BNPPF,multi,2022-02-13,4
app_mobile_bnppf,Application mobile bancaire (BNP Paribas Fortis vs ING),easy banking app,BNPPF,multi,2022-02-20,3
app_mobile_bnppf,Application mobile bancaire (BNP Paribas Fortis vs ING),easy banking app,BNPPF,multi,2022-02-27,5
app_mobile_bnppf,Application mobile bancaire (BNP Paribas Fortis vs ING),easy banking app,BNPPF,multi,2022-03-06,0
app_mobile_bnppf,Application mobile bancaire (BNP Paribas Fortis vs ING),easy banking app,BNPPF,multi,2022-03-13,4
app_mobile_bnppf,Application mobile bancaire (BNP Paribas Fortis vs ING),easy banking app,BNPPF,multi,2022-03-20,3
app_mobile_bnppf,Application mobile bancaire (BNP Paribas Fortis vs ING),easy banking app,BNPPF,multi,2022-03-27,3
app_mobile_bnppf,Application mobile bancaire (BNP Paribas Fortis vs ING),easy banking app,BNPPF,multi,2022-04-03,0
app_mobile_bnppf,Application mobile bancaire (BNP Paribas Fortis vs ING),easy banking app,BNPPF,multi,2022-04-10,4
app_mobile_bnppf,Application mobile bancaire (BNP Paribas Fortis vs ING),easy banking app,BNPPF,multi,2022-04-17,0
app_mobile_bnppf,Application mobile bancaire (BNP Paribas Fortis vs ING),easy banking app,BNPPF,multi,2022-04-24,5
app_mobile_bnppf,Application mobile bancaire (BNP Paribas Fortis vs ING),easy banking app,BNPPF,multi,2022-05-01,0
app_mobile_bnppf,Application mobile bancaire (BNP Paribas Fortis vs ING),easy banking app,BNPPF,multi,2022-05-08,4
app_mobile_bnppf,Application mobile bancaire (BNP Paribas Fortis vs ING),easy banking app,BNPPF,multi,2022-05-15,0
app_mobile_bnppf,Application mobile bancaire (BNP Paribas Fortis vs ING),easy banking app,BNPPF,multi,2022-05-22,5
app_mobile_bnppf,Application mobile bancaire (BNP Paribas Fortis vs ING),easy banking app,BNPPF,multi,2022-05-29,5
app_mobile_bnppf,Application mobile bancaire (BNP Paribas Fortis vs ING),easy banking app,BNPPF,multi,2022-06-05,0
app_mobile_bnppf,Application mobile bancaire (BNP Paribas Fortis vs ING),easy banking app,BNPPF,multi,2022-06-12,0
app_mobile_bnppf,Application mobile bancaire (BNP Paribas Fortis vs ING),easy banking app,BNPPF,multi,2022-06-19,0
app_mobile_bnppf,Application mobile bancaire (BNP Paribas Fortis vs ING),easy banking app,BNPPF,multi,2022-06-26,5
app_mobile_bnppf,Application mobile bancaire (BNP Paribas Fortis vs ING),easy banking app,BNPPF,multi,2022-07-03,4
app_mobile_bnppf,Application mobile bancaire (BNP Paribas Fortis vs ING),easy banking app,BNPPF,multi,2022-07-10,4
app_mobile_bnppf,Application mobile bancaire (BNP Paribas Fortis vs ING),easy banking app,BNPPF,multi,2022-07-17,4
app_mobile_bnppf,Application mobile bancaire (BNP Paribas Fortis vs ING),easy banking app,BNPPF,multi,2022-07-24,4
app_mobile_bnppf,Application mobile bancaire (BNP Paribas Fortis vs ING),easy banking app,BNPPF,multi,2022-07-31,10
app_mobile_bnppf,Application mobile bancaire (BNP Paribas Fortis vs ING),easy banking app,BNPPF,multi,2022-08-07,14
app_mobile_bnppf,Application mobile bancaire (BNP Paribas Fortis vs ING),easy banking app,BNPPF,multi,2022-08-14,4
app_mobile_bnppf,Application mobile bancaire (BNP Paribas Fortis vs ING),easy banking app,BNPPF,multi,2022-08-21,7
app_mobile_bnppf,Application mobile bancaire (BNP Paribas Fortis vs ING),easy banking app,BNPPF,multi,2022-08-28,0
app_mobile_bnppf,Application mobile bancaire (BNP Paribas Fortis vs ING),easy banking app,BNPPF,multi,2022-09-04,3
app_mobile_bnppf,Application mobile bancaire (BNP Paribas Fortis vs ING),easy banking app,BNPPF,multi,2022-09-11,0
app_mobile_bnppf,Application mobile bancaire (BNP Paribas Fortis vs ING),easy banking app,BNPPF,multi,2022-09-18,4
app_mobile_bnppf,Application mobile bancaire (BNP Paribas Fortis vs ING),easy banking app,BNPPF,multi,2022-09-25,3
app_mobile_bnppf,Application mobile bancaire (BNP Paribas Fortis vs ING),easy banking app,BNPPF,multi,2022-10-02,0
app_mobile_bnppf,Application mobile bancaire (BNP Paribas Fortis vs ING),easy banking app,BNPPF,multi,2022-10-09,4
app_mobile_bnppf,Application mobile bancaire (BNP Paribas Fortis vs ING),easy banking app,BNPPF,multi,2022-10-16,4
app_mobile_bnppf,Application mobile bancaire (BNP Paribas Fortis vs ING),easy banking app,BNPPF,multi,2022-10-23,3
app_mobile_bnppf,Application mobile bancaire (BNP Paribas Fortis vs ING),easy banking app,BNPPF,multi,2022-10-30,3
app_mobile_bnppf,Application mobile bancaire (BNP Paribas Fortis vs ING),easy banking app,BNPPF,multi,2022-11-06,0
app_mobile_bnppf,Application mobile bancaire (BNP Paribas Fortis vs ING),easy banking app,BNPPF,multi,2022-11-13,4
app_mobile_bnppf,Application mobile bancaire (BNP Paribas Fortis vs ING),easy banking app,BNPPF,multi,2022-11-20,0
app_mobile_bnppf,Application mobile bancaire (BNP Paribas Fortis vs ING),easy banking app,BNPPF,multi,2022-11-27,3
app_mobile_bnppf,Application mobile bancaire (BNP Paribas Fortis vs ING),easy banking app,BNPPF,multi,2022-12-04,0
app_mobile_bnppf,Application mobile bancaire (BNP Paribas Fortis vs ING),easy banking app,BNPPF,multi,2022-12-11,0
app_mobile_bnppf,Application mobile bancaire (BNP Paribas Fortis vs ING),easy banking app,BNPPF,multi,2022-12-18,6
app_mobile_bnppf,Application mobile bancaire (BNP Paribas Fortis vs ING),easy banking app,BNPPF,multi,2022-12-25,3
app_mobile_bnppf,Application mobile bancaire (BNP Paribas Fortis vs ING),easy banking app,BNPPF,multi,2023-01-01,5
app_mobile_bnppf,Application mobile bancaire (BNP Paribas Fortis vs ING),easy banking app,BNPPF,multi,2023-01-08,3
app_mobile_bnppf,Application mobile bancaire (BNP Paribas Fortis vs ING),easy banking app,BNPPF,multi,2023-01-15,0
app_mobile_bnppf,Application mobile bancaire (BNP Paribas Fortis vs ING),easy banking app,BNPPF,multi,2023-01-22,4
app_mobile_bnppf,Application mobile bancaire (BNP Paribas Fortis vs ING),easy banking app,BNPPF,multi,2023-01-29,4
app_mobile_bnppf,Application mobile bancaire (BNP Paribas Fortis vs ING),easy banking app,BNPPF,multi,2023-02-05,3
app_mobile_bnppf,Application mobile bancaire (BNP Paribas Fortis vs ING),easy banking app,BNPPF,multi,2023-02-12,0
app_mobile_bnppf,Application mobile bancaire (BNP Paribas Fortis vs ING),easy banking app,BNPPF,multi,2023-02-19,0
app_mobile_bnppf,Application mobile bancaire (BNP Paribas Fortis vs ING),easy banking app,BNPPF,multi,2023-02-26,0
app_mobile_bnppf,Application mobile bancaire (BNP Paribas Fortis vs ING),easy banking app,BNPPF,multi,2023-03-05,4
app_mobile_bnppf,Application mobile bancaire (BNP Paribas Fortis vs ING),easy banking app,BNPPF,multi,2023-03-12,5
app_mobile_bnppf,Application mobile bancaire (BNP Paribas Fortis vs ING),easy banking app,BNPPF,multi,2023-03-19,5
app_mobile_bnppf,Application mobile bancaire (BNP Paribas Fortis vs ING),easy banking app,BNPPF,multi,2023-03-26,0
app_mobile_bnppf,Application mobile bancaire (BNP Paribas Fortis vs ING),easy banking app,BNPPF,multi,2023-04-02,4
app_mobile_bnppf,Application mobile bancaire (BNP Paribas Fortis vs ING),easy banking app,BNPPF,multi,2023-04-09,4
app_mobile_bnppf,Application mobile bancaire (BNP Paribas Fortis vs ING),easy banking app,BNPPF,multi,2023-04-16,0
app_mobile_bnppf,Application mobile bancaire (BNP Paribas Fortis vs ING),easy banking app,BNPPF,multi,2023-04-23,0
app_mobile_bnppf,Application mobile bancaire (BNP Paribas Fortis vs ING),easy banking app,BNPPF,multi,2023-04-30,4
app_mobile_bnppf,Application mobile bancaire (BNP Paribas Fortis vs ING),easy banking app,BNPPF,multi,2023-05-07,5
app_mobile_bnppf,Application mobile bancaire (BNP Paribas Fortis vs ING),easy banking app,BNPPF,multi,2023-05-14,0
app_mobile_bnppf,Application mobile bancaire (BNP Paribas Fortis vs ING),easy banking app,BNPPF,multi,2023-05-21,3
app_mobile_bnppf,Application mobile bancaire (BNP Paribas Fortis vs ING),easy banking app,BNPPF,multi,2023-05-28,0
app_mobile_bnppf,Application mobile bancaire (BNP Paribas Fortis vs ING),easy banking app,BNPPF,multi,2023-06-04,0
app_mobile_bnppf,Application mobile bancaire (BNP Paribas Fortis vs ING),easy banking app,BNPPF,multi,2023-06-11,0
app_mobile_bnppf,Application mobile bancaire (BNP Paribas Fortis vs ING),easy banking app,BNPPF,multi,2023-06-18,0
app_mobile_bnppf,Application mobile bancaire (BNP Paribas Fortis vs ING),easy banking app,BNPPF,multi,2023-06-25,0
app_mobile_bnppf,Application mobile bancaire (BNP Paribas Fortis vs ING),easy banking app,BNPPF,multi,2023-07-02,4
app_mobile_bnppf,Application mobile bancaire (BNP Paribas Fortis vs ING),easy banking app,BNPPF,multi,2023-07-09,3
app_mobile_bnppf,Application mobile bancaire (BNP Paribas Fortis vs ING),easy banking app,BNPPF,multi,2023-07-16,0
app_mobile_bnppf,Application mobile bancaire (BNP Paribas Fortis vs ING),easy banking app,BNPPF,multi,2023-07-23,0
app_mobile_bnppf,Application mobile bancaire (BNP Paribas Fortis vs ING),easy banking app,BNPPF,multi,2023-07-30,6
app_mobile_bnppf,Application mobile bancaire (BNP Paribas Fortis vs ING),easy banking app,BNPPF,multi,2023-08-06,4
app_mobile_bnppf,Application mobile bancaire (BNP Paribas Fortis vs ING),easy banking app,BNPPF,multi,2023-08-13,0
app_mobile_bnppf,Application mobile bancaire (BNP Paribas Fortis vs ING),easy banking app,BNPPF,multi,2023-08-20,4
app_mobile_bnppf,Application mobile bancaire (BNP Paribas Fortis vs ING),easy banking app,BNPPF,multi,2023-08-27,3
app_mobile_bnppf,Application mobile bancaire (BNP Paribas Fortis vs ING),easy banking app,BNPPF,multi,2023-09-03,0
app_mobile_bnppf,Application mobile bancaire (BNP Paribas Fortis vs ING),easy banking app,BNPPF,multi,2023-09-10,4
app_mobile_bnppf,Application mobile bancaire (BNP Paribas Fortis vs ING),easy banking app,BNPPF,multi,2023-09-17,5
app_mobile_bnppf,Application mobile bancaire (BNP Paribas Fortis vs ING),easy banking app,BNPPF,multi,2023-09-24,0
app_mobile_bnppf,Application mobile bancaire (BNP Paribas Fortis vs ING),easy banking app,BNPPF,multi,2023-10-01,3
app_mobile_bnppf,Application mobile bancaire (BNP Paribas Fortis vs ING),easy banking app,BNPPF,multi,2023-10-08,3
app_mobile_bnppf,Application mobile bancaire (BNP Paribas Fortis vs ING),easy banking app,BNPPF,multi,2023-10-15,0
app_mobile_bnppf,Application mobile bancaire (BNP Paribas Fortis vs ING),easy banking app,BNPPF,multi,2023-10-22,6
app_mobile_bnppf,Application mobile bancaire (BNP Paribas Fortis vs ING),easy banking app,BNPPF,multi,2023-10-29,5
app_mobile_bnppf,Application mobile bancaire (BNP Paribas Fortis vs ING),easy banking app,BNPPF,multi,2023-11-05,3
app_mobile_bnppf,Application mobile bancaire (BNP Paribas Fortis vs ING),easy banking app,BNPPF,multi,2023-11-12,3
app_mobile_bnppf,Application mobile bancaire (BNP Paribas Fortis vs ING),easy banking app,BNPPF,multi,2023-11-19,4
app_mobile_bnppf,Application mobile bancaire (BNP Paribas Fortis vs ING),easy banking app,BNPPF,multi,2023-11-26,0
app_mobile_bnppf,Application mobile bancaire (BNP Paribas Fortis vs ING),easy banking app,BNPPF,multi,2023-12-03,3
app_mobile_bnppf,Application mobile bancaire (BNP Paribas Fortis vs ING),easy banking app,BNPPF,multi,2023-12-10,3
app_mobile_bnppf,Application mobile bancaire (BNP Paribas Fortis vs ING),easy banking app,BNPPF,multi,2023-12-17,0
app_mobile_bnppf,Application mobile bancaire (BNP Paribas Fortis vs ING),easy banking app,BNPPF,multi,2023-12-24,0
app_mobile_bnppf,Application mobile bancaire (BNP Paribas Fortis vs ING),easy banking app,BNPPF,multi,2023-12-31,4
app_mobile_bnppf,Application mobile bancaire (BNP Paribas Fortis vs ING),easy banking app,BNPPF,multi,2024-01-07,6
app_mobile_bnppf,Application mobile bancaire (BNP Paribas Fortis vs ING),easy banking app,BNPPF,multi,2024-01-14,10
app_mobile_bnppf,Application mobile bancaire (BNP Paribas Fortis vs ING),easy banking app,BNPPF,multi,2024-01-21,42
app_mobile_bnppf,Application mobile bancaire (BNP Paribas Fortis vs ING),easy banking app,BNPPF,multi,2024-01-28,9
app_mobile_bnppf,Application mobile bancaire (BNP Paribas Fortis vs ING),easy banking app,BNPPF,multi,2024-02-04,7
app_mobile_bnppf,Application mobile bancaire (BNP Paribas Fortis vs ING),easy banking app,BNPPF,multi,2024-02-11,5
app_mobile_bnppf,Application mobile bancaire (BNP Paribas Fortis vs ING),easy banking app,BNPPF,multi,2024-02-18,4
app_mobile_bnppf,Application mobile bancaire (BNP Paribas Fortis vs ING),easy banking app,BNPPF,multi,2024-02-25,5
app_mobile_bnppf,Application mobile bancaire (BNP Paribas Fortis vs ING),easy banking app,BNPPF,multi,2024-03-03,6
app_mobile_bnppf,Application mobile bancaire (BNP Paribas Fortis vs ING),easy banking app,BNPPF,multi,2024-03-10,4
app_mobile_bnppf,Application mobile bancaire (BNP Paribas Fortis vs ING),easy banking app,BNPPF,multi,2024-03-17,0
app_mobile_bnppf,Application mobile bancaire (BNP Paribas Fortis vs ING),easy banking app,BNPPF,multi,2024-03-24,0
app_mobile_bnppf,Application mobile bancaire (BNP Paribas Fortis vs ING),easy banking app,BNPPF,multi,2024-03-31,7
app_mobile_bnppf,Application mobile bancaire (BNP Paribas Fortis vs ING),easy banking app,BNPPF,multi,2024-04-07,7
app_mobile_bnppf,Application mobile bancaire (BNP Paribas Fortis vs ING),easy banking app,BNPPF,multi,2024-04-14,5
app_mobile_bnppf,Application mobile bancaire (BNP Paribas Fortis vs ING),easy banking app,BNPPF,multi,2024-04-21,5
app_mobile_bnppf,Application mobile bancaire (BNP Paribas Fortis vs ING),easy banking app,BNPPF,multi,2024-04-28,4
app_mobile_bnppf,Application mobile bancaire (BNP Paribas Fortis vs ING),easy banking app,BNPPF,multi,2024-05-05,5
app_mobile_bnppf,Application mobile bancaire (BNP Paribas Fortis vs ING),easy banking app,BNPPF,multi,2024-05-12,5
app_mobile_bnppf,Application mobile bancaire (BNP Paribas Fortis vs ING),easy banking app,BNPPF,multi,2024-05-19,5
app_mobile_bnppf,Application mobile bancaire (BNP Paribas Fortis vs ING),easy banking app,BNPPF,multi,2024-05-26,6
app_mobile_bnppf,Application mobile bancaire (BNP Paribas Fortis vs ING),easy banking app,BNPPF,multi,2024-06-02,4
app_mobile_bnppf,Application mobile bancaire (BNP Paribas Fortis vs ING),easy banking app,BNPPF,multi,2024-06-09,5
app_mobile_bnppf,Application mobile bancaire (BNP Paribas Fortis vs ING),easy banking app,BNPPF,multi,2024-06-16,6
app_mobile_bnppf,Application mobile bancaire (BNP Paribas Fortis vs ING),easy banking app,BNPPF,multi,2024-06-23,4
app_mobile_bnppf,Application mobile bancaire (BNP Paribas Fortis vs ING),easy banking app,BNPPF,multi,2024-06-30,5
app_mobile_bnppf,Application mobile bancaire (BNP Paribas Fortis vs ING),easy banking app,BNPPF,multi,2024-07-07,4
app_mobile_bnppf,Application mobile bancaire (BNP Paribas Fortis vs ING),easy banking app,BNPPF,multi,2024-07-14,4
app_mobile_bnppf,Application mobile bancaire (BNP Paribas Fortis vs ING),easy banking app,BNPPF,multi,2024-07-21,4
app_mobile_bnppf,Application mobile bancaire (BNP Paribas Fortis vs ING),easy banking app,BNPPF,multi,2024-07-28,7
app_mobile_bnppf,Application mobile bancaire (BNP Paribas Fortis vs ING),easy banking app,BNPPF,multi,2024-08-04,4
app_mobile_bnppf,Application mobile bancaire (BNP Paribas Fortis vs ING),easy banking app,BNPPF,multi,2024-08-11,4
app_mobile_bnppf,Application mobile bancaire (BNP Paribas Fortis vs ING),easy banking app,BNPPF,multi,2024-08-18,0
app_mobile_bnppf,Application mobile bancaire (BNP Paribas Fortis vs ING),easy banking app,BNPPF,multi,2024-08-25,0
app_mobile_bnppf,Application mobile bancaire (BNP Paribas Fortis vs ING),easy banking app,BNPPF,multi,2024-09-01,5
app_mobile_bnppf,Application mobile bancaire (BNP Paribas Fortis vs ING),easy banking app,BNPPF,multi,2024-09-08,9
app_mobile_bnppf,Application mobile bancaire (BNP Paribas Fortis vs ING),easy banking app,BNPPF,multi,2024-09-15,0
app_mobile_bnppf,Application mobile bancaire (BNP Paribas Fortis vs ING),easy banking app,BNPPF,multi,2024-09-22,4
app_mobile_bnppf,Application mobile bancaire (BNP Paribas Fortis vs ING),easy banking app,BNPPF,multi,2024-09-29,5
app_mobile_bnppf,Application mobile bancaire (BNP Paribas Fortis vs ING),easy banking app,BNPPF,multi,2024-10-06,5
app_mobile_bnppf,Application mobile bancaire (BNP Paribas Fortis vs ING),easy banking app,BNPPF,multi,2024-10-13,0
app_mobile_bnppf,Application mobile bancaire (BNP Paribas Fortis vs ING),easy banking app,BNPPF,multi,2024-10-20,5
app_mobile_bnppf,Application mobile bancaire (BNP Paribas Fortis vs ING),easy banking app,BNPPF,multi,2024-10-27,4
app_mobile_bnppf,Application mobile bancaire (BNP Paribas Fortis vs ING),easy banking app,BNPPF,multi,2024-11-03,0
app_mobile_bnppf,Application mobile bancaire (BNP Paribas Fortis vs ING),easy banking app,BNPPF,multi,2024-11-10,0
app_mobile_bnppf,Application mobile bancaire (BNP Paribas Fortis vs ING),easy banking app,BNPPF,multi,2024-11-17,5
app_mobile_bnppf,Application mobile bancaire (BNP Paribas Fortis vs ING),easy banking app,BNPPF,multi,2024-11-24,4
app_mobile_bnppf,Application mobile bancaire (BNP Paribas Fortis vs ING),easy banking app,BNPPF,multi,2024-12-01,6
app_mobile_bnppf,Application mobile bancaire (BNP Paribas Fortis vs ING),easy banking app,BNPPF,multi,2024-12-08,6
app_mobile_bnppf,Application mobile bancaire (BNP Paribas Fortis vs ING),easy banking app,BNPPF,multi,2024-12-15,0
app_mobile_bnppf,Application mobile bancaire (BNP Paribas Fortis vs ING),easy banking app,BNPPF,multi,2024-12-22,4
app_mobile_bnppf,Application mobile bancaire (BNP Paribas Fortis vs ING),easy banking app,BNPPF,multi,2024-12-29,4
app_mobile_bnppf,Application mobile bancaire (BNP Paribas Fortis vs ING),easy banking app,BNPPF,multi,2025-01-05,4
app_mobile_bnppf,Application mobile bancaire (BNP Paribas Fortis vs ING),easy banking app,BNPPF,multi,2025-01-12,0
app_mobile_bnppf,Application mobile bancaire (BNP Paribas Fortis vs ING),easy banking app,BNPPF,multi,2025-01-19,5
app_mobile_bnppf,Application mobile bancaire (BNP Paribas Fortis vs ING),easy banking app,BNPPF,multi,2025-01-26,4
app_mobile_bnppf,Application mobile bancaire (BNP Paribas Fortis vs ING),easy banking app,BNPPF,multi,2025-02-02,5
app_mobile_bnppf,Application mobile bancaire (BNP Paribas Fortis vs ING),easy banking app,BNPPF,multi,2025-02-09,0
app_mobile_bnppf,Application mobile bancaire (BNP Paribas Fortis vs ING),easy banking app,BNPPF,multi,2025-02-16,0
app_mobile_bnppf,Application mobile bancaire (BNP Paribas Fortis vs ING),easy banking app,BNPPF,multi,2025-02-23,6
app_mobile_bnppf,Application mobile bancaire (BNP Paribas Fortis vs ING),easy banking app,BNPPF,multi,2025-03-02,0
app_mobile_bnppf,Application mobile bancaire (BNP Paribas Fortis vs ING),easy banking app,BNPPF,multi,2025-03-09,4
app_mobile_bnppf,Application mobile bancaire (BNP Paribas Fortis vs ING),easy banking app,BNPPF,multi,2025-03-16,0
app_mobile_bnppf,Application mobile bancaire (BNP Paribas Fortis vs ING),easy banking app,BNPPF,multi,2025-03-23,3
app_mobile_bnppf,Application mobile bancaire (BNP Paribas Fortis vs ING),easy banking app,BNPPF,multi,2025-03-30,6
app_mobile_bnppf,Application mobile bancaire (BNP Paribas Fortis vs ING),easy banking app,BNPPF,multi,2025-04-06,5
app_mobile_bnppf,Application mobile bancaire (BNP Paribas Fortis vs ING),easy banking app,BNPPF,multi,2025-04-13,0
app_mobile_bnppf,Application mobile bancaire (BNP Paribas Fortis vs ING),easy banking app,BNPPF,multi,2025-04-20,7
app_mobile_bnppf,Application mobile bancaire (BNP Paribas Fortis vs ING),easy banking app,BNPPF,multi,2025-04-27,0
app_mobile_bnppf,Application mobile bancaire (BNP Paribas Fortis vs ING),easy banking app,BNPPF,multi,2025-05-04,5
app_mobile_bnppf,Application mobile bancaire (BNP Paribas Fortis vs ING),easy banking app,BNPPF,multi,2025-05-11,5
app_mobile_bnppf,Application mobile bancaire (BNP Paribas Fortis vs ING),easy banking app,BNPPF,multi,2025-05-18,5
app_mobile_bnppf,Application mobile bancaire (BNP Paribas Fortis vs ING),easy banking app,BNPPF,multi,2025-05-25,4
app_mobile_bnppf,Application mobile bancaire (BNP Paribas Fortis vs ING),easy banking app,BNPPF,multi,2025-06-01,5
app_mobile_bnppf,Application mobile bancaire (BNP Paribas Fortis vs ING),easy banking app,BNPPF,multi,2025-06-08,6
app_mobile_bnppf,Application mobile bancaire (BNP Paribas Fortis vs ING),easy banking app,BNPPF,multi,2025-06-15,4
app_mobile_bnppf,Application mobile bancaire (BNP Paribas Fortis vs ING),easy banking app,BNPPF,multi,2025-06-22,4
app_mobile_bnppf,Application mobile bancaire (BNP Paribas Fortis vs ING),easy banking app,BNPPF,multi,2025-06-29,7
app_mobile_bnppf,Application mobile bancaire (BNP Paribas Fortis vs ING),easy banking app,BNPPF,multi,2025-07-06,0
app_mobile_bnppf,Application mobile bancaire (BNP Paribas Fortis vs ING),easy banking app,BNPPF,multi,2025-07-13,4
app_mobile_bnppf,Application mobile bancaire (BNP Paribas Fortis vs ING),easy banking app,BNPPF,multi,2025-07-20,0
app_mobile_bnppf,Application mobile bancaire (BNP Paribas Fortis vs ING),easy banking app,BNPPF,multi,2025-07-27,5
app_mobile_bnppf,Application mobile bancaire (BNP Paribas Fortis vs ING),easy banking app,BNPPF,multi,2025-08-03,0
app_mobile_bnppf,Application mobile bancaire (BNP Paribas Fortis vs ING),easy banking app,BNPPF,multi,2025-08-10,6
app_mobile_bnppf,Application mobile bancaire (BNP Paribas Fortis vs ING),easy banking app,BNPPF,multi,2025-08-17,4
app_mobile_bnppf,Application mobile bancaire (BNP Paribas Fortis vs ING),easy banking app,BNPPF,multi,2025-08-24,8
app_mobile_bnppf,Application mobile bancaire (BNP Paribas Fortis vs ING),easy banking app,BNPPF,multi,2025-08-31,6
app_mobile_bnppf,Application mobile bancaire (BNP Paribas Fortis vs ING),easy banking app,BNPPF,multi,2025-09-07,5
app_mobile_bnppf,Application mobile bancaire (BNP Paribas Fortis vs ING),easy banking app,BNPPF,multi,2025-09-14,7
app_mobile_bnppf,Application mobile bancaire (BNP Paribas Fortis vs ING),easy banking app,BNPPF,multi,2025-09-21,5
app_mobile_bnppf,Application mobile bancaire (BNP Paribas Fortis vs ING),easy banking app,BNPPF,multi,2025-09-28,0
app_mobile_bnppf,Application mobile bancaire (BNP Paribas Fortis vs ING),easy banking app,BNPPF,multi,2025-10-05,5
app_mobile_bnppf,Application mobile bancaire (BNP Paribas Fortis vs ING),easy banking app,BNPPF,multi,2025-10-12,4
app_mobile_bnppf,Application mobile bancaire (BNP Paribas Fortis vs ING),easy banking app,BNPPF,multi,2025-10-19,5
app_mobile_bnppf,Application mobile bancaire (BNP Paribas Fortis vs ING),easy banking app,BNPPF,multi,2025-10-26,4
app_mobile_bnppf,Application mobile bancaire (BNP Paribas Fortis vs ING),easy banking app,BNPPF,multi,2025-11-02,6
app_mobile_bnppf,Application mobile bancaire (BNP Paribas Fortis vs ING),easy banking app,BNPPF,multi,2025-11-09,0
app_mobile_bnppf,Application mobile bancaire (BNP Paribas Fortis vs ING),easy banking app,BNPPF,multi,2025-11-16,4
app_mobile_bnppf,Application mobile bancaire (BNP Paribas Fortis vs ING),easy banking app,BNPPF,multi,2025-11-23,0
app_mobile_bnppf,Application mobile bancaire (BNP Paribas Fortis vs ING),easy banking app,BNPPF,multi,2025-11-30,6
app_mobile_bnppf,Application mobile bancaire (BNP Paribas Fortis vs ING),easy banking app,BNPPF,multi,2025-12-07,4
app_mobile_bnppf,Application mobile bancaire (BNP Paribas Fortis vs ING),easy banking app,BNPPF,multi,2025-12-14,0
app_mobile_bnppf,Application mobile bancaire (BNP Paribas Fortis vs ING),easy banking app,BNPPF,multi,2025-12-21,4
app_mobile_bnppf,Application mobile bancaire (BNP Paribas Fortis vs ING),easy banking app,BNPPF,multi,2025-12-28,4
app_mobile_bnppf,Application mobile bancaire (BNP Paribas Fortis vs ING),easy banking app,BNPPF,multi,2026-01-04,3
app_mobile_bnppf,Application mobile bancaire (BNP Paribas Fortis vs ING),easy banking app,BNPPF,multi,2026-01-11,0
app_mobile_bnppf,Application mobile bancaire (BNP Paribas Fortis vs ING),easy banking app,BNPPF,multi,2026-01-18,4
app_mobile_bnppf,Application mobile bancaire (BNP Paribas Fortis vs ING),easy banking app,BNPPF,multi,2026-01-25,5
app_mobile_bnppf,Application mobile bancaire (BNP Paribas Fortis vs ING),easy banking app,BNPPF,multi,2026-02-01,0
app_mobile_bnppf,Application mobile bancaire (BNP Paribas Fortis vs ING),easy banking app,BNPPF,multi,2026-02-08,4
app_mobile_bnppf,Application mobile bancaire (BNP Paribas Fortis vs ING),easy banking app,BNPPF,multi,2026-02-15,0
app_mobile_bnppf,Application mobile bancaire (BNP Paribas Fortis vs ING),easy banking app,BNPPF,multi,2026-02-22,0
app_mobile_bnppf,Application mobile bancaire (BNP Paribas Fortis vs ING),easy banking app,BNPPF,multi,2026-03-01,0
app_mobile_bnppf,Application mobile bancaire (BNP Paribas Fortis vs ING),easy banking app,BNPPF,multi,2026-03-08,4
app_mobile_bnppf,Application mobile bancaire (BNP Paribas Fortis vs ING),easy banking app,BNPPF,multi,2026-03-15,5
app_mobile_bnppf,Application mobile bancaire (BNP Paribas Fortis vs ING),easy banking app,BNPPF,multi,2026-03-22,6
app_mobile_bnppf,Application mobile bancaire (BNP Paribas Fortis vs ING),easy banking app,BNPPF,multi,2026-03-29,7
app_mobile_bnppf,Application mobile bancaire (BNP Paribas Fortis vs ING),easy banking app,BNPPF,multi,2026-04-05,5
app_mobile_bnppf,Application mobile bancaire (BNP Paribas Fortis vs ING),easy banking app,BNPPF,multi,2026-04-12,4
app_mobile_bnppf,Application mobile bancaire (BNP Paribas Fortis vs ING),easy banking app,BNPPF,multi,2026-04-19,0
app_mobile_bnppf,Application mobile bancaire (BNP Paribas Fortis vs ING),easy banking app,BNPPF,multi,2026-04-26,0
app_mobile_bnppf,Application mobile bancaire (BNP Paribas Fortis vs ING),easy banking app,BNPPF,multi,2026-05-03,6
app_mobile_bnppf,Application mobile bancaire (BNP Paribas Fortis vs ING),easy banking app,BNPPF,multi,2026-05-10,0
app_mobile_bnppf,Application mobile bancaire (BNP Paribas Fortis vs ING),easy banking app,BNPPF,multi,2026-05-17,5
app_mobile_bnppf,Application mobile bancaire (BNP Paribas Fortis vs ING),easy banking app,BNPPF,multi,2026-05-24,0
app_mobile_bnppf,Application mobile bancaire (BNP Paribas Fortis vs ING),easy banking app,BNPPF,multi,2026-05-31,0
app_mobile_bnppf,Application mobile bancaire (BNP Paribas Fortis vs ING),easy banking app,BNPPF,multi,2026-06-07,4
app_mobile_bnppf,Application mobile bancaire (BNP Paribas Fortis vs ING),easy banking app,BNPPF,multi,2026-06-14,0
app_mobile_bnppf,Application mobile bancaire (BNP Paribas Fortis vs ING),easy banking app,BNPPF,multi,2026-06-21,4
app_mobile_bnppf,Application mobile bancaire (BNP Paribas Fortis vs ING),easy banking app,BNPPF,multi,2026-06-28,4
app_mobile_bnppf,Application mobile bancaire (BNP Paribas Fortis vs ING),easy banking app,BNPPF,multi,2026-07-05,5
app_mobile_bnppf,Application mobile bancaire (BNP Paribas Fortis vs ING),easy banking app,BNPPF,multi,2026-07-12,4
app_mobile_bnppf,Application mobile bancaire (BNP Paribas Fortis vs ING),easy banking app,BNPPF,multi,2026-07-19,0
app_mobile_bnppf,Application mobile bancaire (BNP Paribas Fortis vs ING),easy banking app,BNPPF,multi,2026-07-26,0
app_mobile_bnppf,Application mobile bancaire (BNP Paribas Fortis vs ING),easy banking app,BNPPF,multi,2026-08-02,4
app_mobile_bnppf,Application mobile bancaire (BNP Paribas Fortis vs ING),easy banking app,BNPPF,multi,2026-08-09,4
app_mobile_bnppf,Application mobile bancaire (BNP Paribas Fortis vs ING),easy banking app,BNPPF,multi,2026-08-16,4
app_mobile_bnppf,Application mobile bancaire (BNP Paribas Fortis vs ING),easy banking app,BNPPF,multi,2026-08-23,0
app_mobile_bnppf,Application mobile bancaire (BNP Paribas Fortis vs ING),easy banking app,BNPPF,multi,2026-08-30,1
app_mobile_bnppf,Application mobile bancaire (BNP Paribas Fortis vs ING),easy banking app,BNPPF,multi,2026-09-06,4
app_mobile_bnppf,Application mobile bancaire (BNP Paribas Fortis vs ING),easy banking app,BNPPF,multi,2026-09-13,4
carte_credit_bnppf,Carte de crédit (BNP Paribas Fortis vs ING),BNP visa,BNPPF,fr,2021-09-12,81
carte_credit_bnppf,Carte de crédit (BNP Paribas Fortis vs ING),BNP visa,BNPPF,fr,2021-09-19,68
carte_credit_bnppf,Carte de crédit (BNP Paribas Fortis vs ING),BNP visa,BNPPF,fr,2021-09-26,64
carte_credit_bnppf,Carte de crédit (BNP Paribas Fortis vs ING),BNP visa,BNPPF,fr,2021-10-03,66
carte_credit_bnppf,Carte de crédit (BNP Paribas Fortis vs ING),BNP visa,BNPPF,fr,2021-10-10,75
carte_credit_bnppf,Carte de crédit (BNP Paribas Fortis vs ING),BNP visa,BNPPF,fr,2021-10-17,58
carte_credit_bnppf,Carte de crédit (BNP Paribas Fortis vs ING),BNP visa,BNPPF,fr,2021-10-24,66
carte_credit_bnppf,Carte de crédit (BNP Paribas Fortis vs ING),BNP visa,BNPPF,fr,2021-10-31,84
carte_credit_bnppf,Carte de crédit (BNP Paribas Fortis vs ING),BNP visa,BNPPF,fr,2021-11-07,69
carte_credit_bnppf,Carte de crédit (BNP Paribas Fortis vs ING),BNP visa,BNPPF,fr,2021-11-14,58
carte_credit_bnppf,Carte de crédit (BNP Paribas Fortis vs ING),BNP visa,BNPPF,fr,2021-11-21,79
carte_credit_bnppf,Carte de crédit (BNP Paribas Fortis vs ING),BNP visa,BNPPF,fr,2021-11-28,56
carte_credit_bnppf,Carte de crédit (BNP Paribas Fortis vs ING),BNP visa,BNPPF,fr,2021-12-05,42
carte_credit_bnppf,Carte de crédit (BNP Paribas Fortis vs ING),BNP visa,BNPPF,fr,2021-12-12,61
carte_credit_bnppf,Carte de crédit (BNP Paribas Fortis vs ING),BNP visa,BNPPF,fr,2021-12-19,48
carte_credit_bnppf,Carte de crédit (BNP Paribas Fortis vs ING),BNP visa,BNPPF,fr,2021-12-26,0
carte_credit_bnppf,Carte de crédit (BNP Paribas Fortis vs ING),BNP visa,BNPPF,fr,2022-01-02,58
carte_credit_bnppf,Carte de crédit (BNP Paribas Fortis vs ING),BNP visa,BNPPF,fr,2022-01-09,49
carte_credit_bnppf,Carte de crédit (BNP Paribas Fortis vs ING),BNP visa,BNPPF,fr,2022-01-16,41
carte_credit_bnppf,Carte de crédit (BNP Paribas Fortis vs ING),BNP visa,BNPPF,fr,2022-01-23,53
carte_credit_bnppf,Carte de crédit (BNP Paribas Fortis vs ING),BNP visa,BNPPF,fr,2022-01-30,69
carte_credit_bnppf,Carte de crédit (BNP Paribas Fortis vs ING),BNP visa,BNPPF,fr,2022-02-06,0
carte_credit_bnppf,Carte de crédit (BNP Paribas Fortis vs ING),BNP visa,BNPPF,fr,2022-02-13,45
carte_credit_bnppf,Carte de crédit (BNP Paribas Fortis vs ING),BNP visa,BNPPF,fr,2022-02-20,54
carte_credit_bnppf,Carte de crédit (BNP Paribas Fortis vs ING),BNP visa,BNPPF,fr,2022-02-27,46
carte_credit_bnppf,Carte de crédit (BNP Paribas Fortis vs ING),BNP visa,BNPPF,fr,2022-03-06,71
carte_credit_bnppf,Carte de crédit (BNP Paribas Fortis vs ING),BNP visa,BNPPF,fr,2022-03-13,49
carte_credit_bnppf,Carte de crédit (BNP Paribas Fortis vs ING),BNP visa,BNPPF,fr,2022-03-20,44
carte_credit_bnppf,Carte de crédit (BNP Paribas Fortis vs ING),BNP visa,BNPPF,fr,2022-03-27,43
carte_credit_bnppf,Carte de crédit (BNP Paribas Fortis vs ING),BNP visa,BNPPF,fr,2022-04-03,63
carte_credit_bnppf,Carte de crédit (BNP Paribas Fortis vs ING),BNP visa,BNPPF,fr,2022-04-10,41
carte_credit_bnppf,Carte de crédit (BNP Paribas Fortis vs ING),BNP visa,BNPPF,fr,2022-04-17,38
carte_credit_bnppf,Carte de crédit (BNP Paribas Fortis vs ING),BNP visa,BNPPF,fr,2022-04-24,54
carte_credit_bnppf,Carte de crédit (BNP Paribas Fortis vs ING),BNP visa,BNPPF,fr,2022-05-01,53
carte_credit_bnppf,Carte de crédit (BNP Paribas Fortis vs ING),BNP visa,BNPPF,fr,2022-05-08,53
carte_credit_bnppf,Carte de crédit (BNP Paribas Fortis vs ING),BNP visa,BNPPF,fr,2022-05-15,32
carte_credit_bnppf,Carte de crédit (BNP Paribas Fortis vs ING),BNP visa,BNPPF,fr,2022-05-22,34
carte_credit_bnppf,Carte de crédit (BNP Paribas Fortis vs ING),BNP visa,BNPPF,fr,2022-05-29,47
carte_credit_bnppf,Carte de crédit (BNP Paribas Fortis vs ING),BNP visa,BNPPF,fr,2022-06-05,53
carte_credit_bnppf,Carte de crédit (BNP Paribas Fortis vs ING),BNP visa,BNPPF,fr,2022-06-12,32
carte_credit_bnppf,Carte de crédit (BNP Paribas Fortis vs ING),BNP visa,BNPPF,fr,2022-06-19,56
carte_credit_bnppf,Carte de crédit (BNP Paribas Fortis vs ING),BNP visa,BNPPF,fr,2022-06-26,80
carte_credit_bnppf,Carte de crédit (BNP Paribas Fortis vs ING),BNP visa,BNPPF,fr,2022-07-03,77
carte_credit_bnppf,Carte de crédit (BNP Paribas Fortis vs ING),BNP visa,BNPPF,fr,2022-07-10,45
carte_credit_bnppf,Carte de crédit (BNP Paribas Fortis vs ING),BNP visa,BNPPF,fr,2022-07-17,36
carte_credit_bnppf,Carte de crédit (BNP Paribas Fortis vs ING),BNP visa,BNPPF,fr,2022-07-24,48
carte_credit_bnppf,Carte de crédit (BNP Paribas Fortis vs ING),BNP visa,BNPPF,fr,2022-07-31,42
carte_credit_bnppf,Carte de crédit (BNP Paribas Fortis vs ING),BNP visa,BNPPF,fr,2022-08-07,40
carte_credit_bnppf,Carte de crédit (BNP Paribas Fortis vs ING),BNP visa,BNPPF,fr,2022-08-14,64
carte_credit_bnppf,Carte de crédit (BNP Paribas Fortis vs ING),BNP visa,BNPPF,fr,2022-08-21,47
carte_credit_bnppf,Carte de crédit (BNP Paribas Fortis vs ING),BNP visa,BNPPF,fr,2022-08-28,34
carte_credit_bnppf,Carte de crédit (BNP Paribas Fortis vs ING),BNP visa,BNPPF,fr,2022-09-04,35
carte_credit_bnppf,Carte de crédit (BNP Paribas Fortis vs ING),BNP visa,BNPPF,fr,2022-09-11,58
carte_credit_bnppf,Carte de crédit (BNP Paribas Fortis vs ING),BNP visa,BNPPF,fr,2022-09-18,0
carte_credit_bnppf,Carte de crédit (BNP Paribas Fortis vs ING),BNP visa,BNPPF,fr,2022-09-25,44
carte_credit_bnppf,Carte de crédit (BNP Paribas Fortis vs ING),BNP visa,BNPPF,fr,2022-10-02,28
carte_credit_bnppf,Carte de crédit (BNP Paribas Fortis vs ING),BNP visa,BNPPF,fr,2022-10-09,46
carte_credit_bnppf,Carte de crédit (BNP Paribas Fortis vs ING),BNP visa,BNPPF,fr,2022-10-16,0
carte_credit_bnppf,Carte de crédit (BNP Paribas Fortis vs ING),BNP visa,BNPPF,fr,2022-10-23,0
carte_credit_bnppf,Carte de crédit (BNP Paribas Fortis vs ING),BNP visa,BNPPF,fr,2022-10-30,32
carte_credit_bnppf,Carte de crédit (BNP Paribas Fortis vs ING),BNP visa,BNPPF,fr,2022-11-06,36
carte_credit_bnppf,Carte de crédit (BNP Paribas Fortis vs ING),BNP visa,BNPPF,fr,2022-11-13,0
carte_credit_bnppf,Carte de crédit (BNP Paribas Fortis vs ING),BNP visa,BNPPF,fr,2022-11-20,35
carte_credit_bnppf,Carte de crédit (BNP Paribas Fortis vs ING),BNP visa,BNPPF,fr,2022-11-27,25
carte_credit_bnppf,Carte de crédit (BNP Paribas Fortis vs ING),BNP visa,BNPPF,fr,2022-12-04,33
carte_credit_bnppf,Carte de crédit (BNP Paribas Fortis vs ING),BNP visa,BNPPF,fr,2022-12-11,33
carte_credit_bnppf,Carte de crédit (BNP Paribas Fortis vs ING),BNP visa,BNPPF,fr,2022-12-18,0
carte_credit_bnppf,Carte de crédit (BNP Paribas Fortis vs ING),BNP visa,BNPPF,fr,2022-12-25,28
carte_credit_bnppf,Carte de crédit (BNP Paribas Fortis vs ING),BNP visa,BNPPF,fr,2023-01-01,40
carte_credit_bnppf,Carte de crédit (BNP Paribas Fortis vs ING),BNP visa,BNPPF,fr,2023-01-08,41
carte_credit_bnppf,Carte de crédit (BNP Paribas Fortis vs ING),BNP visa,BNPPF,fr,2023-01-15,0
carte_credit_bnppf,Carte de crédit (BNP Paribas Fortis vs ING),BNP visa,BNPPF,fr,2023-01-22,0
carte_credit_bnppf,Carte de crédit (BNP Paribas Fortis vs ING),BNP visa,BNPPF,fr,2023-01-29,38
carte_credit_bnppf,Carte de crédit (BNP Paribas Fortis vs ING),BNP visa,BNPPF,fr,2023-02-05,34
carte_credit_bnppf,Carte de crédit (BNP Paribas Fortis vs ING),BNP visa,BNPPF,fr,2023-02-12,41
carte_credit_bnppf,Carte de crédit (BNP Paribas Fortis vs ING),BNP visa,BNPPF,fr,2023-02-19,36
carte_credit_bnppf,Carte de crédit (BNP Paribas Fortis vs ING),BNP visa,BNPPF,fr,2023-02-26,37
carte_credit_bnppf,Carte de crédit (BNP Paribas Fortis vs ING),BNP visa,BNPPF,fr,2023-03-05,34
carte_credit_bnppf,Carte de crédit (BNP Paribas Fortis vs ING),BNP visa,BNPPF,fr,2023-03-12,24
carte_credit_bnppf,Carte de crédit (BNP Paribas Fortis vs ING),BNP visa,BNPPF,fr,2023-03-19,35
carte_credit_bnppf,Carte de crédit (BNP Paribas Fortis vs ING),BNP visa,BNPPF,fr,2023-03-26,0
carte_credit_bnppf,Carte de crédit (BNP Paribas Fortis vs ING),BNP visa,BNPPF,fr,2023-04-02,36
carte_credit_bnppf,Carte de crédit (BNP Paribas Fortis vs ING),BNP visa,BNPPF,fr,2023-04-09,30
carte_credit_bnppf,Carte de crédit (BNP Paribas Fortis vs ING),BNP visa,BNPPF,fr,2023-04-16,0
carte_credit_bnppf,Carte de crédit (BNP Paribas Fortis vs ING),BNP visa,BNPPF,fr,2023-04-23,85
carte_credit_bnppf,Carte de crédit (BNP Paribas Fortis vs ING),BNP visa,BNPPF,fr,2023-04-30,39
carte_credit_bnppf,Carte de crédit (BNP Paribas Fortis vs ING),BNP visa,BNPPF,fr,2023-05-07,35
carte_credit_bnppf,Carte de crédit (BNP Paribas Fortis vs ING),BNP visa,BNPPF,fr,2023-05-14,31
carte_credit_bnppf,Carte de crédit (BNP Paribas Fortis vs ING),BNP visa,BNPPF,fr,2023-05-21,40
carte_credit_bnppf,Carte de crédit (BNP Paribas Fortis vs ING),BNP visa,BNPPF,fr,2023-05-28,0
carte_credit_bnppf,Carte de crédit (BNP Paribas Fortis vs ING),BNP visa,BNPPF,fr,2023-06-04,32
carte_credit_bnppf,Carte de crédit (BNP Paribas Fortis vs ING),BNP visa,BNPPF,fr,2023-06-11,39
carte_credit_bnppf,Carte de crédit (BNP Paribas Fortis vs ING),BNP visa,BNPPF,fr,2023-06-18,44
carte_credit_bnppf,Carte de crédit (BNP Paribas Fortis vs ING),BNP visa,BNPPF,fr,2023-06-25,40
carte_credit_bnppf,Carte de crédit (BNP Paribas Fortis vs ING),BNP visa,BNPPF,fr,2023-07-02,46
carte_credit_bnppf,Carte de crédit (BNP Paribas Fortis vs ING),BNP visa,BNPPF,fr,2023-07-09,40
carte_credit_bnppf,Carte de crédit (BNP Paribas Fortis vs ING),BNP visa,BNPPF,fr,2023-07-16,0
carte_credit_bnppf,Carte de crédit (BNP Paribas Fortis vs ING),BNP visa,BNPPF,fr,2023-07-23,41
carte_credit_bnppf,Carte de crédit (BNP Paribas Fortis vs ING),BNP visa,BNPPF,fr,2023-07-30,45
carte_credit_bnppf,Carte de crédit (BNP Paribas Fortis vs ING),BNP visa,BNPPF,fr,2023-08-06,0
carte_credit_bnppf,Carte de crédit (BNP Paribas Fortis vs ING),BNP visa,BNPPF,fr,2023-08-13,44
carte_credit_bnppf,Carte de crédit (BNP Paribas Fortis vs ING),BNP visa,BNPPF,fr,2023-08-20,36
carte_credit_bnppf,Carte de crédit (BNP Paribas Fortis vs ING),BNP visa,BNPPF,fr,2023-08-27,29
carte_credit_bnppf,Carte de crédit (BNP Paribas Fortis vs ING),BNP visa,BNPPF,fr,2023-09-03,34
carte_credit_bnppf,Carte de crédit (BNP Paribas Fortis vs ING),BNP visa,BNPPF,fr,2023-09-10,43
carte_credit_bnppf,Carte de crédit (BNP Paribas Fortis vs ING),BNP visa,BNPPF,fr,2023-09-17,26
carte_credit_bnppf,Carte de crédit (BNP Paribas Fortis vs ING),BNP visa,BNPPF,fr,2023-09-24,42
carte_credit_bnppf,Carte de crédit (BNP Paribas Fortis vs ING),BNP visa,BNPPF,fr,2023-10-01,42
carte_credit_bnppf,Carte de crédit (BNP Paribas Fortis vs ING),BNP visa,BNPPF,fr,2023-10-08,33
carte_credit_bnppf,Carte de crédit (BNP Paribas Fortis vs ING),BNP visa,BNPPF,fr,2023-10-15,44
carte_credit_bnppf,Carte de crédit (BNP Paribas Fortis vs ING),BNP visa,BNPPF,fr,2023-10-22,27
carte_credit_bnppf,Carte de crédit (BNP Paribas Fortis vs ING),BNP visa,BNPPF,fr,2023-10-29,46
carte_credit_bnppf,Carte de crédit (BNP Paribas Fortis vs ING),BNP visa,BNPPF,fr,2023-11-05,34
carte_credit_bnppf,Carte de crédit (BNP Paribas Fortis vs ING),BNP visa,BNPPF,fr,2023-11-12,30
carte_credit_bnppf,Carte de crédit (BNP Paribas Fortis vs ING),BNP visa,BNPPF,fr,2023-11-19,0
carte_credit_bnppf,Carte de crédit (BNP Paribas Fortis vs ING),BNP visa,BNPPF,fr,2023-11-26,28
carte_credit_bnppf,Carte de crédit (BNP Paribas Fortis vs ING),BNP visa,BNPPF,fr,2023-12-03,25
carte_credit_bnppf,Carte de crédit (BNP Paribas Fortis vs ING),BNP visa,BNPPF,fr,2023-12-10,37
carte_credit_bnppf,Carte de crédit (BNP Paribas Fortis vs ING),BNP visa,BNPPF,fr,2023-12-17,36
carte_credit_bnppf,Carte de crédit (BNP Paribas Fortis vs ING),BNP visa,BNPPF,fr,2023-12-24,30
carte_credit_bnppf,Carte de crédit (BNP Paribas Fortis vs ING),BNP visa,BNPPF,fr,2023-12-31,40
carte_credit_bnppf,Carte de crédit (BNP Paribas Fortis vs ING),BNP visa,BNPPF,fr,2024-01-07,29
carte_credit_bnppf,Carte de crédit (BNP Paribas Fortis vs ING),BNP visa,BNPPF,fr,2024-01-14,32
carte_credit_bnppf,Carte de crédit (BNP Paribas Fortis vs ING),BNP visa,BNPPF,fr,2024-01-21,54
carte_credit_bnppf,Carte de crédit (BNP Paribas Fortis vs ING),BNP visa,BNPPF,fr,2024-01-28,64
carte_credit_bnppf,Carte de crédit (BNP Paribas Fortis vs ING),BNP visa,BNPPF,fr,2024-02-04,66
carte_credit_bnppf,Carte de crédit (BNP Paribas Fortis vs ING),BNP visa,BNPPF,fr,2024-02-11,39
carte_credit_bnppf,Carte de crédit (BNP Paribas Fortis vs ING),BNP visa,BNPPF,fr,2024-02-18,52
carte_credit_bnppf,Carte de crédit (BNP Paribas Fortis vs ING),BNP visa,BNPPF,fr,2024-02-25,40
carte_credit_bnppf,Carte de crédit (BNP Paribas Fortis vs ING),BNP visa,BNPPF,fr,2024-03-03,50
carte_credit_bnppf,Carte de crédit (BNP Paribas Fortis vs ING),BNP visa,BNPPF,fr,2024-03-10,64
carte_credit_bnppf,Carte de crédit (BNP Paribas Fortis vs ING),BNP visa,BNPPF,fr,2024-03-17,40
carte_credit_bnppf,Carte de crédit (BNP Paribas Fortis vs ING),BNP visa,BNPPF,fr,2024-03-24,0
carte_credit_bnppf,Carte de crédit (BNP Paribas Fortis vs ING),BNP visa,BNPPF,fr,2024-03-31,46
carte_credit_bnppf,Carte de crédit (BNP Paribas Fortis vs ING),BNP visa,BNPPF,fr,2024-04-07,48
carte_credit_bnppf,Carte de crédit (BNP Paribas Fortis vs ING),BNP visa,BNPPF,fr,2024-04-14,0
carte_credit_bnppf,Carte de crédit (BNP Paribas Fortis vs ING),BNP visa,BNPPF,fr,2024-04-21,31
carte_credit_bnppf,Carte de crédit (BNP Paribas Fortis vs ING),BNP visa,BNPPF,fr,2024-04-28,33
carte_credit_bnppf,Carte de crédit (BNP Paribas Fortis vs ING),BNP visa,BNPPF,fr,2024-05-05,36
carte_credit_bnppf,Carte de crédit (BNP Paribas Fortis vs ING),BNP visa,BNPPF,fr,2024-05-12,35
carte_credit_bnppf,Carte de crédit (BNP Paribas Fortis vs ING),BNP visa,BNPPF,fr,2024-05-19,0
carte_credit_bnppf,Carte de crédit (BNP Paribas Fortis vs ING),BNP visa,BNPPF,fr,2024-05-26,27
carte_credit_bnppf,Carte de crédit (BNP Paribas Fortis vs ING),BNP visa,BNPPF,fr,2024-06-02,0
carte_credit_bnppf,Carte de crédit (BNP Paribas Fortis vs ING),BNP visa,BNPPF,fr,2024-06-09,33
carte_credit_bnppf,Carte de crédit (BNP Paribas Fortis vs ING),BNP visa,BNPPF,fr,2024-06-16,40
carte_credit_bnppf,Carte de crédit (BNP Paribas Fortis vs ING),BNP visa,BNPPF,fr,2024-06-23,0
carte_credit_bnppf,Carte de crédit (BNP Paribas Fortis vs ING),BNP visa,BNPPF,fr,2024-06-30,53
carte_credit_bnppf,Carte de crédit (BNP Paribas Fortis vs ING),BNP visa,BNPPF,fr,2024-07-07,68
carte_credit_bnppf,Carte de crédit (BNP Paribas Fortis vs ING),BNP visa,BNPPF,fr,2024-07-14,0
carte_credit_bnppf,Carte de crédit (BNP Paribas Fortis vs ING),BNP visa,BNPPF,fr,2024-07-21,38
carte_credit_bnppf,Carte de crédit (BNP Paribas Fortis vs ING),BNP visa,BNPPF,fr,2024-07-28,50
carte_credit_bnppf,Carte de crédit (BNP Paribas Fortis vs ING),BNP visa,BNPPF,fr,2024-08-04,47
carte_credit_bnppf,Carte de crédit (BNP Paribas Fortis vs ING),BNP visa,BNPPF,fr,2024-08-11,41
carte_credit_bnppf,Carte de crédit (BNP Paribas Fortis vs ING),BNP visa,BNPPF,fr,2024-08-18,46
carte_credit_bnppf,Carte de crédit (BNP Paribas Fortis vs ING),BNP visa,BNPPF,fr,2024-08-25,37
carte_credit_bnppf,Carte de crédit (BNP Paribas Fortis vs ING),BNP visa,BNPPF,fr,2024-09-01,36
carte_credit_bnppf,Carte de crédit (BNP Paribas Fortis vs ING),BNP visa,BNPPF,fr,2024-09-08,37
carte_credit_bnppf,Carte de crédit (BNP Paribas Fortis vs ING),BNP visa,BNPPF,fr,2024-09-15,0
carte_credit_bnppf,Carte de crédit (BNP Paribas Fortis vs ING),BNP visa,BNPPF,fr,2024-09-22,28
carte_credit_bnppf,Carte de crédit (BNP Paribas Fortis vs ING),BNP visa,BNPPF,fr,2024-09-29,42
carte_credit_bnppf,Carte de crédit (BNP Paribas Fortis vs ING),BNP visa,BNPPF,fr,2024-10-06,42
carte_credit_bnppf,Carte de crédit (BNP Paribas Fortis vs ING),BNP visa,BNPPF,fr,2024-10-13,0
carte_credit_bnppf,Carte de crédit (BNP Paribas Fortis vs ING),BNP visa,BNPPF,fr,2024-10-20,32
carte_credit_bnppf,Carte de crédit (BNP Paribas Fortis vs ING),BNP visa,BNPPF,fr,2024-10-27,0
carte_credit_bnppf,Carte de crédit (BNP Paribas Fortis vs ING),BNP visa,BNPPF,fr,2024-11-03,38
carte_credit_bnppf,Carte de crédit (BNP Paribas Fortis vs ING),BNP visa,BNPPF,fr,2024-11-10,41
carte_credit_bnppf,Carte de crédit (BNP Paribas Fortis vs ING),BNP visa,BNPPF,fr,2024-11-17,52
carte_credit_bnppf,Carte de crédit (BNP Paribas Fortis vs ING),BNP visa,BNPPF,fr,2024-11-24,29
carte_credit_bnppf,Carte de crédit (BNP Paribas Fortis vs ING),BNP visa,BNPPF,fr,2024-12-01,46
carte_credit_bnppf,Carte de crédit (BNP Paribas Fortis vs ING),BNP visa,BNPPF,fr,2024-12-08,71
carte_credit_bnppf,Carte de crédit (BNP Paribas Fortis vs ING),BNP visa,BNPPF,fr,2024-12-15,49
carte_credit_bnppf,Carte de crédit (BNP Paribas Fortis vs ING),BNP visa,BNPPF,fr,2024-12-22,34
carte_credit_bnppf,Carte de crédit (BNP Paribas Fortis vs ING),BNP visa,BNPPF,fr,2024-12-29,0
carte_credit_bnppf,Carte de crédit (BNP Paribas Fortis vs ING),BNP visa,BNPPF,fr,2025-01-05,47
carte_credit_bnppf,Carte de crédit (BNP Paribas Fortis vs ING),BNP visa,BNPPF,fr,2025-01-12,41
carte_credit_bnppf,Carte de crédit (BNP Paribas Fortis vs ING),BNP visa,BNPPF,fr,2025-01-19,46
carte_credit_bnppf,Carte de crédit (BNP Paribas Fortis vs ING),BNP visa,BNPPF,fr,2025-01-26,34
carte_credit_bnppf,Carte de crédit (BNP Paribas Fortis vs ING),BNP visa,BNPPF,fr,2025-02-02,31
carte_credit_bnppf,Carte de crédit (BNP Paribas Fortis vs ING),BNP visa,BNPPF,fr,2025-02-09,44
carte_credit_bnppf,Carte de crédit (BNP Paribas Fortis vs ING),BNP visa,BNPPF,fr,2025-02-16,34
carte_credit_bnppf,Carte de crédit (BNP Paribas Fortis vs ING),BNP visa,BNPPF,fr,2025-02-23,0
carte_credit_bnppf,Carte de crédit (BNP Paribas Fortis vs ING),BNP visa,BNPPF,fr,2025-03-02,0
carte_credit_bnppf,Carte de crédit (BNP Paribas Fortis vs ING),BNP visa,BNPPF,fr,2025-03-09,46
carte_credit_bnppf,Carte de crédit (BNP Paribas Fortis vs ING),BNP visa,BNPPF,fr,2025-03-16,36
carte_credit_bnppf,Carte de crédit (BNP Paribas Fortis vs ING),BNP visa,BNPPF,fr,2025-03-23,32
carte_credit_bnppf,Carte de crédit (BNP Paribas Fortis vs ING),BNP visa,BNPPF,fr,2025-03-30,48
carte_credit_bnppf,Carte de crédit (BNP Paribas Fortis vs ING),BNP visa,BNPPF,fr,2025-04-06,83
carte_credit_bnppf,Carte de crédit (BNP Paribas Fortis vs ING),BNP visa,BNPPF,fr,2025-04-13,37
carte_credit_bnppf,Carte de crédit (BNP Paribas Fortis vs ING),BNP visa,BNPPF,fr,2025-04-20,0
carte_credit_bnppf,Carte de crédit (BNP Paribas Fortis vs ING),BNP visa,BNPPF,fr,2025-04-27,0
carte_credit_bnppf,Carte de crédit (BNP Paribas Fortis vs ING),BNP visa,BNPPF,fr,2025-05-04,38
carte_credit_bnppf,Carte de crédit (BNP Paribas Fortis vs ING),BNP visa,BNPPF,fr,2025-05-11,34
carte_credit_bnppf,Carte de crédit (BNP Paribas Fortis vs ING),BNP visa,BNPPF,fr,2025-05-18,43
carte_credit_bnppf,Carte de crédit (BNP Paribas Fortis vs ING),BNP visa,BNPPF,fr,2025-05-25,38
carte_credit_bnppf,Carte de crédit (BNP Paribas Fortis vs ING),BNP visa,BNPPF,fr,2025-06-01,0
carte_credit_bnppf,Carte de crédit (BNP Paribas Fortis vs ING),BNP visa,BNPPF,fr,2025-06-08,45
carte_credit_bnppf,Carte de crédit (BNP Paribas Fortis vs ING),BNP visa,BNPPF,fr,2025-06-15,0
carte_credit_bnppf,Carte de crédit (BNP Paribas Fortis vs ING),BNP visa,BNPPF,fr,2025-06-22,0
carte_credit_bnppf,Carte de crédit (BNP Paribas Fortis vs ING),BNP visa,BNPPF,fr,2025-06-29,0
carte_credit_bnppf,Carte de crédit (BNP Paribas Fortis vs ING),BNP visa,BNPPF,fr,2025-07-06,72
carte_credit_bnppf,Carte de crédit (BNP Paribas Fortis vs ING),BNP visa,BNPPF,fr,2025-07-13,45
carte_credit_bnppf,Carte de crédit (BNP Paribas Fortis vs ING),BNP visa,BNPPF,fr,2025-07-20,58
carte_credit_bnppf,Carte de crédit (BNP Paribas Fortis vs ING),BNP visa,BNPPF,fr,2025-07-27,48
carte_credit_bnppf,Carte de crédit (BNP Paribas Fortis vs ING),BNP visa,BNPPF,fr,2025-08-03,0
carte_credit_bnppf,Carte de crédit (BNP Paribas Fortis vs ING),BNP visa,BNPPF,fr,2025-08-10,42
carte_credit_bnppf,Carte de crédit (BNP Paribas Fortis vs ING),BNP visa,BNPPF,fr,2025-08-17,36
carte_credit_bnppf,Carte de crédit (BNP Paribas Fortis vs ING),BNP visa,BNPPF,fr,2025-08-24,0
carte_credit_bnppf,Carte de crédit (BNP Paribas Fortis vs ING),BNP visa,BNPPF,fr,2025-08-31,32
carte_credit_bnppf,Carte de crédit (BNP Paribas Fortis vs ING),BNP visa,BNPPF,fr,2025-09-07,50
carte_credit_bnppf,Carte de crédit (BNP Paribas Fortis vs ING),BNP visa,BNPPF,fr,2025-09-14,0
carte_credit_bnppf,Carte de crédit (BNP Paribas Fortis vs ING),BNP visa,BNPPF,fr,2025-09-21,0
carte_credit_bnppf,Carte de crédit (BNP Paribas Fortis vs ING),BNP visa,BNPPF,fr,2025-09-28,0
carte_credit_bnppf,Carte de crédit (BNP Paribas Fortis vs ING),BNP visa,BNPPF,fr,2025-10-05,61
carte_credit_bnppf,Carte de crédit (BNP Paribas Fortis vs ING),BNP visa,BNPPF,fr,2025-10-12,0
carte_credit_bnppf,Carte de crédit (BNP Paribas Fortis vs ING),BNP visa,BNPPF,fr,2025-10-19,0
carte_credit_bnppf,Carte de crédit (BNP Paribas Fortis vs ING),BNP visa,BNPPF,fr,2025-10-26,0
carte_credit_bnppf,Carte de crédit (BNP Paribas Fortis vs ING),BNP visa,BNPPF,fr,2025-11-02,0
carte_credit_bnppf,Carte de crédit (BNP Paribas Fortis vs ING),BNP visa,BNPPF,fr,2025-11-09,0
carte_credit_bnppf,Carte de crédit (BNP Paribas Fortis vs ING),BNP visa,BNPPF,fr,2025-11-16,0
carte_credit_bnppf,Carte de crédit (BNP Paribas Fortis vs ING),BNP visa,BNPPF,fr,2025-11-23,0
carte_credit_bnppf,Carte de crédit (BNP Paribas Fortis vs ING),BNP visa,BNPPF,fr,2025-11-30,0
carte_credit_bnppf,Carte de crédit (BNP Paribas Fortis vs ING),BNP visa,BNPPF,fr,2025-12-07,40
carte_credit_bnppf,Carte de crédit (BNP Paribas Fortis vs ING),BNP visa,BNPPF,fr,2025-12-14,0
carte_credit_bnppf,Carte de crédit (BNP Paribas Fortis vs ING),BNP visa,BNPPF,fr,2025-12-21,0
carte_credit_bnppf,Carte de crédit (BNP Paribas Fortis vs ING),BNP visa,BNPPF,fr,2025-12-28,40
carte_credit_bnppf,Carte de crédit (BNP Paribas Fortis vs ING),BNP visa,BNPPF,fr,2026-01-04,0
carte_credit_bnppf,Carte de crédit (BNP Paribas Fortis vs ING),BNP visa,BNPPF,fr,2026-01-11,40
carte_credit_bnppf,Carte de crédit (BNP Paribas Fortis vs ING),BNP visa,BNPPF,fr,2026-01-18,42
carte_credit_bnppf,Carte de crédit (BNP Paribas Fortis vs ING),BNP visa,BNPPF,fr,2026-01-25,46
carte_credit_bnppf,Carte de crédit (BNP Paribas Fortis vs ING),BNP visa,BNPPF,fr,2026-02-01,0
carte_credit_bnppf,Carte de crédit (BNP Paribas Fortis vs ING),BNP visa,BNPPF,fr,2026-02-08,28
carte_credit_bnppf,Carte de crédit (BNP Paribas Fortis vs ING),BNP visa,BNPPF,fr,2026-02-15,0
carte_credit_bnppf,Carte de crédit (BNP Paribas Fortis vs ING),BNP visa,BNPPF,fr,2026-02-22,0
carte_credit_bnppf,Carte de crédit (BNP Paribas Fortis vs ING),BNP visa,BNPPF,fr,2026-03-01,32
carte_credit_bnppf,Carte de crédit (BNP Paribas Fortis vs ING),BNP visa,BNPPF,fr,2026-03-08,34
carte_credit_bnppf,Carte de crédit (BNP Paribas Fortis vs ING),BNP visa,BNPPF,fr,2026-03-15,32
carte_credit_bnppf,Carte de crédit (BNP Paribas Fortis vs ING),BNP visa,BNPPF,fr,2026-03-22,39
carte_credit_bnppf,Carte de crédit (BNP Paribas Fortis vs ING),BNP visa,BNPPF,fr,2026-03-29,0
carte_credit_bnppf,Carte de crédit (BNP Paribas Fortis vs ING),BNP visa,BNPPF,fr,2026-04-05,32
carte_credit_bnppf,Carte de crédit (BNP Paribas Fortis vs ING),BNP visa,BNPPF,fr,2026-04-12,32
carte_credit_bnppf,Carte de crédit (BNP Paribas Fortis vs ING),BNP visa,BNPPF,fr,2026-04-19,32
carte_credit_bnppf,Carte de crédit (BNP Paribas Fortis vs ING),BNP visa,BNPPF,fr,2026-04-26,0
carte_credit_bnppf,Carte de crédit (BNP Paribas Fortis vs ING),BNP visa,BNPPF,fr,2026-05-03,0
carte_credit_bnppf,Carte de crédit (BNP Paribas Fortis vs ING),BNP visa,BNPPF,fr,2026-05-10,30
carte_credit_bnppf,Carte de crédit (BNP Paribas Fortis vs ING),BNP visa,BNPPF,fr,2026-05-17,0
carte_credit_bnppf,Carte de crédit (BNP Paribas Fortis vs ING),BNP visa,BNPPF,fr,2026-05-24,0
carte_credit_bnppf,Carte de crédit (BNP Paribas Fortis vs ING),BNP visa,BNPPF,fr,2026-05-31,36
carte_credit_bnppf,Carte de crédit (BNP Paribas Fortis vs ING),BNP visa,BNPPF,fr,2026-06-07,0
carte_credit_bnppf,Carte de crédit (BNP Paribas Fortis vs ING),BNP visa,BNPPF,fr,2026-06-14,37
carte_credit_bnppf,Carte de crédit (BNP Paribas Fortis vs ING),BNP visa,BNPPF,fr,2026-06-21,0
carte_credit_bnppf,Carte de crédit (BNP Paribas Fortis vs ING),BNP visa,BNPPF,fr,2026-06-28,0
carte_credit_bnppf,Carte de crédit (BNP Paribas Fortis vs ING),BNP visa,BNPPF,fr,2026-07-05,40
carte_credit_bnppf,Carte de crédit (BNP Paribas Fortis vs ING),BNP visa,BNPPF,fr,2026-07-12,0
carte_credit_bnppf,Carte de crédit (BNP Paribas Fortis vs ING),BNP visa,BNPPF,fr,2026-07-19,0
carte_credit_bnppf,Carte de crédit (BNP Paribas Fortis vs ING),BNP visa,BNPPF,fr,2026-07-26,0
carte_credit_bnppf,Carte de crédit (BNP Paribas Fortis vs ING),BNP visa,BNPPF,fr,2026-08-02,0
carte_credit_bnppf,Carte de crédit (BNP Paribas Fortis vs ING),BNP visa,BNPPF,fr,2026-08-09,0
carte_credit_bnppf,Carte de crédit (BNP Paribas Fortis vs ING),BNP visa,BNPPF,fr,2026-08-16,0
carte_credit_bnppf,Carte de crédit (BNP Paribas Fortis vs ING),BNP visa,BNPPF,fr,2026-08-23,33
carte_credit_bnppf,Carte de crédit (BNP Paribas Fortis vs ING),BNP visa,BNPPF,fr,2026-08-30,10
carte_credit_bnppf,Carte de crédit (BNP Paribas Fortis vs ING),BNP visa,BNPPF,fr,2026-09-06,27
carte_credit_bnppf,Carte de crédit (BNP Paribas Fortis vs ING),BNP visa,BNPPF,fr,2026-09-13,24
compte_a_vue_bnppf,Compte à vue particulier (BNP Paribas Fortis vs ING),BNP rekening,BNPPF,nl,2021-09-12,0
compte_a_vue_bnppf,Compte à vue particulier (BNP Paribas Fortis vs ING),BNP rekening,BNPPF,nl,2021-09-19,0
compte_a_vue_bnppf,Compte à vue particulier (BNP Paribas Fortis vs ING),BNP rekening,BNPPF,nl,2021-09-26,0
compte_a_vue_bnppf,Compte à vue particulier (BNP Paribas Fortis vs ING),BNP rekening,BNPPF,nl,2021-10-03,0
compte_a_vue_bnppf,Compte à vue particulier (BNP Paribas Fortis vs ING),BNP rekening,BNPPF,nl,2021-10-10,0
compte_a_vue_bnppf,Compte à vue particulier (BNP Paribas Fortis vs ING),BNP rekening,BNPPF,nl,2021-10-17,0
compte_a_vue_bnppf,Compte à vue particulier (BNP Paribas Fortis vs ING),BNP rekening,BNPPF,nl,2021-10-24,0
compte_a_vue_bnppf,Compte à vue particulier (BNP Paribas Fortis vs ING),BNP rekening,BNPPF,nl,2021-10-31,0
compte_a_vue_bnppf,Compte à vue particulier (BNP Paribas Fortis vs ING),BNP rekening,BNPPF,nl,2021-11-07,0
compte_a_vue_bnppf,Compte à vue particulier (BNP Paribas Fortis vs ING),BNP rekening,BNPPF,nl,2021-11-14,0
compte_a_vue_bnppf,Compte à vue particulier (BNP Paribas Fortis vs ING),BNP rekening,BNPPF,nl,2021-11-21,0
compte_a_vue_bnppf,Compte à vue particulier (BNP Paribas Fortis vs ING),BNP rekening,BNPPF,nl,2021-11-28,0
compte_a_vue_bnppf,Compte à vue particulier (BNP Paribas Fortis vs ING),BNP rekening,BNPPF,nl,2021-12-05,18
compte_a_vue_bnppf,Compte à vue particulier (BNP Paribas Fortis vs ING),BNP rekening,BNPPF,nl,2021-12-12,13
compte_a_vue_bnppf,Compte à vue particulier (BNP Paribas Fortis vs ING),BNP rekening,BNPPF,nl,2021-12-19,0
compte_a_vue_bnppf,Compte à vue particulier (BNP Paribas Fortis vs ING),BNP rekening,BNPPF,nl,2021-12-26,0
compte_a_vue_bnppf,Compte à vue particulier (BNP Paribas Fortis vs ING),BNP rekening,BNPPF,nl,2022-01-02,13
compte_a_vue_bnppf,Compte à vue particulier (BNP Paribas Fortis vs ING),BNP rekening,BNPPF,nl,2022-01-09,0
compte_a_vue_bnppf,Compte à vue particulier (BNP Paribas Fortis vs ING),BNP rekening,BNPPF,nl,2022-01-16,0
compte_a_vue_bnppf,Compte à vue particulier (BNP Paribas Fortis vs ING),BNP rekening,BNPPF,nl,2022-01-23,0
compte_a_vue_bnppf,Compte à vue particulier (BNP Paribas Fortis vs ING),BNP rekening,BNPPF,nl,2022-01-30,0
compte_a_vue_bnppf,Compte à vue particulier (BNP Paribas Fortis vs ING),BNP rekening,BNPPF,nl,2022-02-06,0
compte_a_vue_bnppf,Compte à vue particulier (BNP Paribas Fortis vs ING),BNP rekening,BNPPF,nl,2022-02-13,0
compte_a_vue_bnppf,Compte à vue particulier (BNP Paribas Fortis vs ING),BNP rekening,BNPPF,nl,2022-02-20,0
compte_a_vue_bnppf,Compte à vue particulier (BNP Paribas Fortis vs ING),BNP rekening,BNPPF,nl,2022-02-27,0
compte_a_vue_bnppf,Compte à vue particulier (BNP Paribas Fortis vs ING),BNP rekening,BNPPF,nl,2022-03-06,0
compte_a_vue_bnppf,Compte à vue particulier (BNP Paribas Fortis vs ING),BNP rekening,BNPPF,nl,2022-03-13,0
compte_a_vue_bnppf,Compte à vue particulier (BNP Paribas Fortis vs ING),BNP rekening,BNPPF,nl,2022-03-20,0
compte_a_vue_bnppf,Compte à vue particulier (BNP Paribas Fortis vs ING),BNP rekening,BNPPF,nl,2022-03-27,0
compte_a_vue_bnppf,Compte à vue particulier (BNP Paribas Fortis vs ING),BNP rekening,BNPPF,nl,2022-04-03,0
compte_a_vue_bnppf,Compte à vue particulier (BNP Paribas Fortis vs ING),BNP rekening,BNPPF,nl,2022-04-10,0
compte_a_vue_bnppf,Compte à vue particulier (BNP Paribas Fortis vs ING),BNP rekening,BNPPF,nl,2022-04-17,0
compte_a_vue_bnppf,Compte à vue particulier (BNP Paribas Fortis vs ING),BNP rekening,BNPPF,nl,2022-04-24,0
compte_a_vue_bnppf,Compte à vue particulier (BNP Paribas Fortis vs ING),BNP rekening,BNPPF,nl,2022-05-01,11
compte_a_vue_bnppf,Compte à vue particulier (BNP Paribas Fortis vs ING),BNP rekening,BNPPF,nl,2022-05-08,14
compte_a_vue_bnppf,Compte à vue particulier (BNP Paribas Fortis vs ING),BNP rekening,BNPPF,nl,2022-05-15,0
compte_a_vue_bnppf,Compte à vue particulier (BNP Paribas Fortis vs ING),BNP rekening,BNPPF,nl,2022-05-22,0
compte_a_vue_bnppf,Compte à vue particulier (BNP Paribas Fortis vs ING),BNP rekening,BNPPF,nl,2022-05-29,0
compte_a_vue_bnppf,Compte à vue particulier (BNP Paribas Fortis vs ING),BNP rekening,BNPPF,nl,2022-06-05,0
compte_a_vue_bnppf,Compte à vue particulier (BNP Paribas Fortis vs ING),BNP rekening,BNPPF,nl,2022-06-12,0
compte_a_vue_bnppf,Compte à vue particulier (BNP Paribas Fortis vs ING),BNP rekening,BNPPF,nl,2022-06-19,0
compte_a_vue_bnppf,Compte à vue particulier (BNP Paribas Fortis vs ING),BNP rekening,BNPPF,nl,2022-06-26,0
compte_a_vue_bnppf,Compte à vue particulier (BNP Paribas Fortis vs ING),BNP rekening,BNPPF,nl,2022-07-03,0
compte_a_vue_bnppf,Compte à vue particulier (BNP Paribas Fortis vs ING),BNP rekening,BNPPF,nl,2022-07-10,0
compte_a_vue_bnppf,Compte à vue particulier (BNP Paribas Fortis vs ING),BNP rekening,BNPPF,nl,2022-07-17,0
compte_a_vue_bnppf,Compte à vue particulier (BNP Paribas Fortis vs ING),BNP rekening,BNPPF,nl,2022-07-24,0
compte_a_vue_bnppf,Compte à vue particulier (BNP Paribas Fortis vs ING),BNP rekening,BNPPF,nl,2022-07-31,0
compte_a_vue_bnppf,Compte à vue particulier (BNP Paribas Fortis vs ING),BNP rekening,BNPPF,nl,2022-08-07,0
compte_a_vue_bnppf,Compte à vue particulier (BNP Paribas Fortis vs ING),BNP rekening,BNPPF,nl,2022-08-14,0
compte_a_vue_bnppf,Compte à vue particulier (BNP Paribas Fortis vs ING),BNP rekening,BNPPF,nl,2022-08-21,0
compte_a_vue_bnppf,Compte à vue particulier (BNP Paribas Fortis vs ING),BNP rekening,BNPPF,nl,2022-08-28,0
compte_a_vue_bnppf,Compte à vue particulier (BNP Paribas Fortis vs ING),BNP rekening,BNPPF,nl,2022-09-04,0
compte_a_vue_bnppf,Compte à vue particulier (BNP Paribas Fortis vs ING),BNP rekening,BNPPF,nl,2022-09-11,0
compte_a_vue_bnppf,Compte à vue particulier (BNP Paribas Fortis vs ING),BNP rekening,BNPPF,nl,2022-09-18,0
compte_a_vue_bnppf,Compte à vue particulier (BNP Paribas Fortis vs ING),BNP rekening,BNPPF,nl,2022-09-25,0
compte_a_vue_bnppf,Compte à vue particulier (BNP Paribas Fortis vs ING),BNP rekening,BNPPF,nl,2022-10-02,0
compte_a_vue_bnppf,Compte à vue particulier (BNP Paribas Fortis vs ING),BNP rekening,BNPPF,nl,2022-10-09,0
compte_a_vue_bnppf,Compte à vue particulier (BNP Paribas Fortis vs ING),BNP rekening,BNPPF,nl,2022-10-16,0
compte_a_vue_bnppf,Compte à vue particulier (BNP Paribas Fortis vs ING),BNP rekening,BNPPF,nl,2022-10-23,0
compte_a_vue_bnppf,Compte à vue particulier (BNP Paribas Fortis vs ING),BNP rekening,BNPPF,nl,2022-10-30,12
compte_a_vue_bnppf,Compte à vue particulier (BNP Paribas Fortis vs ING),BNP rekening,BNPPF,nl,2022-11-06,0
compte_a_vue_bnppf,Compte à vue particulier (BNP Paribas Fortis vs ING),BNP rekening,BNPPF,nl,2022-11-13,0
compte_a_vue_bnppf,Compte à vue particulier (BNP Paribas Fortis vs ING),BNP rekening,BNPPF,nl,2022-11-20,0
compte_a_vue_bnppf,Compte à vue particulier (BNP Paribas Fortis vs ING),BNP rekening,BNPPF,nl,2022-11-27,0
compte_a_vue_bnppf,Compte à vue particulier (BNP Paribas Fortis vs ING),BNP rekening,BNPPF,nl,2022-12-04,0
compte_a_vue_bnppf,Compte à vue particulier (BNP Paribas Fortis vs ING),BNP rekening,BNPPF,nl,2022-12-11,11
compte_a_vue_bnppf,Compte à vue particulier (BNP Paribas Fortis vs ING),BNP rekening,BNPPF,nl,2022-12-18,0
compte_a_vue_bnppf,Compte à vue particulier (BNP Paribas Fortis vs ING),BNP rekening,BNPPF,nl,2022-12-25,0
compte_a_vue_bnppf,Compte à vue particulier (BNP Paribas Fortis vs ING),BNP rekening,BNPPF,nl,2023-01-01,0
compte_a_vue_bnppf,Compte à vue particulier (BNP Paribas Fortis vs ING),BNP rekening,BNPPF,nl,2023-01-08,10
compte_a_vue_bnppf,Compte à vue particulier (BNP Paribas Fortis vs ING),BNP rekening,BNPPF,nl,2023-01-15,0
compte_a_vue_bnppf,Compte à vue particulier (BNP Paribas Fortis vs ING),BNP rekening,BNPPF,nl,2023-01-22,0
compte_a_vue_bnppf,Compte à vue particulier (BNP Paribas Fortis vs ING),BNP rekening,BNPPF,nl,2023-01-29,19
compte_a_vue_bnppf,Compte à vue particulier (BNP Paribas Fortis vs ING),BNP rekening,BNPPF,nl,2023-02-05,0
compte_a_vue_bnppf,Compte à vue particulier (BNP Paribas Fortis vs ING),BNP rekening,BNPPF,nl,2023-02-12,0
compte_a_vue_bnppf,Compte à vue particulier (BNP Paribas Fortis vs ING),BNP rekening,BNPPF,nl,2023-02-19,0
compte_a_vue_bnppf,Compte à vue particulier (BNP Paribas Fortis vs ING),BNP rekening,BNPPF,nl,2023-02-26,0
compte_a_vue_bnppf,Compte à vue particulier (BNP Paribas Fortis vs ING),BNP rekening,BNPPF,nl,2023-03-05,0
compte_a_vue_bnppf,Compte à vue particulier (BNP Paribas Fortis vs ING),BNP rekening,BNPPF,nl,2023-03-12,0
compte_a_vue_bnppf,Compte à vue particulier (BNP Paribas Fortis vs ING),BNP rekening,BNPPF,nl,2023-03-19,0
compte_a_vue_bnppf,Compte à vue particulier (BNP Paribas Fortis vs ING),BNP rekening,BNPPF,nl,2023-03-26,12
compte_a_vue_bnppf,Compte à vue particulier (BNP Paribas Fortis vs ING),BNP rekening,BNPPF,nl,2023-04-02,0
compte_a_vue_bnppf,Compte à vue particulier (BNP Paribas Fortis vs ING),BNP rekening,BNPPF,nl,2023-04-09,14
compte_a_vue_bnppf,Compte à vue particulier (BNP Paribas Fortis vs ING),BNP rekening,BNPPF,nl,2023-04-16,0
compte_a_vue_bnppf,Compte à vue particulier (BNP Paribas Fortis vs ING),BNP rekening,BNPPF,nl,2023-04-23,0
compte_a_vue_bnppf,Compte à vue particulier (BNP Paribas Fortis vs ING),BNP rekening,BNPPF,nl,2023-04-30,0
compte_a_vue_bnppf,Compte à vue particulier (BNP Paribas Fortis vs ING),BNP rekening,BNPPF,nl,2023-05-07,0
compte_a_vue_bnppf,Compte à vue particulier (BNP Paribas Fortis vs ING),BNP rekening,BNPPF,nl,2023-05-14,15
compte_a_vue_bnppf,Compte à vue particulier (BNP Paribas Fortis vs ING),BNP rekening,BNPPF,nl,2023-05-21,0
compte_a_vue_bnppf,Compte à vue particulier (BNP Paribas Fortis vs ING),BNP rekening,BNPPF,nl,2023-05-28,0
compte_a_vue_bnppf,Compte à vue particulier (BNP Paribas Fortis vs ING),BNP rekening,BNPPF,nl,2023-06-04,10
compte_a_vue_bnppf,Compte à vue particulier (BNP Paribas Fortis vs ING),BNP rekening,BNPPF,nl,2023-06-11,0
compte_a_vue_bnppf,Compte à vue particulier (BNP Paribas Fortis vs ING),BNP rekening,BNPPF,nl,2023-06-18,15
compte_a_vue_bnppf,Compte à vue particulier (BNP Paribas Fortis vs ING),BNP rekening,BNPPF,nl,2023-06-25,12
compte_a_vue_bnppf,Compte à vue particulier (BNP Paribas Fortis vs ING),BNP rekening,BNPPF,nl,2023-07-02,0
compte_a_vue_bnppf,Compte à vue particulier (BNP Paribas Fortis vs ING),BNP rekening,BNPPF,nl,2023-07-09,0
compte_a_vue_bnppf,Compte à vue particulier (BNP Paribas Fortis vs ING),BNP rekening,BNPPF,nl,2023-07-16,15
compte_a_vue_bnppf,Compte à vue particulier (BNP Paribas Fortis vs ING),BNP rekening,BNPPF,nl,2023-07-23,0
compte_a_vue_bnppf,Compte à vue particulier (BNP Paribas Fortis vs ING),BNP rekening,BNPPF,nl,2023-07-30,0
compte_a_vue_bnppf,Compte à vue particulier (BNP Paribas Fortis vs ING),BNP rekening,BNPPF,nl,2023-08-06,0
compte_a_vue_bnppf,Compte à vue particulier (BNP Paribas Fortis vs ING),BNP rekening,BNPPF,nl,2023-08-13,0
compte_a_vue_bnppf,Compte à vue particulier (BNP Paribas Fortis vs ING),BNP rekening,BNPPF,nl,2023-08-20,13
compte_a_vue_bnppf,Compte à vue particulier (BNP Paribas Fortis vs ING),BNP rekening,BNPPF,nl,2023-08-27,12
compte_a_vue_bnppf,Compte à vue particulier (BNP Paribas Fortis vs ING),BNP rekening,BNPPF,nl,2023-09-03,0
compte_a_vue_bnppf,Compte à vue particulier (BNP Paribas Fortis vs ING),BNP rekening,BNPPF,nl,2023-09-10,0
compte_a_vue_bnppf,Compte à vue particulier (BNP Paribas Fortis vs ING),BNP rekening,BNPPF,nl,2023-09-17,11
compte_a_vue_bnppf,Compte à vue particulier (BNP Paribas Fortis vs ING),BNP rekening,BNPPF,nl,2023-09-24,0
compte_a_vue_bnppf,Compte à vue particulier (BNP Paribas Fortis vs ING),BNP rekening,BNPPF,nl,2023-10-01,15
compte_a_vue_bnppf,Compte à vue particulier (BNP Paribas Fortis vs ING),BNP rekening,BNPPF,nl,2023-10-08,12
compte_a_vue_bnppf,Compte à vue particulier (BNP Paribas Fortis vs ING),BNP rekening,BNPPF,nl,2023-10-15,0
compte_a_vue_bnppf,Compte à vue particulier (BNP Paribas Fortis vs ING),BNP rekening,BNPPF,nl,2023-10-22,11
compte_a_vue_bnppf,Compte à vue particulier (BNP Paribas Fortis vs ING),BNP rekening,BNPPF,nl,2023-10-29,0
compte_a_vue_bnppf,Compte à vue particulier (BNP Paribas Fortis vs ING),BNP rekening,BNPPF,nl,2023-11-05,11
compte_a_vue_bnppf,Compte à vue particulier (BNP Paribas Fortis vs ING),BNP rekening,BNPPF,nl,2023-11-12,11
compte_a_vue_bnppf,Compte à vue particulier (BNP Paribas Fortis vs ING),BNP rekening,BNPPF,nl,2023-11-19,13
compte_a_vue_bnppf,Compte à vue particulier (BNP Paribas Fortis vs ING),BNP rekening,BNPPF,nl,2023-11-26,11
compte_a_vue_bnppf,Compte à vue particulier (BNP Paribas Fortis vs ING),BNP rekening,BNPPF,nl,2023-12-03,0
compte_a_vue_bnppf,Compte à vue particulier (BNP Paribas Fortis vs ING),BNP rekening,BNPPF,nl,2023-12-10,10
compte_a_vue_bnppf,Compte à vue particulier (BNP Paribas Fortis vs ING),BNP rekening,BNPPF,nl,2023-12-17,0
compte_a_vue_bnppf,Compte à vue particulier (BNP Paribas Fortis vs ING),BNP rekening,BNPPF,nl,2023-12-24,0
compte_a_vue_bnppf,Compte à vue particulier (BNP Paribas Fortis vs ING),BNP rekening,BNPPF,nl,2023-12-31,0
compte_a_vue_bnppf,Compte à vue particulier (BNP Paribas Fortis vs ING),BNP rekening,BNPPF,nl,2024-01-07,0
compte_a_vue_bnppf,Compte à vue particulier (BNP Paribas Fortis vs ING),BNP rekening,BNPPF,nl,2024-01-14,15
compte_a_vue_bnppf,Compte à vue particulier (BNP Paribas Fortis vs ING),BNP rekening,BNPPF,nl,2024-01-21,17
compte_a_vue_bnppf,Compte à vue particulier (BNP Paribas Fortis vs ING),BNP rekening,BNPPF,nl,2024-01-28,0
compte_a_vue_bnppf,Compte à vue particulier (BNP Paribas Fortis vs ING),BNP rekening,BNPPF,nl,2024-02-04,0
compte_a_vue_bnppf,Compte à vue particulier (BNP Paribas Fortis vs ING),BNP rekening,BNPPF,nl,2024-02-11,16
compte_a_vue_bnppf,Compte à vue particulier (BNP Paribas Fortis vs ING),BNP rekening,BNPPF,nl,2024-02-18,11
compte_a_vue_bnppf,Compte à vue particulier (BNP Paribas Fortis vs ING),BNP rekening,BNPPF,nl,2024-02-25,0
compte_a_vue_bnppf,Compte à vue particulier (BNP Paribas Fortis vs ING),BNP rekening,BNPPF,nl,2024-03-03,15
compte_a_vue_bnppf,Compte à vue particulier (BNP Paribas Fortis vs ING),BNP rekening,BNPPF,nl,2024-03-10,0
compte_a_vue_bnppf,Compte à vue particulier (BNP Paribas Fortis vs ING),BNP rekening,BNPPF,nl,2024-03-17,0
compte_a_vue_bnppf,Compte à vue particulier (BNP Paribas Fortis vs ING),BNP rekening,BNPPF,nl,2024-03-24,0
compte_a_vue_bnppf,Compte à vue particulier (BNP Paribas Fortis vs ING),BNP rekening,BNPPF,nl,2024-03-31,0
compte_a_vue_bnppf,Compte à vue particulier (BNP Paribas Fortis vs ING),BNP rekening,BNPPF,nl,2024-04-07,19
compte_a_vue_bnppf,Compte à vue particulier (BNP Paribas Fortis vs ING),BNP rekening,BNPPF,nl,2024-04-14,0
compte_a_vue_bnppf,Compte à vue particulier (BNP Paribas Fortis vs ING),BNP rekening,BNPPF,nl,2024-04-21,0
compte_a_vue_bnppf,Compte à vue particulier (BNP Paribas Fortis vs ING),BNP rekening,BNPPF,nl,2024-04-28,0
compte_a_vue_bnppf,Compte à vue particulier (BNP Paribas Fortis vs ING),BNP rekening,BNPPF,nl,2024-05-05,0
compte_a_vue_bnppf,Compte à vue particulier (BNP Paribas Fortis vs ING),BNP rekening,BNPPF,nl,2024-05-12,0
compte_a_vue_bnppf,Compte à vue particulier (BNP Paribas Fortis vs ING),BNP rekening,BNPPF,nl,2024-05-19,0
compte_a_vue_bnppf,Compte à vue particulier (BNP Paribas Fortis vs ING),BNP rekening,BNPPF,nl,2024-05-26,0
compte_a_vue_bnppf,Compte à vue particulier (BNP Paribas Fortis vs ING),BNP rekening,BNPPF,nl,2024-06-02,0
compte_a_vue_bnppf,Compte à vue particulier (BNP Paribas Fortis vs ING),BNP rekening,BNPPF,nl,2024-06-09,0
compte_a_vue_bnppf,Compte à vue particulier (BNP Paribas Fortis vs ING),BNP rekening,BNPPF,nl,2024-06-16,11
compte_a_vue_bnppf,Compte à vue particulier (BNP Paribas Fortis vs ING),BNP rekening,BNPPF,nl,2024-06-23,0
compte_a_vue_bnppf,Compte à vue particulier (BNP Paribas Fortis vs ING),BNP rekening,BNPPF,nl,2024-06-30,0
compte_a_vue_bnppf,Compte à vue particulier (BNP Paribas Fortis vs ING),BNP rekening,BNPPF,nl,2024-07-07,15
compte_a_vue_bnppf,Compte à vue particulier (BNP Paribas Fortis vs ING),BNP rekening,BNPPF,nl,2024-07-14,0
compte_a_vue_bnppf,Compte à vue particulier (BNP Paribas Fortis vs ING),BNP rekening,BNPPF,nl,2024-07-21,0
compte_a_vue_bnppf,Compte à vue particulier (BNP Paribas Fortis vs ING),BNP rekening,BNPPF,nl,2024-07-28,0
compte_a_vue_bnppf,Compte à vue particulier (BNP Paribas Fortis vs ING),BNP rekening,BNPPF,nl,2024-08-04,14
compte_a_vue_bnppf,Compte à vue particulier (BNP Paribas Fortis vs ING),BNP rekening,BNPPF,nl,2024-08-11,0
compte_a_vue_bnppf,Compte à vue particulier (BNP Paribas Fortis vs ING),BNP rekening,BNPPF,nl,2024-08-18,0
compte_a_vue_bnppf,Compte à vue particulier (BNP Paribas Fortis vs ING),BNP rekening,BNPPF,nl,2024-08-25,14
compte_a_vue_bnppf,Compte à vue particulier (BNP Paribas Fortis vs ING),BNP rekening,BNPPF,nl,2024-09-01,0
compte_a_vue_bnppf,Compte à vue particulier (BNP Paribas Fortis vs ING),BNP rekening,BNPPF,nl,2024-09-08,0
compte_a_vue_bnppf,Compte à vue particulier (BNP Paribas Fortis vs ING),BNP rekening,BNPPF,nl,2024-09-15,18
compte_a_vue_bnppf,Compte à vue particulier (BNP Paribas Fortis vs ING),BNP rekening,BNPPF,nl,2024-09-22,13
compte_a_vue_bnppf,Compte à vue particulier (BNP Paribas Fortis vs ING),BNP rekening,BNPPF,nl,2024-09-29,0
compte_a_vue_bnppf,Compte à vue particulier (BNP Paribas Fortis vs ING),BNP rekening,BNPPF,nl,2024-10-06,14
compte_a_vue_bnppf,Compte à vue particulier (BNP Paribas Fortis vs ING),BNP rekening,BNPPF,nl,2024-10-13,15
compte_a_vue_bnppf,Compte à vue particulier (BNP Paribas Fortis vs ING),BNP rekening,BNPPF,nl,2024-10-20,0
compte_a_vue_bnppf,Compte à vue particulier (BNP Paribas Fortis vs ING),BNP rekening,BNPPF,nl,2024-10-27,0
compte_a_vue_bnppf,Compte à vue particulier (BNP Paribas Fortis vs ING),BNP rekening,BNPPF,nl,2024-11-03,0
compte_a_vue_bnppf,Compte à vue particulier (BNP Paribas Fortis vs ING),BNP rekening,BNPPF,nl,2024-11-10,0
compte_a_vue_bnppf,Compte à vue particulier (BNP Paribas Fortis vs ING),BNP rekening,BNPPF,nl,2024-11-17,0
compte_a_vue_bnppf,Compte à vue particulier (BNP Paribas Fortis vs ING),BNP rekening,BNPPF,nl,2024-11-24,0
compte_a_vue_bnppf,Compte à vue particulier (BNP Paribas Fortis vs ING),BNP rekening,BNPPF,nl,2024-12-01,0
compte_a_vue_bnppf,Compte à vue particulier (BNP Paribas Fortis vs ING),BNP rekening,BNPPF,nl,2024-12-08,0
compte_a_vue_bnppf,Compte à vue particulier (BNP Paribas Fortis vs ING),BNP rekening,BNPPF,nl,2024-12-15,0
compte_a_vue_bnppf,Compte à vue particulier (BNP Paribas Fortis vs ING),BNP rekening,BNPPF,nl,2024-12-22,0
compte_a_vue_bnppf,Compte à vue particulier (BNP Paribas Fortis vs ING),BNP rekening,BNPPF,nl,2024-12-29,0
compte_a_vue_bnppf,Compte à vue particulier (BNP Paribas Fortis vs ING),BNP rekening,BNPPF,nl,2025-01-05,0
compte_a_vue_bnppf,Compte à vue particulier (BNP Paribas Fortis vs ING),BNP rekening,BNPPF,nl,2025-01-12,0
compte_a_vue_bnppf,Compte à vue particulier (BNP Paribas Fortis vs ING),BNP rekening,BNPPF,nl,2025-01-19,14
compte_a_vue_bnppf,Compte à vue particulier (BNP Paribas Fortis vs ING),BNP rekening,BNPPF,nl,2025-01-26,13
compte_a_vue_bnppf,Compte à vue particulier (BNP Paribas Fortis vs ING),BNP rekening,BNPPF,nl,2025-02-02,0
compte_a_vue_bnppf,Compte à vue particulier (BNP Paribas Fortis vs ING),BNP rekening,BNPPF,nl,2025-02-09,13
compte_a_vue_bnppf,Compte à vue particulier (BNP Paribas Fortis vs ING),BNP rekening,BNPPF,nl,2025-02-16,0
compte_a_vue_bnppf,Compte à vue particulier (BNP Paribas Fortis vs ING),BNP rekening,BNPPF,nl,2025-02-23,0
compte_a_vue_bnppf,Compte à vue particulier (BNP Paribas Fortis vs ING),BNP rekening,BNPPF,nl,2025-03-02,0
compte_a_vue_bnppf,Compte à vue particulier (BNP Paribas Fortis vs ING),BNP rekening,BNPPF,nl,2025-03-09,0
compte_a_vue_bnppf,Compte à vue particulier (BNP Paribas Fortis vs ING),BNP rekening,BNPPF,nl,2025-03-16,0
compte_a_vue_bnppf,Compte à vue particulier (BNP Paribas Fortis vs ING),BNP rekening,BNPPF,nl,2025-03-23,0
compte_a_vue_bnppf,Compte à vue particulier (BNP Paribas Fortis vs ING),BNP rekening,BNPPF,nl,2025-03-30,0
compte_a_vue_bnppf,Compte à vue particulier (BNP Paribas Fortis vs ING),BNP rekening,BNPPF,nl,2025-04-06,15
compte_a_vue_bnppf,Compte à vue particulier (BNP Paribas Fortis vs ING),BNP rekening,BNPPF,nl,2025-04-13,0
compte_a_vue_bnppf,Compte à vue particulier (BNP Paribas Fortis vs ING),BNP rekening,BNPPF,nl,2025-04-20,0
compte_a_vue_bnppf,Compte à vue particulier (BNP Paribas Fortis vs ING),BNP rekening,BNPPF,nl,2025-04-27,0
compte_a_vue_bnppf,Compte à vue particulier (BNP Paribas Fortis vs ING),BNP rekening,BNPPF,nl,2025-05-04,0
compte_a_vue_bnppf,Compte à vue particulier (BNP Paribas Fortis vs ING),BNP rekening,BNPPF,nl,2025-05-11,0
compte_a_vue_bnppf,Compte à vue particulier (BNP Paribas Fortis vs ING),BNP rekening,BNPPF,nl,2025-05-18,21
compte_a_vue_bnppf,Compte à vue particulier (BNP Paribas Fortis vs ING),BNP rekening,BNPPF,nl,2025-05-25,0
compte_a_vue_bnppf,Compte à vue particulier (BNP Paribas Fortis vs ING),BNP rekening,BNPPF,nl,2025-06-01,16
compte_a_vue_bnppf,Compte à vue particulier (BNP Paribas Fortis vs ING),BNP rekening,BNPPF,nl,2025-06-08,0
compte_a_vue_bnppf,Compte à vue particulier (BNP Paribas Fortis vs ING),BNP rekening,BNPPF,nl,2025-06-15,0
compte_a_vue_bnppf,Compte à vue particulier (BNP Paribas Fortis vs ING),BNP rekening,BNPPF,nl,2025-06-22,0
compte_a_vue_bnppf,Compte à vue particulier (BNP Paribas Fortis vs ING),BNP rekening,BNPPF,nl,2025-06-29,0
compte_a_vue_bnppf,Compte à vue particulier (BNP Paribas Fortis vs ING),BNP rekening,BNPPF,nl,2025-07-06,15
compte_a_vue_bnppf,Compte à vue particulier (BNP Paribas Fortis vs ING),BNP rekening,BNPPF,nl,2025-07-13,0
compte_a_vue_bnppf,Compte à vue particulier (BNP Paribas Fortis vs ING),BNP rekening,BNPPF,nl,2025-07-20,0
compte_a_vue_bnppf,Compte à vue particulier (BNP Paribas Fortis vs ING),BNP rekening,BNPPF,nl,2025-07-27,16
compte_a_vue_bnppf,Compte à vue particulier (BNP Paribas Fortis vs ING),BNP rekening,BNPPF,nl,2025-08-03,0
compte_a_vue_bnppf,Compte à vue particulier (BNP Paribas Fortis vs ING),BNP rekening,BNPPF,nl,2025-08-10,0
compte_a_vue_bnppf,Compte à vue particulier (BNP Paribas Fortis vs ING),BNP rekening,BNPPF,nl,2025-08-17,0
compte_a_vue_bnppf,Compte à vue particulier (BNP Paribas Fortis vs ING),BNP rekening,BNPPF,nl,2025-08-24,0
compte_a_vue_bnppf,Compte à vue particulier (BNP Paribas Fortis vs ING),BNP rekening,BNPPF,nl,2025-08-31,0
compte_a_vue_bnppf,Compte à vue particulier (BNP Paribas Fortis vs ING),BNP rekening,BNPPF,nl,2025-09-07,0
compte_a_vue_bnppf,Compte à vue particulier (BNP Paribas Fortis vs ING),BNP rekening,BNPPF,nl,2025-09-14,0
compte_a_vue_bnppf,Compte à vue particulier (BNP Paribas Fortis vs ING),BNP rekening,BNPPF,nl,2025-09-21,0
compte_a_vue_bnppf,Compte à vue particulier (BNP Paribas Fortis vs ING),BNP rekening,BNPPF,nl,2025-09-28,0
compte_a_vue_bnppf,Compte à vue particulier (BNP Paribas Fortis vs ING),BNP rekening,BNPPF,nl,2025-10-05,0
compte_a_vue_bnppf,Compte à vue particulier (BNP Paribas Fortis vs ING),BNP rekening,BNPPF,nl,2025-10-12,0
compte_a_vue_bnppf,Compte à vue particulier (BNP Paribas Fortis vs ING),BNP rekening,BNPPF,nl,2025-10-19,0
compte_a_vue_bnppf,Compte à vue particulier (BNP Paribas Fortis vs ING),BNP rekening,BNPPF,nl,2025-10-26,0
compte_a_vue_bnppf,Compte à vue particulier (BNP Paribas Fortis vs ING),BNP rekening,BNPPF,nl,2025-11-02,12
compte_a_vue_bnppf,Compte à vue particulier (BNP Paribas Fortis vs ING),BNP rekening,BNPPF,nl,2025-11-09,0
compte_a_vue_bnppf,Compte à vue particulier (BNP Paribas Fortis vs ING),BNP rekening,BNPPF,nl,2025-11-16,0
compte_a_vue_bnppf,Compte à vue particulier (BNP Paribas Fortis vs ING),BNP rekening,BNPPF,nl,2025-11-23,14
compte_a_vue_bnppf,Compte à vue particulier (BNP Paribas Fortis vs ING),BNP rekening,BNPPF,nl,2025-11-30,0
compte_a_vue_bnppf,Compte à vue particulier (BNP Paribas Fortis vs ING),BNP rekening,BNPPF,nl,2025-12-07,0
compte_a_vue_bnppf,Compte à vue particulier (BNP Paribas Fortis vs ING),BNP rekening,BNPPF,nl,2025-12-14,15
compte_a_vue_bnppf,Compte à vue particulier (BNP Paribas Fortis vs ING),BNP rekening,BNPPF,nl,2025-12-21,17
compte_a_vue_bnppf,Compte à vue particulier (BNP Paribas Fortis vs ING),BNP rekening,BNPPF,nl,2025-12-28,0
compte_a_vue_bnppf,Compte à vue particulier (BNP Paribas Fortis vs ING),BNP rekening,BNPPF,nl,2026-01-04,0
compte_a_vue_bnppf,Compte à vue particulier (BNP Paribas Fortis vs ING),BNP rekening,BNPPF,nl,2026-01-11,14
compte_a_vue_bnppf,Compte à vue particulier (BNP Paribas Fortis vs ING),BNP rekening,BNPPF,nl,2026-01-18,0
compte_a_vue_bnppf,Compte à vue particulier (BNP Paribas Fortis vs ING),BNP rekening,BNPPF,nl,2026-01-25,0
compte_a_vue_bnppf,Compte à vue particulier (BNP Paribas Fortis vs ING),BNP rekening,BNPPF,nl,2026-02-01,0
compte_a_vue_bnppf,Compte à vue particulier (BNP Paribas Fortis vs ING),BNP rekening,BNPPF,nl,2026-02-08,17
compte_a_vue_bnppf,Compte à vue particulier (BNP Paribas Fortis vs ING),BNP rekening,BNPPF,nl,2026-02-15,0
compte_a_vue_bnppf,Compte à vue particulier (BNP Paribas Fortis vs ING),BNP rekening,BNPPF,nl,2026-02-22,0
compte_a_vue_bnppf,Compte à vue particulier (BNP Paribas Fortis vs ING),BNP rekening,BNPPF,nl,2026-03-01,0
compte_a_vue_bnppf,Compte à vue particulier (BNP Paribas Fortis vs ING),BNP rekening,BNPPF,nl,2026-03-08,0
compte_a_vue_bnppf,Compte à vue particulier (BNP Paribas Fortis vs ING),BNP rekening,BNPPF,nl,2026-03-15,0
compte_a_vue_bnppf,Compte à vue particulier (BNP Paribas Fortis vs ING),BNP rekening,BNPPF,nl,2026-03-22,0
compte_a_vue_bnppf,Compte à vue particulier (BNP Paribas Fortis vs ING),BNP rekening,BNPPF,nl,2026-03-29,0
compte_a_vue_bnppf,Compte à vue particulier (BNP Paribas Fortis vs ING),BNP rekening,BNPPF,nl,2026-04-05,0
compte_a_vue_bnppf,Compte à vue particulier (BNP Paribas Fortis vs ING),BNP rekening,BNPPF,nl,2026-04-12,0
compte_a_vue_bnppf,Compte à vue particulier (BNP Paribas Fortis vs ING),BNP rekening,BNPPF,nl,2026-04-19,0
compte_a_vue_bnppf,Compte à vue particulier (BNP Paribas Fortis vs ING),BNP rekening,BNPPF,nl,2026-04-26,0
compte_a_vue_bnppf,Compte à vue particulier (BNP Paribas Fortis vs ING),BNP rekening,BNPPF,nl,2026-05-03,22
compte_a_vue_bnppf,Compte à vue particulier (BNP Paribas Fortis vs ING),BNP rekening,BNPPF,nl,2026-05-10,0
compte_a_vue_bnppf,Compte à vue particulier (BNP Paribas Fortis vs ING),BNP rekening,BNPPF,nl,2026-05-17,0
compte_a_vue_bnppf,Compte à vue particulier (BNP Paribas Fortis vs ING),BNP rekening,BNPPF,nl,2026-05-24,15
compte_a_vue_bnppf,Compte à vue particulier (BNP Paribas Fortis vs ING),BNP rekening,BNPPF,nl,2026-05-31,16
compte_a_vue_bnppf,Compte à vue particulier (BNP Paribas Fortis vs ING),BNP rekening,BNPPF,nl,2026-06-07,0
compte_a_vue_bnppf,Compte à vue particulier (BNP Paribas Fortis vs ING),BNP rekening,BNPPF,nl,2026-06-14,0
compte_a_vue_bnppf,Compte à vue particulier (BNP Paribas Fortis vs ING),BNP rekening,BNPPF,nl,2026-06-21,0
compte_a_vue_bnppf,Compte à vue particulier (BNP Paribas Fortis vs ING),BNP rekening,BNPPF,nl,2026-06-28,0
compte_a_vue_bnppf,Compte à vue particulier (BNP Paribas Fortis vs ING),BNP rekening,BNPPF,nl,2026-07-05,0
compte_a_vue_bnppf,Compte à vue particulier (BNP Paribas Fortis vs ING),BNP rekening,BNPPF,nl,2026-07-12,0
compte_a_vue_bnppf,Compte à vue particulier (BNP Paribas Fortis vs ING),BNP rekening,BNPPF,nl,2026-07-19,0
compte_a_vue_bnppf,Compte à vue particulier (BNP Paribas Fortis vs ING),BNP rekening,BNPPF,nl,2026-07-26,0
compte_a_vue_bnppf,Compte à vue particulier (BNP Paribas Fortis vs ING),BNP rekening,BNPPF,nl,2026-08-02,18
compte_a_vue_bnppf,Compte à vue particulier (BNP Paribas Fortis vs ING),BNP rekening,BNPPF,nl,2026-08-09,14
compte_a_vue_bnppf,Compte à vue particulier (BNP Paribas Fortis vs ING),BNP rekening,BNPPF,nl,2026-08-16,0
compte_a_vue_bnppf,Compte à vue particulier (BNP Paribas Fortis vs ING),BNP rekening,BNPPF,nl,2026-08-23,13
compte_a_vue_bnppf,Compte à vue particulier (BNP Paribas Fortis vs ING),BNP rekening,BNPPF,nl,2026-08-30,6
compte_a_vue_bnppf,Compte à vue particulier (BNP Paribas Fortis vs ING),BNP rekening,BNPPF,nl,2026-09-06,12
compte_a_vue_bnppf,Compte à vue particulier (BNP Paribas Fortis vs ING),BNP rekening,BNPPF,nl,2026-09-13,11
compte_a_vue_bnppf,Compte à vue particulier (BNP Paribas Fortis vs ING),compte BNP,BNPPF,fr,2021-09-12,27
compte_a_vue_bnppf,Compte à vue particulier (BNP Paribas Fortis vs ING),compte BNP,BNPPF,fr,2021-09-19,29
compte_a_vue_bnppf,Compte à vue particulier (BNP Paribas Fortis vs ING),compte BNP,BNPPF,fr,2021-09-26,38
compte_a_vue_bnppf,Compte à vue particulier (BNP Paribas Fortis vs ING),compte BNP,BNPPF,fr,2021-10-03,18
compte_a_vue_bnppf,Compte à vue particulier (BNP Paribas Fortis vs ING),compte BNP,BNPPF,fr,2021-10-10,23
compte_a_vue_bnppf,Compte à vue particulier (BNP Paribas Fortis vs ING),compte BNP,BNPPF,fr,2021-10-17,22
compte_a_vue_bnppf,Compte à vue particulier (BNP Paribas Fortis vs ING),compte BNP,BNPPF,fr,2021-10-24,33
compte_a_vue_bnppf,Compte à vue particulier (BNP Paribas Fortis vs ING),compte BNP,BNPPF,fr,2021-10-31,30
compte_a_vue_bnppf,Compte à vue particulier (BNP Paribas Fortis vs ING),compte BNP,BNPPF,fr,2021-11-07,34
compte_a_vue_bnppf,Compte à vue particulier (BNP Paribas Fortis vs ING),compte BNP,BNPPF,fr,2021-11-14,38
compte_a_vue_bnppf,Compte à vue particulier (BNP Paribas Fortis vs ING),compte BNP,BNPPF,fr,2021-11-21,28
compte_a_vue_bnppf,Compte à vue particulier (BNP Paribas Fortis vs ING),compte BNP,BNPPF,fr,2021-11-28,39
compte_a_vue_bnppf,Compte à vue particulier (BNP Paribas Fortis vs ING),compte BNP,BNPPF,fr,2021-12-05,37
compte_a_vue_bnppf,Compte à vue particulier (BNP Paribas Fortis vs ING),compte BNP,BNPPF,fr,2021-12-12,31
compte_a_vue_bnppf,Compte à vue particulier (BNP Paribas Fortis vs ING),compte BNP,BNPPF,fr,2021-12-19,18
compte_a_vue_bnppf,Compte à vue particulier (BNP Paribas Fortis vs ING),compte BNP,BNPPF,fr,2021-12-26,27
compte_a_vue_bnppf,Compte à vue particulier (BNP Paribas Fortis vs ING),compte BNP,BNPPF,fr,2022-01-02,40
compte_a_vue_bnppf,Compte à vue particulier (BNP Paribas Fortis vs ING),compte BNP,BNPPF,fr,2022-01-09,40
compte_a_vue_bnppf,Compte à vue particulier (BNP Paribas Fortis vs ING),compte BNP,BNPPF,fr,2022-01-16,31
compte_a_vue_bnppf,Compte à vue particulier (BNP Paribas Fortis vs ING),compte BNP,BNPPF,fr,2022-01-23,37
compte_a_vue_bnppf,Compte à vue particulier (BNP Paribas Fortis vs ING),compte BNP,BNPPF,fr,2022-01-30,17
compte_a_vue_bnppf,Compte à vue particulier (BNP Paribas Fortis vs ING),compte BNP,BNPPF,fr,2022-02-06,29
compte_a_vue_bnppf,Compte à vue particulier (BNP Paribas Fortis vs ING),compte BNP,BNPPF,fr,2022-02-13,22
compte_a_vue_bnppf,Compte à vue particulier (BNP Paribas Fortis vs ING),compte BNP,BNPPF,fr,2022-02-20,25
compte_a_vue_bnppf,Compte à vue particulier (BNP Paribas Fortis vs ING),compte BNP,BNPPF,fr,2022-02-27,28
compte_a_vue_bnppf,Compte à vue particulier (BNP Paribas Fortis vs ING),compte BNP,BNPPF,fr,2022-03-06,18
compte_a_vue_bnppf,Compte à vue particulier (BNP Paribas Fortis vs ING),compte BNP,BNPPF,fr,2022-03-13,19
compte_a_vue_bnppf,Compte à vue particulier (BNP Paribas Fortis vs ING),compte BNP,BNPPF,fr,2022-03-20,19
compte_a_vue_bnppf,Compte à vue particulier (BNP Paribas Fortis vs ING),compte BNP,BNPPF,fr,2022-03-27,30
compte_a_vue_bnppf,Compte à vue particulier (BNP Paribas Fortis vs ING),compte BNP,BNPPF,fr,2022-04-03,29
compte_a_vue_bnppf,Compte à vue particulier (BNP Paribas Fortis vs ING),compte BNP,BNPPF,fr,2022-04-10,24
compte_a_vue_bnppf,Compte à vue particulier (BNP Paribas Fortis vs ING),compte BNP,BNPPF,fr,2022-04-17,28
compte_a_vue_bnppf,Compte à vue particulier (BNP Paribas Fortis vs ING),compte BNP,BNPPF,fr,2022-04-24,30
compte_a_vue_bnppf,Compte à vue particulier (BNP Paribas Fortis vs ING),compte BNP,BNPPF,fr,2022-05-01,26
compte_a_vue_bnppf,Compte à vue particulier (BNP Paribas Fortis vs ING),compte BNP,BNPPF,fr,2022-05-08,17
compte_a_vue_bnppf,Compte à vue particulier (BNP Paribas Fortis vs ING),compte BNP,BNPPF,fr,2022-05-15,21
compte_a_vue_bnppf,Compte à vue particulier (BNP Paribas Fortis vs ING),compte BNP,BNPPF,fr,2022-05-22,23
compte_a_vue_bnppf,Compte à vue particulier (BNP Paribas Fortis vs ING),compte BNP,BNPPF,fr,2022-05-29,21
compte_a_vue_bnppf,Compte à vue particulier (BNP Paribas Fortis vs ING),compte BNP,BNPPF,fr,2022-06-05,25
compte_a_vue_bnppf,Compte à vue particulier (BNP Paribas Fortis vs ING),compte BNP,BNPPF,fr,2022-06-12,27
compte_a_vue_bnppf,Compte à vue particulier (BNP Paribas Fortis vs ING),compte BNP,BNPPF,fr,2022-06-19,24
compte_a_vue_bnppf,Compte à vue particulier (BNP Paribas Fortis vs ING),compte BNP,BNPPF,fr,2022-06-26,22
compte_a_vue_bnppf,Compte à vue particulier (BNP Paribas Fortis vs ING),compte BNP,BNPPF,fr,2022-07-03,33
compte_a_vue_bnppf,Compte à vue particulier (BNP Paribas Fortis vs ING),compte BNP,BNPPF,fr,2022-07-10,24
compte_a_vue_bnppf,Compte à vue particulier (BNP Paribas Fortis vs ING),compte BNP,BNPPF,fr,2022-07-17,20
compte_a_vue_bnppf,Compte à vue particulier (BNP Paribas Fortis vs ING),compte BNP,BNPPF,fr,2022-07-24,32
compte_a_vue_bnppf,Compte à vue particulier (BNP Paribas Fortis vs ING),compte BNP,BNPPF,fr,2022-07-31,17
compte_a_vue_bnppf,Compte à vue particulier (BNP Paribas Fortis vs ING),compte BNP,BNPPF,fr,2022-08-07,18
compte_a_vue_bnppf,Compte à vue particulier (BNP Paribas Fortis vs ING),compte BNP,BNPPF,fr,2022-08-14,30
compte_a_vue_bnppf,Compte à vue particulier (BNP Paribas Fortis vs ING),compte BNP,BNPPF,fr,2022-08-21,38
compte_a_vue_bnppf,Compte à vue particulier (BNP Paribas Fortis vs ING),compte BNP,BNPPF,fr,2022-08-28,24
compte_a_vue_bnppf,Compte à vue particulier (BNP Paribas Fortis vs ING),compte BNP,BNPPF,fr,2022-09-04,41
compte_a_vue_bnppf,Compte à vue particulier (BNP Paribas Fortis vs ING),compte BNP,BNPPF,fr,2022-09-11,33
compte_a_vue_bnppf,Compte à vue particulier (BNP Paribas Fortis vs ING),compte BNP,BNPPF,fr,2022-09-18,25
compte_a_vue_bnppf,Compte à vue particulier (BNP Paribas Fortis vs ING),compte BNP,BNPPF,fr,2022-09-25,31
compte_a_vue_bnppf,Compte à vue particulier (BNP Paribas Fortis vs ING),compte BNP,BNPPF,fr,2022-10-02,30
compte_a_vue_bnppf,Compte à vue particulier (BNP Paribas Fortis vs ING),compte BNP,BNPPF,fr,2022-10-09,28
compte_a_vue_bnppf,Compte à vue particulier (BNP Paribas Fortis vs ING),compte BNP,BNPPF,fr,2022-10-16,36
compte_a_vue_bnppf,Compte à vue particulier (BNP Paribas Fortis vs ING),compte BNP,BNPPF,fr,2022-10-23,29
compte_a_vue_bnppf,Compte à vue particulier (BNP Paribas Fortis vs ING),compte BNP,BNPPF,fr,2022-10-30,27
compte_a_vue_bnppf,Compte à vue particulier (BNP Paribas Fortis vs ING),compte BNP,BNPPF,fr,2022-11-06,39
compte_a_vue_bnppf,Compte à vue particulier (BNP Paribas Fortis vs ING),compte BNP,BNPPF,fr,2022-11-13,26
compte_a_vue_bnppf,Compte à vue particulier (BNP Paribas Fortis vs ING),compte BNP,BNPPF,fr,2022-11-20,22
compte_a_vue_bnppf,Compte à vue particulier (BNP Paribas Fortis vs ING),compte BNP,BNPPF,fr,2022-11-27,18
compte_a_vue_bnppf,Compte à vue particulier (BNP Paribas Fortis vs ING),compte BNP,BNPPF,fr,2022-12-04,33
compte_a_vue_bnppf,Compte à vue particulier (BNP Paribas Fortis vs ING),compte BNP,BNPPF,fr,2022-12-11,30
compte_a_vue_bnppf,Compte à vue particulier (BNP Paribas Fortis vs ING),compte BNP,BNPPF,fr,2022-12-18,31
compte_a_vue_bnppf,Compte à vue particulier (BNP Paribas Fortis vs ING),compte BNP,BNPPF,fr,2022-12-25,32
compte_a_vue_bnppf,Compte à vue particulier (BNP Paribas Fortis vs ING),compte BNP,BNPPF,fr,2023-01-01,91
compte_a_vue_bnppf,Compte à vue particulier (BNP Paribas Fortis vs ING),compte BNP,BNPPF,fr,2023-01-08,54
compte_a_vue_bnppf,Compte à vue particulier (BNP Paribas Fortis vs ING),compte BNP,BNPPF,fr,2023-01-15,38
compte_a_vue_bnppf,Compte à vue particulier (BNP Paribas Fortis vs ING),compte BNP,BNPPF,fr,2023-01-22,36
compte_a_vue_bnppf,Compte à vue particulier (BNP Paribas Fortis vs ING),compte BNP,BNPPF,fr,2023-01-29,52
compte_a_vue_bnppf,Compte à vue particulier (BNP Paribas Fortis vs ING),compte BNP,BNPPF,fr,2023-02-05,40
compte_a_vue_bnppf,Compte à vue particulier (BNP Paribas Fortis vs ING),compte BNP,BNPPF,fr,2023-02-12,35
compte_a_vue_bnppf,Compte à vue particulier (BNP Paribas Fortis vs ING),compte BNP,BNPPF,fr,2023-02-19,55
compte_a_vue_bnppf,Compte à vue particulier (BNP Paribas Fortis vs ING),compte BNP,BNPPF,fr,2023-02-26,38
compte_a_vue_bnppf,Compte à vue particulier (BNP Paribas Fortis vs ING),compte BNP,BNPPF,fr,2023-03-05,44
compte_a_vue_bnppf,Compte à vue particulier (BNP Paribas Fortis vs ING),compte BNP,BNPPF,fr,2023-03-12,31
compte_a_vue_bnppf,Compte à vue particulier (BNP Paribas Fortis vs ING),compte BNP,BNPPF,fr,2023-03-19,34
compte_a_vue_bnppf,Compte à vue particulier (BNP Paribas Fortis vs ING),compte BNP,BNPPF,fr,2023-03-26,27
compte_a_vue_bnppf,Compte à vue particulier (BNP Paribas Fortis vs ING),compte BNP,BNPPF,fr,2023-04-02,38
compte_a_vue_bnppf,Compte à vue particulier (BNP Paribas Fortis vs ING),compte BNP,BNPPF,fr,2023-04-09,31
compte_a_vue_bnppf,Compte à vue particulier (BNP Paribas Fortis vs ING),compte BNP,BNPPF,fr,2023-04-16,28
compte_a_vue_bnppf,Compte à vue particulier (BNP Paribas Fortis vs ING),compte BNP,BNPPF,fr,2023-04-23,33
compte_a_vue_bnppf,Compte à vue particulier (BNP Paribas Fortis vs ING),compte BNP,BNPPF,fr,2023-04-30,30
compte_a_vue_bnppf,Compte à vue particulier (BNP Paribas Fortis vs ING),compte BNP,BNPPF,fr,2023-05-07,35
compte_a_vue_bnppf,Compte à vue particulier (BNP Paribas Fortis vs ING),compte BNP,BNPPF,fr,2023-05-14,27
compte_a_vue_bnppf,Compte à vue particulier (BNP Paribas Fortis vs ING),compte BNP,BNPPF,fr,2023-05-21,37
compte_a_vue_bnppf,Compte à vue particulier (BNP Paribas Fortis vs ING),compte BNP,BNPPF,fr,2023-05-28,28
compte_a_vue_bnppf,Compte à vue particulier (BNP Paribas Fortis vs ING),compte BNP,BNPPF,fr,2023-06-04,33
compte_a_vue_bnppf,Compte à vue particulier (BNP Paribas Fortis vs ING),compte BNP,BNPPF,fr,2023-06-11,31
compte_a_vue_bnppf,Compte à vue particulier (BNP Paribas Fortis vs ING),compte BNP,BNPPF,fr,2023-06-18,28
compte_a_vue_bnppf,Compte à vue particulier (BNP Paribas Fortis vs ING),compte BNP,BNPPF,fr,2023-06-25,28
compte_a_vue_bnppf,Compte à vue particulier (BNP Paribas Fortis vs ING),compte BNP,BNPPF,fr,2023-07-02,23
compte_a_vue_bnppf,Compte à vue particulier (BNP Paribas Fortis vs ING),compte BNP,BNPPF,fr,2023-07-09,30
compte_a_vue_bnppf,Compte à vue particulier (BNP Paribas Fortis vs ING),compte BNP,BNPPF,fr,2023-07-16,49
compte_a_vue_bnppf,Compte à vue particulier (BNP Paribas Fortis vs ING),compte BNP,BNPPF,fr,2023-07-23,24
compte_a_vue_bnppf,Compte à vue particulier (BNP Paribas Fortis vs ING),compte BNP,BNPPF,fr,2023-07-30,45
compte_a_vue_bnppf,Compte à vue particulier (BNP Paribas Fortis vs ING),compte BNP,BNPPF,fr,2023-08-06,34
compte_a_vue_bnppf,Compte à vue particulier (BNP Paribas Fortis vs ING),compte BNP,BNPPF,fr,2023-08-13,28
compte_a_vue_bnppf,Compte à vue particulier (BNP Paribas Fortis vs ING),compte BNP,BNPPF,fr,2023-08-20,72
compte_a_vue_bnppf,Compte à vue particulier (BNP Paribas Fortis vs ING),compte BNP,BNPPF,fr,2023-08-27,61
compte_a_vue_bnppf,Compte à vue particulier (BNP Paribas Fortis vs ING),compte BNP,BNPPF,fr,2023-09-03,41
compte_a_vue_bnppf,Compte à vue particulier (BNP Paribas Fortis vs ING),compte BNP,BNPPF,fr,2023-09-10,30
compte_a_vue_bnppf,Compte à vue particulier (BNP Paribas Fortis vs ING),compte BNP,BNPPF,fr,2023-09-17,39
compte_a_vue_bnppf,Compte à vue particulier (BNP Paribas Fortis vs ING),compte BNP,BNPPF,fr,2023-09-24,33
compte_a_vue_bnppf,Compte à vue particulier (BNP Paribas Fortis vs ING),compte BNP,BNPPF,fr,2023-10-01,49
compte_a_vue_bnppf,Compte à vue particulier (BNP Paribas Fortis vs ING),compte BNP,BNPPF,fr,2023-10-08,52
compte_a_vue_bnppf,Compte à vue particulier (BNP Paribas Fortis vs ING),compte BNP,BNPPF,fr,2023-10-15,37
compte_a_vue_bnppf,Compte à vue particulier (BNP Paribas Fortis vs ING),compte BNP,BNPPF,fr,2023-10-22,57
compte_a_vue_bnppf,Compte à vue particulier (BNP Paribas Fortis vs ING),compte BNP,BNPPF,fr,2023-10-29,43
compte_a_vue_bnppf,Compte à vue particulier (BNP Paribas Fortis vs ING),compte BNP,BNPPF,fr,2023-11-05,45
compte_a_vue_bnppf,Compte à vue particulier (BNP Paribas Fortis vs ING),compte BNP,BNPPF,fr,2023-11-12,39
compte_a_vue_bnppf,Compte à vue particulier (BNP Paribas Fortis vs ING),compte BNP,BNPPF,fr,2023-11-19,30
compte_a_vue_bnppf,Compte à vue particulier (BNP Paribas Fortis vs ING),compte BNP,BNPPF,fr,2023-11-26,41
compte_a_vue_bnppf,Compte à vue particulier (BNP Paribas Fortis vs ING),compte BNP,BNPPF,fr,2023-12-03,34
compte_a_vue_bnppf,Compte à vue particulier (BNP Paribas Fortis vs ING),compte BNP,BNPPF,fr,2023-12-10,43
compte_a_vue_bnppf,Compte à vue particulier (BNP Paribas Fortis vs ING),compte BNP,BNPPF,fr,2023-12-17,38
compte_a_vue_bnppf,Compte à vue particulier (BNP Paribas Fortis vs ING),compte BNP,BNPPF,fr,2023-12-24,42
compte_a_vue_bnppf,Compte à vue particulier (BNP Paribas Fortis vs ING),compte BNP,BNPPF,fr,2023-12-31,49
compte_a_vue_bnppf,Compte à vue particulier (BNP Paribas Fortis vs ING),compte BNP,BNPPF,fr,2024-01-07,47
compte_a_vue_bnppf,Compte à vue particulier (BNP Paribas Fortis vs ING),compte BNP,BNPPF,fr,2024-01-14,46
compte_a_vue_bnppf,Compte à vue particulier (BNP Paribas Fortis vs ING),compte BNP,BNPPF,fr,2024-01-21,100
compte_a_vue_bnppf,Compte à vue particulier (BNP Paribas Fortis vs ING),compte BNP,BNPPF,fr,2024-01-28,62
compte_a_vue_bnppf,Compte à vue particulier (BNP Paribas Fortis vs ING),compte BNP,BNPPF,fr,2024-02-04,61
compte_a_vue_bnppf,Compte à vue particulier (BNP Paribas Fortis vs ING),compte BNP,BNPPF,fr,2024-02-11,61
compte_a_vue_bnppf,Compte à vue particulier (BNP Paribas Fortis vs ING),compte BNP,BNPPF,fr,2024-02-18,56
compte_a_vue_bnppf,Compte à vue particulier (BNP Paribas Fortis vs ING),compte BNP,BNPPF,fr,2024-02-25,44
compte_a_vue_bnppf,Compte à vue particulier (BNP Paribas Fortis vs ING),compte BNP,BNPPF,fr,2024-03-03,53
compte_a_vue_bnppf,Compte à vue particulier (BNP Paribas Fortis vs ING),compte BNP,BNPPF,fr,2024-03-10,39
compte_a_vue_bnppf,Compte à vue particulier (BNP Paribas Fortis vs ING),compte BNP,BNPPF,fr,2024-03-17,38
compte_a_vue_bnppf,Compte à vue particulier (BNP Paribas Fortis vs ING),compte BNP,BNPPF,fr,2024-03-24,46
compte_a_vue_bnppf,Compte à vue particulier (BNP Paribas Fortis vs ING),compte BNP,BNPPF,fr,2024-03-31,49
compte_a_vue_bnppf,Compte à vue particulier (BNP Paribas Fortis vs ING),compte BNP,BNPPF,fr,2024-04-07,45
compte_a_vue_bnppf,Compte à vue particulier (BNP Paribas Fortis vs ING),compte BNP,BNPPF,fr,2024-04-14,39
compte_a_vue_bnppf,Compte à vue particulier (BNP Paribas Fortis vs ING),compte BNP,BNPPF,fr,2024-04-21,32
compte_a_vue_bnppf,Compte à vue particulier (BNP Paribas Fortis vs ING),compte BNP,BNPPF,fr,2024-04-28,31
compte_a_vue_bnppf,Compte à vue particulier (BNP Paribas Fortis vs ING),compte BNP,BNPPF,fr,2024-05-05,25
compte_a_vue_bnppf,Compte à vue particulier (BNP Paribas Fortis vs ING),compte BNP,BNPPF,fr,2024-05-12,47
compte_a_vue_bnppf,Compte à vue particulier (BNP Paribas Fortis vs ING),compte BNP,BNPPF,fr,2024-05-19,33
compte_a_vue_bnppf,Compte à vue particulier (BNP Paribas Fortis vs ING),compte BNP,BNPPF,fr,2024-05-26,50
compte_a_vue_bnppf,Compte à vue particulier (BNP Paribas Fortis vs ING),compte BNP,BNPPF,fr,2024-06-02,39
compte_a_vue_bnppf,Compte à vue particulier (BNP Paribas Fortis vs ING),compte BNP,BNPPF,fr,2024-06-09,31
compte_a_vue_bnppf,Compte à vue particulier (BNP Paribas Fortis vs ING),compte BNP,BNPPF,fr,2024-06-16,42
compte_a_vue_bnppf,Compte à vue particulier (BNP Paribas Fortis vs ING),compte BNP,BNPPF,fr,2024-06-23,41
compte_a_vue_bnppf,Compte à vue particulier (BNP Paribas Fortis vs ING),compte BNP,BNPPF,fr,2024-06-30,47
compte_a_vue_bnppf,Compte à vue particulier (BNP Paribas Fortis vs ING),compte BNP,BNPPF,fr,2024-07-07,38
compte_a_vue_bnppf,Compte à vue particulier (BNP Paribas Fortis vs ING),compte BNP,BNPPF,fr,2024-07-14,33
compte_a_vue_bnppf,Compte à vue particulier (BNP Paribas Fortis vs ING),compte BNP,BNPPF,fr,2024-07-21,49
compte_a_vue_bnppf,Compte à vue particulier (BNP Paribas Fortis vs ING),compte BNP,BNPPF,fr,2024-07-28,29
compte_a_vue_bnppf,Compte à vue particulier (BNP Paribas Fortis vs ING),compte BNP,BNPPF,fr,2024-08-04,42
compte_a_vue_bnppf,Compte à vue particulier (BNP Paribas Fortis vs ING),compte BNP,BNPPF,fr,2024-08-11,42
compte_a_vue_bnppf,Compte à vue particulier (BNP Paribas Fortis vs ING),compte BNP,BNPPF,fr,2024-08-18,39
compte_a_vue_bnppf,Compte à vue particulier (BNP Paribas Fortis vs ING),compte BNP,BNPPF,fr,2024-08-25,81
compte_a_vue_bnppf,Compte à vue particulier (BNP Paribas Fortis vs ING),compte BNP,BNPPF,fr,2024-09-01,96
compte_a_vue_bnppf,Compte à vue particulier (BNP Paribas Fortis vs ING),compte BNP,BNPPF,fr,2024-09-08,62
compte_a_vue_bnppf,Compte à vue particulier (BNP Paribas Fortis vs ING),compte BNP,BNPPF,fr,2024-09-15,49
compte_a_vue_bnppf,Compte à vue particulier (BNP Paribas Fortis vs ING),compte BNP,BNPPF,fr,2024-09-22,49
compte_a_vue_bnppf,Compte à vue particulier (BNP Paribas Fortis vs ING),compte BNP,BNPPF,fr,2024-09-29,46
compte_a_vue_bnppf,Compte à vue particulier (BNP Paribas Fortis vs ING),compte BNP,BNPPF,fr,2024-10-06,42
compte_a_vue_bnppf,Compte à vue particulier (BNP Paribas Fortis vs ING),compte BNP,BNPPF,fr,2024-10-13,51
compte_a_vue_bnppf,Compte à vue particulier (BNP Paribas Fortis vs ING),compte BNP,BNPPF,fr,2024-10-20,45
compte_a_vue_bnppf,Compte à vue particulier (BNP Paribas Fortis vs ING),compte BNP,BNPPF,fr,2024-10-27,42
compte_a_vue_bnppf,Compte à vue particulier (BNP Paribas Fortis vs ING),compte BNP,BNPPF,fr,2024-11-03,47
compte_a_vue_bnppf,Compte à vue particulier (BNP Paribas Fortis vs ING),compte BNP,BNPPF,fr,2024-11-10,39
compte_a_vue_bnppf,Compte à vue particulier (BNP Paribas Fortis vs ING),compte BNP,BNPPF,fr,2024-11-17,34
compte_a_vue_bnppf,Compte à vue particulier (BNP Paribas Fortis vs ING),compte BNP,BNPPF,fr,2024-11-24,36
compte_a_vue_bnppf,Compte à vue particulier (BNP Paribas Fortis vs ING),compte BNP,BNPPF,fr,2024-12-01,48
compte_a_vue_bnppf,Compte à vue particulier (BNP Paribas Fortis vs ING),compte BNP,BNPPF,fr,2024-12-08,48
compte_a_vue_bnppf,Compte à vue particulier (BNP Paribas Fortis vs ING),compte BNP,BNPPF,fr,2024-12-15,50
compte_a_vue_bnppf,Compte à vue particulier (BNP Paribas Fortis vs ING),compte BNP,BNPPF,fr,2024-12-22,45
compte_a_vue_bnppf,Compte à vue particulier (BNP Paribas Fortis vs ING),compte BNP,BNPPF,fr,2024-12-29,54
compte_a_vue_bnppf,Compte à vue particulier (BNP Paribas Fortis vs ING),compte BNP,BNPPF,fr,2025-01-05,68
compte_a_vue_bnppf,Compte à vue particulier (BNP Paribas Fortis vs ING),compte BNP,BNPPF,fr,2025-01-12,38
compte_a_vue_bnppf,Compte à vue particulier (BNP Paribas Fortis vs ING),compte BNP,BNPPF,fr,2025-01-19,42
compte_a_vue_bnppf,Compte à vue particulier (BNP Paribas Fortis vs ING),compte BNP,BNPPF,fr,2025-01-26,48
compte_a_vue_bnppf,Compte à vue particulier (BNP Paribas Fortis vs ING),compte BNP,BNPPF,fr,2025-02-02,38
compte_a_vue_bnppf,Compte à vue particulier (BNP Paribas Fortis vs ING),compte BNP,BNPPF,fr,2025-02-09,23
compte_a_vue_bnppf,Compte à vue particulier (BNP Paribas Fortis vs ING),compte BNP,BNPPF,fr,2025-02-16,33
compte_a_vue_bnppf,Compte à vue particulier (BNP Paribas Fortis vs ING),compte BNP,BNPPF,fr,2025-02-23,38
compte_a_vue_bnppf,Compte à vue particulier (BNP Paribas Fortis vs ING),compte BNP,BNPPF,fr,2025-03-02,41
compte_a_vue_bnppf,Compte à vue particulier (BNP Paribas Fortis vs ING),compte BNP,BNPPF,fr,2025-03-09,42
compte_a_vue_bnppf,Compte à vue particulier (BNP Paribas Fortis vs ING),compte BNP,BNPPF,fr,2025-03-16,37
compte_a_vue_bnppf,Compte à vue particulier (BNP Paribas Fortis vs ING),compte BNP,BNPPF,fr,2025-03-23,23
compte_a_vue_bnppf,Compte à vue particulier (BNP Paribas Fortis vs ING),compte BNP,BNPPF,fr,2025-03-30,38
compte_a_vue_bnppf,Compte à vue particulier (BNP Paribas Fortis vs ING),compte BNP,BNPPF,fr,2025-04-06,39
compte_a_vue_bnppf,Compte à vue particulier (BNP Paribas Fortis vs ING),compte BNP,BNPPF,fr,2025-04-13,35
compte_a_vue_bnppf,Compte à vue particulier (BNP Paribas Fortis vs ING),compte BNP,BNPPF,fr,2025-04-20,42
compte_a_vue_bnppf,Compte à vue particulier (BNP Paribas Fortis vs ING),compte BNP,BNPPF,fr,2025-04-27,30
compte_a_vue_bnppf,Compte à vue particulier (BNP Paribas Fortis vs ING),compte BNP,BNPPF,fr,2025-05-04,39
compte_a_vue_bnppf,Compte à vue particulier (BNP Paribas Fortis vs ING),compte BNP,BNPPF,fr,2025-05-11,25
compte_a_vue_bnppf,Compte à vue particulier (BNP Paribas Fortis vs ING),compte BNP,BNPPF,fr,2025-05-18,36
compte_a_vue_bnppf,Compte à vue particulier (BNP Paribas Fortis vs ING),compte BNP,BNPPF,fr,2025-05-25,41
compte_a_vue_bnppf,Compte à vue particulier (BNP Paribas Fortis vs ING),compte BNP,BNPPF,fr,2025-06-01,38
compte_a_vue_bnppf,Compte à vue particulier (BNP Paribas Fortis vs ING),compte BNP,BNPPF,fr,2025-06-08,34
compte_a_vue_bnppf,Compte à vue particulier (BNP Paribas Fortis vs ING),compte BNP,BNPPF,fr,2025-06-15,23
compte_a_vue_bnppf,Compte à vue particulier (BNP Paribas Fortis vs ING),compte BNP,BNPPF,fr,2025-06-22,36
compte_a_vue_bnppf,Compte à vue particulier (BNP Paribas Fortis vs ING),compte BNP,BNPPF,fr,2025-06-29,42
compte_a_vue_bnppf,Compte à vue particulier (BNP Paribas Fortis vs ING),compte BNP,BNPPF,fr,2025-07-06,38
compte_a_vue_bnppf,Compte à vue particulier (BNP Paribas Fortis vs ING),compte BNP,BNPPF,fr,2025-07-13,41
compte_a_vue_bnppf,Compte à vue particulier (BNP Paribas Fortis vs ING),compte BNP,BNPPF,fr,2025-07-20,31
compte_a_vue_bnppf,Compte à vue particulier (BNP Paribas Fortis vs ING),compte BNP,BNPPF,fr,2025-07-27,40
compte_a_vue_bnppf,Compte à vue particulier (BNP Paribas Fortis vs ING),compte BNP,BNPPF,fr,2025-08-03,40
compte_a_vue_bnppf,Compte à vue particulier (BNP Paribas Fortis vs ING),compte BNP,BNPPF,fr,2025-08-10,39
compte_a_vue_bnppf,Compte à vue particulier (BNP Paribas Fortis vs ING),compte BNP,BNPPF,fr,2025-08-17,43
compte_a_vue_bnppf,Compte à vue particulier (BNP Paribas Fortis vs ING),compte BNP,BNPPF,fr,2025-08-24,36
compte_a_vue_bnppf,Compte à vue particulier (BNP Paribas Fortis vs ING),compte BNP,BNPPF,fr,2025-08-31,56
compte_a_vue_bnppf,Compte à vue particulier (BNP Paribas Fortis vs ING),compte BNP,BNPPF,fr,2025-09-07,36
compte_a_vue_bnppf,Compte à vue particulier (BNP Paribas Fortis vs ING),compte BNP,BNPPF,fr,2025-09-14,48
compte_a_vue_bnppf,Compte à vue particulier (BNP Paribas Fortis vs ING),compte BNP,BNPPF,fr,2025-09-21,39
compte_a_vue_bnppf,Compte à vue particulier (BNP Paribas Fortis vs ING),compte BNP,BNPPF,fr,2025-09-28,44
compte_a_vue_bnppf,Compte à vue particulier (BNP Paribas Fortis vs ING),compte BNP,BNPPF,fr,2025-10-05,31
compte_a_vue_bnppf,Compte à vue particulier (BNP Paribas Fortis vs ING),compte BNP,BNPPF,fr,2025-10-12,38
compte_a_vue_bnppf,Compte à vue particulier (BNP Paribas Fortis vs ING),compte BNP,BNPPF,fr,2025-10-19,39
compte_a_vue_bnppf,Compte à vue particulier (BNP Paribas Fortis vs ING),compte BNP,BNPPF,fr,2025-10-26,48
compte_a_vue_bnppf,Compte à vue particulier (BNP Paribas Fortis vs ING),compte BNP,BNPPF,fr,2025-11-02,41
compte_a_vue_bnppf,Compte à vue particulier (BNP Paribas Fortis vs ING),compte BNP,BNPPF,fr,2025-11-09,32
compte_a_vue_bnppf,Compte à vue particulier (BNP Paribas Fortis vs ING),compte BNP,BNPPF,fr,2025-11-16,33
compte_a_vue_bnppf,Compte à vue particulier (BNP Paribas Fortis vs ING),compte BNP,BNPPF,fr,2025-11-23,33
compte_a_vue_bnppf,Compte à vue particulier (BNP Paribas Fortis vs ING),compte BNP,BNPPF,fr,2025-11-30,42
compte_a_vue_bnppf,Compte à vue particulier (BNP Paribas Fortis vs ING),compte BNP,BNPPF,fr,2025-12-07,43
compte_a_vue_bnppf,Compte à vue particulier (BNP Paribas Fortis vs ING),compte BNP,BNPPF,fr,2025-12-14,26
compte_a_vue_bnppf,Compte à vue particulier (BNP Paribas Fortis vs ING),compte BNP,BNPPF,fr,2025-12-21,26
compte_a_vue_bnppf,Compte à vue particulier (BNP Paribas Fortis vs ING),compte BNP,BNPPF,fr,2025-12-28,57
compte_a_vue_bnppf,Compte à vue particulier (BNP Paribas Fortis vs ING),compte BNP,BNPPF,fr,2026-01-04,46
compte_a_vue_bnppf,Compte à vue particulier (BNP Paribas Fortis vs ING),compte BNP,BNPPF,fr,2026-01-11,34
compte_a_vue_bnppf,Compte à vue particulier (BNP Paribas Fortis vs ING),compte BNP,BNPPF,fr,2026-01-18,43
compte_a_vue_bnppf,Compte à vue particulier (BNP Paribas Fortis vs ING),compte BNP,BNPPF,fr,2026-01-25,39
compte_a_vue_bnppf,Compte à vue particulier (BNP Paribas Fortis vs ING),compte BNP,BNPPF,fr,2026-02-01,38
compte_a_vue_bnppf,Compte à vue particulier (BNP Paribas Fortis vs ING),compte BNP,BNPPF,fr,2026-02-08,42
compte_a_vue_bnppf,Compte à vue particulier (BNP Paribas Fortis vs ING),compte BNP,BNPPF,fr,2026-02-15,38
compte_a_vue_bnppf,Compte à vue particulier (BNP Paribas Fortis vs ING),compte BNP,BNPPF,fr,2026-02-22,29
compte_a_vue_bnppf,Compte à vue particulier (BNP Paribas Fortis vs ING),compte BNP,BNPPF,fr,2026-03-01,38
compte_a_vue_bnppf,Compte à vue particulier (BNP Paribas Fortis vs ING),compte BNP,BNPPF,fr,2026-03-08,28
compte_a_vue_bnppf,Compte à vue particulier (BNP Paribas Fortis vs ING),compte BNP,BNPPF,fr,2026-03-15,29
compte_a_vue_bnppf,Compte à vue particulier (BNP Paribas Fortis vs ING),compte BNP,BNPPF,fr,2026-03-22,27
compte_a_vue_bnppf,Compte à vue particulier (BNP Paribas Fortis vs ING),compte BNP,BNPPF,fr,2026-03-29,44
compte_a_vue_bnppf,Compte à vue particulier (BNP Paribas Fortis vs ING),compte BNP,BNPPF,fr,2026-04-05,34
compte_a_vue_bnppf,Compte à vue particulier (BNP Paribas Fortis vs ING),compte BNP,BNPPF,fr,2026-04-12,34
compte_a_vue_bnppf,Compte à vue particulier (BNP Paribas Fortis vs ING),compte BNP,BNPPF,fr,2026-04-19,42
compte_a_vue_bnppf,Compte à vue particulier (BNP Paribas Fortis vs ING),compte BNP,BNPPF,fr,2026-04-26,32
compte_a_vue_bnppf,Compte à vue particulier (BNP Paribas Fortis vs ING),compte BNP,BNPPF,fr,2026-05-03,100
compte_a_vue_bnppf,Compte à vue particulier (BNP Paribas Fortis vs ING),compte BNP,BNPPF,fr,2026-05-10,33
compte_a_vue_bnppf,Compte à vue particulier (BNP Paribas Fortis vs ING),compte BNP,BNPPF,fr,2026-05-17,38
compte_a_vue_bnppf,Compte à vue particulier (BNP Paribas Fortis vs ING),compte BNP,BNPPF,fr,2026-05-24,39
compte_a_vue_bnppf,Compte à vue particulier (BNP Paribas Fortis vs ING),compte BNP,BNPPF,fr,2026-05-31,37
compte_a_vue_bnppf,Compte à vue particulier (BNP Paribas Fortis vs ING),compte BNP,BNPPF,fr,2026-06-07,42
compte_a_vue_bnppf,Compte à vue particulier (BNP Paribas Fortis vs ING),compte BNP,BNPPF,fr,2026-06-14,37
compte_a_vue_bnppf,Compte à vue particulier (BNP Paribas Fortis vs ING),compte BNP,BNPPF,fr,2026-06-21,31
compte_a_vue_bnppf,Compte à vue particulier (BNP Paribas Fortis vs ING),compte BNP,BNPPF,fr,2026-06-28,37
compte_a_vue_bnppf,Compte à vue particulier (BNP Paribas Fortis vs ING),compte BNP,BNPPF,fr,2026-07-05,31
compte_a_vue_bnppf,Compte à vue particulier (BNP Paribas Fortis vs ING),compte BNP,BNPPF,fr,2026-07-12,37
compte_a_vue_bnppf,Compte à vue particulier (BNP Paribas Fortis vs ING),compte BNP,BNPPF,fr,2026-07-19,26
compte_a_vue_bnppf,Compte à vue particulier (BNP Paribas Fortis vs ING),compte BNP,BNPPF,fr,2026-07-26,52
compte_a_vue_bnppf,Compte à vue particulier (BNP Paribas Fortis vs ING),compte BNP,BNPPF,fr,2026-08-02,40
compte_a_vue_bnppf,Compte à vue particulier (BNP Paribas Fortis vs ING),compte BNP,BNPPF,fr,2026-08-09,31
compte_a_vue_bnppf,Compte à vue particulier (BNP Paribas Fortis vs ING),compte BNP,BNPPF,fr,2026-08-16,24
compte_a_vue_bnppf,Compte à vue particulier (BNP Paribas Fortis vs ING),compte BNP,BNPPF,fr,2026-08-23,25
compte_a_vue_bnppf,Compte à vue particulier (BNP Paribas Fortis vs ING),compte BNP,BNPPF,fr,2026-08-30,51
compte_a_vue_bnppf,Compte à vue particulier (BNP Paribas Fortis vs ING),compte BNP,BNPPF,fr,2026-09-06,43
compte_a_vue_bnppf,Compte à vue particulier (BNP Paribas Fortis vs ING),compte BNP,BNPPF,fr,2026-09-13,33
contexte_integration_bnppf_bpost,Contexte — intégration de bpost banque dans BNP Paribas Fortis (janvier 2024),/m/07sc3dj,BNPPF,multi,2021-09-12,61
contexte_integration_bnppf_bpost,Contexte — intégration de bpost banque dans BNP Paribas Fortis (janvier 2024),/m/07sc3dj,BNPPF,multi,2021-09-19,59
contexte_integration_bnppf_bpost,Contexte — intégration de bpost banque dans BNP Paribas Fortis (janvier 2024),/m/07sc3dj,BNPPF,multi,2021-09-26,59
contexte_integration_bnppf_bpost,Contexte — intégration de bpost banque dans BNP Paribas Fortis (janvier 2024),/m/07sc3dj,BNPPF,multi,2021-10-03,60
contexte_integration_bnppf_bpost,Contexte — intégration de bpost banque dans BNP Paribas Fortis (janvier 2024),/m/07sc3dj,BNPPF,multi,2021-10-10,58
contexte_integration_bnppf_bpost,Contexte — intégration de bpost banque dans BNP Paribas Fortis (janvier 2024),/m/07sc3dj,BNPPF,multi,2021-10-17,53
contexte_integration_bnppf_bpost,Contexte — intégration de bpost banque dans BNP Paribas Fortis (janvier 2024),/m/07sc3dj,BNPPF,multi,2021-10-24,58
contexte_integration_bnppf_bpost,Contexte — intégration de bpost banque dans BNP Paribas Fortis (janvier 2024),/m/07sc3dj,BNPPF,multi,2021-10-31,58
contexte_integration_bnppf_bpost,Contexte — intégration de bpost banque dans BNP Paribas Fortis (janvier 2024),/m/07sc3dj,BNPPF,multi,2021-11-07,56
contexte_integration_bnppf_bpost,Contexte — intégration de bpost banque dans BNP Paribas Fortis (janvier 2024),/m/07sc3dj,BNPPF,multi,2021-11-14,52
contexte_integration_bnppf_bpost,Contexte — intégration de bpost banque dans BNP Paribas Fortis (janvier 2024),/m/07sc3dj,BNPPF,multi,2021-11-21,54
contexte_integration_bnppf_bpost,Contexte — intégration de bpost banque dans BNP Paribas Fortis (janvier 2024),/m/07sc3dj,BNPPF,multi,2021-11-28,57
contexte_integration_bnppf_bpost,Contexte — intégration de bpost banque dans BNP Paribas Fortis (janvier 2024),/m/07sc3dj,BNPPF,multi,2021-12-05,69
contexte_integration_bnppf_bpost,Contexte — intégration de bpost banque dans BNP Paribas Fortis (janvier 2024),/m/07sc3dj,BNPPF,multi,2021-12-12,83
contexte_integration_bnppf_bpost,Contexte — intégration de bpost banque dans BNP Paribas Fortis (janvier 2024),/m/07sc3dj,BNPPF,multi,2021-12-19,66
contexte_integration_bnppf_bpost,Contexte — intégration de bpost banque dans BNP Paribas Fortis (janvier 2024),/m/07sc3dj,BNPPF,multi,2021-12-26,76
contexte_integration_bnppf_bpost,Contexte — intégration de bpost banque dans BNP Paribas Fortis (janvier 2024),/m/07sc3dj,BNPPF,multi,2022-01-02,81
contexte_integration_bnppf_bpost,Contexte — intégration de bpost banque dans BNP Paribas Fortis (janvier 2024),/m/07sc3dj,BNPPF,multi,2022-01-09,77
contexte_integration_bnppf_bpost,Contexte — intégration de bpost banque dans BNP Paribas Fortis (janvier 2024),/m/07sc3dj,BNPPF,multi,2022-01-16,71
contexte_integration_bnppf_bpost,Contexte — intégration de bpost banque dans BNP Paribas Fortis (janvier 2024),/m/07sc3dj,BNPPF,multi,2022-01-23,66
contexte_integration_bnppf_bpost,Contexte — intégration de bpost banque dans BNP Paribas Fortis (janvier 2024),/m/07sc3dj,BNPPF,multi,2022-01-30,79
contexte_integration_bnppf_bpost,Contexte — intégration de bpost banque dans BNP Paribas Fortis (janvier 2024),/m/07sc3dj,BNPPF,multi,2022-02-06,67
contexte_integration_bnppf_bpost,Contexte — intégration de bpost banque dans BNP Paribas Fortis (janvier 2024),/m/07sc3dj,BNPPF,multi,2022-02-13,60
contexte_integration_bnppf_bpost,Contexte — intégration de bpost banque dans BNP Paribas Fortis (janvier 2024),/m/07sc3dj,BNPPF,multi,2022-02-20,62
contexte_integration_bnppf_bpost,Contexte — intégration de bpost banque dans BNP Paribas Fortis (janvier 2024),/m/07sc3dj,BNPPF,multi,2022-02-27,72
contexte_integration_bnppf_bpost,Contexte — intégration de bpost banque dans BNP Paribas Fortis (janvier 2024),/m/07sc3dj,BNPPF,multi,2022-03-06,71
contexte_integration_bnppf_bpost,Contexte — intégration de bpost banque dans BNP Paribas Fortis (janvier 2024),/m/07sc3dj,BNPPF,multi,2022-03-13,67
contexte_integration_bnppf_bpost,Contexte — intégration de bpost banque dans BNP Paribas Fortis (janvier 2024),/m/07sc3dj,BNPPF,multi,2022-03-20,70
contexte_integration_bnppf_bpost,Contexte — intégration de bpost banque dans BNP Paribas Fortis (janvier 2024),/m/07sc3dj,BNPPF,multi,2022-03-27,72
contexte_integration_bnppf_bpost,Contexte — intégration de bpost banque dans BNP Paribas Fortis (janvier 2024),/m/07sc3dj,BNPPF,multi,2022-04-03,74
contexte_integration_bnppf_bpost,Contexte — intégration de bpost banque dans BNP Paribas Fortis (janvier 2024),/m/07sc3dj,BNPPF,multi,2022-04-10,61
contexte_integration_bnppf_bpost,Contexte — intégration de bpost banque dans BNP Paribas Fortis (janvier 2024),/m/07sc3dj,BNPPF,multi,2022-04-17,62
contexte_integration_bnppf_bpost,Contexte — intégration de bpost banque dans BNP Paribas Fortis (janvier 2024),/m/07sc3dj,BNPPF,multi,2022-04-24,84
contexte_integration_bnppf_bpost,Contexte — intégration de bpost banque dans BNP Paribas Fortis (janvier 2024),/m/07sc3dj,BNPPF,multi,2022-05-01,72
contexte_integration_bnppf_bpost,Contexte — intégration de bpost banque dans BNP Paribas Fortis (janvier 2024),/m/07sc3dj,BNPPF,multi,2022-05-08,67
contexte_integration_bnppf_bpost,Contexte — intégration de bpost banque dans BNP Paribas Fortis (janvier 2024),/m/07sc3dj,BNPPF,multi,2022-05-15,61
contexte_integration_bnppf_bpost,Contexte — intégration de bpost banque dans BNP Paribas Fortis (janvier 2024),/m/07sc3dj,BNPPF,multi,2022-05-22,61
contexte_integration_bnppf_bpost,Contexte — intégration de bpost banque dans BNP Paribas Fortis (janvier 2024),/m/07sc3dj,BNPPF,multi,2022-05-29,69
contexte_integration_bnppf_bpost,Contexte — intégration de bpost banque dans BNP Paribas Fortis (janvier 2024),/m/07sc3dj,BNPPF,multi,2022-06-05,69
contexte_integration_bnppf_bpost,Contexte — intégration de bpost banque dans BNP Paribas Fortis (janvier 2024),/m/07sc3dj,BNPPF,multi,2022-06-12,70
contexte_integration_bnppf_bpost,Contexte — intégration de bpost banque dans BNP Paribas Fortis (janvier 2024),/m/07sc3dj,BNPPF,multi,2022-06-19,72
contexte_integration_bnppf_bpost,Contexte — intégration de bpost banque dans BNP Paribas Fortis (janvier 2024),/m/07sc3dj,BNPPF,multi,2022-06-26,78
contexte_integration_bnppf_bpost,Contexte — intégration de bpost banque dans BNP Paribas Fortis (janvier 2024),/m/07sc3dj,BNPPF,multi,2022-07-03,79
contexte_integration_bnppf_bpost,Contexte — intégration de bpost banque dans BNP Paribas Fortis (janvier 2024),/m/07sc3dj,BNPPF,multi,2022-07-10,70
contexte_integration_bnppf_bpost,Contexte — intégration de bpost banque dans BNP Paribas Fortis (janvier 2024),/m/07sc3dj,BNPPF,multi,2022-07-17,62
contexte_integration_bnppf_bpost,Contexte — intégration de bpost banque dans BNP Paribas Fortis (janvier 2024),/m/07sc3dj,BNPPF,multi,2022-07-24,67
contexte_integration_bnppf_bpost,Contexte — intégration de bpost banque dans BNP Paribas Fortis (janvier 2024),/m/07sc3dj,BNPPF,multi,2022-07-31,79
contexte_integration_bnppf_bpost,Contexte — intégration de bpost banque dans BNP Paribas Fortis (janvier 2024),/m/07sc3dj,BNPPF,multi,2022-08-07,76
contexte_integration_bnppf_bpost,Contexte — intégration de bpost banque dans BNP Paribas Fortis (janvier 2024),/m/07sc3dj,BNPPF,multi,2022-08-14,66
contexte_integration_bnppf_bpost,Contexte — intégration de bpost banque dans BNP Paribas Fortis (janvier 2024),/m/07sc3dj,BNPPF,multi,2022-08-21,71
contexte_integration_bnppf_bpost,Contexte — intégration de bpost banque dans BNP Paribas Fortis (janvier 2024),/m/07sc3dj,BNPPF,multi,2022-08-28,74
contexte_integration_bnppf_bpost,Contexte — intégration de bpost banque dans BNP Paribas Fortis (janvier 2024),/m/07sc3dj,BNPPF,multi,2022-09-04,73
contexte_integration_bnppf_bpost,Contexte — intégration de bpost banque dans BNP Paribas Fortis (janvier 2024),/m/07sc3dj,BNPPF,multi,2022-09-11,72
contexte_integration_bnppf_bpost,Contexte — intégration de bpost banque dans BNP Paribas Fortis (janvier 2024),/m/07sc3dj,BNPPF,multi,2022-09-18,75
contexte_integration_bnppf_bpost,Contexte — intégration de bpost banque dans BNP Paribas Fortis (janvier 2024),/m/07sc3dj,BNPPF,multi,2022-09-25,73
contexte_integration_bnppf_bpost,Contexte — intégration de bpost banque dans BNP Paribas Fortis (janvier 2024),/m/07sc3dj,BNPPF,multi,2022-10-02,64
contexte_integration_bnppf_bpost,Contexte — intégration de bpost banque dans BNP Paribas Fortis (janvier 2024),/m/07sc3dj,BNPPF,multi,2022-10-09,54
contexte_integration_bnppf_bpost,Contexte — intégration de bpost banque dans BNP Paribas Fortis (janvier 2024),/m/07sc3dj,BNPPF,multi,2022-10-16,55
contexte_integration_bnppf_bpost,Contexte — intégration de bpost banque dans BNP Paribas Fortis (janvier 2024),/m/07sc3dj,BNPPF,multi,2022-10-23,62
contexte_integration_bnppf_bpost,Contexte — intégration de bpost banque dans BNP Paribas Fortis (janvier 2024),/m/07sc3dj,BNPPF,multi,2022-10-30,55
contexte_integration_bnppf_bpost,Contexte — intégration de bpost banque dans BNP Paribas Fortis (janvier 2024),/m/07sc3dj,BNPPF,multi,2022-11-06,53
contexte_integration_bnppf_bpost,Contexte — intégration de bpost banque dans BNP Paribas Fortis (janvier 2024),/m/07sc3dj,BNPPF,multi,2022-11-13,61
contexte_integration_bnppf_bpost,Contexte — intégration de bpost banque dans BNP Paribas Fortis (janvier 2024),/m/07sc3dj,BNPPF,multi,2022-11-20,50
contexte_integration_bnppf_bpost,Contexte — intégration de bpost banque dans BNP Paribas Fortis (janvier 2024),/m/07sc3dj,BNPPF,multi,2022-11-27,53
contexte_integration_bnppf_bpost,Contexte — intégration de bpost banque dans BNP Paribas Fortis (janvier 2024),/m/07sc3dj,BNPPF,multi,2022-12-04,59
contexte_integration_bnppf_bpost,Contexte — intégration de bpost banque dans BNP Paribas Fortis (janvier 2024),/m/07sc3dj,BNPPF,multi,2022-12-11,59
contexte_integration_bnppf_bpost,Contexte — intégration de bpost banque dans BNP Paribas Fortis (janvier 2024),/m/07sc3dj,BNPPF,multi,2022-12-18,63
contexte_integration_bnppf_bpost,Contexte — intégration de bpost banque dans BNP Paribas Fortis (janvier 2024),/m/07sc3dj,BNPPF,multi,2022-12-25,55
contexte_integration_bnppf_bpost,Contexte — intégration de bpost banque dans BNP Paribas Fortis (janvier 2024),/m/07sc3dj,BNPPF,multi,2023-01-01,63
contexte_integration_bnppf_bpost,Contexte — intégration de bpost banque dans BNP Paribas Fortis (janvier 2024),/m/07sc3dj,BNPPF,multi,2023-01-08,56
contexte_integration_bnppf_bpost,Contexte — intégration de bpost banque dans BNP Paribas Fortis (janvier 2024),/m/07sc3dj,BNPPF,multi,2023-01-15,61
contexte_integration_bnppf_bpost,Contexte — intégration de bpost banque dans BNP Paribas Fortis (janvier 2024),/m/07sc3dj,BNPPF,multi,2023-01-22,55
contexte_integration_bnppf_bpost,Contexte — intégration de bpost banque dans BNP Paribas Fortis (janvier 2024),/m/07sc3dj,BNPPF,multi,2023-01-29,63
contexte_integration_bnppf_bpost,Contexte — intégration de bpost banque dans BNP Paribas Fortis (janvier 2024),/m/07sc3dj,BNPPF,multi,2023-02-05,61
contexte_integration_bnppf_bpost,Contexte — intégration de bpost banque dans BNP Paribas Fortis (janvier 2024),/m/07sc3dj,BNPPF,multi,2023-02-12,53
contexte_integration_bnppf_bpost,Contexte — intégration de bpost banque dans BNP Paribas Fortis (janvier 2024),/m/07sc3dj,BNPPF,multi,2023-02-19,51
contexte_integration_bnppf_bpost,Contexte — intégration de bpost banque dans BNP Paribas Fortis (janvier 2024),/m/07sc3dj,BNPPF,multi,2023-02-26,57
contexte_integration_bnppf_bpost,Contexte — intégration de bpost banque dans BNP Paribas Fortis (janvier 2024),/m/07sc3dj,BNPPF,multi,2023-03-05,49
contexte_integration_bnppf_bpost,Contexte — intégration de bpost banque dans BNP Paribas Fortis (janvier 2024),/m/07sc3dj,BNPPF,multi,2023-03-12,46
contexte_integration_bnppf_bpost,Contexte — intégration de bpost banque dans BNP Paribas Fortis (janvier 2024),/m/07sc3dj,BNPPF,multi,2023-03-19,51
contexte_integration_bnppf_bpost,Contexte — intégration de bpost banque dans BNP Paribas Fortis (janvier 2024),/m/07sc3dj,BNPPF,multi,2023-03-26,47
contexte_integration_bnppf_bpost,Contexte — intégration de bpost banque dans BNP Paribas Fortis (janvier 2024),/m/07sc3dj,BNPPF,multi,2023-04-02,51
contexte_integration_bnppf_bpost,Contexte — intégration de bpost banque dans BNP Paribas Fortis (janvier 2024),/m/07sc3dj,BNPPF,multi,2023-04-09,45
contexte_integration_bnppf_bpost,Contexte — intégration de bpost banque dans BNP Paribas Fortis (janvier 2024),/m/07sc3dj,BNPPF,multi,2023-04-16,47
contexte_integration_bnppf_bpost,Contexte — intégration de bpost banque dans BNP Paribas Fortis (janvier 2024),/m/07sc3dj,BNPPF,multi,2023-04-23,52
contexte_integration_bnppf_bpost,Contexte — intégration de bpost banque dans BNP Paribas Fortis (janvier 2024),/m/07sc3dj,BNPPF,multi,2023-04-30,50
contexte_integration_bnppf_bpost,Contexte — intégration de bpost banque dans BNP Paribas Fortis (janvier 2024),/m/07sc3dj,BNPPF,multi,2023-05-07,46
contexte_integration_bnppf_bpost,Contexte — intégration de bpost banque dans BNP Paribas Fortis (janvier 2024),/m/07sc3dj,BNPPF,multi,2023-05-14,45
contexte_integration_bnppf_bpost,Contexte — intégration de bpost banque dans BNP Paribas Fortis (janvier 2024),/m/07sc3dj,BNPPF,multi,2023-05-21,51
contexte_integration_bnppf_bpost,Contexte — intégration de bpost banque dans BNP Paribas Fortis (janvier 2024),/m/07sc3dj,BNPPF,multi,2023-05-28,46
contexte_integration_bnppf_bpost,Contexte — intégration de bpost banque dans BNP Paribas Fortis (janvier 2024),/m/07sc3dj,BNPPF,multi,2023-06-04,43
contexte_integration_bnppf_bpost,Contexte — intégration de bpost banque dans BNP Paribas Fortis (janvier 2024),/m/07sc3dj,BNPPF,multi,2023-06-11,46
contexte_integration_bnppf_bpost,Contexte — intégration de bpost banque dans BNP Paribas Fortis (janvier 2024),/m/07sc3dj,BNPPF,multi,2023-06-18,42
contexte_integration_bnppf_bpost,Contexte — intégration de bpost banque dans BNP Paribas Fortis (janvier 2024),/m/07sc3dj,BNPPF,multi,2023-06-25,49
contexte_integration_bnppf_bpost,Contexte — intégration de bpost banque dans BNP Paribas Fortis (janvier 2024),/m/07sc3dj,BNPPF,multi,2023-07-02,53
contexte_integration_bnppf_bpost,Contexte — intégration de bpost banque dans BNP Paribas Fortis (janvier 2024),/m/07sc3dj,BNPPF,multi,2023-07-09,56
contexte_integration_bnppf_bpost,Contexte — intégration de bpost banque dans BNP Paribas Fortis (janvier 2024),/m/07sc3dj,BNPPF,multi,2023-07-16,45
contexte_integration_bnppf_bpost,Contexte — intégration de bpost banque dans BNP Paribas Fortis (janvier 2024),/m/07sc3dj,BNPPF,multi,2023-07-23,49
contexte_integration_bnppf_bpost,Contexte — intégration de bpost banque dans BNP Paribas Fortis (janvier 2024),/m/07sc3dj,BNPPF,multi,2023-07-30,47
contexte_integration_bnppf_bpost,Contexte — intégration de bpost banque dans BNP Paribas Fortis (janvier 2024),/m/07sc3dj,BNPPF,multi,2023-08-06,46
contexte_integration_bnppf_bpost,Contexte — intégration de bpost banque dans BNP Paribas Fortis (janvier 2024),/m/07sc3dj,BNPPF,multi,2023-08-13,42
contexte_integration_bnppf_bpost,Contexte — intégration de bpost banque dans BNP Paribas Fortis (janvier 2024),/m/07sc3dj,BNPPF,multi,2023-08-20,57
contexte_integration_bnppf_bpost,Contexte — intégration de bpost banque dans BNP Paribas Fortis (janvier 2024),/m/07sc3dj,BNPPF,multi,2023-08-27,65
contexte_integration_bnppf_bpost,Contexte — intégration de bpost banque dans BNP Paribas Fortis (janvier 2024),/m/07sc3dj,BNPPF,multi,2023-09-03,48
contexte_integration_bnppf_bpost,Contexte — intégration de bpost banque dans BNP Paribas Fortis (janvier 2024),/m/07sc3dj,BNPPF,multi,2023-09-10,45
contexte_integration_bnppf_bpost,Contexte — intégration de bpost banque dans BNP Paribas Fortis (janvier 2024),/m/07sc3dj,BNPPF,multi,2023-09-17,44
contexte_integration_bnppf_bpost,Contexte — intégration de bpost banque dans BNP Paribas Fortis (janvier 2024),/m/07sc3dj,BNPPF,multi,2023-09-24,49
contexte_integration_bnppf_bpost,Contexte — intégration de bpost banque dans BNP Paribas Fortis (janvier 2024),/m/07sc3dj,BNPPF,multi,2023-10-01,51
contexte_integration_bnppf_bpost,Contexte — intégration de bpost banque dans BNP Paribas Fortis (janvier 2024),/m/07sc3dj,BNPPF,multi,2023-10-08,49
contexte_integration_bnppf_bpost,Contexte — intégration de bpost banque dans BNP Paribas Fortis (janvier 2024),/m/07sc3dj,BNPPF,multi,2023-10-15,49
contexte_integration_bnppf_bpost,Contexte — intégration de bpost banque dans BNP Paribas Fortis (janvier 2024),/m/07sc3dj,BNPPF,multi,2023-10-22,50
contexte_integration_bnppf_bpost,Contexte — intégration de bpost banque dans BNP Paribas Fortis (janvier 2024),/m/07sc3dj,BNPPF,multi,2023-10-29,49
contexte_integration_bnppf_bpost,Contexte — intégration de bpost banque dans BNP Paribas Fortis (janvier 2024),/m/07sc3dj,BNPPF,multi,2023-11-05,48
contexte_integration_bnppf_bpost,Contexte — intégration de bpost banque dans BNP Paribas Fortis (janvier 2024),/m/07sc3dj,BNPPF,multi,2023-11-12,44
contexte_integration_bnppf_bpost,Contexte — intégration de bpost banque dans BNP Paribas Fortis (janvier 2024),/m/07sc3dj,BNPPF,multi,2023-11-19,45
contexte_integration_bnppf_bpost,Contexte — intégration de bpost banque dans BNP Paribas Fortis (janvier 2024),/m/07sc3dj,BNPPF,multi,2023-11-26,49
contexte_integration_bnppf_bpost,Contexte — intégration de bpost banque dans BNP Paribas Fortis (janvier 2024),/m/07sc3dj,BNPPF,multi,2023-12-03,46
contexte_integration_bnppf_bpost,Contexte — intégration de bpost banque dans BNP Paribas Fortis (janvier 2024),/m/07sc3dj,BNPPF,multi,2023-12-10,48
contexte_integration_bnppf_bpost,Contexte — intégration de bpost banque dans BNP Paribas Fortis (janvier 2024),/m/07sc3dj,BNPPF,multi,2023-12-17,49
contexte_integration_bnppf_bpost,Contexte — intégration de bpost banque dans BNP Paribas Fortis (janvier 2024),/m/07sc3dj,BNPPF,multi,2023-12-24,46
contexte_integration_bnppf_bpost,Contexte — intégration de bpost banque dans BNP Paribas Fortis (janvier 2024),/m/07sc3dj,BNPPF,multi,2023-12-31,51
contexte_integration_bnppf_bpost,Contexte — intégration de bpost banque dans BNP Paribas Fortis (janvier 2024),/m/07sc3dj,BNPPF,multi,2024-01-07,48
contexte_integration_bnppf_bpost,Contexte — intégration de bpost banque dans BNP Paribas Fortis (janvier 2024),/m/07sc3dj,BNPPF,multi,2024-01-14,53
contexte_integration_bnppf_bpost,Contexte — intégration de bpost banque dans BNP Paribas Fortis (janvier 2024),/m/07sc3dj,BNPPF,multi,2024-01-21,93
contexte_integration_bnppf_bpost,Contexte — intégration de bpost banque dans BNP Paribas Fortis (janvier 2024),/m/07sc3dj,BNPPF,multi,2024-01-28,59
contexte_integration_bnppf_bpost,Contexte — intégration de bpost banque dans BNP Paribas Fortis (janvier 2024),/m/07sc3dj,BNPPF,multi,2024-02-04,56
contexte_integration_bnppf_bpost,Contexte — intégration de bpost banque dans BNP Paribas Fortis (janvier 2024),/m/07sc3dj,BNPPF,multi,2024-02-11,54
contexte_integration_bnppf_bpost,Contexte — intégration de bpost banque dans BNP Paribas Fortis (janvier 2024),/m/07sc3dj,BNPPF,multi,2024-02-18,56
contexte_integration_bnppf_bpost,Contexte — intégration de bpost banque dans BNP Paribas Fortis (janvier 2024),/m/07sc3dj,BNPPF,multi,2024-02-25,65
contexte_integration_bnppf_bpost,Contexte — intégration de bpost banque dans BNP Paribas Fortis (janvier 2024),/m/07sc3dj,BNPPF,multi,2024-03-03,57
contexte_integration_bnppf_bpost,Contexte — intégration de bpost banque dans BNP Paribas Fortis (janvier 2024),/m/07sc3dj,BNPPF,multi,2024-03-10,51
contexte_integration_bnppf_bpost,Contexte — intégration de bpost banque dans BNP Paribas Fortis (janvier 2024),/m/07sc3dj,BNPPF,multi,2024-03-17,53
contexte_integration_bnppf_bpost,Contexte — intégration de bpost banque dans BNP Paribas Fortis (janvier 2024),/m/07sc3dj,BNPPF,multi,2024-03-24,53
contexte_integration_bnppf_bpost,Contexte — intégration de bpost banque dans BNP Paribas Fortis (janvier 2024),/m/07sc3dj,BNPPF,multi,2024-03-31,54
contexte_integration_bnppf_bpost,Contexte — intégration de bpost banque dans BNP Paribas Fortis (janvier 2024),/m/07sc3dj,BNPPF,multi,2024-04-07,53
contexte_integration_bnppf_bpost,Contexte — intégration de bpost banque dans BNP Paribas Fortis (janvier 2024),/m/07sc3dj,BNPPF,multi,2024-04-14,50
contexte_integration_bnppf_bpost,Contexte — intégration de bpost banque dans BNP Paribas Fortis (janvier 2024),/m/07sc3dj,BNPPF,multi,2024-04-21,51
contexte_integration_bnppf_bpost,Contexte — intégration de bpost banque dans BNP Paribas Fortis (janvier 2024),/m/07sc3dj,BNPPF,multi,2024-04-28,49
contexte_integration_bnppf_bpost,Contexte — intégration de bpost banque dans BNP Paribas Fortis (janvier 2024),/m/07sc3dj,BNPPF,multi,2024-05-05,44
contexte_integration_bnppf_bpost,Contexte — intégration de bpost banque dans BNP Paribas Fortis (janvier 2024),/m/07sc3dj,BNPPF,multi,2024-05-12,54
contexte_integration_bnppf_bpost,Contexte — intégration de bpost banque dans BNP Paribas Fortis (janvier 2024),/m/07sc3dj,BNPPF,multi,2024-05-19,47
contexte_integration_bnppf_bpost,Contexte — intégration de bpost banque dans BNP Paribas Fortis (janvier 2024),/m/07sc3dj,BNPPF,multi,2024-05-26,49
contexte_integration_bnppf_bpost,Contexte — intégration de bpost banque dans BNP Paribas Fortis (janvier 2024),/m/07sc3dj,BNPPF,multi,2024-06-02,47
contexte_integration_bnppf_bpost,Contexte — intégration de bpost banque dans BNP Paribas Fortis (janvier 2024),/m/07sc3dj,BNPPF,multi,2024-06-09,44
contexte_integration_bnppf_bpost,Contexte — intégration de bpost banque dans BNP Paribas Fortis (janvier 2024),/m/07sc3dj,BNPPF,multi,2024-06-16,44
contexte_integration_bnppf_bpost,Contexte — intégration de bpost banque dans BNP Paribas Fortis (janvier 2024),/m/07sc3dj,BNPPF,multi,2024-06-23,51
contexte_integration_bnppf_bpost,Contexte — intégration de bpost banque dans BNP Paribas Fortis (janvier 2024),/m/07sc3dj,BNPPF,multi,2024-06-30,53
contexte_integration_bnppf_bpost,Contexte — intégration de bpost banque dans BNP Paribas Fortis (janvier 2024),/m/07sc3dj,BNPPF,multi,2024-07-07,50
contexte_integration_bnppf_bpost,Contexte — intégration de bpost banque dans BNP Paribas Fortis (janvier 2024),/m/07sc3dj,BNPPF,multi,2024-07-14,52
contexte_integration_bnppf_bpost,Contexte — intégration de bpost banque dans BNP Paribas Fortis (janvier 2024),/m/07sc3dj,BNPPF,multi,2024-07-21,57
contexte_integration_bnppf_bpost,Contexte — intégration de bpost banque dans BNP Paribas Fortis (janvier 2024),/m/07sc3dj,BNPPF,multi,2024-07-28,49
contexte_integration_bnppf_bpost,Contexte — intégration de bpost banque dans BNP Paribas Fortis (janvier 2024),/m/07sc3dj,BNPPF,multi,2024-08-04,52
contexte_integration_bnppf_bpost,Contexte — intégration de bpost banque dans BNP Paribas Fortis (janvier 2024),/m/07sc3dj,BNPPF,multi,2024-08-11,45
contexte_integration_bnppf_bpost,Contexte — intégration de bpost banque dans BNP Paribas Fortis (janvier 2024),/m/07sc3dj,BNPPF,multi,2024-08-18,51
contexte_integration_bnppf_bpost,Contexte — intégration de bpost banque dans BNP Paribas Fortis (janvier 2024),/m/07sc3dj,BNPPF,multi,2024-08-25,52
contexte_integration_bnppf_bpost,Contexte — intégration de bpost banque dans BNP Paribas Fortis (janvier 2024),/m/07sc3dj,BNPPF,multi,2024-09-01,63
contexte_integration_bnppf_bpost,Contexte — intégration de bpost banque dans BNP Paribas Fortis (janvier 2024),/m/07sc3dj,BNPPF,multi,2024-09-08,54
contexte_integration_bnppf_bpost,Contexte — intégration de bpost banque dans BNP Paribas Fortis (janvier 2024),/m/07sc3dj,BNPPF,multi,2024-09-15,51
contexte_integration_bnppf_bpost,Contexte — intégration de bpost banque dans BNP Paribas Fortis (janvier 2024),/m/07sc3dj,BNPPF,multi,2024-09-22,51
contexte_integration_bnppf_bpost,Contexte — intégration de bpost banque dans BNP Paribas Fortis (janvier 2024),/m/07sc3dj,BNPPF,multi,2024-09-29,50
contexte_integration_bnppf_bpost,Contexte — intégration de bpost banque dans BNP Paribas Fortis (janvier 2024),/m/07sc3dj,BNPPF,multi,2024-10-06,54
contexte_integration_bnppf_bpost,Contexte — intégration de bpost banque dans BNP Paribas Fortis (janvier 2024),/m/07sc3dj,BNPPF,multi,2024-10-13,48
contexte_integration_bnppf_bpost,Contexte — intégration de bpost banque dans BNP Paribas Fortis (janvier 2024),/m/07sc3dj,BNPPF,multi,2024-10-20,48
contexte_integration_bnppf_bpost,Contexte — intégration de bpost banque dans BNP Paribas Fortis (janvier 2024),/m/07sc3dj,BNPPF,multi,2024-10-27,48
contexte_integration_bnppf_bpost,Contexte — intégration de bpost banque dans BNP Paribas Fortis (janvier 2024),/m/07sc3dj,BNPPF,multi,2024-11-03,52
contexte_integration_bnppf_bpost,Contexte — intégration de bpost banque dans BNP Paribas Fortis (janvier 2024),/m/07sc3dj,BNPPF,multi,2024-11-10,47
contexte_integration_bnppf_bpost,Contexte — intégration de bpost banque dans BNP Paribas Fortis (janvier 2024),/m/07sc3dj,BNPPF,multi,2024-11-17,50
contexte_integration_bnppf_bpost,Contexte — intégration de bpost banque dans BNP Paribas Fortis (janvier 2024),/m/07sc3dj,BNPPF,multi,2024-11-24,50
contexte_integration_bnppf_bpost,Contexte — intégration de bpost banque dans BNP Paribas Fortis (janvier 2024),/m/07sc3dj,BNPPF,multi,2024-12-01,46
contexte_integration_bnppf_bpost,Contexte — intégration de bpost banque dans BNP Paribas Fortis (janvier 2024),/m/07sc3dj,BNPPF,multi,2024-12-08,46
contexte_integration_bnppf_bpost,Contexte — intégration de bpost banque dans BNP Paribas Fortis (janvier 2024),/m/07sc3dj,BNPPF,multi,2024-12-15,51
contexte_integration_bnppf_bpost,Contexte — intégration de bpost banque dans BNP Paribas Fortis (janvier 2024),/m/07sc3dj,BNPPF,multi,2024-12-22,48
contexte_integration_bnppf_bpost,Contexte — intégration de bpost banque dans BNP Paribas Fortis (janvier 2024),/m/07sc3dj,BNPPF,multi,2024-12-29,51
contexte_integration_bnppf_bpost,Contexte — intégration de bpost banque dans BNP Paribas Fortis (janvier 2024),/m/07sc3dj,BNPPF,multi,2025-01-05,50
contexte_integration_bnppf_bpost,Contexte — intégration de bpost banque dans BNP Paribas Fortis (janvier 2024),/m/07sc3dj,BNPPF,multi,2025-01-12,54
contexte_integration_bnppf_bpost,Contexte — intégration de bpost banque dans BNP Paribas Fortis (janvier 2024),/m/07sc3dj,BNPPF,multi,2025-01-19,50
contexte_integration_bnppf_bpost,Contexte — intégration de bpost banque dans BNP Paribas Fortis (janvier 2024),/m/07sc3dj,BNPPF,multi,2025-01-26,50
contexte_integration_bnppf_bpost,Contexte — intégration de bpost banque dans BNP Paribas Fortis (janvier 2024),/m/07sc3dj,BNPPF,multi,2025-02-02,53
contexte_integration_bnppf_bpost,Contexte — intégration de bpost banque dans BNP Paribas Fortis (janvier 2024),/m/07sc3dj,BNPPF,multi,2025-02-09,54
contexte_integration_bnppf_bpost,Contexte — intégration de bpost banque dans BNP Paribas Fortis (janvier 2024),/m/07sc3dj,BNPPF,multi,2025-02-16,49
contexte_integration_bnppf_bpost,Contexte — intégration de bpost banque dans BNP Paribas Fortis (janvier 2024),/m/07sc3dj,BNPPF,multi,2025-02-23,53
contexte_integration_bnppf_bpost,Contexte — intégration de bpost banque dans BNP Paribas Fortis (janvier 2024),/m/07sc3dj,BNPPF,multi,2025-03-02,52
contexte_integration_bnppf_bpost,Contexte — intégration de bpost banque dans BNP Paribas Fortis (janvier 2024),/m/07sc3dj,BNPPF,multi,2025-03-09,49
contexte_integration_bnppf_bpost,Contexte — intégration de bpost banque dans BNP Paribas Fortis (janvier 2024),/m/07sc3dj,BNPPF,multi,2025-03-16,43
contexte_integration_bnppf_bpost,Contexte — intégration de bpost banque dans BNP Paribas Fortis (janvier 2024),/m/07sc3dj,BNPPF,multi,2025-03-23,46
contexte_integration_bnppf_bpost,Contexte — intégration de bpost banque dans BNP Paribas Fortis (janvier 2024),/m/07sc3dj,BNPPF,multi,2025-03-30,50
contexte_integration_bnppf_bpost,Contexte — intégration de bpost banque dans BNP Paribas Fortis (janvier 2024),/m/07sc3dj,BNPPF,multi,2025-04-06,50
contexte_integration_bnppf_bpost,Contexte — intégration de bpost banque dans BNP Paribas Fortis (janvier 2024),/m/07sc3dj,BNPPF,multi,2025-04-13,45
contexte_integration_bnppf_bpost,Contexte — intégration de bpost banque dans BNP Paribas Fortis (janvier 2024),/m/07sc3dj,BNPPF,multi,2025-04-20,45
contexte_integration_bnppf_bpost,Contexte — intégration de bpost banque dans BNP Paribas Fortis (janvier 2024),/m/07sc3dj,BNPPF,multi,2025-04-27,44
contexte_integration_bnppf_bpost,Contexte — intégration de bpost banque dans BNP Paribas Fortis (janvier 2024),/m/07sc3dj,BNPPF,multi,2025-05-04,48
contexte_integration_bnppf_bpost,Contexte — intégration de bpost banque dans BNP Paribas Fortis (janvier 2024),/m/07sc3dj,BNPPF,multi,2025-05-11,46
contexte_integration_bnppf_bpost,Contexte — intégration de bpost banque dans BNP Paribas Fortis (janvier 2024),/m/07sc3dj,BNPPF,multi,2025-05-18,49
contexte_integration_bnppf_bpost,Contexte — intégration de bpost banque dans BNP Paribas Fortis (janvier 2024),/m/07sc3dj,BNPPF,multi,2025-05-25,43
contexte_integration_bnppf_bpost,Contexte — intégration de bpost banque dans BNP Paribas Fortis (janvier 2024),/m/07sc3dj,BNPPF,multi,2025-06-01,53
contexte_integration_bnppf_bpost,Contexte — intégration de bpost banque dans BNP Paribas Fortis (janvier 2024),/m/07sc3dj,BNPPF,multi,2025-06-08,48
contexte_integration_bnppf_bpost,Contexte — intégration de bpost banque dans BNP Paribas Fortis (janvier 2024),/m/07sc3dj,BNPPF,multi,2025-06-15,46
contexte_integration_bnppf_bpost,Contexte — intégration de bpost banque dans BNP Paribas Fortis (janvier 2024),/m/07sc3dj,BNPPF,multi,2025-06-22,53
contexte_integration_bnppf_bpost,Contexte — intégration de bpost banque dans BNP Paribas Fortis (janvier 2024),/m/07sc3dj,BNPPF,multi,2025-06-29,52
contexte_integration_bnppf_bpost,Contexte — intégration de bpost banque dans BNP Paribas Fortis (janvier 2024),/m/07sc3dj,BNPPF,multi,2025-07-06,51
contexte_integration_bnppf_bpost,Contexte — intégration de bpost banque dans BNP Paribas Fortis (janvier 2024),/m/07sc3dj,BNPPF,multi,2025-07-13,46
contexte_integration_bnppf_bpost,Contexte — intégration de bpost banque dans BNP Paribas Fortis (janvier 2024),/m/07sc3dj,BNPPF,multi,2025-07-20,46
contexte_integration_bnppf_bpost,Contexte — intégration de bpost banque dans BNP Paribas Fortis (janvier 2024),/m/07sc3dj,BNPPF,multi,2025-07-27,50
contexte_integration_bnppf_bpost,Contexte — intégration de bpost banque dans BNP Paribas Fortis (janvier 2024),/m/07sc3dj,BNPPF,multi,2025-08-03,49
contexte_integration_bnppf_bpost,Contexte — intégration de bpost banque dans BNP Paribas Fortis (janvier 2024),/m/07sc3dj,BNPPF,multi,2025-08-10,44
contexte_integration_bnppf_bpost,Contexte — intégration de bpost banque dans BNP Paribas Fortis (janvier 2024),/m/07sc3dj,BNPPF,multi,2025-08-17,47
contexte_integration_bnppf_bpost,Contexte — intégration de bpost banque dans BNP Paribas Fortis (janvier 2024),/m/07sc3dj,BNPPF,multi,2025-08-24,49
contexte_integration_bnppf_bpost,Contexte — intégration de bpost banque dans BNP Paribas Fortis (janvier 2024),/m/07sc3dj,BNPPF,multi,2025-08-31,56
contexte_integration_bnppf_bpost,Contexte — intégration de bpost banque dans BNP Paribas Fortis (janvier 2024),/m/07sc3dj,BNPPF,multi,2025-09-07,51
contexte_integration_bnppf_bpost,Contexte — intégration de bpost banque dans BNP Paribas Fortis (janvier 2024),/m/07sc3dj,BNPPF,multi,2025-09-14,47
contexte_integration_bnppf_bpost,Contexte — intégration de bpost banque dans BNP Paribas Fortis (janvier 2024),/m/07sc3dj,BNPPF,multi,2025-09-21,48
contexte_integration_bnppf_bpost,Contexte — intégration de bpost banque dans BNP Paribas Fortis (janvier 2024),/m/07sc3dj,BNPPF,multi,2025-09-28,49
contexte_integration_bnppf_bpost,Contexte — intégration de bpost banque dans BNP Paribas Fortis (janvier 2024),/m/07sc3dj,BNPPF,multi,2025-10-05,47
contexte_integration_bnppf_bpost,Contexte — intégration de bpost banque dans BNP Paribas Fortis (janvier 2024),/m/07sc3dj,BNPPF,multi,2025-10-12,46
contexte_integration_bnppf_bpost,Contexte — intégration de bpost banque dans BNP Paribas Fortis (janvier 2024),/m/07sc3dj,BNPPF,multi,2025-10-19,46
contexte_integration_bnppf_bpost,Contexte — intégration de bpost banque dans BNP Paribas Fortis (janvier 2024),/m/07sc3dj,BNPPF,multi,2025-10-26,46
contexte_integration_bnppf_bpost,Contexte — intégration de bpost banque dans BNP Paribas Fortis (janvier 2024),/m/07sc3dj,BNPPF,multi,2025-11-02,49
contexte_integration_bnppf_bpost,Contexte — intégration de bpost banque dans BNP Paribas Fortis (janvier 2024),/m/07sc3dj,BNPPF,multi,2025-11-09,40
contexte_integration_bnppf_bpost,Contexte — intégration de bpost banque dans BNP Paribas Fortis (janvier 2024),/m/07sc3dj,BNPPF,multi,2025-11-16,43
contexte_integration_bnppf_bpost,Contexte — intégration de bpost banque dans BNP Paribas Fortis (janvier 2024),/m/07sc3dj,BNPPF,multi,2025-11-23,44
contexte_integration_bnppf_bpost,Contexte — intégration de bpost banque dans BNP Paribas Fortis (janvier 2024),/m/07sc3dj,BNPPF,multi,2025-11-30,49
contexte_integration_bnppf_bpost,Contexte — intégration de bpost banque dans BNP Paribas Fortis (janvier 2024),/m/07sc3dj,BNPPF,multi,2025-12-07,49
contexte_integration_bnppf_bpost,Contexte — intégration de bpost banque dans BNP Paribas Fortis (janvier 2024),/m/07sc3dj,BNPPF,multi,2025-12-14,51
contexte_integration_bnppf_bpost,Contexte — intégration de bpost banque dans BNP Paribas Fortis (janvier 2024),/m/07sc3dj,BNPPF,multi,2025-12-21,40
contexte_integration_bnppf_bpost,Contexte — intégration de bpost banque dans BNP Paribas Fortis (janvier 2024),/m/07sc3dj,BNPPF,multi,2025-12-28,45
contexte_integration_bnppf_bpost,Contexte — intégration de bpost banque dans BNP Paribas Fortis (janvier 2024),/m/07sc3dj,BNPPF,multi,2026-01-04,55
contexte_integration_bnppf_bpost,Contexte — intégration de bpost banque dans BNP Paribas Fortis (janvier 2024),/m/07sc3dj,BNPPF,multi,2026-01-11,45
contexte_integration_bnppf_bpost,Contexte — intégration de bpost banque dans BNP Paribas Fortis (janvier 2024),/m/07sc3dj,BNPPF,multi,2026-01-18,46
contexte_integration_bnppf_bpost,Contexte — intégration de bpost banque dans BNP Paribas Fortis (janvier 2024),/m/07sc3dj,BNPPF,multi,2026-01-25,45
contexte_integration_bnppf_bpost,Contexte — intégration de bpost banque dans BNP Paribas Fortis (janvier 2024),/m/07sc3dj,BNPPF,multi,2026-02-01,54
contexte_integration_bnppf_bpost,Contexte — intégration de bpost banque dans BNP Paribas Fortis (janvier 2024),/m/07sc3dj,BNPPF,multi,2026-02-08,42
contexte_integration_bnppf_bpost,Contexte — intégration de bpost banque dans BNP Paribas Fortis (janvier 2024),/m/07sc3dj,BNPPF,multi,2026-02-15,39
contexte_integration_bnppf_bpost,Contexte — intégration de bpost banque dans BNP Paribas Fortis (janvier 2024),/m/07sc3dj,BNPPF,multi,2026-02-22,48
contexte_integration_bnppf_bpost,Contexte — intégration de bpost banque dans BNP Paribas Fortis (janvier 2024),/m/07sc3dj,BNPPF,multi,2026-03-01,47
contexte_integration_bnppf_bpost,Contexte — intégration de bpost banque dans BNP Paribas Fortis (janvier 2024),/m/07sc3dj,BNPPF,multi,2026-03-08,42
contexte_integration_bnppf_bpost,Contexte — intégration de bpost banque dans BNP Paribas Fortis (janvier 2024),/m/07sc3dj,BNPPF,multi,2026-03-15,40
contexte_integration_bnppf_bpost,Contexte — intégration de bpost banque dans BNP Paribas Fortis (janvier 2024),/m/07sc3dj,BNPPF,multi,2026-03-22,42
contexte_integration_bnppf_bpost,Contexte — intégration de bpost banque dans BNP Paribas Fortis (janvier 2024),/m/07sc3dj,BNPPF,multi,2026-03-29,45
contexte_integration_bnppf_bpost,Contexte — intégration de bpost banque dans BNP Paribas Fortis (janvier 2024),/m/07sc3dj,BNPPF,multi,2026-04-05,36
contexte_integration_bnppf_bpost,Contexte — intégration de bpost banque dans BNP Paribas Fortis (janvier 2024),/m/07sc3dj,BNPPF,multi,2026-04-12,37
contexte_integration_bnppf_bpost,Contexte — intégration de bpost banque dans BNP Paribas Fortis (janvier 2024),/m/07sc3dj,BNPPF,multi,2026-04-19,38
contexte_integration_bnppf_bpost,Contexte — intégration de bpost banque dans BNP Paribas Fortis (janvier 2024),/m/07sc3dj,BNPPF,multi,2026-04-26,36
contexte_integration_bnppf_bpost,Contexte — intégration de bpost banque dans BNP Paribas Fortis (janvier 2024),/m/07sc3dj,BNPPF,multi,2026-05-03,48
contexte_integration_bnppf_bpost,Contexte — intégration de bpost banque dans BNP Paribas Fortis (janvier 2024),/m/07sc3dj,BNPPF,multi,2026-05-10,36
contexte_integration_bnppf_bpost,Contexte — intégration de bpost banque dans BNP Paribas Fortis (janvier 2024),/m/07sc3dj,BNPPF,multi,2026-05-17,40
contexte_integration_bnppf_bpost,Contexte — intégration de bpost banque dans BNP Paribas Fortis (janvier 2024),/m/07sc3dj,BNPPF,multi,2026-05-24,39
contexte_integration_bnppf_bpost,Contexte — intégration de bpost banque dans BNP Paribas Fortis (janvier 2024),/m/07sc3dj,BNPPF,multi,2026-05-31,42
contexte_integration_bnppf_bpost,Contexte — intégration de bpost banque dans BNP Paribas Fortis (janvier 2024),/m/07sc3dj,BNPPF,multi,2026-06-07,36
contexte_integration_bnppf_bpost,Contexte — intégration de bpost banque dans BNP Paribas Fortis (janvier 2024),/m/07sc3dj,BNPPF,multi,2026-06-14,36
contexte_integration_bnppf_bpost,Contexte — intégration de bpost banque dans BNP Paribas Fortis (janvier 2024),/m/07sc3dj,BNPPF,multi,2026-06-21,39
contexte_integration_bnppf_bpost,Contexte — intégration de bpost banque dans BNP Paribas Fortis (janvier 2024),/m/07sc3dj,BNPPF,multi,2026-06-28,39
contexte_integration_bnppf_bpost,Contexte — intégration de bpost banque dans BNP Paribas Fortis (janvier 2024),/m/07sc3dj,BNPPF,multi,2026-07-05,38
contexte_integration_bnppf_bpost,Contexte — intégration de bpost banque dans BNP Paribas Fortis (janvier 2024),/m/07sc3dj,BNPPF,multi,2026-07-12,38
contexte_integration_bnppf_bpost,Contexte — intégration de bpost banque dans BNP Paribas Fortis (janvier 2024),/m/07sc3dj,BNPPF,multi,2026-07-19,34
contexte_integration_bnppf_bpost,Contexte — intégration de bpost banque dans BNP Paribas Fortis (janvier 2024),/m/07sc3dj,BNPPF,multi,2026-07-26,35
contexte_integration_bnppf_bpost,Contexte — intégration de bpost banque dans BNP Paribas Fortis (janvier 2024),/m/07sc3dj,BNPPF,multi,2026-08-02,34
contexte_integration_bnppf_bpost,Contexte — intégration de bpost banque dans BNP Paribas Fortis (janvier 2024),/m/07sc3dj,BNPPF,multi,2026-08-09,32
contexte_integration_bnppf_bpost,Contexte — intégration de bpost banque dans BNP Paribas Fortis (janvier 2024),/m/07sc3dj,BNPPF,multi,2026-08-16,34
contexte_integration_bnppf_bpost,Contexte — intégration de bpost banque dans BNP Paribas Fortis (janvier 2024),/m/07sc3dj,BNPPF,multi,2026-08-23,36
contexte_integration_bnppf_bpost,Contexte — intégration de bpost banque dans BNP Paribas Fortis (janvier 2024),/m/07sc3dj,BNPPF,multi,2026-08-30,42
contexte_integration_bnppf_bpost,Contexte — intégration de bpost banque dans BNP Paribas Fortis (janvier 2024),/m/07sc3dj,BNPPF,multi,2026-09-06,35
contexte_integration_bnppf_bpost,Contexte — intégration de bpost banque dans BNP Paribas Fortis (janvier 2024),/m/07sc3dj,BNPPF,multi,2026-09-13,31
contexte_integration_bnppf_bpost,Contexte — intégration de bpost banque dans BNP Paribas Fortis (janvier 2024),bpost bank,BNPPF,en,2021-09-12,2
contexte_integration_bnppf_bpost,Contexte — intégration de bpost banque dans BNP Paribas Fortis (janvier 2024),bpost bank,BNPPF,en,2021-09-19,2
contexte_integration_bnppf_bpost,Contexte — intégration de bpost banque dans BNP Paribas Fortis (janvier 2024),bpost bank,BNPPF,en,2021-09-26,3
contexte_integration_bnppf_bpost,Contexte — intégration de bpost banque dans BNP Paribas Fortis (janvier 2024),bpost bank,BNPPF,en,2021-10-03,2
contexte_integration_bnppf_bpost,Contexte — intégration de bpost banque dans BNP Paribas Fortis (janvier 2024),bpost bank,BNPPF,en,2021-10-10,2
contexte_integration_bnppf_bpost,Contexte — intégration de bpost banque dans BNP Paribas Fortis (janvier 2024),bpost bank,BNPPF,en,2021-10-17,2
contexte_integration_bnppf_bpost,Contexte — intégration de bpost banque dans BNP Paribas Fortis (janvier 2024),bpost bank,BNPPF,en,2021-10-24,2
contexte_integration_bnppf_bpost,Contexte — intégration de bpost banque dans BNP Paribas Fortis (janvier 2024),bpost bank,BNPPF,en,2021-10-31,2
contexte_integration_bnppf_bpost,Contexte — intégration de bpost banque dans BNP Paribas Fortis (janvier 2024),bpost bank,BNPPF,en,2021-11-07,2
contexte_integration_bnppf_bpost,Contexte — intégration de bpost banque dans BNP Paribas Fortis (janvier 2024),bpost bank,BNPPF,en,2021-11-14,2
contexte_integration_bnppf_bpost,Contexte — intégration de bpost banque dans BNP Paribas Fortis (janvier 2024),bpost bank,BNPPF,en,2021-11-21,2
contexte_integration_bnppf_bpost,Contexte — intégration de bpost banque dans BNP Paribas Fortis (janvier 2024),bpost bank,BNPPF,en,2021-11-28,2
contexte_integration_bnppf_bpost,Contexte — intégration de bpost banque dans BNP Paribas Fortis (janvier 2024),bpost bank,BNPPF,en,2021-12-05,2
contexte_integration_bnppf_bpost,Contexte — intégration de bpost banque dans BNP Paribas Fortis (janvier 2024),bpost bank,BNPPF,en,2021-12-12,2
contexte_integration_bnppf_bpost,Contexte — intégration de bpost banque dans BNP Paribas Fortis (janvier 2024),bpost bank,BNPPF,en,2021-12-19,2
contexte_integration_bnppf_bpost,Contexte — intégration de bpost banque dans BNP Paribas Fortis (janvier 2024),bpost bank,BNPPF,en,2021-12-26,2
contexte_integration_bnppf_bpost,Contexte — intégration de bpost banque dans BNP Paribas Fortis (janvier 2024),bpost bank,BNPPF,en,2022-01-02,2
contexte_integration_bnppf_bpost,Contexte — intégration de bpost banque dans BNP Paribas Fortis (janvier 2024),bpost bank,BNPPF,en,2022-01-09,2
contexte_integration_bnppf_bpost,Contexte — intégration de bpost banque dans BNP Paribas Fortis (janvier 2024),bpost bank,BNPPF,en,2022-01-16,2
contexte_integration_bnppf_bpost,Contexte — intégration de bpost banque dans BNP Paribas Fortis (janvier 2024),bpost bank,BNPPF,en,2022-01-23,2
contexte_integration_bnppf_bpost,Contexte — intégration de bpost banque dans BNP Paribas Fortis (janvier 2024),bpost bank,BNPPF,en,2022-01-30,2
contexte_integration_bnppf_bpost,Contexte — intégration de bpost banque dans BNP Paribas Fortis (janvier 2024),bpost bank,BNPPF,en,2022-02-06,2
contexte_integration_bnppf_bpost,Contexte — intégration de bpost banque dans BNP Paribas Fortis (janvier 2024),bpost bank,BNPPF,en,2022-02-13,2
contexte_integration_bnppf_bpost,Contexte — intégration de bpost banque dans BNP Paribas Fortis (janvier 2024),bpost bank,BNPPF,en,2022-02-20,2
contexte_integration_bnppf_bpost,Contexte — intégration de bpost banque dans BNP Paribas Fortis (janvier 2024),bpost bank,BNPPF,en,2022-02-27,3
contexte_integration_bnppf_bpost,Contexte — intégration de bpost banque dans BNP Paribas Fortis (janvier 2024),bpost bank,BNPPF,en,2022-03-06,2
contexte_integration_bnppf_bpost,Contexte — intégration de bpost banque dans BNP Paribas Fortis (janvier 2024),bpost bank,BNPPF,en,2022-03-13,2
contexte_integration_bnppf_bpost,Contexte — intégration de bpost banque dans BNP Paribas Fortis (janvier 2024),bpost bank,BNPPF,en,2022-03-20,2
contexte_integration_bnppf_bpost,Contexte — intégration de bpost banque dans BNP Paribas Fortis (janvier 2024),bpost bank,BNPPF,en,2022-03-27,2
contexte_integration_bnppf_bpost,Contexte — intégration de bpost banque dans BNP Paribas Fortis (janvier 2024),bpost bank,BNPPF,en,2022-04-03,2
contexte_integration_bnppf_bpost,Contexte — intégration de bpost banque dans BNP Paribas Fortis (janvier 2024),bpost bank,BNPPF,en,2022-04-10,2
contexte_integration_bnppf_bpost,Contexte — intégration de bpost banque dans BNP Paribas Fortis (janvier 2024),bpost bank,BNPPF,en,2022-04-17,2
contexte_integration_bnppf_bpost,Contexte — intégration de bpost banque dans BNP Paribas Fortis (janvier 2024),bpost bank,BNPPF,en,2022-04-24,2
contexte_integration_bnppf_bpost,Contexte — intégration de bpost banque dans BNP Paribas Fortis (janvier 2024),bpost bank,BNPPF,en,2022-05-01,2
contexte_integration_bnppf_bpost,Contexte — intégration de bpost banque dans BNP Paribas Fortis (janvier 2024),bpost bank,BNPPF,en,2022-05-08,2
contexte_integration_bnppf_bpost,Contexte — intégration de bpost banque dans BNP Paribas Fortis (janvier 2024),bpost bank,BNPPF,en,2022-05-15,2
contexte_integration_bnppf_bpost,Contexte — intégration de bpost banque dans BNP Paribas Fortis (janvier 2024),bpost bank,BNPPF,en,2022-05-22,2
contexte_integration_bnppf_bpost,Contexte — intégration de bpost banque dans BNP Paribas Fortis (janvier 2024),bpost bank,BNPPF,en,2022-05-29,2
contexte_integration_bnppf_bpost,Contexte — intégration de bpost banque dans BNP Paribas Fortis (janvier 2024),bpost bank,BNPPF,en,2022-06-05,2
contexte_integration_bnppf_bpost,Contexte — intégration de bpost banque dans BNP Paribas Fortis (janvier 2024),bpost bank,BNPPF,en,2022-06-12,2
contexte_integration_bnppf_bpost,Contexte — intégration de bpost banque dans BNP Paribas Fortis (janvier 2024),bpost bank,BNPPF,en,2022-06-19,3
contexte_integration_bnppf_bpost,Contexte — intégration de bpost banque dans BNP Paribas Fortis (janvier 2024),bpost bank,BNPPF,en,2022-06-26,2
contexte_integration_bnppf_bpost,Contexte — intégration de bpost banque dans BNP Paribas Fortis (janvier 2024),bpost bank,BNPPF,en,2022-07-03,2
contexte_integration_bnppf_bpost,Contexte — intégration de bpost banque dans BNP Paribas Fortis (janvier 2024),bpost bank,BNPPF,en,2022-07-10,2
contexte_integration_bnppf_bpost,Contexte — intégration de bpost banque dans BNP Paribas Fortis (janvier 2024),bpost bank,BNPPF,en,2022-07-17,2
contexte_integration_bnppf_bpost,Contexte — intégration de bpost banque dans BNP Paribas Fortis (janvier 2024),bpost bank,BNPPF,en,2022-07-24,2
contexte_integration_bnppf_bpost,Contexte — intégration de bpost banque dans BNP Paribas Fortis (janvier 2024),bpost bank,BNPPF,en,2022-07-31,2
contexte_integration_bnppf_bpost,Contexte — intégration de bpost banque dans BNP Paribas Fortis (janvier 2024),bpost bank,BNPPF,en,2022-08-07,2
contexte_integration_bnppf_bpost,Contexte — intégration de bpost banque dans BNP Paribas Fortis (janvier 2024),bpost bank,BNPPF,en,2022-08-14,2
contexte_integration_bnppf_bpost,Contexte — intégration de bpost banque dans BNP Paribas Fortis (janvier 2024),bpost bank,BNPPF,en,2022-08-21,2
contexte_integration_bnppf_bpost,Contexte — intégration de bpost banque dans BNP Paribas Fortis (janvier 2024),bpost bank,BNPPF,en,2022-08-28,2
contexte_integration_bnppf_bpost,Contexte — intégration de bpost banque dans BNP Paribas Fortis (janvier 2024),bpost bank,BNPPF,en,2022-09-04,2
contexte_integration_bnppf_bpost,Contexte — intégration de bpost banque dans BNP Paribas Fortis (janvier 2024),bpost bank,BNPPF,en,2022-09-11,2
contexte_integration_bnppf_bpost,Contexte — intégration de bpost banque dans BNP Paribas Fortis (janvier 2024),bpost bank,BNPPF,en,2022-09-18,2
contexte_integration_bnppf_bpost,Contexte — intégration de bpost banque dans BNP Paribas Fortis (janvier 2024),bpost bank,BNPPF,en,2022-09-25,2
contexte_integration_bnppf_bpost,Contexte — intégration de bpost banque dans BNP Paribas Fortis (janvier 2024),bpost bank,BNPPF,en,2022-10-02,2
contexte_integration_bnppf_bpost,Contexte — intégration de bpost banque dans BNP Paribas Fortis (janvier 2024),bpost bank,BNPPF,en,2022-10-09,2
contexte_integration_bnppf_bpost,Contexte — intégration de bpost banque dans BNP Paribas Fortis (janvier 2024),bpost bank,BNPPF,en,2022-10-16,2
contexte_integration_bnppf_bpost,Contexte — intégration de bpost banque dans BNP Paribas Fortis (janvier 2024),bpost bank,BNPPF,en,2022-10-23,2
contexte_integration_bnppf_bpost,Contexte — intégration de bpost banque dans BNP Paribas Fortis (janvier 2024),bpost bank,BNPPF,en,2022-10-30,2
contexte_integration_bnppf_bpost,Contexte — intégration de bpost banque dans BNP Paribas Fortis (janvier 2024),bpost bank,BNPPF,en,2022-11-06,2
contexte_integration_bnppf_bpost,Contexte — intégration de bpost banque dans BNP Paribas Fortis (janvier 2024),bpost bank,BNPPF,en,2022-11-13,2
contexte_integration_bnppf_bpost,Contexte — intégration de bpost banque dans BNP Paribas Fortis (janvier 2024),bpost bank,BNPPF,en,2022-11-20,2
contexte_integration_bnppf_bpost,Contexte — intégration de bpost banque dans BNP Paribas Fortis (janvier 2024),bpost bank,BNPPF,en,2022-11-27,3
contexte_integration_bnppf_bpost,Contexte — intégration de bpost banque dans BNP Paribas Fortis (janvier 2024),bpost bank,BNPPF,en,2022-12-04,2
contexte_integration_bnppf_bpost,Contexte — intégration de bpost banque dans BNP Paribas Fortis (janvier 2024),bpost bank,BNPPF,en,2022-12-11,2
contexte_integration_bnppf_bpost,Contexte — intégration de bpost banque dans BNP Paribas Fortis (janvier 2024),bpost bank,BNPPF,en,2022-12-18,2
contexte_integration_bnppf_bpost,Contexte — intégration de bpost banque dans BNP Paribas Fortis (janvier 2024),bpost bank,BNPPF,en,2022-12-25,2
contexte_integration_bnppf_bpost,Contexte — intégration de bpost banque dans BNP Paribas Fortis (janvier 2024),bpost bank,BNPPF,en,2023-01-01,2
contexte_integration_bnppf_bpost,Contexte — intégration de bpost banque dans BNP Paribas Fortis (janvier 2024),bpost bank,BNPPF,en,2023-01-08,2
contexte_integration_bnppf_bpost,Contexte — intégration de bpost banque dans BNP Paribas Fortis (janvier 2024),bpost bank,BNPPF,en,2023-01-15,2
contexte_integration_bnppf_bpost,Contexte — intégration de bpost banque dans BNP Paribas Fortis (janvier 2024),bpost bank,BNPPF,en,2023-01-22,2
contexte_integration_bnppf_bpost,Contexte — intégration de bpost banque dans BNP Paribas Fortis (janvier 2024),bpost bank,BNPPF,en,2023-01-29,2
contexte_integration_bnppf_bpost,Contexte — intégration de bpost banque dans BNP Paribas Fortis (janvier 2024),bpost bank,BNPPF,en,2023-02-05,2
contexte_integration_bnppf_bpost,Contexte — intégration de bpost banque dans BNP Paribas Fortis (janvier 2024),bpost bank,BNPPF,en,2023-02-12,2
contexte_integration_bnppf_bpost,Contexte — intégration de bpost banque dans BNP Paribas Fortis (janvier 2024),bpost bank,BNPPF,en,2023-02-19,2
contexte_integration_bnppf_bpost,Contexte — intégration de bpost banque dans BNP Paribas Fortis (janvier 2024),bpost bank,BNPPF,en,2023-02-26,2
contexte_integration_bnppf_bpost,Contexte — intégration de bpost banque dans BNP Paribas Fortis (janvier 2024),bpost bank,BNPPF,en,2023-03-05,2
contexte_integration_bnppf_bpost,Contexte — intégration de bpost banque dans BNP Paribas Fortis (janvier 2024),bpost bank,BNPPF,en,2023-03-12,2
contexte_integration_bnppf_bpost,Contexte — intégration de bpost banque dans BNP Paribas Fortis (janvier 2024),bpost bank,BNPPF,en,2023-03-19,2
contexte_integration_bnppf_bpost,Contexte — intégration de bpost banque dans BNP Paribas Fortis (janvier 2024),bpost bank,BNPPF,en,2023-03-26,2
contexte_integration_bnppf_bpost,Contexte — intégration de bpost banque dans BNP Paribas Fortis (janvier 2024),bpost bank,BNPPF,en,2023-04-02,2
contexte_integration_bnppf_bpost,Contexte — intégration de bpost banque dans BNP Paribas Fortis (janvier 2024),bpost bank,BNPPF,en,2023-04-09,2
contexte_integration_bnppf_bpost,Contexte — intégration de bpost banque dans BNP Paribas Fortis (janvier 2024),bpost bank,BNPPF,en,2023-04-16,3
contexte_integration_bnppf_bpost,Contexte — intégration de bpost banque dans BNP Paribas Fortis (janvier 2024),bpost bank,BNPPF,en,2023-04-23,2
contexte_integration_bnppf_bpost,Contexte — intégration de bpost banque dans BNP Paribas Fortis (janvier 2024),bpost bank,BNPPF,en,2023-04-30,3
contexte_integration_bnppf_bpost,Contexte — intégration de bpost banque dans BNP Paribas Fortis (janvier 2024),bpost bank,BNPPF,en,2023-05-07,2
contexte_integration_bnppf_bpost,Contexte — intégration de bpost banque dans BNP Paribas Fortis (janvier 2024),bpost bank,BNPPF,en,2023-05-14,2
contexte_integration_bnppf_bpost,Contexte — intégration de bpost banque dans BNP Paribas Fortis (janvier 2024),bpost bank,BNPPF,en,2023-05-21,2
contexte_integration_bnppf_bpost,Contexte — intégration de bpost banque dans BNP Paribas Fortis (janvier 2024),bpost bank,BNPPF,en,2023-05-28,2
contexte_integration_bnppf_bpost,Contexte — intégration de bpost banque dans BNP Paribas Fortis (janvier 2024),bpost bank,BNPPF,en,2023-06-04,2
contexte_integration_bnppf_bpost,Contexte — intégration de bpost banque dans BNP Paribas Fortis (janvier 2024),bpost bank,BNPPF,en,2023-06-11,2
contexte_integration_bnppf_bpost,Contexte — intégration de bpost banque dans BNP Paribas Fortis (janvier 2024),bpost bank,BNPPF,en,2023-06-18,2
contexte_integration_bnppf_bpost,Contexte — intégration de bpost banque dans BNP Paribas Fortis (janvier 2024),bpost bank,BNPPF,en,2023-06-25,2
contexte_integration_bnppf_bpost,Contexte — intégration de bpost banque dans BNP Paribas Fortis (janvier 2024),bpost bank,BNPPF,en,2023-07-02,3
contexte_integration_bnppf_bpost,Contexte — intégration de bpost banque dans BNP Paribas Fortis (janvier 2024),bpost bank,BNPPF,en,2023-07-09,2
contexte_integration_bnppf_bpost,Contexte — intégration de bpost banque dans BNP Paribas Fortis (janvier 2024),bpost bank,BNPPF,en,2023-07-16,2
contexte_integration_bnppf_bpost,Contexte — intégration de bpost banque dans BNP Paribas Fortis (janvier 2024),bpost bank,BNPPF,en,2023-07-23,2
contexte_integration_bnppf_bpost,Contexte — intégration de bpost banque dans BNP Paribas Fortis (janvier 2024),bpost bank,BNPPF,en,2023-07-30,3
contexte_integration_bnppf_bpost,Contexte — intégration de bpost banque dans BNP Paribas Fortis (janvier 2024),bpost bank,BNPPF,en,2023-08-06,2
contexte_integration_bnppf_bpost,Contexte — intégration de bpost banque dans BNP Paribas Fortis (janvier 2024),bpost bank,BNPPF,en,2023-08-13,2
contexte_integration_bnppf_bpost,Contexte — intégration de bpost banque dans BNP Paribas Fortis (janvier 2024),bpost bank,BNPPF,en,2023-08-20,3
contexte_integration_bnppf_bpost,Contexte — intégration de bpost banque dans BNP Paribas Fortis (janvier 2024),bpost bank,BNPPF,en,2023-08-27,2
contexte_integration_bnppf_bpost,Contexte — intégration de bpost banque dans BNP Paribas Fortis (janvier 2024),bpost bank,BNPPF,en,2023-09-03,2
contexte_integration_bnppf_bpost,Contexte — intégration de bpost banque dans BNP Paribas Fortis (janvier 2024),bpost bank,BNPPF,en,2023-09-10,2
contexte_integration_bnppf_bpost,Contexte — intégration de bpost banque dans BNP Paribas Fortis (janvier 2024),bpost bank,BNPPF,en,2023-09-17,2
contexte_integration_bnppf_bpost,Contexte — intégration de bpost banque dans BNP Paribas Fortis (janvier 2024),bpost bank,BNPPF,en,2023-09-24,2
contexte_integration_bnppf_bpost,Contexte — intégration de bpost banque dans BNP Paribas Fortis (janvier 2024),bpost bank,BNPPF,en,2023-10-01,2
contexte_integration_bnppf_bpost,Contexte — intégration de bpost banque dans BNP Paribas Fortis (janvier 2024),bpost bank,BNPPF,en,2023-10-08,2
contexte_integration_bnppf_bpost,Contexte — intégration de bpost banque dans BNP Paribas Fortis (janvier 2024),bpost bank,BNPPF,en,2023-10-15,2
contexte_integration_bnppf_bpost,Contexte — intégration de bpost banque dans BNP Paribas Fortis (janvier 2024),bpost bank,BNPPF,en,2023-10-22,2
contexte_integration_bnppf_bpost,Contexte — intégration de bpost banque dans BNP Paribas Fortis (janvier 2024),bpost bank,BNPPF,en,2023-10-29,2
contexte_integration_bnppf_bpost,Contexte — intégration de bpost banque dans BNP Paribas Fortis (janvier 2024),bpost bank,BNPPF,en,2023-11-05,2
contexte_integration_bnppf_bpost,Contexte — intégration de bpost banque dans BNP Paribas Fortis (janvier 2024),bpost bank,BNPPF,en,2023-11-12,2
contexte_integration_bnppf_bpost,Contexte — intégration de bpost banque dans BNP Paribas Fortis (janvier 2024),bpost bank,BNPPF,en,2023-11-19,2
contexte_integration_bnppf_bpost,Contexte — intégration de bpost banque dans BNP Paribas Fortis (janvier 2024),bpost bank,BNPPF,en,2023-11-26,2
contexte_integration_bnppf_bpost,Contexte — intégration de bpost banque dans BNP Paribas Fortis (janvier 2024),bpost bank,BNPPF,en,2023-12-03,2
contexte_integration_bnppf_bpost,Contexte — intégration de bpost banque dans BNP Paribas Fortis (janvier 2024),bpost bank,BNPPF,en,2023-12-10,2
contexte_integration_bnppf_bpost,Contexte — intégration de bpost banque dans BNP Paribas Fortis (janvier 2024),bpost bank,BNPPF,en,2023-12-17,2
contexte_integration_bnppf_bpost,Contexte — intégration de bpost banque dans BNP Paribas Fortis (janvier 2024),bpost bank,BNPPF,en,2023-12-24,3
contexte_integration_bnppf_bpost,Contexte — intégration de bpost banque dans BNP Paribas Fortis (janvier 2024),bpost bank,BNPPF,en,2023-12-31,2
contexte_integration_bnppf_bpost,Contexte — intégration de bpost banque dans BNP Paribas Fortis (janvier 2024),bpost bank,BNPPF,en,2024-01-07,3
contexte_integration_bnppf_bpost,Contexte — intégration de bpost banque dans BNP Paribas Fortis (janvier 2024),bpost bank,BNPPF,en,2024-01-14,3
contexte_integration_bnppf_bpost,Contexte — intégration de bpost banque dans BNP Paribas Fortis (janvier 2024),bpost bank,BNPPF,en,2024-01-21,4
contexte_integration_bnppf_bpost,Contexte — intégration de bpost banque dans BNP Paribas Fortis (janvier 2024),bpost bank,BNPPF,en,2024-01-28,2
contexte_integration_bnppf_bpost,Contexte — intégration de bpost banque dans BNP Paribas Fortis (janvier 2024),bpost bank,BNPPF,en,2024-02-04,1
contexte_integration_bnppf_bpost,Contexte — intégration de bpost banque dans BNP Paribas Fortis (janvier 2024),bpost bank,BNPPF,en,2024-02-11,1
contexte_integration_bnppf_bpost,Contexte — intégration de bpost banque dans BNP Paribas Fortis (janvier 2024),bpost bank,BNPPF,en,2024-02-18,1
contexte_integration_bnppf_bpost,Contexte — intégration de bpost banque dans BNP Paribas Fortis (janvier 2024),bpost bank,BNPPF,en,2024-02-25,1
contexte_integration_bnppf_bpost,Contexte — intégration de bpost banque dans BNP Paribas Fortis (janvier 2024),bpost bank,BNPPF,en,2024-03-03,1
contexte_integration_bnppf_bpost,Contexte — intégration de bpost banque dans BNP Paribas Fortis (janvier 2024),bpost bank,BNPPF,en,2024-03-10,1
contexte_integration_bnppf_bpost,Contexte — intégration de bpost banque dans BNP Paribas Fortis (janvier 2024),bpost bank,BNPPF,en,2024-03-17,1
contexte_integration_bnppf_bpost,Contexte — intégration de bpost banque dans BNP Paribas Fortis (janvier 2024),bpost bank,BNPPF,en,2024-03-24,1
contexte_integration_bnppf_bpost,Contexte — intégration de bpost banque dans BNP Paribas Fortis (janvier 2024),bpost bank,BNPPF,en,2024-03-31,1
contexte_integration_bnppf_bpost,Contexte — intégration de bpost banque dans BNP Paribas Fortis (janvier 2024),bpost bank,BNPPF,en,2024-04-07,1
contexte_integration_bnppf_bpost,Contexte — intégration de bpost banque dans BNP Paribas Fortis (janvier 2024),bpost bank,BNPPF,en,2024-04-14,1
contexte_integration_bnppf_bpost,Contexte — intégration de bpost banque dans BNP Paribas Fortis (janvier 2024),bpost bank,BNPPF,en,2024-04-21,1
contexte_integration_bnppf_bpost,Contexte — intégration de bpost banque dans BNP Paribas Fortis (janvier 2024),bpost bank,BNPPF,en,2024-04-28,0
contexte_integration_bnppf_bpost,Contexte — intégration de bpost banque dans BNP Paribas Fortis (janvier 2024),bpost bank,BNPPF,en,2024-05-05,1
contexte_integration_bnppf_bpost,Contexte — intégration de bpost banque dans BNP Paribas Fortis (janvier 2024),bpost bank,BNPPF,en,2024-05-12,1
contexte_integration_bnppf_bpost,Contexte — intégration de bpost banque dans BNP Paribas Fortis (janvier 2024),bpost bank,BNPPF,en,2024-05-19,0
contexte_integration_bnppf_bpost,Contexte — intégration de bpost banque dans BNP Paribas Fortis (janvier 2024),bpost bank,BNPPF,en,2024-05-26,0
contexte_integration_bnppf_bpost,Contexte — intégration de bpost banque dans BNP Paribas Fortis (janvier 2024),bpost bank,BNPPF,en,2024-06-02,1
contexte_integration_bnppf_bpost,Contexte — intégration de bpost banque dans BNP Paribas Fortis (janvier 2024),bpost bank,BNPPF,en,2024-06-09,0
contexte_integration_bnppf_bpost,Contexte — intégration de bpost banque dans BNP Paribas Fortis (janvier 2024),bpost bank,BNPPF,en,2024-06-16,0
contexte_integration_bnppf_bpost,Contexte — intégration de bpost banque dans BNP Paribas Fortis (janvier 2024),bpost bank,BNPPF,en,2024-06-23,0
contexte_integration_bnppf_bpost,Contexte — intégration de bpost banque dans BNP Paribas Fortis (janvier 2024),bpost bank,BNPPF,en,2024-06-30,1
contexte_integration_bnppf_bpost,Contexte — intégration de bpost banque dans BNP Paribas Fortis (janvier 2024),bpost bank,BNPPF,en,2024-07-07,0
contexte_integration_bnppf_bpost,Contexte — intégration de bpost banque dans BNP Paribas Fortis (janvier 2024),bpost bank,BNPPF,en,2024-07-14,0
contexte_integration_bnppf_bpost,Contexte — intégration de bpost banque dans BNP Paribas Fortis (janvier 2024),bpost bank,BNPPF,en,2024-07-21,1
contexte_integration_bnppf_bpost,Contexte — intégration de bpost banque dans BNP Paribas Fortis (janvier 2024),bpost bank,BNPPF,en,2024-07-28,0
contexte_integration_bnppf_bpost,Contexte — intégration de bpost banque dans BNP Paribas Fortis (janvier 2024),bpost bank,BNPPF,en,2024-08-04,1
contexte_integration_bnppf_bpost,Contexte — intégration de bpost banque dans BNP Paribas Fortis (janvier 2024),bpost bank,BNPPF,en,2024-08-11,0
contexte_integration_bnppf_bpost,Contexte — intégration de bpost banque dans BNP Paribas Fortis (janvier 2024),bpost bank,BNPPF,en,2024-08-18,0
contexte_integration_bnppf_bpost,Contexte — intégration de bpost banque dans BNP Paribas Fortis (janvier 2024),bpost bank,BNPPF,en,2024-08-25,0
contexte_integration_bnppf_bpost,Contexte — intégration de bpost banque dans BNP Paribas Fortis (janvier 2024),bpost bank,BNPPF,en,2024-09-01,0
contexte_integration_bnppf_bpost,Contexte — intégration de bpost banque dans BNP Paribas Fortis (janvier 2024),bpost bank,BNPPF,en,2024-09-08,0
contexte_integration_bnppf_bpost,Contexte — intégration de bpost banque dans BNP Paribas Fortis (janvier 2024),bpost bank,BNPPF,en,2024-09-15,0
contexte_integration_bnppf_bpost,Contexte — intégration de bpost banque dans BNP Paribas Fortis (janvier 2024),bpost bank,BNPPF,en,2024-09-22,0
contexte_integration_bnppf_bpost,Contexte — intégration de bpost banque dans BNP Paribas Fortis (janvier 2024),bpost bank,BNPPF,en,2024-09-29,0
contexte_integration_bnppf_bpost,Contexte — intégration de bpost banque dans BNP Paribas Fortis (janvier 2024),bpost bank,BNPPF,en,2024-10-06,0
contexte_integration_bnppf_bpost,Contexte — intégration de bpost banque dans BNP Paribas Fortis (janvier 2024),bpost bank,BNPPF,en,2024-10-13,0
contexte_integration_bnppf_bpost,Contexte — intégration de bpost banque dans BNP Paribas Fortis (janvier 2024),bpost bank,BNPPF,en,2024-10-20,0
contexte_integration_bnppf_bpost,Contexte — intégration de bpost banque dans BNP Paribas Fortis (janvier 2024),bpost bank,BNPPF,en,2024-10-27,0
contexte_integration_bnppf_bpost,Contexte — intégration de bpost banque dans BNP Paribas Fortis (janvier 2024),bpost bank,BNPPF,en,2024-11-03,0
contexte_integration_bnppf_bpost,Contexte — intégration de bpost banque dans BNP Paribas Fortis (janvier 2024),bpost bank,BNPPF,en,2024-11-10,0
contexte_integration_bnppf_bpost,Contexte — intégration de bpost banque dans BNP Paribas Fortis (janvier 2024),bpost bank,BNPPF,en,2024-11-17,0
contexte_integration_bnppf_bpost,Contexte — intégration de bpost banque dans BNP Paribas Fortis (janvier 2024),bpost bank,BNPPF,en,2024-11-24,0
contexte_integration_bnppf_bpost,Contexte — intégration de bpost banque dans BNP Paribas Fortis (janvier 2024),bpost bank,BNPPF,en,2024-12-01,0
contexte_integration_bnppf_bpost,Contexte — intégration de bpost banque dans BNP Paribas Fortis (janvier 2024),bpost bank,BNPPF,en,2024-12-08,0
contexte_integration_bnppf_bpost,Contexte — intégration de bpost banque dans BNP Paribas Fortis (janvier 2024),bpost bank,BNPPF,en,2024-12-15,0
contexte_integration_bnppf_bpost,Contexte — intégration de bpost banque dans BNP Paribas Fortis (janvier 2024),bpost bank,BNPPF,en,2024-12-22,0
contexte_integration_bnppf_bpost,Contexte — intégration de bpost banque dans BNP Paribas Fortis (janvier 2024),bpost bank,BNPPF,en,2024-12-29,0
contexte_integration_bnppf_bpost,Contexte — intégration de bpost banque dans BNP Paribas Fortis (janvier 2024),bpost bank,BNPPF,en,2025-01-05,0
contexte_integration_bnppf_bpost,Contexte — intégration de bpost banque dans BNP Paribas Fortis (janvier 2024),bpost bank,BNPPF,en,2025-01-12,0
contexte_integration_bnppf_bpost,Contexte — intégration de bpost banque dans BNP Paribas Fortis (janvier 2024),bpost bank,BNPPF,en,2025-01-19,0
contexte_integration_bnppf_bpost,Contexte — intégration de bpost banque dans BNP Paribas Fortis (janvier 2024),bpost bank,BNPPF,en,2025-01-26,0
contexte_integration_bnppf_bpost,Contexte — intégration de bpost banque dans BNP Paribas Fortis (janvier 2024),bpost bank,BNPPF,en,2025-02-02,0
contexte_integration_bnppf_bpost,Contexte — intégration de bpost banque dans BNP Paribas Fortis (janvier 2024),bpost bank,BNPPF,en,2025-02-09,0
contexte_integration_bnppf_bpost,Contexte — intégration de bpost banque dans BNP Paribas Fortis (janvier 2024),bpost bank,BNPPF,en,2025-02-16,1
contexte_integration_bnppf_bpost,Contexte — intégration de bpost banque dans BNP Paribas Fortis (janvier 2024),bpost bank,BNPPF,en,2025-02-23,1
contexte_integration_bnppf_bpost,Contexte — intégration de bpost banque dans BNP Paribas Fortis (janvier 2024),bpost bank,BNPPF,en,2025-03-02,0
contexte_integration_bnppf_bpost,Contexte — intégration de bpost banque dans BNP Paribas Fortis (janvier 2024),bpost bank,BNPPF,en,2025-03-09,0
contexte_integration_bnppf_bpost,Contexte — intégration de bpost banque dans BNP Paribas Fortis (janvier 2024),bpost bank,BNPPF,en,2025-03-16,0
contexte_integration_bnppf_bpost,Contexte — intégration de bpost banque dans BNP Paribas Fortis (janvier 2024),bpost bank,BNPPF,en,2025-03-23,0
contexte_integration_bnppf_bpost,Contexte — intégration de bpost banque dans BNP Paribas Fortis (janvier 2024),bpost bank,BNPPF,en,2025-03-30,0
contexte_integration_bnppf_bpost,Contexte — intégration de bpost banque dans BNP Paribas Fortis (janvier 2024),bpost bank,BNPPF,en,2025-04-06,0
contexte_integration_bnppf_bpost,Contexte — intégration de bpost banque dans BNP Paribas Fortis (janvier 2024),bpost bank,BNPPF,en,2025-04-13,0
contexte_integration_bnppf_bpost,Contexte — intégration de bpost banque dans BNP Paribas Fortis (janvier 2024),bpost bank,BNPPF,en,2025-04-20,0
contexte_integration_bnppf_bpost,Contexte — intégration de bpost banque dans BNP Paribas Fortis (janvier 2024),bpost bank,BNPPF,en,2025-04-27,0
contexte_integration_bnppf_bpost,Contexte — intégration de bpost banque dans BNP Paribas Fortis (janvier 2024),bpost bank,BNPPF,en,2025-05-04,0
contexte_integration_bnppf_bpost,Contexte — intégration de bpost banque dans BNP Paribas Fortis (janvier 2024),bpost bank,BNPPF,en,2025-05-11,0
contexte_integration_bnppf_bpost,Contexte — intégration de bpost banque dans BNP Paribas Fortis (janvier 2024),bpost bank,BNPPF,en,2025-05-18,0
contexte_integration_bnppf_bpost,Contexte — intégration de bpost banque dans BNP Paribas Fortis (janvier 2024),bpost bank,BNPPF,en,2025-05-25,0
contexte_integration_bnppf_bpost,Contexte — intégration de bpost banque dans BNP Paribas Fortis (janvier 2024),bpost bank,BNPPF,en,2025-06-01,0
contexte_integration_bnppf_bpost,Contexte — intégration de bpost banque dans BNP Paribas Fortis (janvier 2024),bpost bank,BNPPF,en,2025-06-08,0
contexte_integration_bnppf_bpost,Contexte — intégration de bpost banque dans BNP Paribas Fortis (janvier 2024),bpost bank,BNPPF,en,2025-06-15,0
contexte_integration_bnppf_bpost,Contexte — intégration de bpost banque dans BNP Paribas Fortis (janvier 2024),bpost bank,BNPPF,en,2025-06-22,0
contexte_integration_bnppf_bpost,Contexte — intégration de bpost banque dans BNP Paribas Fortis (janvier 2024),bpost bank,BNPPF,en,2025-06-29,0
contexte_integration_bnppf_bpost,Contexte — intégration de bpost banque dans BNP Paribas Fortis (janvier 2024),bpost bank,BNPPF,en,2025-07-06,0
contexte_integration_bnppf_bpost,Contexte — intégration de bpost banque dans BNP Paribas Fortis (janvier 2024),bpost bank,BNPPF,en,2025-07-13,0
contexte_integration_bnppf_bpost,Contexte — intégration de bpost banque dans BNP Paribas Fortis (janvier 2024),bpost bank,BNPPF,en,2025-07-20,0
contexte_integration_bnppf_bpost,Contexte — intégration de bpost banque dans BNP Paribas Fortis (janvier 2024),bpost bank,BNPPF,en,2025-07-27,0
contexte_integration_bnppf_bpost,Contexte — intégration de bpost banque dans BNP Paribas Fortis (janvier 2024),bpost bank,BNPPF,en,2025-08-03,0
contexte_integration_bnppf_bpost,Contexte — intégration de bpost banque dans BNP Paribas Fortis (janvier 2024),bpost bank,BNPPF,en,2025-08-10,0
contexte_integration_bnppf_bpost,Contexte — intégration de bpost banque dans BNP Paribas Fortis (janvier 2024),bpost bank,BNPPF,en,2025-08-17,0
contexte_integration_bnppf_bpost,Contexte — intégration de bpost banque dans BNP Paribas Fortis (janvier 2024),bpost bank,BNPPF,en,2025-08-24,0
contexte_integration_bnppf_bpost,Contexte — intégration de bpost banque dans BNP Paribas Fortis (janvier 2024),bpost bank,BNPPF,en,2025-08-31,0
contexte_integration_bnppf_bpost,Contexte — intégration de bpost banque dans BNP Paribas Fortis (janvier 2024),bpost bank,BNPPF,en,2025-09-07,0
contexte_integration_bnppf_bpost,Contexte — intégration de bpost banque dans BNP Paribas Fortis (janvier 2024),bpost bank,BNPPF,en,2025-09-14,0
contexte_integration_bnppf_bpost,Contexte — intégration de bpost banque dans BNP Paribas Fortis (janvier 2024),bpost bank,BNPPF,en,2025-09-21,0
contexte_integration_bnppf_bpost,Contexte — intégration de bpost banque dans BNP Paribas Fortis (janvier 2024),bpost bank,BNPPF,en,2025-09-28,0
contexte_integration_bnppf_bpost,Contexte — intégration de bpost banque dans BNP Paribas Fortis (janvier 2024),bpost bank,BNPPF,en,2025-10-05,0
contexte_integration_bnppf_bpost,Contexte — intégration de bpost banque dans BNP Paribas Fortis (janvier 2024),bpost bank,BNPPF,en,2025-10-12,0
contexte_integration_bnppf_bpost,Contexte — intégration de bpost banque dans BNP Paribas Fortis (janvier 2024),bpost bank,BNPPF,en,2025-10-19,0
contexte_integration_bnppf_bpost,Contexte — intégration de bpost banque dans BNP Paribas Fortis (janvier 2024),bpost bank,BNPPF,en,2025-10-26,0
contexte_integration_bnppf_bpost,Contexte — intégration de bpost banque dans BNP Paribas Fortis (janvier 2024),bpost bank,BNPPF,en,2025-11-02,0
contexte_integration_bnppf_bpost,Contexte — intégration de bpost banque dans BNP Paribas Fortis (janvier 2024),bpost bank,BNPPF,en,2025-11-09,0
contexte_integration_bnppf_bpost,Contexte — intégration de bpost banque dans BNP Paribas Fortis (janvier 2024),bpost bank,BNPPF,en,2025-11-16,0
contexte_integration_bnppf_bpost,Contexte — intégration de bpost banque dans BNP Paribas Fortis (janvier 2024),bpost bank,BNPPF,en,2025-11-23,0
contexte_integration_bnppf_bpost,Contexte — intégration de bpost banque dans BNP Paribas Fortis (janvier 2024),bpost bank,BNPPF,en,2025-11-30,0
contexte_integration_bnppf_bpost,Contexte — intégration de bpost banque dans BNP Paribas Fortis (janvier 2024),bpost bank,BNPPF,en,2025-12-07,0
contexte_integration_bnppf_bpost,Contexte — intégration de bpost banque dans BNP Paribas Fortis (janvier 2024),bpost bank,BNPPF,en,2025-12-14,0
contexte_integration_bnppf_bpost,Contexte — intégration de bpost banque dans BNP Paribas Fortis (janvier 2024),bpost bank,BNPPF,en,2025-12-21,0
contexte_integration_bnppf_bpost,Contexte — intégration de bpost banque dans BNP Paribas Fortis (janvier 2024),bpost bank,BNPPF,en,2025-12-28,0
contexte_integration_bnppf_bpost,Contexte — intégration de bpost banque dans BNP Paribas Fortis (janvier 2024),bpost bank,BNPPF,en,2026-01-04,0
contexte_integration_bnppf_bpost,Contexte — intégration de bpost banque dans BNP Paribas Fortis (janvier 2024),bpost bank,BNPPF,en,2026-01-11,0
contexte_integration_bnppf_bpost,Contexte — intégration de bpost banque dans BNP Paribas Fortis (janvier 2024),bpost bank,BNPPF,en,2026-01-18,0
contexte_integration_bnppf_bpost,Contexte — intégration de bpost banque dans BNP Paribas Fortis (janvier 2024),bpost bank,BNPPF,en,2026-01-25,0
contexte_integration_bnppf_bpost,Contexte — intégration de bpost banque dans BNP Paribas Fortis (janvier 2024),bpost bank,BNPPF,en,2026-02-01,0
contexte_integration_bnppf_bpost,Contexte — intégration de bpost banque dans BNP Paribas Fortis (janvier 2024),bpost bank,BNPPF,en,2026-02-08,0
contexte_integration_bnppf_bpost,Contexte — intégration de bpost banque dans BNP Paribas Fortis (janvier 2024),bpost bank,BNPPF,en,2026-02-15,0
contexte_integration_bnppf_bpost,Contexte — intégration de bpost banque dans BNP Paribas Fortis (janvier 2024),bpost bank,BNPPF,en,2026-02-22,0
contexte_integration_bnppf_bpost,Contexte — intégration de bpost banque dans BNP Paribas Fortis (janvier 2024),bpost bank,BNPPF,en,2026-03-01,0
contexte_integration_bnppf_bpost,Contexte — intégration de bpost banque dans BNP Paribas Fortis (janvier 2024),bpost bank,BNPPF,en,2026-03-08,0
contexte_integration_bnppf_bpost,Contexte — intégration de bpost banque dans BNP Paribas Fortis (janvier 2024),bpost bank,BNPPF,en,2026-03-15,0
contexte_integration_bnppf_bpost,Contexte — intégration de bpost banque dans BNP Paribas Fortis (janvier 2024),bpost bank,BNPPF,en,2026-03-22,0
contexte_integration_bnppf_bpost,Contexte — intégration de bpost banque dans BNP Paribas Fortis (janvier 2024),bpost bank,BNPPF,en,2026-03-29,0
contexte_integration_bnppf_bpost,Contexte — intégration de bpost banque dans BNP Paribas Fortis (janvier 2024),bpost bank,BNPPF,en,2026-04-05,0
contexte_integration_bnppf_bpost,Contexte — intégration de bpost banque dans BNP Paribas Fortis (janvier 2024),bpost bank,BNPPF,en,2026-04-12,0
contexte_integration_bnppf_bpost,Contexte — intégration de bpost banque dans BNP Paribas Fortis (janvier 2024),bpost bank,BNPPF,en,2026-04-19,0
contexte_integration_bnppf_bpost,Contexte — intégration de bpost banque dans BNP Paribas Fortis (janvier 2024),bpost bank,BNPPF,en,2026-04-26,0
contexte_integration_bnppf_bpost,Contexte — intégration de bpost banque dans BNP Paribas Fortis (janvier 2024),bpost bank,BNPPF,en,2026-05-03,0
contexte_integration_bnppf_bpost,Contexte — intégration de bpost banque dans BNP Paribas Fortis (janvier 2024),bpost bank,BNPPF,en,2026-05-10,0
contexte_integration_bnppf_bpost,Contexte — intégration de bpost banque dans BNP Paribas Fortis (janvier 2024),bpost bank,BNPPF,en,2026-05-17,0
contexte_integration_bnppf_bpost,Contexte — intégration de bpost banque dans BNP Paribas Fortis (janvier 2024),bpost bank,BNPPF,en,2026-05-24,0
contexte_integration_bnppf_bpost,Contexte — intégration de bpost banque dans BNP Paribas Fortis (janvier 2024),bpost bank,BNPPF,en,2026-05-31,0
contexte_integration_bnppf_bpost,Contexte — intégration de bpost banque dans BNP Paribas Fortis (janvier 2024),bpost bank,BNPPF,en,2026-06-07,0
contexte_integration_bnppf_bpost,Contexte — intégration de bpost banque dans BNP Paribas Fortis (janvier 2024),bpost bank,BNPPF,en,2026-06-14,0
contexte_integration_bnppf_bpost,Contexte — intégration de bpost banque dans BNP Paribas Fortis (janvier 2024),bpost bank,BNPPF,en,2026-06-21,0
contexte_integration_bnppf_bpost,Contexte — intégration de bpost banque dans BNP Paribas Fortis (janvier 2024),bpost bank,BNPPF,en,2026-06-28,0
contexte_integration_bnppf_bpost,Contexte — intégration de bpost banque dans BNP Paribas Fortis (janvier 2024),bpost bank,BNPPF,en,2026-07-05,0
contexte_integration_bnppf_bpost,Contexte — intégration de bpost banque dans BNP Paribas Fortis (janvier 2024),bpost bank,BNPPF,en,2026-07-12,0
contexte_integration_bnppf_bpost,Contexte — intégration de bpost banque dans BNP Paribas Fortis (janvier 2024),bpost bank,BNPPF,en,2026-07-19,0
contexte_integration_bnppf_bpost,Contexte — intégration de bpost banque dans BNP Paribas Fortis (janvier 2024),bpost bank,BNPPF,en,2026-07-26,0
contexte_integration_bnppf_bpost,Contexte — intégration de bpost banque dans BNP Paribas Fortis (janvier 2024),bpost bank,BNPPF,en,2026-08-02,0
contexte_integration_bnppf_bpost,Contexte — intégration de bpost banque dans BNP Paribas Fortis (janvier 2024),bpost bank,BNPPF,en,2026-08-09,0
contexte_integration_bnppf_bpost,Contexte — intégration de bpost banque dans BNP Paribas Fortis (janvier 2024),bpost bank,BNPPF,en,2026-08-16,0
contexte_integration_bnppf_bpost,Contexte — intégration de bpost banque dans BNP Paribas Fortis (janvier 2024),bpost bank,BNPPF,en,2026-08-23,0
contexte_integration_bnppf_bpost,Contexte — intégration de bpost banque dans BNP Paribas Fortis (janvier 2024),bpost bank,BNPPF,en,2026-08-30,0
contexte_integration_bnppf_bpost,Contexte — intégration de bpost banque dans BNP Paribas Fortis (janvier 2024),bpost bank,BNPPF,en,2026-09-06,0
contexte_integration_bnppf_bpost,Contexte — intégration de bpost banque dans BNP Paribas Fortis (janvier 2024),bpost bank,BNPPF,en,2026-09-13,0
contexte_integration_bnppf_bpost,Contexte — intégration de bpost banque dans BNP Paribas Fortis (janvier 2024),bpost banque,BNPPF,fr,2021-09-12,3
contexte_integration_bnppf_bpost,Contexte — intégration de bpost banque dans BNP Paribas Fortis (janvier 2024),bpost banque,BNPPF,fr,2021-09-19,3
contexte_integration_bnppf_bpost,Contexte — intégration de bpost banque dans BNP Paribas Fortis (janvier 2024),bpost banque,BNPPF,fr,2021-09-26,3
contexte_integration_bnppf_bpost,Contexte — intégration de bpost banque dans BNP Paribas Fortis (janvier 2024),bpost banque,BNPPF,fr,2021-10-03,3
contexte_integration_bnppf_bpost,Contexte — intégration de bpost banque dans BNP Paribas Fortis (janvier 2024),bpost banque,BNPPF,fr,2021-10-10,3
contexte_integration_bnppf_bpost,Contexte — intégration de bpost banque dans BNP Paribas Fortis (janvier 2024),bpost banque,BNPPF,fr,2021-10-17,3
contexte_integration_bnppf_bpost,Contexte — intégration de bpost banque dans BNP Paribas Fortis (janvier 2024),bpost banque,BNPPF,fr,2021-10-24,3
contexte_integration_bnppf_bpost,Contexte — intégration de bpost banque dans BNP Paribas Fortis (janvier 2024),bpost banque,BNPPF,fr,2021-10-31,3
contexte_integration_bnppf_bpost,Contexte — intégration de bpost banque dans BNP Paribas Fortis (janvier 2024),bpost banque,BNPPF,fr,2021-11-07,3
contexte_integration_bnppf_bpost,Contexte — intégration de bpost banque dans BNP Paribas Fortis (janvier 2024),bpost banque,BNPPF,fr,2021-11-14,3
contexte_integration_bnppf_bpost,Contexte — intégration de bpost banque dans BNP Paribas Fortis (janvier 2024),bpost banque,BNPPF,fr,2021-11-21,4
contexte_integration_bnppf_bpost,Contexte — intégration de bpost banque dans BNP Paribas Fortis (janvier 2024),bpost banque,BNPPF,fr,2021-11-28,3
contexte_integration_bnppf_bpost,Contexte — intégration de bpost banque dans BNP Paribas Fortis (janvier 2024),bpost banque,BNPPF,fr,2021-12-05,3
contexte_integration_bnppf_bpost,Contexte — intégration de bpost banque dans BNP Paribas Fortis (janvier 2024),bpost banque,BNPPF,fr,2021-12-12,3
contexte_integration_bnppf_bpost,Contexte — intégration de bpost banque dans BNP Paribas Fortis (janvier 2024),bpost banque,BNPPF,fr,2021-12-19,2
contexte_integration_bnppf_bpost,Contexte — intégration de bpost banque dans BNP Paribas Fortis (janvier 2024),bpost banque,BNPPF,fr,2021-12-26,4
contexte_integration_bnppf_bpost,Contexte — intégration de bpost banque dans BNP Paribas Fortis (janvier 2024),bpost banque,BNPPF,fr,2022-01-02,3
contexte_integration_bnppf_bpost,Contexte — intégration de bpost banque dans BNP Paribas Fortis (janvier 2024),bpost banque,BNPPF,fr,2022-01-09,3
contexte_integration_bnppf_bpost,Contexte — intégration de bpost banque dans BNP Paribas Fortis (janvier 2024),bpost banque,BNPPF,fr,2022-01-16,3
contexte_integration_bnppf_bpost,Contexte — intégration de bpost banque dans BNP Paribas Fortis (janvier 2024),bpost banque,BNPPF,fr,2022-01-23,3
contexte_integration_bnppf_bpost,Contexte — intégration de bpost banque dans BNP Paribas Fortis (janvier 2024),bpost banque,BNPPF,fr,2022-01-30,3
contexte_integration_bnppf_bpost,Contexte — intégration de bpost banque dans BNP Paribas Fortis (janvier 2024),bpost banque,BNPPF,fr,2022-02-06,3
contexte_integration_bnppf_bpost,Contexte — intégration de bpost banque dans BNP Paribas Fortis (janvier 2024),bpost banque,BNPPF,fr,2022-02-13,2
contexte_integration_bnppf_bpost,Contexte — intégration de bpost banque dans BNP Paribas Fortis (janvier 2024),bpost banque,BNPPF,fr,2022-02-20,3
contexte_integration_bnppf_bpost,Contexte — intégration de bpost banque dans BNP Paribas Fortis (janvier 2024),bpost banque,BNPPF,fr,2022-02-27,3
contexte_integration_bnppf_bpost,Contexte — intégration de bpost banque dans BNP Paribas Fortis (janvier 2024),bpost banque,BNPPF,fr,2022-03-06,3
contexte_integration_bnppf_bpost,Contexte — intégration de bpost banque dans BNP Paribas Fortis (janvier 2024),bpost banque,BNPPF,fr,2022-03-13,3
contexte_integration_bnppf_bpost,Contexte — intégration de bpost banque dans BNP Paribas Fortis (janvier 2024),bpost banque,BNPPF,fr,2022-03-20,3
contexte_integration_bnppf_bpost,Contexte — intégration de bpost banque dans BNP Paribas Fortis (janvier 2024),bpost banque,BNPPF,fr,2022-03-27,3
contexte_integration_bnppf_bpost,Contexte — intégration de bpost banque dans BNP Paribas Fortis (janvier 2024),bpost banque,BNPPF,fr,2022-04-03,3
contexte_integration_bnppf_bpost,Contexte — intégration de bpost banque dans BNP Paribas Fortis (janvier 2024),bpost banque,BNPPF,fr,2022-04-10,2
contexte_integration_bnppf_bpost,Contexte — intégration de bpost banque dans BNP Paribas Fortis (janvier 2024),bpost banque,BNPPF,fr,2022-04-17,3
contexte_integration_bnppf_bpost,Contexte — intégration de bpost banque dans BNP Paribas Fortis (janvier 2024),bpost banque,BNPPF,fr,2022-04-24,3
contexte_integration_bnppf_bpost,Contexte — intégration de bpost banque dans BNP Paribas Fortis (janvier 2024),bpost banque,BNPPF,fr,2022-05-01,3
contexte_integration_bnppf_bpost,Contexte — intégration de bpost banque dans BNP Paribas Fortis (janvier 2024),bpost banque,BNPPF,fr,2022-05-08,3
contexte_integration_bnppf_bpost,Contexte — intégration de bpost banque dans BNP Paribas Fortis (janvier 2024),bpost banque,BNPPF,fr,2022-05-15,3
contexte_integration_bnppf_bpost,Contexte — intégration de bpost banque dans BNP Paribas Fortis (janvier 2024),bpost banque,BNPPF,fr,2022-05-22,3
contexte_integration_bnppf_bpost,Contexte — intégration de bpost banque dans BNP Paribas Fortis (janvier 2024),bpost banque,BNPPF,fr,2022-05-29,3
contexte_integration_bnppf_bpost,Contexte — intégration de bpost banque dans BNP Paribas Fortis (janvier 2024),bpost banque,BNPPF,fr,2022-06-05,2
contexte_integration_bnppf_bpost,Contexte — intégration de bpost banque dans BNP Paribas Fortis (janvier 2024),bpost banque,BNPPF,fr,2022-06-12,3
contexte_integration_bnppf_bpost,Contexte — intégration de bpost banque dans BNP Paribas Fortis (janvier 2024),bpost banque,BNPPF,fr,2022-06-19,3
contexte_integration_bnppf_bpost,Contexte — intégration de bpost banque dans BNP Paribas Fortis (janvier 2024),bpost banque,BNPPF,fr,2022-06-26,3
contexte_integration_bnppf_bpost,Contexte — intégration de bpost banque dans BNP Paribas Fortis (janvier 2024),bpost banque,BNPPF,fr,2022-07-03,4
contexte_integration_bnppf_bpost,Contexte — intégration de bpost banque dans BNP Paribas Fortis (janvier 2024),bpost banque,BNPPF,fr,2022-07-10,4
contexte_integration_bnppf_bpost,Contexte — intégration de bpost banque dans BNP Paribas Fortis (janvier 2024),bpost banque,BNPPF,fr,2022-07-17,3
contexte_integration_bnppf_bpost,Contexte — intégration de bpost banque dans BNP Paribas Fortis (janvier 2024),bpost banque,BNPPF,fr,2022-07-24,3
contexte_integration_bnppf_bpost,Contexte — intégration de bpost banque dans BNP Paribas Fortis (janvier 2024),bpost banque,BNPPF,fr,2022-07-31,3
contexte_integration_bnppf_bpost,Contexte — intégration de bpost banque dans BNP Paribas Fortis (janvier 2024),bpost banque,BNPPF,fr,2022-08-07,2
contexte_integration_bnppf_bpost,Contexte — intégration de bpost banque dans BNP Paribas Fortis (janvier 2024),bpost banque,BNPPF,fr,2022-08-14,3
contexte_integration_bnppf_bpost,Contexte — intégration de bpost banque dans BNP Paribas Fortis (janvier 2024),bpost banque,BNPPF,fr,2022-08-21,3
contexte_integration_bnppf_bpost,Contexte — intégration de bpost banque dans BNP Paribas Fortis (janvier 2024),bpost banque,BNPPF,fr,2022-08-28,3
contexte_integration_bnppf_bpost,Contexte — intégration de bpost banque dans BNP Paribas Fortis (janvier 2024),bpost banque,BNPPF,fr,2022-09-04,3
contexte_integration_bnppf_bpost,Contexte — intégration de bpost banque dans BNP Paribas Fortis (janvier 2024),bpost banque,BNPPF,fr,2022-09-11,3
contexte_integration_bnppf_bpost,Contexte — intégration de bpost banque dans BNP Paribas Fortis (janvier 2024),bpost banque,BNPPF,fr,2022-09-18,3
contexte_integration_bnppf_bpost,Contexte — intégration de bpost banque dans BNP Paribas Fortis (janvier 2024),bpost banque,BNPPF,fr,2022-09-25,4
contexte_integration_bnppf_bpost,Contexte — intégration de bpost banque dans BNP Paribas Fortis (janvier 2024),bpost banque,BNPPF,fr,2022-10-02,4
contexte_integration_bnppf_bpost,Contexte — intégration de bpost banque dans BNP Paribas Fortis (janvier 2024),bpost banque,BNPPF,fr,2022-10-09,3
contexte_integration_bnppf_bpost,Contexte — intégration de bpost banque dans BNP Paribas Fortis (janvier 2024),bpost banque,BNPPF,fr,2022-10-16,3
contexte_integration_bnppf_bpost,Contexte — intégration de bpost banque dans BNP Paribas Fortis (janvier 2024),bpost banque,BNPPF,fr,2022-10-23,4
contexte_integration_bnppf_bpost,Contexte — intégration de bpost banque dans BNP Paribas Fortis (janvier 2024),bpost banque,BNPPF,fr,2022-10-30,3
contexte_integration_bnppf_bpost,Contexte — intégration de bpost banque dans BNP Paribas Fortis (janvier 2024),bpost banque,BNPPF,fr,2022-11-06,3
contexte_integration_bnppf_bpost,Contexte — intégration de bpost banque dans BNP Paribas Fortis (janvier 2024),bpost banque,BNPPF,fr,2022-11-13,3
contexte_integration_bnppf_bpost,Contexte — intégration de bpost banque dans BNP Paribas Fortis (janvier 2024),bpost banque,BNPPF,fr,2022-11-20,4
contexte_integration_bnppf_bpost,Contexte — intégration de bpost banque dans BNP Paribas Fortis (janvier 2024),bpost banque,BNPPF,fr,2022-11-27,4
contexte_integration_bnppf_bpost,Contexte — intégration de bpost banque dans BNP Paribas Fortis (janvier 2024),bpost banque,BNPPF,fr,2022-12-04,3
contexte_integration_bnppf_bpost,Contexte — intégration de bpost banque dans BNP Paribas Fortis (janvier 2024),bpost banque,BNPPF,fr,2022-12-11,3
contexte_integration_bnppf_bpost,Contexte — intégration de bpost banque dans BNP Paribas Fortis (janvier 2024),bpost banque,BNPPF,fr,2022-12-18,3
contexte_integration_bnppf_bpost,Contexte — intégration de bpost banque dans BNP Paribas Fortis (janvier 2024),bpost banque,BNPPF,fr,2022-12-25,3
contexte_integration_bnppf_bpost,Contexte — intégration de bpost banque dans BNP Paribas Fortis (janvier 2024),bpost banque,BNPPF,fr,2023-01-01,3
contexte_integration_bnppf_bpost,Contexte — intégration de bpost banque dans BNP Paribas Fortis (janvier 2024),bpost banque,BNPPF,fr,2023-01-08,3
contexte_integration_bnppf_bpost,Contexte — intégration de bpost banque dans BNP Paribas Fortis (janvier 2024),bpost banque,BNPPF,fr,2023-01-15,3
contexte_integration_bnppf_bpost,Contexte — intégration de bpost banque dans BNP Paribas Fortis (janvier 2024),bpost banque,BNPPF,fr,2023-01-22,4
contexte_integration_bnppf_bpost,Contexte — intégration de bpost banque dans BNP Paribas Fortis (janvier 2024),bpost banque,BNPPF,fr,2023-01-29,4
contexte_integration_bnppf_bpost,Contexte — intégration de bpost banque dans BNP Paribas Fortis (janvier 2024),bpost banque,BNPPF,fr,2023-02-05,3
contexte_integration_bnppf_bpost,Contexte — intégration de bpost banque dans BNP Paribas Fortis (janvier 2024),bpost banque,BNPPF,fr,2023-02-12,3
contexte_integration_bnppf_bpost,Contexte — intégration de bpost banque dans BNP Paribas Fortis (janvier 2024),bpost banque,BNPPF,fr,2023-02-19,3
contexte_integration_bnppf_bpost,Contexte — intégration de bpost banque dans BNP Paribas Fortis (janvier 2024),bpost banque,BNPPF,fr,2023-02-26,4
contexte_integration_bnppf_bpost,Contexte — intégration de bpost banque dans BNP Paribas Fortis (janvier 2024),bpost banque,BNPPF,fr,2023-03-05,3
contexte_integration_bnppf_bpost,Contexte — intégration de bpost banque dans BNP Paribas Fortis (janvier 2024),bpost banque,BNPPF,fr,2023-03-12,3
contexte_integration_bnppf_bpost,Contexte — intégration de bpost banque dans BNP Paribas Fortis (janvier 2024),bpost banque,BNPPF,fr,2023-03-19,3
contexte_integration_bnppf_bpost,Contexte — intégration de bpost banque dans BNP Paribas Fortis (janvier 2024),bpost banque,BNPPF,fr,2023-03-26,3
contexte_integration_bnppf_bpost,Contexte — intégration de bpost banque dans BNP Paribas Fortis (janvier 2024),bpost banque,BNPPF,fr,2023-04-02,3
contexte_integration_bnppf_bpost,Contexte — intégration de bpost banque dans BNP Paribas Fortis (janvier 2024),bpost banque,BNPPF,fr,2023-04-09,3
contexte_integration_bnppf_bpost,Contexte — intégration de bpost banque dans BNP Paribas Fortis (janvier 2024),bpost banque,BNPPF,fr,2023-04-16,4
contexte_integration_bnppf_bpost,Contexte — intégration de bpost banque dans BNP Paribas Fortis (janvier 2024),bpost banque,BNPPF,fr,2023-04-23,3
contexte_integration_bnppf_bpost,Contexte — intégration de bpost banque dans BNP Paribas Fortis (janvier 2024),bpost banque,BNPPF,fr,2023-04-30,4
contexte_integration_bnppf_bpost,Contexte — intégration de bpost banque dans BNP Paribas Fortis (janvier 2024),bpost banque,BNPPF,fr,2023-05-07,3
contexte_integration_bnppf_bpost,Contexte — intégration de bpost banque dans BNP Paribas Fortis (janvier 2024),bpost banque,BNPPF,fr,2023-05-14,3
contexte_integration_bnppf_bpost,Contexte — intégration de bpost banque dans BNP Paribas Fortis (janvier 2024),bpost banque,BNPPF,fr,2023-05-21,4
contexte_integration_bnppf_bpost,Contexte — intégration de bpost banque dans BNP Paribas Fortis (janvier 2024),bpost banque,BNPPF,fr,2023-05-28,3
contexte_integration_bnppf_bpost,Contexte — intégration de bpost banque dans BNP Paribas Fortis (janvier 2024),bpost banque,BNPPF,fr,2023-06-04,3
contexte_integration_bnppf_bpost,Contexte — intégration de bpost banque dans BNP Paribas Fortis (janvier 2024),bpost banque,BNPPF,fr,2023-06-11,3
contexte_integration_bnppf_bpost,Contexte — intégration de bpost banque dans BNP Paribas Fortis (janvier 2024),bpost banque,BNPPF,fr,2023-06-18,3
contexte_integration_bnppf_bpost,Contexte — intégration de bpost banque dans BNP Paribas Fortis (janvier 2024),bpost banque,BNPPF,fr,2023-06-25,3
contexte_integration_bnppf_bpost,Contexte — intégration de bpost banque dans BNP Paribas Fortis (janvier 2024),bpost banque,BNPPF,fr,2023-07-02,3
contexte_integration_bnppf_bpost,Contexte — intégration de bpost banque dans BNP Paribas Fortis (janvier 2024),bpost banque,BNPPF,fr,2023-07-09,3
contexte_integration_bnppf_bpost,Contexte — intégration de bpost banque dans BNP Paribas Fortis (janvier 2024),bpost banque,BNPPF,fr,2023-07-16,3
contexte_integration_bnppf_bpost,Contexte — intégration de bpost banque dans BNP Paribas Fortis (janvier 2024),bpost banque,BNPPF,fr,2023-07-23,3
contexte_integration_bnppf_bpost,Contexte — intégration de bpost banque dans BNP Paribas Fortis (janvier 2024),bpost banque,BNPPF,fr,2023-07-30,3
contexte_integration_bnppf_bpost,Contexte — intégration de bpost banque dans BNP Paribas Fortis (janvier 2024),bpost banque,BNPPF,fr,2023-08-06,3
contexte_integration_bnppf_bpost,Contexte — intégration de bpost banque dans BNP Paribas Fortis (janvier 2024),bpost banque,BNPPF,fr,2023-08-13,3
contexte_integration_bnppf_bpost,Contexte — intégration de bpost banque dans BNP Paribas Fortis (janvier 2024),bpost banque,BNPPF,fr,2023-08-20,4
contexte_integration_bnppf_bpost,Contexte — intégration de bpost banque dans BNP Paribas Fortis (janvier 2024),bpost banque,BNPPF,fr,2023-08-27,4
contexte_integration_bnppf_bpost,Contexte — intégration de bpost banque dans BNP Paribas Fortis (janvier 2024),bpost banque,BNPPF,fr,2023-09-03,4
contexte_integration_bnppf_bpost,Contexte — intégration de bpost banque dans BNP Paribas Fortis (janvier 2024),bpost banque,BNPPF,fr,2023-09-10,4
contexte_integration_bnppf_bpost,Contexte — intégration de bpost banque dans BNP Paribas Fortis (janvier 2024),bpost banque,BNPPF,fr,2023-09-17,3
contexte_integration_bnppf_bpost,Contexte — intégration de bpost banque dans BNP Paribas Fortis (janvier 2024),bpost banque,BNPPF,fr,2023-09-24,4
contexte_integration_bnppf_bpost,Contexte — intégration de bpost banque dans BNP Paribas Fortis (janvier 2024),bpost banque,BNPPF,fr,2023-10-01,4
contexte_integration_bnppf_bpost,Contexte — intégration de bpost banque dans BNP Paribas Fortis (janvier 2024),bpost banque,BNPPF,fr,2023-10-08,3
contexte_integration_bnppf_bpost,Contexte — intégration de bpost banque dans BNP Paribas Fortis (janvier 2024),bpost banque,BNPPF,fr,2023-10-15,3
contexte_integration_bnppf_bpost,Contexte — intégration de bpost banque dans BNP Paribas Fortis (janvier 2024),bpost banque,BNPPF,fr,2023-10-22,3
contexte_integration_bnppf_bpost,Contexte — intégration de bpost banque dans BNP Paribas Fortis (janvier 2024),bpost banque,BNPPF,fr,2023-10-29,3
contexte_integration_bnppf_bpost,Contexte — intégration de bpost banque dans BNP Paribas Fortis (janvier 2024),bpost banque,BNPPF,fr,2023-11-05,3
contexte_integration_bnppf_bpost,Contexte — intégration de bpost banque dans BNP Paribas Fortis (janvier 2024),bpost banque,BNPPF,fr,2023-11-12,3
contexte_integration_bnppf_bpost,Contexte — intégration de bpost banque dans BNP Paribas Fortis (janvier 2024),bpost banque,BNPPF,fr,2023-11-19,3
contexte_integration_bnppf_bpost,Contexte — intégration de bpost banque dans BNP Paribas Fortis (janvier 2024),bpost banque,BNPPF,fr,2023-11-26,3
contexte_integration_bnppf_bpost,Contexte — intégration de bpost banque dans BNP Paribas Fortis (janvier 2024),bpost banque,BNPPF,fr,2023-12-03,3
contexte_integration_bnppf_bpost,Contexte — intégration de bpost banque dans BNP Paribas Fortis (janvier 2024),bpost banque,BNPPF,fr,2023-12-10,3
contexte_integration_bnppf_bpost,Contexte — intégration de bpost banque dans BNP Paribas Fortis (janvier 2024),bpost banque,BNPPF,fr,2023-12-17,3
contexte_integration_bnppf_bpost,Contexte — intégration de bpost banque dans BNP Paribas Fortis (janvier 2024),bpost banque,BNPPF,fr,2023-12-24,4
contexte_integration_bnppf_bpost,Contexte — intégration de bpost banque dans BNP Paribas Fortis (janvier 2024),bpost banque,BNPPF,fr,2023-12-31,4
contexte_integration_bnppf_bpost,Contexte — intégration de bpost banque dans BNP Paribas Fortis (janvier 2024),bpost banque,BNPPF,fr,2024-01-07,4
contexte_integration_bnppf_bpost,Contexte — intégration de bpost banque dans BNP Paribas Fortis (janvier 2024),bpost banque,BNPPF,fr,2024-01-14,4
contexte_integration_bnppf_bpost,Contexte — intégration de bpost banque dans BNP Paribas Fortis (janvier 2024),bpost banque,BNPPF,fr,2024-01-21,7
contexte_integration_bnppf_bpost,Contexte — intégration de bpost banque dans BNP Paribas Fortis (janvier 2024),bpost banque,BNPPF,fr,2024-01-28,3
contexte_integration_bnppf_bpost,Contexte — intégration de bpost banque dans BNP Paribas Fortis (janvier 2024),bpost banque,BNPPF,fr,2024-02-04,2
contexte_integration_bnppf_bpost,Contexte — intégration de bpost banque dans BNP Paribas Fortis (janvier 2024),bpost banque,BNPPF,fr,2024-02-11,2
contexte_integration_bnppf_bpost,Contexte — intégration de bpost banque dans BNP Paribas Fortis (janvier 2024),bpost banque,BNPPF,fr,2024-02-18,2
contexte_integration_bnppf_bpost,Contexte — intégration de bpost banque dans BNP Paribas Fortis (janvier 2024),bpost banque,BNPPF,fr,2024-02-25,1
contexte_integration_bnppf_bpost,Contexte — intégration de bpost banque dans BNP Paribas Fortis (janvier 2024),bpost banque,BNPPF,fr,2024-03-03,1
contexte_integration_bnppf_bpost,Contexte — intégration de bpost banque dans BNP Paribas Fortis (janvier 2024),bpost banque,BNPPF,fr,2024-03-10,1
contexte_integration_bnppf_bpost,Contexte — intégration de bpost banque dans BNP Paribas Fortis (janvier 2024),bpost banque,BNPPF,fr,2024-03-17,1
contexte_integration_bnppf_bpost,Contexte — intégration de bpost banque dans BNP Paribas Fortis (janvier 2024),bpost banque,BNPPF,fr,2024-03-24,1
contexte_integration_bnppf_bpost,Contexte — intégration de bpost banque dans BNP Paribas Fortis (janvier 2024),bpost banque,BNPPF,fr,2024-03-31,1
contexte_integration_bnppf_bpost,Contexte — intégration de bpost banque dans BNP Paribas Fortis (janvier 2024),bpost banque,BNPPF,fr,2024-04-07,1
contexte_integration_bnppf_bpost,Contexte — intégration de bpost banque dans BNP Paribas Fortis (janvier 2024),bpost banque,BNPPF,fr,2024-04-14,1
contexte_integration_bnppf_bpost,Contexte — intégration de bpost banque dans BNP Paribas Fortis (janvier 2024),bpost banque,BNPPF,fr,2024-04-21,1
contexte_integration_bnppf_bpost,Contexte — intégration de bpost banque dans BNP Paribas Fortis (janvier 2024),bpost banque,BNPPF,fr,2024-04-28,1
contexte_integration_bnppf_bpost,Contexte — intégration de bpost banque dans BNP Paribas Fortis (janvier 2024),bpost banque,BNPPF,fr,2024-05-05,1
contexte_integration_bnppf_bpost,Contexte — intégration de bpost banque dans BNP Paribas Fortis (janvier 2024),bpost banque,BNPPF,fr,2024-05-12,1
contexte_integration_bnppf_bpost,Contexte — intégration de bpost banque dans BNP Paribas Fortis (janvier 2024),bpost banque,BNPPF,fr,2024-05-19,1
contexte_integration_bnppf_bpost,Contexte — intégration de bpost banque dans BNP Paribas Fortis (janvier 2024),bpost banque,BNPPF,fr,2024-05-26,0
contexte_integration_bnppf_bpost,Contexte — intégration de bpost banque dans BNP Paribas Fortis (janvier 2024),bpost banque,BNPPF,fr,2024-06-02,1
contexte_integration_bnppf_bpost,Contexte — intégration de bpost banque dans BNP Paribas Fortis (janvier 2024),bpost banque,BNPPF,fr,2024-06-09,1
contexte_integration_bnppf_bpost,Contexte — intégration de bpost banque dans BNP Paribas Fortis (janvier 2024),bpost banque,BNPPF,fr,2024-06-16,0
contexte_integration_bnppf_bpost,Contexte — intégration de bpost banque dans BNP Paribas Fortis (janvier 2024),bpost banque,BNPPF,fr,2024-06-23,1
contexte_integration_bnppf_bpost,Contexte — intégration de bpost banque dans BNP Paribas Fortis (janvier 2024),bpost banque,BNPPF,fr,2024-06-30,1
contexte_integration_bnppf_bpost,Contexte — intégration de bpost banque dans BNP Paribas Fortis (janvier 2024),bpost banque,BNPPF,fr,2024-07-07,1
contexte_integration_bnppf_bpost,Contexte — intégration de bpost banque dans BNP Paribas Fortis (janvier 2024),bpost banque,BNPPF,fr,2024-07-14,1
contexte_integration_bnppf_bpost,Contexte — intégration de bpost banque dans BNP Paribas Fortis (janvier 2024),bpost banque,BNPPF,fr,2024-07-21,0
contexte_integration_bnppf_bpost,Contexte — intégration de bpost banque dans BNP Paribas Fortis (janvier 2024),bpost banque,BNPPF,fr,2024-07-28,0
contexte_integration_bnppf_bpost,Contexte — intégration de bpost banque dans BNP Paribas Fortis (janvier 2024),bpost banque,BNPPF,fr,2024-08-04,1
contexte_integration_bnppf_bpost,Contexte — intégration de bpost banque dans BNP Paribas Fortis (janvier 2024),bpost banque,BNPPF,fr,2024-08-11,0
contexte_integration_bnppf_bpost,Contexte — intégration de bpost banque dans BNP Paribas Fortis (janvier 2024),bpost banque,BNPPF,fr,2024-08-18,0
contexte_integration_bnppf_bpost,Contexte — intégration de bpost banque dans BNP Paribas Fortis (janvier 2024),bpost banque,BNPPF,fr,2024-08-25,0
contexte_integration_bnppf_bpost,Contexte — intégration de bpost banque dans BNP Paribas Fortis (janvier 2024),bpost banque,BNPPF,fr,2024-09-01,1
contexte_integration_bnppf_bpost,Contexte — intégration de bpost banque dans BNP Paribas Fortis (janvier 2024),bpost banque,BNPPF,fr,2024-09-08,0
contexte_integration_bnppf_bpost,Contexte — intégration de bpost banque dans BNP Paribas Fortis (janvier 2024),bpost banque,BNPPF,fr,2024-09-15,0
contexte_integration_bnppf_bpost,Contexte — intégration de bpost banque dans BNP Paribas Fortis (janvier 2024),bpost banque,BNPPF,fr,2024-09-22,0
contexte_integration_bnppf_bpost,Contexte — intégration de bpost banque dans BNP Paribas Fortis (janvier 2024),bpost banque,BNPPF,fr,2024-09-29,0
contexte_integration_bnppf_bpost,Contexte — intégration de bpost banque dans BNP Paribas Fortis (janvier 2024),bpost banque,BNPPF,fr,2024-10-06,0
contexte_integration_bnppf_bpost,Contexte — intégration de bpost banque dans BNP Paribas Fortis (janvier 2024),bpost banque,BNPPF,fr,2024-10-13,0
contexte_integration_bnppf_bpost,Contexte — intégration de bpost banque dans BNP Paribas Fortis (janvier 2024),bpost banque,BNPPF,fr,2024-10-20,0
contexte_integration_bnppf_bpost,Contexte — intégration de bpost banque dans BNP Paribas Fortis (janvier 2024),bpost banque,BNPPF,fr,2024-10-27,0
contexte_integration_bnppf_bpost,Contexte — intégration de bpost banque dans BNP Paribas Fortis (janvier 2024),bpost banque,BNPPF,fr,2024-11-03,0
contexte_integration_bnppf_bpost,Contexte — intégration de bpost banque dans BNP Paribas Fortis (janvier 2024),bpost banque,BNPPF,fr,2024-11-10,0
contexte_integration_bnppf_bpost,Contexte — intégration de bpost banque dans BNP Paribas Fortis (janvier 2024),bpost banque,BNPPF,fr,2024-11-17,1
contexte_integration_bnppf_bpost,Contexte — intégration de bpost banque dans BNP Paribas Fortis (janvier 2024),bpost banque,BNPPF,fr,2024-11-24,0
contexte_integration_bnppf_bpost,Contexte — intégration de bpost banque dans BNP Paribas Fortis (janvier 2024),bpost banque,BNPPF,fr,2024-12-01,0
contexte_integration_bnppf_bpost,Contexte — intégration de bpost banque dans BNP Paribas Fortis (janvier 2024),bpost banque,BNPPF,fr,2024-12-08,0
contexte_integration_bnppf_bpost,Contexte — intégration de bpost banque dans BNP Paribas Fortis (janvier 2024),bpost banque,BNPPF,fr,2024-12-15,0
contexte_integration_bnppf_bpost,Contexte — intégration de bpost banque dans BNP Paribas Fortis (janvier 2024),bpost banque,BNPPF,fr,2024-12-22,0
contexte_integration_bnppf_bpost,Contexte — intégration de bpost banque dans BNP Paribas Fortis (janvier 2024),bpost banque,BNPPF,fr,2024-12-29,0
contexte_integration_bnppf_bpost,Contexte — intégration de bpost banque dans BNP Paribas Fortis (janvier 2024),bpost banque,BNPPF,fr,2025-01-05,0
contexte_integration_bnppf_bpost,Contexte — intégration de bpost banque dans BNP Paribas Fortis (janvier 2024),bpost banque,BNPPF,fr,2025-01-12,0
contexte_integration_bnppf_bpost,Contexte — intégration de bpost banque dans BNP Paribas Fortis (janvier 2024),bpost banque,BNPPF,fr,2025-01-19,1
contexte_integration_bnppf_bpost,Contexte — intégration de bpost banque dans BNP Paribas Fortis (janvier 2024),bpost banque,BNPPF,fr,2025-01-26,0
contexte_integration_bnppf_bpost,Contexte — intégration de bpost banque dans BNP Paribas Fortis (janvier 2024),bpost banque,BNPPF,fr,2025-02-02,0
contexte_integration_bnppf_bpost,Contexte — intégration de bpost banque dans BNP Paribas Fortis (janvier 2024),bpost banque,BNPPF,fr,2025-02-09,0
contexte_integration_bnppf_bpost,Contexte — intégration de bpost banque dans BNP Paribas Fortis (janvier 2024),bpost banque,BNPPF,fr,2025-02-16,0
contexte_integration_bnppf_bpost,Contexte — intégration de bpost banque dans BNP Paribas Fortis (janvier 2024),bpost banque,BNPPF,fr,2025-02-23,0
contexte_integration_bnppf_bpost,Contexte — intégration de bpost banque dans BNP Paribas Fortis (janvier 2024),bpost banque,BNPPF,fr,2025-03-02,1
contexte_integration_bnppf_bpost,Contexte — intégration de bpost banque dans BNP Paribas Fortis (janvier 2024),bpost banque,BNPPF,fr,2025-03-09,0
contexte_integration_bnppf_bpost,Contexte — intégration de bpost banque dans BNP Paribas Fortis (janvier 2024),bpost banque,BNPPF,fr,2025-03-16,0
contexte_integration_bnppf_bpost,Contexte — intégration de bpost banque dans BNP Paribas Fortis (janvier 2024),bpost banque,BNPPF,fr,2025-03-23,0
contexte_integration_bnppf_bpost,Contexte — intégration de bpost banque dans BNP Paribas Fortis (janvier 2024),bpost banque,BNPPF,fr,2025-03-30,0
contexte_integration_bnppf_bpost,Contexte — intégration de bpost banque dans BNP Paribas Fortis (janvier 2024),bpost banque,BNPPF,fr,2025-04-06,0
contexte_integration_bnppf_bpost,Contexte — intégration de bpost banque dans BNP Paribas Fortis (janvier 2024),bpost banque,BNPPF,fr,2025-04-13,0
contexte_integration_bnppf_bpost,Contexte — intégration de bpost banque dans BNP Paribas Fortis (janvier 2024),bpost banque,BNPPF,fr,2025-04-20,0
contexte_integration_bnppf_bpost,Contexte — intégration de bpost banque dans BNP Paribas Fortis (janvier 2024),bpost banque,BNPPF,fr,2025-04-27,0
contexte_integration_bnppf_bpost,Contexte — intégration de bpost banque dans BNP Paribas Fortis (janvier 2024),bpost banque,BNPPF,fr,2025-05-04,0
contexte_integration_bnppf_bpost,Contexte — intégration de bpost banque dans BNP Paribas Fortis (janvier 2024),bpost banque,BNPPF,fr,2025-05-11,0
contexte_integration_bnppf_bpost,Contexte — intégration de bpost banque dans BNP Paribas Fortis (janvier 2024),bpost banque,BNPPF,fr,2025-05-18,0
contexte_integration_bnppf_bpost,Contexte — intégration de bpost banque dans BNP Paribas Fortis (janvier 2024),bpost banque,BNPPF,fr,2025-05-25,0
contexte_integration_bnppf_bpost,Contexte — intégration de bpost banque dans BNP Paribas Fortis (janvier 2024),bpost banque,BNPPF,fr,2025-06-01,0
contexte_integration_bnppf_bpost,Contexte — intégration de bpost banque dans BNP Paribas Fortis (janvier 2024),bpost banque,BNPPF,fr,2025-06-08,0
contexte_integration_bnppf_bpost,Contexte — intégration de bpost banque dans BNP Paribas Fortis (janvier 2024),bpost banque,BNPPF,fr,2025-06-15,0
contexte_integration_bnppf_bpost,Contexte — intégration de bpost banque dans BNP Paribas Fortis (janvier 2024),bpost banque,BNPPF,fr,2025-06-22,0
contexte_integration_bnppf_bpost,Contexte — intégration de bpost banque dans BNP Paribas Fortis (janvier 2024),bpost banque,BNPPF,fr,2025-06-29,0
contexte_integration_bnppf_bpost,Contexte — intégration de bpost banque dans BNP Paribas Fortis (janvier 2024),bpost banque,BNPPF,fr,2025-07-06,1
contexte_integration_bnppf_bpost,Contexte — intégration de bpost banque dans BNP Paribas Fortis (janvier 2024),bpost banque,BNPPF,fr,2025-07-13,0
contexte_integration_bnppf_bpost,Contexte — intégration de bpost banque dans BNP Paribas Fortis (janvier 2024),bpost banque,BNPPF,fr,2025-07-20,0
contexte_integration_bnppf_bpost,Contexte — intégration de bpost banque dans BNP Paribas Fortis (janvier 2024),bpost banque,BNPPF,fr,2025-07-27,0
contexte_integration_bnppf_bpost,Contexte — intégration de bpost banque dans BNP Paribas Fortis (janvier 2024),bpost banque,BNPPF,fr,2025-08-03,0
contexte_integration_bnppf_bpost,Contexte — intégration de bpost banque dans BNP Paribas Fortis (janvier 2024),bpost banque,BNPPF,fr,2025-08-10,0
contexte_integration_bnppf_bpost,Contexte — intégration de bpost banque dans BNP Paribas Fortis (janvier 2024),bpost banque,BNPPF,fr,2025-08-17,0
contexte_integration_bnppf_bpost,Contexte — intégration de bpost banque dans BNP Paribas Fortis (janvier 2024),bpost banque,BNPPF,fr,2025-08-24,0
contexte_integration_bnppf_bpost,Contexte — intégration de bpost banque dans BNP Paribas Fortis (janvier 2024),bpost banque,BNPPF,fr,2025-08-31,0
contexte_integration_bnppf_bpost,Contexte — intégration de bpost banque dans BNP Paribas Fortis (janvier 2024),bpost banque,BNPPF,fr,2025-09-07,0
contexte_integration_bnppf_bpost,Contexte — intégration de bpost banque dans BNP Paribas Fortis (janvier 2024),bpost banque,BNPPF,fr,2025-09-14,0
contexte_integration_bnppf_bpost,Contexte — intégration de bpost banque dans BNP Paribas Fortis (janvier 2024),bpost banque,BNPPF,fr,2025-09-21,0
contexte_integration_bnppf_bpost,Contexte — intégration de bpost banque dans BNP Paribas Fortis (janvier 2024),bpost banque,BNPPF,fr,2025-09-28,0
contexte_integration_bnppf_bpost,Contexte — intégration de bpost banque dans BNP Paribas Fortis (janvier 2024),bpost banque,BNPPF,fr,2025-10-05,0
contexte_integration_bnppf_bpost,Contexte — intégration de bpost banque dans BNP Paribas Fortis (janvier 2024),bpost banque,BNPPF,fr,2025-10-12,0
contexte_integration_bnppf_bpost,Contexte — intégration de bpost banque dans BNP Paribas Fortis (janvier 2024),bpost banque,BNPPF,fr,2025-10-19,0
contexte_integration_bnppf_bpost,Contexte — intégration de bpost banque dans BNP Paribas Fortis (janvier 2024),bpost banque,BNPPF,fr,2025-10-26,0
contexte_integration_bnppf_bpost,Contexte — intégration de bpost banque dans BNP Paribas Fortis (janvier 2024),bpost banque,BNPPF,fr,2025-11-02,0
contexte_integration_bnppf_bpost,Contexte — intégration de bpost banque dans BNP Paribas Fortis (janvier 2024),bpost banque,BNPPF,fr,2025-11-09,0
contexte_integration_bnppf_bpost,Contexte — intégration de bpost banque dans BNP Paribas Fortis (janvier 2024),bpost banque,BNPPF,fr,2025-11-16,0
contexte_integration_bnppf_bpost,Contexte — intégration de bpost banque dans BNP Paribas Fortis (janvier 2024),bpost banque,BNPPF,fr,2025-11-23,0
contexte_integration_bnppf_bpost,Contexte — intégration de bpost banque dans BNP Paribas Fortis (janvier 2024),bpost banque,BNPPF,fr,2025-11-30,0
contexte_integration_bnppf_bpost,Contexte — intégration de bpost banque dans BNP Paribas Fortis (janvier 2024),bpost banque,BNPPF,fr,2025-12-07,0
contexte_integration_bnppf_bpost,Contexte — intégration de bpost banque dans BNP Paribas Fortis (janvier 2024),bpost banque,BNPPF,fr,2025-12-14,0
contexte_integration_bnppf_bpost,Contexte — intégration de bpost banque dans BNP Paribas Fortis (janvier 2024),bpost banque,BNPPF,fr,2025-12-21,0
contexte_integration_bnppf_bpost,Contexte — intégration de bpost banque dans BNP Paribas Fortis (janvier 2024),bpost banque,BNPPF,fr,2025-12-28,0
contexte_integration_bnppf_bpost,Contexte — intégration de bpost banque dans BNP Paribas Fortis (janvier 2024),bpost banque,BNPPF,fr,2026-01-04,0
contexte_integration_bnppf_bpost,Contexte — intégration de bpost banque dans BNP Paribas Fortis (janvier 2024),bpost banque,BNPPF,fr,2026-01-11,0
contexte_integration_bnppf_bpost,Contexte — intégration de bpost banque dans BNP Paribas Fortis (janvier 2024),bpost banque,BNPPF,fr,2026-01-18,0
contexte_integration_bnppf_bpost,Contexte — intégration de bpost banque dans BNP Paribas Fortis (janvier 2024),bpost banque,BNPPF,fr,2026-01-25,0
contexte_integration_bnppf_bpost,Contexte — intégration de bpost banque dans BNP Paribas Fortis (janvier 2024),bpost banque,BNPPF,fr,2026-02-01,0
contexte_integration_bnppf_bpost,Contexte — intégration de bpost banque dans BNP Paribas Fortis (janvier 2024),bpost banque,BNPPF,fr,2026-02-08,0
contexte_integration_bnppf_bpost,Contexte — intégration de bpost banque dans BNP Paribas Fortis (janvier 2024),bpost banque,BNPPF,fr,2026-02-15,0
contexte_integration_bnppf_bpost,Contexte — intégration de bpost banque dans BNP Paribas Fortis (janvier 2024),bpost banque,BNPPF,fr,2026-02-22,0
contexte_integration_bnppf_bpost,Contexte — intégration de bpost banque dans BNP Paribas Fortis (janvier 2024),bpost banque,BNPPF,fr,2026-03-01,0
contexte_integration_bnppf_bpost,Contexte — intégration de bpost banque dans BNP Paribas Fortis (janvier 2024),bpost banque,BNPPF,fr,2026-03-08,0
contexte_integration_bnppf_bpost,Contexte — intégration de bpost banque dans BNP Paribas Fortis (janvier 2024),bpost banque,BNPPF,fr,2026-03-15,0
contexte_integration_bnppf_bpost,Contexte — intégration de bpost banque dans BNP Paribas Fortis (janvier 2024),bpost banque,BNPPF,fr,2026-03-22,0
contexte_integration_bnppf_bpost,Contexte — intégration de bpost banque dans BNP Paribas Fortis (janvier 2024),bpost banque,BNPPF,fr,2026-03-29,0
contexte_integration_bnppf_bpost,Contexte — intégration de bpost banque dans BNP Paribas Fortis (janvier 2024),bpost banque,BNPPF,fr,2026-04-05,0
contexte_integration_bnppf_bpost,Contexte — intégration de bpost banque dans BNP Paribas Fortis (janvier 2024),bpost banque,BNPPF,fr,2026-04-12,0
contexte_integration_bnppf_bpost,Contexte — intégration de bpost banque dans BNP Paribas Fortis (janvier 2024),bpost banque,BNPPF,fr,2026-04-19,0
contexte_integration_bnppf_bpost,Contexte — intégration de bpost banque dans BNP Paribas Fortis (janvier 2024),bpost banque,BNPPF,fr,2026-04-26,0
contexte_integration_bnppf_bpost,Contexte — intégration de bpost banque dans BNP Paribas Fortis (janvier 2024),bpost banque,BNPPF,fr,2026-05-03,0
contexte_integration_bnppf_bpost,Contexte — intégration de bpost banque dans BNP Paribas Fortis (janvier 2024),bpost banque,BNPPF,fr,2026-05-10,0
contexte_integration_bnppf_bpost,Contexte — intégration de bpost banque dans BNP Paribas Fortis (janvier 2024),bpost banque,BNPPF,fr,2026-05-17,0
contexte_integration_bnppf_bpost,Contexte — intégration de bpost banque dans BNP Paribas Fortis (janvier 2024),bpost banque,BNPPF,fr,2026-05-24,0
contexte_integration_bnppf_bpost,Contexte — intégration de bpost banque dans BNP Paribas Fortis (janvier 2024),bpost banque,BNPPF,fr,2026-05-31,0
contexte_integration_bnppf_bpost,Contexte — intégration de bpost banque dans BNP Paribas Fortis (janvier 2024),bpost banque,BNPPF,fr,2026-06-07,0
contexte_integration_bnppf_bpost,Contexte — intégration de bpost banque dans BNP Paribas Fortis (janvier 2024),bpost banque,BNPPF,fr,2026-06-14,0
contexte_integration_bnppf_bpost,Contexte — intégration de bpost banque dans BNP Paribas Fortis (janvier 2024),bpost banque,BNPPF,fr,2026-06-21,0
contexte_integration_bnppf_bpost,Contexte — intégration de bpost banque dans BNP Paribas Fortis (janvier 2024),bpost banque,BNPPF,fr,2026-06-28,0
contexte_integration_bnppf_bpost,Contexte — intégration de bpost banque dans BNP Paribas Fortis (janvier 2024),bpost banque,BNPPF,fr,2026-07-05,0
contexte_integration_bnppf_bpost,Contexte — intégration de bpost banque dans BNP Paribas Fortis (janvier 2024),bpost banque,BNPPF,fr,2026-07-12,0
contexte_integration_bnppf_bpost,Contexte — intégration de bpost banque dans BNP Paribas Fortis (janvier 2024),bpost banque,BNPPF,fr,2026-07-19,0
contexte_integration_bnppf_bpost,Contexte — intégration de bpost banque dans BNP Paribas Fortis (janvier 2024),bpost banque,BNPPF,fr,2026-07-26,0
contexte_integration_bnppf_bpost,Contexte — intégration de bpost banque dans BNP Paribas Fortis (janvier 2024),bpost banque,BNPPF,fr,2026-08-02,0
contexte_integration_bnppf_bpost,Contexte — intégration de bpost banque dans BNP Paribas Fortis (janvier 2024),bpost banque,BNPPF,fr,2026-08-09,0
contexte_integration_bnppf_bpost,Contexte — intégration de bpost banque dans BNP Paribas Fortis (janvier 2024),bpost banque,BNPPF,fr,2026-08-16,0
contexte_integration_bnppf_bpost,Contexte — intégration de bpost banque dans BNP Paribas Fortis (janvier 2024),bpost banque,BNPPF,fr,2026-08-23,0
contexte_integration_bnppf_bpost,Contexte — intégration de bpost banque dans BNP Paribas Fortis (janvier 2024),bpost banque,BNPPF,fr,2026-08-30,0
contexte_integration_bnppf_bpost,Contexte — intégration de bpost banque dans BNP Paribas Fortis (janvier 2024),bpost banque,BNPPF,fr,2026-09-06,0
contexte_integration_bnppf_bpost,Contexte — intégration de bpost banque dans BNP Paribas Fortis (janvier 2024),bpost banque,BNPPF,fr,2026-09-13,0
epargne_pension_bnppf,Épargne-pension (BNP Paribas Fortis vs ING),BNP pension,BNPPF,fr,2021-09-12,57
epargne_pension_bnppf,Épargne-pension (BNP Paribas Fortis vs ING),BNP pension,BNPPF,fr,2021-09-19,0
epargne_pension_bnppf,Épargne-pension (BNP Paribas Fortis vs ING),BNP pension,BNPPF,fr,2021-09-26,55
epargne_pension_bnppf,Épargne-pension (BNP Paribas Fortis vs ING),BNP pension,BNPPF,fr,2021-10-03,58
epargne_pension_bnppf,Épargne-pension (BNP Paribas Fortis vs ING),BNP pension,BNPPF,fr,2021-10-10,52
epargne_pension_bnppf,Épargne-pension (BNP Paribas Fortis vs ING),BNP pension,BNPPF,fr,2021-10-17,0
epargne_pension_bnppf,Épargne-pension (BNP Paribas Fortis vs ING),BNP pension,BNPPF,fr,2021-10-24,0
epargne_pension_bnppf,Épargne-pension (BNP Paribas Fortis vs ING),BNP pension,BNPPF,fr,2021-10-31,62
epargne_pension_bnppf,Épargne-pension (BNP Paribas Fortis vs ING),BNP pension,BNPPF,fr,2021-11-07,51
epargne_pension_bnppf,Épargne-pension (BNP Paribas Fortis vs ING),BNP pension,BNPPF,fr,2021-11-14,62
epargne_pension_bnppf,Épargne-pension (BNP Paribas Fortis vs ING),BNP pension,BNPPF,fr,2021-11-21,61
epargne_pension_bnppf,Épargne-pension (BNP Paribas Fortis vs ING),BNP pension,BNPPF,fr,2021-11-28,38
epargne_pension_bnppf,Épargne-pension (BNP Paribas Fortis vs ING),BNP pension,BNPPF,fr,2021-12-05,68
epargne_pension_bnppf,Épargne-pension (BNP Paribas Fortis vs ING),BNP pension,BNPPF,fr,2021-12-12,42
epargne_pension_bnppf,Épargne-pension (BNP Paribas Fortis vs ING),BNP pension,BNPPF,fr,2021-12-19,49
epargne_pension_bnppf,Épargne-pension (BNP Paribas Fortis vs ING),BNP pension,BNPPF,fr,2021-12-26,73
epargne_pension_bnppf,Épargne-pension (BNP Paribas Fortis vs ING),BNP pension,BNPPF,fr,2022-01-02,57
epargne_pension_bnppf,Épargne-pension (BNP Paribas Fortis vs ING),BNP pension,BNPPF,fr,2022-01-09,65
epargne_pension_bnppf,Épargne-pension (BNP Paribas Fortis vs ING),BNP pension,BNPPF,fr,2022-01-16,49
epargne_pension_bnppf,Épargne-pension (BNP Paribas Fortis vs ING),BNP pension,BNPPF,fr,2022-01-23,49
epargne_pension_bnppf,Épargne-pension (BNP Paribas Fortis vs ING),BNP pension,BNPPF,fr,2022-01-30,96
epargne_pension_bnppf,Épargne-pension (BNP Paribas Fortis vs ING),BNP pension,BNPPF,fr,2022-02-06,72
epargne_pension_bnppf,Épargne-pension (BNP Paribas Fortis vs ING),BNP pension,BNPPF,fr,2022-02-13,41
epargne_pension_bnppf,Épargne-pension (BNP Paribas Fortis vs ING),BNP pension,BNPPF,fr,2022-02-20,52
epargne_pension_bnppf,Épargne-pension (BNP Paribas Fortis vs ING),BNP pension,BNPPF,fr,2022-02-27,63
epargne_pension_bnppf,Épargne-pension (BNP Paribas Fortis vs ING),BNP pension,BNPPF,fr,2022-03-06,96
epargne_pension_bnppf,Épargne-pension (BNP Paribas Fortis vs ING),BNP pension,BNPPF,fr,2022-03-13,83
epargne_pension_bnppf,Épargne-pension (BNP Paribas Fortis vs ING),BNP pension,BNPPF,fr,2022-03-20,48
epargne_pension_bnppf,Épargne-pension (BNP Paribas Fortis vs ING),BNP pension,BNPPF,fr,2022-03-27,38
epargne_pension_bnppf,Épargne-pension (BNP Paribas Fortis vs ING),BNP pension,BNPPF,fr,2022-04-03,39
epargne_pension_bnppf,Épargne-pension (BNP Paribas Fortis vs ING),BNP pension,BNPPF,fr,2022-04-10,36
epargne_pension_bnppf,Épargne-pension (BNP Paribas Fortis vs ING),BNP pension,BNPPF,fr,2022-04-17,54
epargne_pension_bnppf,Épargne-pension (BNP Paribas Fortis vs ING),BNP pension,BNPPF,fr,2022-04-24,44
epargne_pension_bnppf,Épargne-pension (BNP Paribas Fortis vs ING),BNP pension,BNPPF,fr,2022-05-01,0
epargne_pension_bnppf,Épargne-pension (BNP Paribas Fortis vs ING),BNP pension,BNPPF,fr,2022-05-08,0
epargne_pension_bnppf,Épargne-pension (BNP Paribas Fortis vs ING),BNP pension,BNPPF,fr,2022-05-15,41
epargne_pension_bnppf,Épargne-pension (BNP Paribas Fortis vs ING),BNP pension,BNPPF,fr,2022-05-22,39
epargne_pension_bnppf,Épargne-pension (BNP Paribas Fortis vs ING),BNP pension,BNPPF,fr,2022-05-29,0
epargne_pension_bnppf,Épargne-pension (BNP Paribas Fortis vs ING),BNP pension,BNPPF,fr,2022-06-05,0
epargne_pension_bnppf,Épargne-pension (BNP Paribas Fortis vs ING),BNP pension,BNPPF,fr,2022-06-12,0
epargne_pension_bnppf,Épargne-pension (BNP Paribas Fortis vs ING),BNP pension,BNPPF,fr,2022-06-19,32
epargne_pension_bnppf,Épargne-pension (BNP Paribas Fortis vs ING),BNP pension,BNPPF,fr,2022-06-26,45
epargne_pension_bnppf,Épargne-pension (BNP Paribas Fortis vs ING),BNP pension,BNPPF,fr,2022-07-03,50
epargne_pension_bnppf,Épargne-pension (BNP Paribas Fortis vs ING),BNP pension,BNPPF,fr,2022-07-10,0
epargne_pension_bnppf,Épargne-pension (BNP Paribas Fortis vs ING),BNP pension,BNPPF,fr,2022-07-17,0
epargne_pension_bnppf,Épargne-pension (BNP Paribas Fortis vs ING),BNP pension,BNPPF,fr,2022-07-24,62
epargne_pension_bnppf,Épargne-pension (BNP Paribas Fortis vs ING),BNP pension,BNPPF,fr,2022-07-31,84
epargne_pension_bnppf,Épargne-pension (BNP Paribas Fortis vs ING),BNP pension,BNPPF,fr,2022-08-07,0
epargne_pension_bnppf,Épargne-pension (BNP Paribas Fortis vs ING),BNP pension,BNPPF,fr,2022-08-14,35
epargne_pension_bnppf,Épargne-pension (BNP Paribas Fortis vs ING),BNP pension,BNPPF,fr,2022-08-21,43
epargne_pension_bnppf,Épargne-pension (BNP Paribas Fortis vs ING),BNP pension,BNPPF,fr,2022-08-28,52
epargne_pension_bnppf,Épargne-pension (BNP Paribas Fortis vs ING),BNP pension,BNPPF,fr,2022-09-04,45
epargne_pension_bnppf,Épargne-pension (BNP Paribas Fortis vs ING),BNP pension,BNPPF,fr,2022-09-11,43
epargne_pension_bnppf,Épargne-pension (BNP Paribas Fortis vs ING),BNP pension,BNPPF,fr,2022-09-18,53
epargne_pension_bnppf,Épargne-pension (BNP Paribas Fortis vs ING),BNP pension,BNPPF,fr,2022-09-25,0
epargne_pension_bnppf,Épargne-pension (BNP Paribas Fortis vs ING),BNP pension,BNPPF,fr,2022-10-02,0
epargne_pension_bnppf,Épargne-pension (BNP Paribas Fortis vs ING),BNP pension,BNPPF,fr,2022-10-09,61
epargne_pension_bnppf,Épargne-pension (BNP Paribas Fortis vs ING),BNP pension,BNPPF,fr,2022-10-16,33
epargne_pension_bnppf,Épargne-pension (BNP Paribas Fortis vs ING),BNP pension,BNPPF,fr,2022-10-23,55
epargne_pension_bnppf,Épargne-pension (BNP Paribas Fortis vs ING),BNP pension,BNPPF,fr,2022-10-30,53
epargne_pension_bnppf,Épargne-pension (BNP Paribas Fortis vs ING),BNP pension,BNPPF,fr,2022-11-06,46
epargne_pension_bnppf,Épargne-pension (BNP Paribas Fortis vs ING),BNP pension,BNPPF,fr,2022-11-13,0
epargne_pension_bnppf,Épargne-pension (BNP Paribas Fortis vs ING),BNP pension,BNPPF,fr,2022-11-20,36
epargne_pension_bnppf,Épargne-pension (BNP Paribas Fortis vs ING),BNP pension,BNPPF,fr,2022-11-27,75
epargne_pension_bnppf,Épargne-pension (BNP Paribas Fortis vs ING),BNP pension,BNPPF,fr,2022-12-04,44
epargne_pension_bnppf,Épargne-pension (BNP Paribas Fortis vs ING),BNP pension,BNPPF,fr,2022-12-11,60
epargne_pension_bnppf,Épargne-pension (BNP Paribas Fortis vs ING),BNP pension,BNPPF,fr,2022-12-18,75
epargne_pension_bnppf,Épargne-pension (BNP Paribas Fortis vs ING),BNP pension,BNPPF,fr,2022-12-25,56
epargne_pension_bnppf,Épargne-pension (BNP Paribas Fortis vs ING),BNP pension,BNPPF,fr,2023-01-01,62
epargne_pension_bnppf,Épargne-pension (BNP Paribas Fortis vs ING),BNP pension,BNPPF,fr,2023-01-08,59
epargne_pension_bnppf,Épargne-pension (BNP Paribas Fortis vs ING),BNP pension,BNPPF,fr,2023-01-15,90
epargne_pension_bnppf,Épargne-pension (BNP Paribas Fortis vs ING),BNP pension,BNPPF,fr,2023-01-22,54
epargne_pension_bnppf,Épargne-pension (BNP Paribas Fortis vs ING),BNP pension,BNPPF,fr,2023-01-29,41
epargne_pension_bnppf,Épargne-pension (BNP Paribas Fortis vs ING),BNP pension,BNPPF,fr,2023-02-05,48
epargne_pension_bnppf,Épargne-pension (BNP Paribas Fortis vs ING),BNP pension,BNPPF,fr,2023-02-12,56
epargne_pension_bnppf,Épargne-pension (BNP Paribas Fortis vs ING),BNP pension,BNPPF,fr,2023-02-19,52
epargne_pension_bnppf,Épargne-pension (BNP Paribas Fortis vs ING),BNP pension,BNPPF,fr,2023-02-26,45
epargne_pension_bnppf,Épargne-pension (BNP Paribas Fortis vs ING),BNP pension,BNPPF,fr,2023-03-05,34
epargne_pension_bnppf,Épargne-pension (BNP Paribas Fortis vs ING),BNP pension,BNPPF,fr,2023-03-12,42
epargne_pension_bnppf,Épargne-pension (BNP Paribas Fortis vs ING),BNP pension,BNPPF,fr,2023-03-19,49
epargne_pension_bnppf,Épargne-pension (BNP Paribas Fortis vs ING),BNP pension,BNPPF,fr,2023-03-26,54
epargne_pension_bnppf,Épargne-pension (BNP Paribas Fortis vs ING),BNP pension,BNPPF,fr,2023-04-02,37
epargne_pension_bnppf,Épargne-pension (BNP Paribas Fortis vs ING),BNP pension,BNPPF,fr,2023-04-09,42
epargne_pension_bnppf,Épargne-pension (BNP Paribas Fortis vs ING),BNP pension,BNPPF,fr,2023-04-16,51
epargne_pension_bnppf,Épargne-pension (BNP Paribas Fortis vs ING),BNP pension,BNPPF,fr,2023-04-23,61
epargne_pension_bnppf,Épargne-pension (BNP Paribas Fortis vs ING),BNP pension,BNPPF,fr,2023-04-30,47
epargne_pension_bnppf,Épargne-pension (BNP Paribas Fortis vs ING),BNP pension,BNPPF,fr,2023-05-07,54
epargne_pension_bnppf,Épargne-pension (BNP Paribas Fortis vs ING),BNP pension,BNPPF,fr,2023-05-14,37
epargne_pension_bnppf,Épargne-pension (BNP Paribas Fortis vs ING),BNP pension,BNPPF,fr,2023-05-21,50
epargne_pension_bnppf,Épargne-pension (BNP Paribas Fortis vs ING),BNP pension,BNPPF,fr,2023-05-28,58
epargne_pension_bnppf,Épargne-pension (BNP Paribas Fortis vs ING),BNP pension,BNPPF,fr,2023-06-04,64
epargne_pension_bnppf,Épargne-pension (BNP Paribas Fortis vs ING),BNP pension,BNPPF,fr,2023-06-11,51
epargne_pension_bnppf,Épargne-pension (BNP Paribas Fortis vs ING),BNP pension,BNPPF,fr,2023-06-18,0
epargne_pension_bnppf,Épargne-pension (BNP Paribas Fortis vs ING),BNP pension,BNPPF,fr,2023-06-25,0
epargne_pension_bnppf,Épargne-pension (BNP Paribas Fortis vs ING),BNP pension,BNPPF,fr,2023-07-02,43
epargne_pension_bnppf,Épargne-pension (BNP Paribas Fortis vs ING),BNP pension,BNPPF,fr,2023-07-09,41
epargne_pension_bnppf,Épargne-pension (BNP Paribas Fortis vs ING),BNP pension,BNPPF,fr,2023-07-16,56
epargne_pension_bnppf,Épargne-pension (BNP Paribas Fortis vs ING),BNP pension,BNPPF,fr,2023-07-23,43
epargne_pension_bnppf,Épargne-pension (BNP Paribas Fortis vs ING),BNP pension,BNPPF,fr,2023-07-30,40
epargne_pension_bnppf,Épargne-pension (BNP Paribas Fortis vs ING),BNP pension,BNPPF,fr,2023-08-06,58
epargne_pension_bnppf,Épargne-pension (BNP Paribas Fortis vs ING),BNP pension,BNPPF,fr,2023-08-13,0
epargne_pension_bnppf,Épargne-pension (BNP Paribas Fortis vs ING),BNP pension,BNPPF,fr,2023-08-20,41
epargne_pension_bnppf,Épargne-pension (BNP Paribas Fortis vs ING),BNP pension,BNPPF,fr,2023-08-27,0
epargne_pension_bnppf,Épargne-pension (BNP Paribas Fortis vs ING),BNP pension,BNPPF,fr,2023-09-03,0
epargne_pension_bnppf,Épargne-pension (BNP Paribas Fortis vs ING),BNP pension,BNPPF,fr,2023-09-10,33
epargne_pension_bnppf,Épargne-pension (BNP Paribas Fortis vs ING),BNP pension,BNPPF,fr,2023-09-17,0
epargne_pension_bnppf,Épargne-pension (BNP Paribas Fortis vs ING),BNP pension,BNPPF,fr,2023-09-24,0
epargne_pension_bnppf,Épargne-pension (BNP Paribas Fortis vs ING),BNP pension,BNPPF,fr,2023-10-01,44
epargne_pension_bnppf,Épargne-pension (BNP Paribas Fortis vs ING),BNP pension,BNPPF,fr,2023-10-08,37
epargne_pension_bnppf,Épargne-pension (BNP Paribas Fortis vs ING),BNP pension,BNPPF,fr,2023-10-15,51
epargne_pension_bnppf,Épargne-pension (BNP Paribas Fortis vs ING),BNP pension,BNPPF,fr,2023-10-22,62
epargne_pension_bnppf,Épargne-pension (BNP Paribas Fortis vs ING),BNP pension,BNPPF,fr,2023-10-29,36
epargne_pension_bnppf,Épargne-pension (BNP Paribas Fortis vs ING),BNP pension,BNPPF,fr,2023-11-05,0
epargne_pension_bnppf,Épargne-pension (BNP Paribas Fortis vs ING),BNP pension,BNPPF,fr,2023-11-12,43
epargne_pension_bnppf,Épargne-pension (BNP Paribas Fortis vs ING),BNP pension,BNPPF,fr,2023-11-19,32
epargne_pension_bnppf,Épargne-pension (BNP Paribas Fortis vs ING),BNP pension,BNPPF,fr,2023-11-26,51
epargne_pension_bnppf,Épargne-pension (BNP Paribas Fortis vs ING),BNP pension,BNPPF,fr,2023-12-03,42
epargne_pension_bnppf,Épargne-pension (BNP Paribas Fortis vs ING),BNP pension,BNPPF,fr,2023-12-10,53
epargne_pension_bnppf,Épargne-pension (BNP Paribas Fortis vs ING),BNP pension,BNPPF,fr,2023-12-17,42
epargne_pension_bnppf,Épargne-pension (BNP Paribas Fortis vs ING),BNP pension,BNPPF,fr,2023-12-24,54
epargne_pension_bnppf,Épargne-pension (BNP Paribas Fortis vs ING),BNP pension,BNPPF,fr,2023-12-31,67
epargne_pension_bnppf,Épargne-pension (BNP Paribas Fortis vs ING),BNP pension,BNPPF,fr,2024-01-07,94
epargne_pension_bnppf,Épargne-pension (BNP Paribas Fortis vs ING),BNP pension,BNPPF,fr,2024-01-14,39
epargne_pension_bnppf,Épargne-pension (BNP Paribas Fortis vs ING),BNP pension,BNPPF,fr,2024-01-21,83
epargne_pension_bnppf,Épargne-pension (BNP Paribas Fortis vs ING),BNP pension,BNPPF,fr,2024-01-28,39
epargne_pension_bnppf,Épargne-pension (BNP Paribas Fortis vs ING),BNP pension,BNPPF,fr,2024-02-04,0
epargne_pension_bnppf,Épargne-pension (BNP Paribas Fortis vs ING),BNP pension,BNPPF,fr,2024-02-11,0
epargne_pension_bnppf,Épargne-pension (BNP Paribas Fortis vs ING),BNP pension,BNPPF,fr,2024-02-18,0
epargne_pension_bnppf,Épargne-pension (BNP Paribas Fortis vs ING),BNP pension,BNPPF,fr,2024-02-25,37
epargne_pension_bnppf,Épargne-pension (BNP Paribas Fortis vs ING),BNP pension,BNPPF,fr,2024-03-03,0
epargne_pension_bnppf,Épargne-pension (BNP Paribas Fortis vs ING),BNP pension,BNPPF,fr,2024-03-10,45
epargne_pension_bnppf,Épargne-pension (BNP Paribas Fortis vs ING),BNP pension,BNPPF,fr,2024-03-17,38
epargne_pension_bnppf,Épargne-pension (BNP Paribas Fortis vs ING),BNP pension,BNPPF,fr,2024-03-24,0
epargne_pension_bnppf,Épargne-pension (BNP Paribas Fortis vs ING),BNP pension,BNPPF,fr,2024-03-31,0
epargne_pension_bnppf,Épargne-pension (BNP Paribas Fortis vs ING),BNP pension,BNPPF,fr,2024-04-07,0
epargne_pension_bnppf,Épargne-pension (BNP Paribas Fortis vs ING),BNP pension,BNPPF,fr,2024-04-14,44
epargne_pension_bnppf,Épargne-pension (BNP Paribas Fortis vs ING),BNP pension,BNPPF,fr,2024-04-21,0
epargne_pension_bnppf,Épargne-pension (BNP Paribas Fortis vs ING),BNP pension,BNPPF,fr,2024-04-28,48
epargne_pension_bnppf,Épargne-pension (BNP Paribas Fortis vs ING),BNP pension,BNPPF,fr,2024-05-05,38
epargne_pension_bnppf,Épargne-pension (BNP Paribas Fortis vs ING),BNP pension,BNPPF,fr,2024-05-12,42
epargne_pension_bnppf,Épargne-pension (BNP Paribas Fortis vs ING),BNP pension,BNPPF,fr,2024-05-19,0
epargne_pension_bnppf,Épargne-pension (BNP Paribas Fortis vs ING),BNP pension,BNPPF,fr,2024-05-26,45
epargne_pension_bnppf,Épargne-pension (BNP Paribas Fortis vs ING),BNP pension,BNPPF,fr,2024-06-02,0
epargne_pension_bnppf,Épargne-pension (BNP Paribas Fortis vs ING),BNP pension,BNPPF,fr,2024-06-09,0
epargne_pension_bnppf,Épargne-pension (BNP Paribas Fortis vs ING),BNP pension,BNPPF,fr,2024-06-16,0
epargne_pension_bnppf,Épargne-pension (BNP Paribas Fortis vs ING),BNP pension,BNPPF,fr,2024-06-23,0
epargne_pension_bnppf,Épargne-pension (BNP Paribas Fortis vs ING),BNP pension,BNPPF,fr,2024-06-30,0
epargne_pension_bnppf,Épargne-pension (BNP Paribas Fortis vs ING),BNP pension,BNPPF,fr,2024-07-07,0
epargne_pension_bnppf,Épargne-pension (BNP Paribas Fortis vs ING),BNP pension,BNPPF,fr,2024-07-14,0
epargne_pension_bnppf,Épargne-pension (BNP Paribas Fortis vs ING),BNP pension,BNPPF,fr,2024-07-21,0
epargne_pension_bnppf,Épargne-pension (BNP Paribas Fortis vs ING),BNP pension,BNPPF,fr,2024-07-28,42
epargne_pension_bnppf,Épargne-pension (BNP Paribas Fortis vs ING),BNP pension,BNPPF,fr,2024-08-04,51
epargne_pension_bnppf,Épargne-pension (BNP Paribas Fortis vs ING),BNP pension,BNPPF,fr,2024-08-11,0
epargne_pension_bnppf,Épargne-pension (BNP Paribas Fortis vs ING),BNP pension,BNPPF,fr,2024-08-18,0
epargne_pension_bnppf,Épargne-pension (BNP Paribas Fortis vs ING),BNP pension,BNPPF,fr,2024-08-25,0
epargne_pension_bnppf,Épargne-pension (BNP Paribas Fortis vs ING),BNP pension,BNPPF,fr,2024-09-01,49
epargne_pension_bnppf,Épargne-pension (BNP Paribas Fortis vs ING),BNP pension,BNPPF,fr,2024-09-08,49
epargne_pension_bnppf,Épargne-pension (BNP Paribas Fortis vs ING),BNP pension,BNPPF,fr,2024-09-15,0
epargne_pension_bnppf,Épargne-pension (BNP Paribas Fortis vs ING),BNP pension,BNPPF,fr,2024-09-22,0
epargne_pension_bnppf,Épargne-pension (BNP Paribas Fortis vs ING),BNP pension,BNPPF,fr,2024-09-29,0
epargne_pension_bnppf,Épargne-pension (BNP Paribas Fortis vs ING),BNP pension,BNPPF,fr,2024-10-06,0
epargne_pension_bnppf,Épargne-pension (BNP Paribas Fortis vs ING),BNP pension,BNPPF,fr,2024-10-13,44
epargne_pension_bnppf,Épargne-pension (BNP Paribas Fortis vs ING),BNP pension,BNPPF,fr,2024-10-20,0
epargne_pension_bnppf,Épargne-pension (BNP Paribas Fortis vs ING),BNP pension,BNPPF,fr,2024-10-27,0
epargne_pension_bnppf,Épargne-pension (BNP Paribas Fortis vs ING),BNP pension,BNPPF,fr,2024-11-03,0
epargne_pension_bnppf,Épargne-pension (BNP Paribas Fortis vs ING),BNP pension,BNPPF,fr,2024-11-10,0
epargne_pension_bnppf,Épargne-pension (BNP Paribas Fortis vs ING),BNP pension,BNPPF,fr,2024-11-17,39
epargne_pension_bnppf,Épargne-pension (BNP Paribas Fortis vs ING),BNP pension,BNPPF,fr,2024-11-24,42
epargne_pension_bnppf,Épargne-pension (BNP Paribas Fortis vs ING),BNP pension,BNPPF,fr,2024-12-01,48
epargne_pension_bnppf,Épargne-pension (BNP Paribas Fortis vs ING),BNP pension,BNPPF,fr,2024-12-08,45
epargne_pension_bnppf,Épargne-pension (BNP Paribas Fortis vs ING),BNP pension,BNPPF,fr,2024-12-15,56
epargne_pension_bnppf,Épargne-pension (BNP Paribas Fortis vs ING),BNP pension,BNPPF,fr,2024-12-22,60
epargne_pension_bnppf,Épargne-pension (BNP Paribas Fortis vs ING),BNP pension,BNPPF,fr,2024-12-29,69
epargne_pension_bnppf,Épargne-pension (BNP Paribas Fortis vs ING),BNP pension,BNPPF,fr,2025-01-05,53
epargne_pension_bnppf,Épargne-pension (BNP Paribas Fortis vs ING),BNP pension,BNPPF,fr,2025-01-12,0
epargne_pension_bnppf,Épargne-pension (BNP Paribas Fortis vs ING),BNP pension,BNPPF,fr,2025-01-19,51
epargne_pension_bnppf,Épargne-pension (BNP Paribas Fortis vs ING),BNP pension,BNPPF,fr,2025-01-26,47
epargne_pension_bnppf,Épargne-pension (BNP Paribas Fortis vs ING),BNP pension,BNPPF,fr,2025-02-02,0
epargne_pension_bnppf,Épargne-pension (BNP Paribas Fortis vs ING),BNP pension,BNPPF,fr,2025-02-09,37
epargne_pension_bnppf,Épargne-pension (BNP Paribas Fortis vs ING),BNP pension,BNPPF,fr,2025-02-16,53
epargne_pension_bnppf,Épargne-pension (BNP Paribas Fortis vs ING),BNP pension,BNPPF,fr,2025-02-23,0
epargne_pension_bnppf,Épargne-pension (BNP Paribas Fortis vs ING),BNP pension,BNPPF,fr,2025-03-02,0
epargne_pension_bnppf,Épargne-pension (BNP Paribas Fortis vs ING),BNP pension,BNPPF,fr,2025-03-09,71
epargne_pension_bnppf,Épargne-pension (BNP Paribas Fortis vs ING),BNP pension,BNPPF,fr,2025-03-16,62
epargne_pension_bnppf,Épargne-pension (BNP Paribas Fortis vs ING),BNP pension,BNPPF,fr,2025-03-23,0
epargne_pension_bnppf,Épargne-pension (BNP Paribas Fortis vs ING),BNP pension,BNPPF,fr,2025-03-30,50
epargne_pension_bnppf,Épargne-pension (BNP Paribas Fortis vs ING),BNP pension,BNPPF,fr,2025-04-06,59
epargne_pension_bnppf,Épargne-pension (BNP Paribas Fortis vs ING),BNP pension,BNPPF,fr,2025-04-13,53
epargne_pension_bnppf,Épargne-pension (BNP Paribas Fortis vs ING),BNP pension,BNPPF,fr,2025-04-20,0
epargne_pension_bnppf,Épargne-pension (BNP Paribas Fortis vs ING),BNP pension,BNPPF,fr,2025-04-27,69
epargne_pension_bnppf,Épargne-pension (BNP Paribas Fortis vs ING),BNP pension,BNPPF,fr,2025-05-04,100
epargne_pension_bnppf,Épargne-pension (BNP Paribas Fortis vs ING),BNP pension,BNPPF,fr,2025-05-11,0
epargne_pension_bnppf,Épargne-pension (BNP Paribas Fortis vs ING),BNP pension,BNPPF,fr,2025-05-18,44
epargne_pension_bnppf,Épargne-pension (BNP Paribas Fortis vs ING),BNP pension,BNPPF,fr,2025-05-25,0
epargne_pension_bnppf,Épargne-pension (BNP Paribas Fortis vs ING),BNP pension,BNPPF,fr,2025-06-01,0
epargne_pension_bnppf,Épargne-pension (BNP Paribas Fortis vs ING),BNP pension,BNPPF,fr,2025-06-08,58
epargne_pension_bnppf,Épargne-pension (BNP Paribas Fortis vs ING),BNP pension,BNPPF,fr,2025-06-15,0
epargne_pension_bnppf,Épargne-pension (BNP Paribas Fortis vs ING),BNP pension,BNPPF,fr,2025-06-22,0
epargne_pension_bnppf,Épargne-pension (BNP Paribas Fortis vs ING),BNP pension,BNPPF,fr,2025-06-29,0
epargne_pension_bnppf,Épargne-pension (BNP Paribas Fortis vs ING),BNP pension,BNPPF,fr,2025-07-06,0
epargne_pension_bnppf,Épargne-pension (BNP Paribas Fortis vs ING),BNP pension,BNPPF,fr,2025-07-13,78
epargne_pension_bnppf,Épargne-pension (BNP Paribas Fortis vs ING),BNP pension,BNPPF,fr,2025-07-20,56
epargne_pension_bnppf,Épargne-pension (BNP Paribas Fortis vs ING),BNP pension,BNPPF,fr,2025-07-27,0
epargne_pension_bnppf,Épargne-pension (BNP Paribas Fortis vs ING),BNP pension,BNPPF,fr,2025-08-03,0
epargne_pension_bnppf,Épargne-pension (BNP Paribas Fortis vs ING),BNP pension,BNPPF,fr,2025-08-10,0
epargne_pension_bnppf,Épargne-pension (BNP Paribas Fortis vs ING),BNP pension,BNPPF,fr,2025-08-17,51
epargne_pension_bnppf,Épargne-pension (BNP Paribas Fortis vs ING),BNP pension,BNPPF,fr,2025-08-24,0
epargne_pension_bnppf,Épargne-pension (BNP Paribas Fortis vs ING),BNP pension,BNPPF,fr,2025-08-31,0
epargne_pension_bnppf,Épargne-pension (BNP Paribas Fortis vs ING),BNP pension,BNPPF,fr,2025-09-07,0
epargne_pension_bnppf,Épargne-pension (BNP Paribas Fortis vs ING),BNP pension,BNPPF,fr,2025-09-14,0
epargne_pension_bnppf,Épargne-pension (BNP Paribas Fortis vs ING),BNP pension,BNPPF,fr,2025-09-21,0
epargne_pension_bnppf,Épargne-pension (BNP Paribas Fortis vs ING),BNP pension,BNPPF,fr,2025-09-28,0
epargne_pension_bnppf,Épargne-pension (BNP Paribas Fortis vs ING),BNP pension,BNPPF,fr,2025-10-05,43
epargne_pension_bnppf,Épargne-pension (BNP Paribas Fortis vs ING),BNP pension,BNPPF,fr,2025-10-12,43
epargne_pension_bnppf,Épargne-pension (BNP Paribas Fortis vs ING),BNP pension,BNPPF,fr,2025-10-19,0
epargne_pension_bnppf,Épargne-pension (BNP Paribas Fortis vs ING),BNP pension,BNPPF,fr,2025-10-26,0
epargne_pension_bnppf,Épargne-pension (BNP Paribas Fortis vs ING),BNP pension,BNPPF,fr,2025-11-02,0
epargne_pension_bnppf,Épargne-pension (BNP Paribas Fortis vs ING),BNP pension,BNPPF,fr,2025-11-09,0
epargne_pension_bnppf,Épargne-pension (BNP Paribas Fortis vs ING),BNP pension,BNPPF,fr,2025-11-16,49
epargne_pension_bnppf,Épargne-pension (BNP Paribas Fortis vs ING),BNP pension,BNPPF,fr,2025-11-23,56
epargne_pension_bnppf,Épargne-pension (BNP Paribas Fortis vs ING),BNP pension,BNPPF,fr,2025-11-30,0
epargne_pension_bnppf,Épargne-pension (BNP Paribas Fortis vs ING),BNP pension,BNPPF,fr,2025-12-07,79
epargne_pension_bnppf,Épargne-pension (BNP Paribas Fortis vs ING),BNP pension,BNPPF,fr,2025-12-14,43
epargne_pension_bnppf,Épargne-pension (BNP Paribas Fortis vs ING),BNP pension,BNPPF,fr,2025-12-21,0
epargne_pension_bnppf,Épargne-pension (BNP Paribas Fortis vs ING),BNP pension,BNPPF,fr,2025-12-28,44
epargne_pension_bnppf,Épargne-pension (BNP Paribas Fortis vs ING),BNP pension,BNPPF,fr,2026-01-04,0
epargne_pension_bnppf,Épargne-pension (BNP Paribas Fortis vs ING),BNP pension,BNPPF,fr,2026-01-11,41
epargne_pension_bnppf,Épargne-pension (BNP Paribas Fortis vs ING),BNP pension,BNPPF,fr,2026-01-18,0
epargne_pension_bnppf,Épargne-pension (BNP Paribas Fortis vs ING),BNP pension,BNPPF,fr,2026-01-25,0
epargne_pension_bnppf,Épargne-pension (BNP Paribas Fortis vs ING),BNP pension,BNPPF,fr,2026-02-01,0
epargne_pension_bnppf,Épargne-pension (BNP Paribas Fortis vs ING),BNP pension,BNPPF,fr,2026-02-08,38
epargne_pension_bnppf,Épargne-pension (BNP Paribas Fortis vs ING),BNP pension,BNPPF,fr,2026-02-15,0
epargne_pension_bnppf,Épargne-pension (BNP Paribas Fortis vs ING),BNP pension,BNPPF,fr,2026-02-22,44
epargne_pension_bnppf,Épargne-pension (BNP Paribas Fortis vs ING),BNP pension,BNPPF,fr,2026-03-01,40
epargne_pension_bnppf,Épargne-pension (BNP Paribas Fortis vs ING),BNP pension,BNPPF,fr,2026-03-08,47
epargne_pension_bnppf,Épargne-pension (BNP Paribas Fortis vs ING),BNP pension,BNPPF,fr,2026-03-15,0
epargne_pension_bnppf,Épargne-pension (BNP Paribas Fortis vs ING),BNP pension,BNPPF,fr,2026-03-22,56
epargne_pension_bnppf,Épargne-pension (BNP Paribas Fortis vs ING),BNP pension,BNPPF,fr,2026-03-29,46
epargne_pension_bnppf,Épargne-pension (BNP Paribas Fortis vs ING),BNP pension,BNPPF,fr,2026-04-05,0
epargne_pension_bnppf,Épargne-pension (BNP Paribas Fortis vs ING),BNP pension,BNPPF,fr,2026-04-12,0
epargne_pension_bnppf,Épargne-pension (BNP Paribas Fortis vs ING),BNP pension,BNPPF,fr,2026-04-19,42
epargne_pension_bnppf,Épargne-pension (BNP Paribas Fortis vs ING),BNP pension,BNPPF,fr,2026-04-26,0
epargne_pension_bnppf,Épargne-pension (BNP Paribas Fortis vs ING),BNP pension,BNPPF,fr,2026-05-03,50
epargne_pension_bnppf,Épargne-pension (BNP Paribas Fortis vs ING),BNP pension,BNPPF,fr,2026-05-10,0
epargne_pension_bnppf,Épargne-pension (BNP Paribas Fortis vs ING),BNP pension,BNPPF,fr,2026-05-17,0
epargne_pension_bnppf,Épargne-pension (BNP Paribas Fortis vs ING),BNP pension,BNPPF,fr,2026-05-24,54
epargne_pension_bnppf,Épargne-pension (BNP Paribas Fortis vs ING),BNP pension,BNPPF,fr,2026-05-31,41
epargne_pension_bnppf,Épargne-pension (BNP Paribas Fortis vs ING),BNP pension,BNPPF,fr,2026-06-07,47
epargne_pension_bnppf,Épargne-pension (BNP Paribas Fortis vs ING),BNP pension,BNPPF,fr,2026-06-14,39
epargne_pension_bnppf,Épargne-pension (BNP Paribas Fortis vs ING),BNP pension,BNPPF,fr,2026-06-21,0
epargne_pension_bnppf,Épargne-pension (BNP Paribas Fortis vs ING),BNP pension,BNPPF,fr,2026-06-28,0
epargne_pension_bnppf,Épargne-pension (BNP Paribas Fortis vs ING),BNP pension,BNPPF,fr,2026-07-05,0
epargne_pension_bnppf,Épargne-pension (BNP Paribas Fortis vs ING),BNP pension,BNPPF,fr,2026-07-12,0
epargne_pension_bnppf,Épargne-pension (BNP Paribas Fortis vs ING),BNP pension,BNPPF,fr,2026-07-19,0
epargne_pension_bnppf,Épargne-pension (BNP Paribas Fortis vs ING),BNP pension,BNPPF,fr,2026-07-26,0
epargne_pension_bnppf,Épargne-pension (BNP Paribas Fortis vs ING),BNP pension,BNPPF,fr,2026-08-02,0
epargne_pension_bnppf,Épargne-pension (BNP Paribas Fortis vs ING),BNP pension,BNPPF,fr,2026-08-09,0
epargne_pension_bnppf,Épargne-pension (BNP Paribas Fortis vs ING),BNP pension,BNPPF,fr,2026-08-16,0
epargne_pension_bnppf,Épargne-pension (BNP Paribas Fortis vs ING),BNP pension,BNPPF,fr,2026-08-23,0
epargne_pension_bnppf,Épargne-pension (BNP Paribas Fortis vs ING),BNP pension,BNPPF,fr,2026-08-30,11
epargne_pension_bnppf,Épargne-pension (BNP Paribas Fortis vs ING),BNP pension,BNPPF,fr,2026-09-06,22
epargne_pension_bnppf,Épargne-pension (BNP Paribas Fortis vs ING),BNP pension,BNPPF,fr,2026-09-13,21
marque_generique_traditionnelles,Marques — banques traditionnelles,/m/07sc3dj,BNPPF,multi,2021-09-12,53
marque_generique_traditionnelles,Marques — banques traditionnelles,/m/07sc3dj,BNPPF,multi,2021-09-19,51
marque_generique_traditionnelles,Marques — banques traditionnelles,/m/07sc3dj,BNPPF,multi,2021-09-26,51
marque_generique_traditionnelles,Marques — banques traditionnelles,/m/07sc3dj,BNPPF,multi,2021-10-03,53
marque_generique_traditionnelles,Marques — banques traditionnelles,/m/07sc3dj,BNPPF,multi,2021-10-10,51
marque_generique_traditionnelles,Marques — banques traditionnelles,/m/07sc3dj,BNPPF,multi,2021-10-17,46
marque_generique_traditionnelles,Marques — banques traditionnelles,/m/07sc3dj,BNPPF,multi,2021-10-24,50
marque_generique_traditionnelles,Marques — banques traditionnelles,/m/07sc3dj,BNPPF,multi,2021-10-31,51
marque_generique_traditionnelles,Marques — banques traditionnelles,/m/07sc3dj,BNPPF,multi,2021-11-07,49
marque_generique_traditionnelles,Marques — banques traditionnelles,/m/07sc3dj,BNPPF,multi,2021-11-14,45
marque_generique_traditionnelles,Marques — banques traditionnelles,/m/07sc3dj,BNPPF,multi,2021-11-21,47
marque_generique_traditionnelles,Marques — banques traditionnelles,/m/07sc3dj,BNPPF,multi,2021-11-28,50
marque_generique_traditionnelles,Marques — banques traditionnelles,/m/07sc3dj,BNPPF,multi,2021-12-05,60
marque_generique_traditionnelles,Marques — banques traditionnelles,/m/07sc3dj,BNPPF,multi,2021-12-12,72
marque_generique_traditionnelles,Marques — banques traditionnelles,/m/07sc3dj,BNPPF,multi,2021-12-19,57
marque_generique_traditionnelles,Marques — banques traditionnelles,/m/07sc3dj,BNPPF,multi,2021-12-26,66
marque_generique_traditionnelles,Marques — banques traditionnelles,/m/07sc3dj,BNPPF,multi,2022-01-02,70
marque_generique_traditionnelles,Marques — banques traditionnelles,/m/07sc3dj,BNPPF,multi,2022-01-09,67
marque_generique_traditionnelles,Marques — banques traditionnelles,/m/07sc3dj,BNPPF,multi,2022-01-16,61
marque_generique_traditionnelles,Marques — banques traditionnelles,/m/07sc3dj,BNPPF,multi,2022-01-23,58
marque_generique_traditionnelles,Marques — banques traditionnelles,/m/07sc3dj,BNPPF,multi,2022-01-30,69
marque_generique_traditionnelles,Marques — banques traditionnelles,/m/07sc3dj,BNPPF,multi,2022-02-06,58
marque_generique_traditionnelles,Marques — banques traditionnelles,/m/07sc3dj,BNPPF,multi,2022-02-13,52
marque_generique_traditionnelles,Marques — banques traditionnelles,/m/07sc3dj,BNPPF,multi,2022-02-20,54
marque_generique_traditionnelles,Marques — banques traditionnelles,/m/07sc3dj,BNPPF,multi,2022-02-27,63
marque_generique_traditionnelles,Marques — banques traditionnelles,/m/07sc3dj,BNPPF,multi,2022-03-06,62
marque_generique_traditionnelles,Marques — banques traditionnelles,/m/07sc3dj,BNPPF,multi,2022-03-13,58
marque_generique_traditionnelles,Marques — banques traditionnelles,/m/07sc3dj,BNPPF,multi,2022-03-20,61
marque_generique_traditionnelles,Marques — banques traditionnelles,/m/07sc3dj,BNPPF,multi,2022-03-27,63
marque_generique_traditionnelles,Marques — banques traditionnelles,/m/07sc3dj,BNPPF,multi,2022-04-03,64
marque_generique_traditionnelles,Marques — banques traditionnelles,/m/07sc3dj,BNPPF,multi,2022-04-10,53
marque_generique_traditionnelles,Marques — banques traditionnelles,/m/07sc3dj,BNPPF,multi,2022-04-17,54
marque_generique_traditionnelles,Marques — banques traditionnelles,/m/07sc3dj,BNPPF,multi,2022-04-24,73
marque_generique_traditionnelles,Marques — banques traditionnelles,/m/07sc3dj,BNPPF,multi,2022-05-01,62
marque_generique_traditionnelles,Marques — banques traditionnelles,/m/07sc3dj,BNPPF,multi,2022-05-08,58
marque_generique_traditionnelles,Marques — banques traditionnelles,/m/07sc3dj,BNPPF,multi,2022-05-15,53
marque_generique_traditionnelles,Marques — banques traditionnelles,/m/07sc3dj,BNPPF,multi,2022-05-22,53
marque_generique_traditionnelles,Marques — banques traditionnelles,/m/07sc3dj,BNPPF,multi,2022-05-29,60
marque_generique_traditionnelles,Marques — banques traditionnelles,/m/07sc3dj,BNPPF,multi,2022-06-05,60
marque_generique_traditionnelles,Marques — banques traditionnelles,/m/07sc3dj,BNPPF,multi,2022-06-12,61
marque_generique_traditionnelles,Marques — banques traditionnelles,/m/07sc3dj,BNPPF,multi,2022-06-19,62
marque_generique_traditionnelles,Marques — banques traditionnelles,/m/07sc3dj,BNPPF,multi,2022-06-26,68
marque_generique_traditionnelles,Marques — banques traditionnelles,/m/07sc3dj,BNPPF,multi,2022-07-03,69
marque_generique_traditionnelles,Marques — banques traditionnelles,/m/07sc3dj,BNPPF,multi,2022-07-10,61
marque_generique_traditionnelles,Marques — banques traditionnelles,/m/07sc3dj,BNPPF,multi,2022-07-17,53
marque_generique_traditionnelles,Marques — banques traditionnelles,/m/07sc3dj,BNPPF,multi,2022-07-24,58
marque_generique_traditionnelles,Marques — banques traditionnelles,/m/07sc3dj,BNPPF,multi,2022-07-31,69
marque_generique_traditionnelles,Marques — banques traditionnelles,/m/07sc3dj,BNPPF,multi,2022-08-07,66
marque_generique_traditionnelles,Marques — banques traditionnelles,/m/07sc3dj,BNPPF,multi,2022-08-14,58
marque_generique_traditionnelles,Marques — banques traditionnelles,/m/07sc3dj,BNPPF,multi,2022-08-21,62
marque_generique_traditionnelles,Marques — banques traditionnelles,/m/07sc3dj,BNPPF,multi,2022-08-28,64
marque_generique_traditionnelles,Marques — banques traditionnelles,/m/07sc3dj,BNPPF,multi,2022-09-04,63
marque_generique_traditionnelles,Marques — banques traditionnelles,/m/07sc3dj,BNPPF,multi,2022-09-11,62
marque_generique_traditionnelles,Marques — banques traditionnelles,/m/07sc3dj,BNPPF,multi,2022-09-18,65
marque_generique_traditionnelles,Marques — banques traditionnelles,/m/07sc3dj,BNPPF,multi,2022-09-25,63
marque_generique_traditionnelles,Marques — banques traditionnelles,/m/07sc3dj,BNPPF,multi,2022-10-02,55
marque_generique_traditionnelles,Marques — banques traditionnelles,/m/07sc3dj,BNPPF,multi,2022-10-09,47
marque_generique_traditionnelles,Marques — banques traditionnelles,/m/07sc3dj,BNPPF,multi,2022-10-16,48
marque_generique_traditionnelles,Marques — banques traditionnelles,/m/07sc3dj,BNPPF,multi,2022-10-23,54
marque_generique_traditionnelles,Marques — banques traditionnelles,/m/07sc3dj,BNPPF,multi,2022-10-30,48
marque_generique_traditionnelles,Marques — banques traditionnelles,/m/07sc3dj,BNPPF,multi,2022-11-06,46
marque_generique_traditionnelles,Marques — banques traditionnelles,/m/07sc3dj,BNPPF,multi,2022-11-13,53
marque_generique_traditionnelles,Marques — banques traditionnelles,/m/07sc3dj,BNPPF,multi,2022-11-20,44
marque_generique_traditionnelles,Marques — banques traditionnelles,/m/07sc3dj,BNPPF,multi,2022-11-27,46
marque_generique_traditionnelles,Marques — banques traditionnelles,/m/07sc3dj,BNPPF,multi,2022-12-04,51
marque_generique_traditionnelles,Marques — banques traditionnelles,/m/07sc3dj,BNPPF,multi,2022-12-11,51
marque_generique_traditionnelles,Marques — banques traditionnelles,/m/07sc3dj,BNPPF,multi,2022-12-18,55
marque_generique_traditionnelles,Marques — banques traditionnelles,/m/07sc3dj,BNPPF,multi,2022-12-25,47
marque_generique_traditionnelles,Marques — banques traditionnelles,/m/07sc3dj,BNPPF,multi,2023-01-01,54
marque_generique_traditionnelles,Marques — banques traditionnelles,/m/07sc3dj,BNPPF,multi,2023-01-08,49
marque_generique_traditionnelles,Marques — banques traditionnelles,/m/07sc3dj,BNPPF,multi,2023-01-15,53
marque_generique_traditionnelles,Marques — banques traditionnelles,/m/07sc3dj,BNPPF,multi,2023-01-22,48
marque_generique_traditionnelles,Marques — banques traditionnelles,/m/07sc3dj,BNPPF,multi,2023-01-29,55
marque_generique_traditionnelles,Marques — banques traditionnelles,/m/07sc3dj,BNPPF,multi,2023-02-05,53
marque_generique_traditionnelles,Marques — banques traditionnelles,/m/07sc3dj,BNPPF,multi,2023-02-12,46
marque_generique_traditionnelles,Marques — banques traditionnelles,/m/07sc3dj,BNPPF,multi,2023-02-19,44
marque_generique_traditionnelles,Marques — banques traditionnelles,/m/07sc3dj,BNPPF,multi,2023-02-26,49
marque_generique_traditionnelles,Marques — banques traditionnelles,/m/07sc3dj,BNPPF,multi,2023-03-05,43
marque_generique_traditionnelles,Marques — banques traditionnelles,/m/07sc3dj,BNPPF,multi,2023-03-12,40
marque_generique_traditionnelles,Marques — banques traditionnelles,/m/07sc3dj,BNPPF,multi,2023-03-19,44
marque_generique_traditionnelles,Marques — banques traditionnelles,/m/07sc3dj,BNPPF,multi,2023-03-26,41
marque_generique_traditionnelles,Marques — banques traditionnelles,/m/07sc3dj,BNPPF,multi,2023-04-02,44
marque_generique_traditionnelles,Marques — banques traditionnelles,/m/07sc3dj,BNPPF,multi,2023-04-09,39
marque_generique_traditionnelles,Marques — banques traditionnelles,/m/07sc3dj,BNPPF,multi,2023-04-16,41
marque_generique_traditionnelles,Marques — banques traditionnelles,/m/07sc3dj,BNPPF,multi,2023-04-23,45
marque_generique_traditionnelles,Marques — banques traditionnelles,/m/07sc3dj,BNPPF,multi,2023-04-30,44
marque_generique_traditionnelles,Marques — banques traditionnelles,/m/07sc3dj,BNPPF,multi,2023-05-07,40
marque_generique_traditionnelles,Marques — banques traditionnelles,/m/07sc3dj,BNPPF,multi,2023-05-14,39
marque_generique_traditionnelles,Marques — banques traditionnelles,/m/07sc3dj,BNPPF,multi,2023-05-21,44
marque_generique_traditionnelles,Marques — banques traditionnelles,/m/07sc3dj,BNPPF,multi,2023-05-28,40
marque_generique_traditionnelles,Marques — banques traditionnelles,/m/07sc3dj,BNPPF,multi,2023-06-04,37
marque_generique_traditionnelles,Marques — banques traditionnelles,/m/07sc3dj,BNPPF,multi,2023-06-11,40
marque_generique_traditionnelles,Marques — banques traditionnelles,/m/07sc3dj,BNPPF,multi,2023-06-18,37
marque_generique_traditionnelles,Marques — banques traditionnelles,/m/07sc3dj,BNPPF,multi,2023-06-25,42
marque_generique_traditionnelles,Marques — banques traditionnelles,/m/07sc3dj,BNPPF,multi,2023-07-02,46
marque_generique_traditionnelles,Marques — banques traditionnelles,/m/07sc3dj,BNPPF,multi,2023-07-09,49
marque_generique_traditionnelles,Marques — banques traditionnelles,/m/07sc3dj,BNPPF,multi,2023-07-16,39
marque_generique_traditionnelles,Marques — banques traditionnelles,/m/07sc3dj,BNPPF,multi,2023-07-23,43
marque_generique_traditionnelles,Marques — banques traditionnelles,/m/07sc3dj,BNPPF,multi,2023-07-30,41
marque_generique_traditionnelles,Marques — banques traditionnelles,/m/07sc3dj,BNPPF,multi,2023-08-06,40
marque_generique_traditionnelles,Marques — banques traditionnelles,/m/07sc3dj,BNPPF,multi,2023-08-13,37
marque_generique_traditionnelles,Marques — banques traditionnelles,/m/07sc3dj,BNPPF,multi,2023-08-20,49
marque_generique_traditionnelles,Marques — banques traditionnelles,/m/07sc3dj,BNPPF,multi,2023-08-27,56
marque_generique_traditionnelles,Marques — banques traditionnelles,/m/07sc3dj,BNPPF,multi,2023-09-03,42
marque_generique_traditionnelles,Marques — banques traditionnelles,/m/07sc3dj,BNPPF,multi,2023-09-10,39
marque_generique_traditionnelles,Marques — banques traditionnelles,/m/07sc3dj,BNPPF,multi,2023-09-17,38
marque_generique_traditionnelles,Marques — banques traditionnelles,/m/07sc3dj,BNPPF,multi,2023-09-24,43
marque_generique_traditionnelles,Marques — banques traditionnelles,/m/07sc3dj,BNPPF,multi,2023-10-01,45
marque_generique_traditionnelles,Marques — banques traditionnelles,/m/07sc3dj,BNPPF,multi,2023-10-08,43
marque_generique_traditionnelles,Marques — banques traditionnelles,/m/07sc3dj,BNPPF,multi,2023-10-15,43
marque_generique_traditionnelles,Marques — banques traditionnelles,/m/07sc3dj,BNPPF,multi,2023-10-22,43
marque_generique_traditionnelles,Marques — banques traditionnelles,/m/07sc3dj,BNPPF,multi,2023-10-29,43
marque_generique_traditionnelles,Marques — banques traditionnelles,/m/07sc3dj,BNPPF,multi,2023-11-05,41
marque_generique_traditionnelles,Marques — banques traditionnelles,/m/07sc3dj,BNPPF,multi,2023-11-12,38
marque_generique_traditionnelles,Marques — banques traditionnelles,/m/07sc3dj,BNPPF,multi,2023-11-19,39
marque_generique_traditionnelles,Marques — banques traditionnelles,/m/07sc3dj,BNPPF,multi,2023-11-26,42
marque_generique_traditionnelles,Marques — banques traditionnelles,/m/07sc3dj,BNPPF,multi,2023-12-03,40
marque_generique_traditionnelles,Marques — banques traditionnelles,/m/07sc3dj,BNPPF,multi,2023-12-10,42
marque_generique_traditionnelles,Marques — banques traditionnelles,/m/07sc3dj,BNPPF,multi,2023-12-17,42
marque_generique_traditionnelles,Marques — banques traditionnelles,/m/07sc3dj,BNPPF,multi,2023-12-24,40
marque_generique_traditionnelles,Marques — banques traditionnelles,/m/07sc3dj,BNPPF,multi,2023-12-31,44
marque_generique_traditionnelles,Marques — banques traditionnelles,/m/07sc3dj,BNPPF,multi,2024-01-07,41
marque_generique_traditionnelles,Marques — banques traditionnelles,/m/07sc3dj,BNPPF,multi,2024-01-14,46
marque_generique_traditionnelles,Marques — banques traditionnelles,/m/07sc3dj,BNPPF,multi,2024-01-21,81
marque_generique_traditionnelles,Marques — banques traditionnelles,/m/07sc3dj,BNPPF,multi,2024-01-28,51
marque_generique_traditionnelles,Marques — banques traditionnelles,/m/07sc3dj,BNPPF,multi,2024-02-04,49
marque_generique_traditionnelles,Marques — banques traditionnelles,/m/07sc3dj,BNPPF,multi,2024-02-11,47
marque_generique_traditionnelles,Marques — banques traditionnelles,/m/07sc3dj,BNPPF,multi,2024-02-18,48
marque_generique_traditionnelles,Marques — banques traditionnelles,/m/07sc3dj,BNPPF,multi,2024-02-25,56
marque_generique_traditionnelles,Marques — banques traditionnelles,/m/07sc3dj,BNPPF,multi,2024-03-03,49
marque_generique_traditionnelles,Marques — banques traditionnelles,/m/07sc3dj,BNPPF,multi,2024-03-10,44
marque_generique_traditionnelles,Marques — banques traditionnelles,/m/07sc3dj,BNPPF,multi,2024-03-17,46
marque_generique_traditionnelles,Marques — banques traditionnelles,/m/07sc3dj,BNPPF,multi,2024-03-24,46
marque_generique_traditionnelles,Marques — banques traditionnelles,/m/07sc3dj,BNPPF,multi,2024-03-31,47
marque_generique_traditionnelles,Marques — banques traditionnelles,/m/07sc3dj,BNPPF,multi,2024-04-07,46
marque_generique_traditionnelles,Marques — banques traditionnelles,/m/07sc3dj,BNPPF,multi,2024-04-14,43
marque_generique_traditionnelles,Marques — banques traditionnelles,/m/07sc3dj,BNPPF,multi,2024-04-21,45
marque_generique_traditionnelles,Marques — banques traditionnelles,/m/07sc3dj,BNPPF,multi,2024-04-28,42
marque_generique_traditionnelles,Marques — banques traditionnelles,/m/07sc3dj,BNPPF,multi,2024-05-05,39
marque_generique_traditionnelles,Marques — banques traditionnelles,/m/07sc3dj,BNPPF,multi,2024-05-12,47
marque_generique_traditionnelles,Marques — banques traditionnelles,/m/07sc3dj,BNPPF,multi,2024-05-19,41
marque_generique_traditionnelles,Marques — banques traditionnelles,/m/07sc3dj,BNPPF,multi,2024-05-26,42
marque_generique_traditionnelles,Marques — banques traditionnelles,/m/07sc3dj,BNPPF,multi,2024-06-02,40
marque_generique_traditionnelles,Marques — banques traditionnelles,/m/07sc3dj,BNPPF,multi,2024-06-09,38
marque_generique_traditionnelles,Marques — banques traditionnelles,/m/07sc3dj,BNPPF,multi,2024-06-16,38
marque_generique_traditionnelles,Marques — banques traditionnelles,/m/07sc3dj,BNPPF,multi,2024-06-23,44
marque_generique_traditionnelles,Marques — banques traditionnelles,/m/07sc3dj,BNPPF,multi,2024-06-30,46
marque_generique_traditionnelles,Marques — banques traditionnelles,/m/07sc3dj,BNPPF,multi,2024-07-07,43
marque_generique_traditionnelles,Marques — banques traditionnelles,/m/07sc3dj,BNPPF,multi,2024-07-14,45
marque_generique_traditionnelles,Marques — banques traditionnelles,/m/07sc3dj,BNPPF,multi,2024-07-21,50
marque_generique_traditionnelles,Marques — banques traditionnelles,/m/07sc3dj,BNPPF,multi,2024-07-28,43
marque_generique_traditionnelles,Marques — banques traditionnelles,/m/07sc3dj,BNPPF,multi,2024-08-04,45
marque_generique_traditionnelles,Marques — banques traditionnelles,/m/07sc3dj,BNPPF,multi,2024-08-11,39
marque_generique_traditionnelles,Marques — banques traditionnelles,/m/07sc3dj,BNPPF,multi,2024-08-18,45
marque_generique_traditionnelles,Marques — banques traditionnelles,/m/07sc3dj,BNPPF,multi,2024-08-25,46
marque_generique_traditionnelles,Marques — banques traditionnelles,/m/07sc3dj,BNPPF,multi,2024-09-01,55
marque_generique_traditionnelles,Marques — banques traditionnelles,/m/07sc3dj,BNPPF,multi,2024-09-08,47
marque_generique_traditionnelles,Marques — banques traditionnelles,/m/07sc3dj,BNPPF,multi,2024-09-15,44
marque_generique_traditionnelles,Marques — banques traditionnelles,/m/07sc3dj,BNPPF,multi,2024-09-22,45
marque_generique_traditionnelles,Marques — banques traditionnelles,/m/07sc3dj,BNPPF,multi,2024-09-29,43
marque_generique_traditionnelles,Marques — banques traditionnelles,/m/07sc3dj,BNPPF,multi,2024-10-06,47
marque_generique_traditionnelles,Marques — banques traditionnelles,/m/07sc3dj,BNPPF,multi,2024-10-13,41
marque_generique_traditionnelles,Marques — banques traditionnelles,/m/07sc3dj,BNPPF,multi,2024-10-20,42
marque_generique_traditionnelles,Marques — banques traditionnelles,/m/07sc3dj,BNPPF,multi,2024-10-27,41
marque_generique_traditionnelles,Marques — banques traditionnelles,/m/07sc3dj,BNPPF,multi,2024-11-03,45
marque_generique_traditionnelles,Marques — banques traditionnelles,/m/07sc3dj,BNPPF,multi,2024-11-10,41
marque_generique_traditionnelles,Marques — banques traditionnelles,/m/07sc3dj,BNPPF,multi,2024-11-17,44
marque_generique_traditionnelles,Marques — banques traditionnelles,/m/07sc3dj,BNPPF,multi,2024-11-24,44
marque_generique_traditionnelles,Marques — banques traditionnelles,/m/07sc3dj,BNPPF,multi,2024-12-01,40
marque_generique_traditionnelles,Marques — banques traditionnelles,/m/07sc3dj,BNPPF,multi,2024-12-08,40
marque_generique_traditionnelles,Marques — banques traditionnelles,/m/07sc3dj,BNPPF,multi,2024-12-15,44
marque_generique_traditionnelles,Marques — banques traditionnelles,/m/07sc3dj,BNPPF,multi,2024-12-22,41
marque_generique_traditionnelles,Marques — banques traditionnelles,/m/07sc3dj,BNPPF,multi,2024-12-29,44
marque_generique_traditionnelles,Marques — banques traditionnelles,/m/07sc3dj,BNPPF,multi,2025-01-05,43
marque_generique_traditionnelles,Marques — banques traditionnelles,/m/07sc3dj,BNPPF,multi,2025-01-12,47
marque_generique_traditionnelles,Marques — banques traditionnelles,/m/07sc3dj,BNPPF,multi,2025-01-19,44
marque_generique_traditionnelles,Marques — banques traditionnelles,/m/07sc3dj,BNPPF,multi,2025-01-26,43
marque_generique_traditionnelles,Marques — banques traditionnelles,/m/07sc3dj,BNPPF,multi,2025-02-02,46
marque_generique_traditionnelles,Marques — banques traditionnelles,/m/07sc3dj,BNPPF,multi,2025-02-09,47
marque_generique_traditionnelles,Marques — banques traditionnelles,/m/07sc3dj,BNPPF,multi,2025-02-16,43
marque_generique_traditionnelles,Marques — banques traditionnelles,/m/07sc3dj,BNPPF,multi,2025-02-23,46
marque_generique_traditionnelles,Marques — banques traditionnelles,/m/07sc3dj,BNPPF,multi,2025-03-02,45
marque_generique_traditionnelles,Marques — banques traditionnelles,/m/07sc3dj,BNPPF,multi,2025-03-09,43
marque_generique_traditionnelles,Marques — banques traditionnelles,/m/07sc3dj,BNPPF,multi,2025-03-16,37
marque_generique_traditionnelles,Marques — banques traditionnelles,/m/07sc3dj,BNPPF,multi,2025-03-23,40
marque_generique_traditionnelles,Marques — banques traditionnelles,/m/07sc3dj,BNPPF,multi,2025-03-30,44
marque_generique_traditionnelles,Marques — banques traditionnelles,/m/07sc3dj,BNPPF,multi,2025-04-06,43
marque_generique_traditionnelles,Marques — banques traditionnelles,/m/07sc3dj,BNPPF,multi,2025-04-13,39
marque_generique_traditionnelles,Marques — banques traditionnelles,/m/07sc3dj,BNPPF,multi,2025-04-20,39
marque_generique_traditionnelles,Marques — banques traditionnelles,/m/07sc3dj,BNPPF,multi,2025-04-27,38
marque_generique_traditionnelles,Marques — banques traditionnelles,/m/07sc3dj,BNPPF,multi,2025-05-04,42
marque_generique_traditionnelles,Marques — banques traditionnelles,/m/07sc3dj,BNPPF,multi,2025-05-11,40
marque_generique_traditionnelles,Marques — banques traditionnelles,/m/07sc3dj,BNPPF,multi,2025-05-18,42
marque_generique_traditionnelles,Marques — banques traditionnelles,/m/07sc3dj,BNPPF,multi,2025-05-25,38
marque_generique_traditionnelles,Marques — banques traditionnelles,/m/07sc3dj,BNPPF,multi,2025-06-01,46
marque_generique_traditionnelles,Marques — banques traditionnelles,/m/07sc3dj,BNPPF,multi,2025-06-08,42
marque_generique_traditionnelles,Marques — banques traditionnelles,/m/07sc3dj,BNPPF,multi,2025-06-15,40
marque_generique_traditionnelles,Marques — banques traditionnelles,/m/07sc3dj,BNPPF,multi,2025-06-22,46
marque_generique_traditionnelles,Marques — banques traditionnelles,/m/07sc3dj,BNPPF,multi,2025-06-29,45
marque_generique_traditionnelles,Marques — banques traditionnelles,/m/07sc3dj,BNPPF,multi,2025-07-06,44
marque_generique_traditionnelles,Marques — banques traditionnelles,/m/07sc3dj,BNPPF,multi,2025-07-13,40
marque_generique_traditionnelles,Marques — banques traditionnelles,/m/07sc3dj,BNPPF,multi,2025-07-20,40
marque_generique_traditionnelles,Marques — banques traditionnelles,/m/07sc3dj,BNPPF,multi,2025-07-27,43
marque_generique_traditionnelles,Marques — banques traditionnelles,/m/07sc3dj,BNPPF,multi,2025-08-03,42
marque_generique_traditionnelles,Marques — banques traditionnelles,/m/07sc3dj,BNPPF,multi,2025-08-10,38
marque_generique_traditionnelles,Marques — banques traditionnelles,/m/07sc3dj,BNPPF,multi,2025-08-17,41
marque_generique_traditionnelles,Marques — banques traditionnelles,/m/07sc3dj,BNPPF,multi,2025-08-24,43
marque_generique_traditionnelles,Marques — banques traditionnelles,/m/07sc3dj,BNPPF,multi,2025-08-31,48
marque_generique_traditionnelles,Marques — banques traditionnelles,/m/07sc3dj,BNPPF,multi,2025-09-07,44
marque_generique_traditionnelles,Marques — banques traditionnelles,/m/07sc3dj,BNPPF,multi,2025-09-14,40
marque_generique_traditionnelles,Marques — banques traditionnelles,/m/07sc3dj,BNPPF,multi,2025-09-21,42
marque_generique_traditionnelles,Marques — banques traditionnelles,/m/07sc3dj,BNPPF,multi,2025-09-28,43
marque_generique_traditionnelles,Marques — banques traditionnelles,/m/07sc3dj,BNPPF,multi,2025-10-05,41
marque_generique_traditionnelles,Marques — banques traditionnelles,/m/07sc3dj,BNPPF,multi,2025-10-12,40
marque_generique_traditionnelles,Marques — banques traditionnelles,/m/07sc3dj,BNPPF,multi,2025-10-19,40
marque_generique_traditionnelles,Marques — banques traditionnelles,/m/07sc3dj,BNPPF,multi,2025-10-26,40
marque_generique_traditionnelles,Marques — banques traditionnelles,/m/07sc3dj,BNPPF,multi,2025-11-02,43
marque_generique_traditionnelles,Marques — banques traditionnelles,/m/07sc3dj,BNPPF,multi,2025-11-09,35
marque_generique_traditionnelles,Marques — banques traditionnelles,/m/07sc3dj,BNPPF,multi,2025-11-16,38
marque_generique_traditionnelles,Marques — banques traditionnelles,/m/07sc3dj,BNPPF,multi,2025-11-23,38
marque_generique_traditionnelles,Marques — banques traditionnelles,/m/07sc3dj,BNPPF,multi,2025-11-30,43
marque_generique_traditionnelles,Marques — banques traditionnelles,/m/07sc3dj,BNPPF,multi,2025-12-07,43
marque_generique_traditionnelles,Marques — banques traditionnelles,/m/07sc3dj,BNPPF,multi,2025-12-14,44
marque_generique_traditionnelles,Marques — banques traditionnelles,/m/07sc3dj,BNPPF,multi,2025-12-21,35
marque_generique_traditionnelles,Marques — banques traditionnelles,/m/07sc3dj,BNPPF,multi,2025-12-28,39
marque_generique_traditionnelles,Marques — banques traditionnelles,/m/07sc3dj,BNPPF,multi,2026-01-04,47
marque_generique_traditionnelles,Marques — banques traditionnelles,/m/07sc3dj,BNPPF,multi,2026-01-11,39
marque_generique_traditionnelles,Marques — banques traditionnelles,/m/07sc3dj,BNPPF,multi,2026-01-18,40
marque_generique_traditionnelles,Marques — banques traditionnelles,/m/07sc3dj,BNPPF,multi,2026-01-25,39
marque_generique_traditionnelles,Marques — banques traditionnelles,/m/07sc3dj,BNPPF,multi,2026-02-01,47
marque_generique_traditionnelles,Marques — banques traditionnelles,/m/07sc3dj,BNPPF,multi,2026-02-08,37
marque_generique_traditionnelles,Marques — banques traditionnelles,/m/07sc3dj,BNPPF,multi,2026-02-15,34
marque_generique_traditionnelles,Marques — banques traditionnelles,/m/07sc3dj,BNPPF,multi,2026-02-22,42
marque_generique_traditionnelles,Marques — banques traditionnelles,/m/07sc3dj,BNPPF,multi,2026-03-01,41
marque_generique_traditionnelles,Marques — banques traditionnelles,/m/07sc3dj,BNPPF,multi,2026-03-08,37
marque_generique_traditionnelles,Marques — banques traditionnelles,/m/07sc3dj,BNPPF,multi,2026-03-15,34
marque_generique_traditionnelles,Marques — banques traditionnelles,/m/07sc3dj,BNPPF,multi,2026-03-22,36
marque_generique_traditionnelles,Marques — banques traditionnelles,/m/07sc3dj,BNPPF,multi,2026-03-29,39
marque_generique_traditionnelles,Marques — banques traditionnelles,/m/07sc3dj,BNPPF,multi,2026-04-05,31
marque_generique_traditionnelles,Marques — banques traditionnelles,/m/07sc3dj,BNPPF,multi,2026-04-12,32
marque_generique_traditionnelles,Marques — banques traditionnelles,/m/07sc3dj,BNPPF,multi,2026-04-19,33
marque_generique_traditionnelles,Marques — banques traditionnelles,/m/07sc3dj,BNPPF,multi,2026-04-26,31
marque_generique_traditionnelles,Marques — banques traditionnelles,/m/07sc3dj,BNPPF,multi,2026-05-03,42
marque_generique_traditionnelles,Marques — banques traditionnelles,/m/07sc3dj,BNPPF,multi,2026-05-10,31
marque_generique_traditionnelles,Marques — banques traditionnelles,/m/07sc3dj,BNPPF,multi,2026-05-17,35
marque_generique_traditionnelles,Marques — banques traditionnelles,/m/07sc3dj,BNPPF,multi,2026-05-24,34
marque_generique_traditionnelles,Marques — banques traditionnelles,/m/07sc3dj,BNPPF,multi,2026-05-31,36
marque_generique_traditionnelles,Marques — banques traditionnelles,/m/07sc3dj,BNPPF,multi,2026-06-07,32
marque_generique_traditionnelles,Marques — banques traditionnelles,/m/07sc3dj,BNPPF,multi,2026-06-14,31
marque_generique_traditionnelles,Marques — banques traditionnelles,/m/07sc3dj,BNPPF,multi,2026-06-21,34
marque_generique_traditionnelles,Marques — banques traditionnelles,/m/07sc3dj,BNPPF,multi,2026-06-28,34
marque_generique_traditionnelles,Marques — banques traditionnelles,/m/07sc3dj,BNPPF,multi,2026-07-05,33
marque_generique_traditionnelles,Marques — banques traditionnelles,/m/07sc3dj,BNPPF,multi,2026-07-12,33
marque_generique_traditionnelles,Marques — banques traditionnelles,/m/07sc3dj,BNPPF,multi,2026-07-19,30
marque_generique_traditionnelles,Marques — banques traditionnelles,/m/07sc3dj,BNPPF,multi,2026-07-26,30
marque_generique_traditionnelles,Marques — banques traditionnelles,/m/07sc3dj,BNPPF,multi,2026-08-02,30
marque_generique_traditionnelles,Marques — banques traditionnelles,/m/07sc3dj,BNPPF,multi,2026-08-09,27
marque_generique_traditionnelles,Marques — banques traditionnelles,/m/07sc3dj,BNPPF,multi,2026-08-16,30
marque_generique_traditionnelles,Marques — banques traditionnelles,/m/07sc3dj,BNPPF,multi,2026-08-23,31
marque_generique_traditionnelles,Marques — banques traditionnelles,/m/07sc3dj,BNPPF,multi,2026-08-30,36
marque_generique_traditionnelles,Marques — banques traditionnelles,/m/07sc3dj,BNPPF,multi,2026-09-06,30
marque_generique_traditionnelles,Marques — banques traditionnelles,/m/07sc3dj,BNPPF,multi,2026-09-13,27
