product_id,product_label,term,bank,language,date,value
app_mobile_crelan,Application mobile bancaire (Crelan vs ING),Crelan app,CRELAN,multi,2021-09-12,0
app_mobile_crelan,Application mobile bancaire (Crelan vs ING),Crelan app,CRELAN,multi,2021-09-19,0
app_mobile_crelan,Application mobile bancaire (Crelan vs ING),Crelan app,CRELAN,multi,2021-09-26,0
app_mobile_crelan,Application mobile bancaire (Crelan vs ING),Crelan app,CRELAN,multi,2021-10-03,0
app_mobile_crelan,Application mobile bancaire (Crelan vs ING),Crelan app,CRELAN,multi,2021-10-10,0
app_mobile_crelan,Application mobile bancaire (Crelan vs ING),Crelan app,CRELAN,multi,2021-10-17,0
app_mobile_crelan,Application mobile bancaire (Crelan vs ING),Crelan app,CRELAN,multi,2021-10-24,0
app_mobile_crelan,Application mobile bancaire (Crelan vs ING),Crelan app,CRELAN,multi,2021-10-31,0
app_mobile_crelan,Application mobile bancaire (Crelan vs ING),Crelan app,CRELAN,multi,2021-11-07,0
app_mobile_crelan,Application mobile bancaire (Crelan vs ING),Crelan app,CRELAN,multi,2021-11-14,0
app_mobile_crelan,Application mobile bancaire (Crelan vs ING),Crelan app,CRELAN,multi,2021-11-21,4
app_mobile_crelan,Application mobile bancaire (Crelan vs ING),Crelan app,CRELAN,multi,2021-11-28,0
app_mobile_crelan,Application mobile bancaire (Crelan vs ING),Crelan app,CRELAN,multi,2021-12-05,0
app_mobile_crelan,Application mobile bancaire (Crelan vs ING),Crelan app,CRELAN,multi,2021-12-12,0
app_mobile_crelan,Application mobile bancaire (Crelan vs ING),Crelan app,CRELAN,multi,2021-12-19,0
app_mobile_crelan,Application mobile bancaire (Crelan vs ING),Crelan app,CRELAN,multi,2021-12-26,0
app_mobile_crelan,Application mobile bancaire (Crelan vs ING),Crelan app,CRELAN,multi,2022-01-02,0
app_mobile_crelan,Application mobile bancaire (Crelan vs ING),Crelan app,CRELAN,multi,2022-01-09,0
app_mobile_crelan,Application mobile bancaire (Crelan vs ING),Crelan app,CRELAN,multi,2022-01-16,0
app_mobile_crelan,Application mobile bancaire (Crelan vs ING),Crelan app,CRELAN,multi,2022-01-23,0
app_mobile_crelan,Application mobile bancaire (Crelan vs ING),Crelan app,CRELAN,multi,2022-01-30,0
app_mobile_crelan,Application mobile bancaire (Crelan vs ING),Crelan app,CRELAN,multi,2022-02-06,0
app_mobile_crelan,Application mobile bancaire (Crelan vs ING),Crelan app,CRELAN,multi,2022-02-13,0
app_mobile_crelan,Application mobile bancaire (Crelan vs ING),Crelan app,CRELAN,multi,2022-02-20,0
app_mobile_crelan,Application mobile bancaire (Crelan vs ING),Crelan app,CRELAN,multi,2022-02-27,0
app_mobile_crelan,Application mobile bancaire (Crelan vs ING),Crelan app,CRELAN,multi,2022-03-06,0
app_mobile_crelan,Application mobile bancaire (Crelan vs ING),Crelan app,CRELAN,multi,2022-03-13,0
app_mobile_crelan,Application mobile bancaire (Crelan vs ING),Crelan app,CRELAN,multi,2022-03-20,0
app_mobile_crelan,Application mobile bancaire (Crelan vs ING),Crelan app,CRELAN,multi,2022-03-27,0
app_mobile_crelan,Application mobile bancaire (Crelan vs ING),Crelan app,CRELAN,multi,2022-04-03,0
app_mobile_crelan,Application mobile bancaire (Crelan vs ING),Crelan app,CRELAN,multi,2022-04-10,0
app_mobile_crelan,Application mobile bancaire (Crelan vs ING),Crelan app,CRELAN,multi,2022-04-17,0
app_mobile_crelan,Application mobile bancaire (Crelan vs ING),Crelan app,CRELAN,multi,2022-04-24,0
app_mobile_crelan,Application mobile bancaire (Crelan vs ING),Crelan app,CRELAN,multi,2022-05-01,0
app_mobile_crelan,Application mobile bancaire (Crelan vs ING),Crelan app,CRELAN,multi,2022-05-08,0
app_mobile_crelan,Application mobile bancaire (Crelan vs ING),Crelan app,CRELAN,multi,2022-05-15,0
app_mobile_crelan,Application mobile bancaire (Crelan vs ING),Crelan app,CRELAN,multi,2022-05-22,0
app_mobile_crelan,Application mobile bancaire (Crelan vs ING),Crelan app,CRELAN,multi,2022-05-29,3
app_mobile_crelan,Application mobile bancaire (Crelan vs ING),Crelan app,CRELAN,multi,2022-06-05,0
app_mobile_crelan,Application mobile bancaire (Crelan vs ING),Crelan app,CRELAN,multi,2022-06-12,0
app_mobile_crelan,Application mobile bancaire (Crelan vs ING),Crelan app,CRELAN,multi,2022-06-19,0
app_mobile_crelan,Application mobile bancaire (Crelan vs ING),Crelan app,CRELAN,multi,2022-06-26,0
app_mobile_crelan,Application mobile bancaire (Crelan vs ING),Crelan app,CRELAN,multi,2022-07-03,0
app_mobile_crelan,Application mobile bancaire (Crelan vs ING),Crelan app,CRELAN,multi,2022-07-10,0
app_mobile_crelan,Application mobile bancaire (Crelan vs ING),Crelan app,CRELAN,multi,2022-07-17,0
app_mobile_crelan,Application mobile bancaire (Crelan vs ING),Crelan app,CRELAN,multi,2022-07-24,0
app_mobile_crelan,Application mobile bancaire (Crelan vs ING),Crelan app,CRELAN,multi,2022-07-31,0
app_mobile_crelan,Application mobile bancaire (Crelan vs ING),Crelan app,CRELAN,multi,2022-08-07,0
app_mobile_crelan,Application mobile bancaire (Crelan vs ING),Crelan app,CRELAN,multi,2022-08-14,0
app_mobile_crelan,Application mobile bancaire (Crelan vs ING),Crelan app,CRELAN,multi,2022-08-21,0
app_mobile_crelan,Application mobile bancaire (Crelan vs ING),Crelan app,CRELAN,multi,2022-08-28,0
app_mobile_crelan,Application mobile bancaire (Crelan vs ING),Crelan app,CRELAN,multi,2022-09-04,0
app_mobile_crelan,Application mobile bancaire (Crelan vs ING),Crelan app,CRELAN,multi,2022-09-11,0
app_mobile_crelan,Application mobile bancaire (Crelan vs ING),Crelan app,CRELAN,multi,2022-09-18,0
app_mobile_crelan,Application mobile bancaire (Crelan vs ING),Crelan app,CRELAN,multi,2022-09-25,0
app_mobile_crelan,Application mobile bancaire (Crelan vs ING),Crelan app,CRELAN,multi,2022-10-02,0
app_mobile_crelan,Application mobile bancaire (Crelan vs ING),Crelan app,CRELAN,multi,2022-10-09,0
app_mobile_crelan,Application mobile bancaire (Crelan vs ING),Crelan app,CRELAN,multi,2022-10-16,0
app_mobile_crelan,Application mobile bancaire (Crelan vs ING),Crelan app,CRELAN,multi,2022-10-23,0
app_mobile_crelan,Application mobile bancaire (Crelan vs ING),Crelan app,CRELAN,multi,2022-10-30,0
app_mobile_crelan,Application mobile bancaire (Crelan vs ING),Crelan app,CRELAN,multi,2022-11-06,0
app_mobile_crelan,Application mobile bancaire (Crelan vs ING),Crelan app,CRELAN,multi,2022-11-13,0
app_mobile_crelan,Application mobile bancaire (Crelan vs ING),Crelan app,CRELAN,multi,2022-11-20,3
app_mobile_crelan,Application mobile bancaire (Crelan vs ING),Crelan app,CRELAN,multi,2022-11-27,0
app_mobile_crelan,Application mobile bancaire (Crelan vs ING),Crelan app,CRELAN,multi,2022-12-04,0
app_mobile_crelan,Application mobile bancaire (Crelan vs ING),Crelan app,CRELAN,multi,2022-12-11,0
app_mobile_crelan,Application mobile bancaire (Crelan vs ING),Crelan app,CRELAN,multi,2022-12-18,0
app_mobile_crelan,Application mobile bancaire (Crelan vs ING),Crelan app,CRELAN,multi,2022-12-25,0
app_mobile_crelan,Application mobile bancaire (Crelan vs ING),Crelan app,CRELAN,multi,2023-01-01,0
app_mobile_crelan,Application mobile bancaire (Crelan vs ING),Crelan app,CRELAN,multi,2023-01-08,0
app_mobile_crelan,Application mobile bancaire (Crelan vs ING),Crelan app,CRELAN,multi,2023-01-15,0
app_mobile_crelan,Application mobile bancaire (Crelan vs ING),Crelan app,CRELAN,multi,2023-01-22,0
app_mobile_crelan,Application mobile bancaire (Crelan vs ING),Crelan app,CRELAN,multi,2023-01-29,0
app_mobile_crelan,Application mobile bancaire (Crelan vs ING),Crelan app,CRELAN,multi,2023-02-05,0
app_mobile_crelan,Application mobile bancaire (Crelan vs ING),Crelan app,CRELAN,multi,2023-02-12,0
app_mobile_crelan,Application mobile bancaire (Crelan vs ING),Crelan app,CRELAN,multi,2023-02-19,0
app_mobile_crelan,Application mobile bancaire (Crelan vs ING),Crelan app,CRELAN,multi,2023-02-26,0
app_mobile_crelan,Application mobile bancaire (Crelan vs ING),Crelan app,CRELAN,multi,2023-03-05,0
app_mobile_crelan,Application mobile bancaire (Crelan vs ING),Crelan app,CRELAN,multi,2023-03-12,0
app_mobile_crelan,Application mobile bancaire (Crelan vs ING),Crelan app,CRELAN,multi,2023-03-19,0
app_mobile_crelan,Application mobile bancaire (Crelan vs ING),Crelan app,CRELAN,multi,2023-03-26,0
app_mobile_crelan,Application mobile bancaire (Crelan vs ING),Crelan app,CRELAN,multi,2023-04-02,0
app_mobile_crelan,Application mobile bancaire (Crelan vs ING),Crelan app,CRELAN,multi,2023-04-09,0
app_mobile_crelan,Application mobile bancaire (Crelan vs ING),Crelan app,CRELAN,multi,2023-04-16,0
app_mobile_crelan,Application mobile bancaire (Crelan vs ING),Crelan app,CRELAN,multi,2023-04-23,0
app_mobile_crelan,Application mobile bancaire (Crelan vs ING),Crelan app,CRELAN,multi,2023-04-30,0
app_mobile_crelan,Application mobile bancaire (Crelan vs ING),Crelan app,CRELAN,multi,2023-05-07,0
app_mobile_crelan,Application mobile bancaire (Crelan vs ING),Crelan app,CRELAN,multi,2023-05-14,0
app_mobile_crelan,Application mobile bancaire (Crelan vs ING),Crelan app,CRELAN,multi,2023-05-21,0
app_mobile_crelan,Application mobile bancaire (Crelan vs ING),Crelan app,CRELAN,multi,2023-05-28,0
app_mobile_crelan,Application mobile bancaire (Crelan vs ING),Crelan app,CRELAN,multi,2023-06-04,0
app_mobile_crelan,Application mobile bancaire (Crelan vs ING),Crelan app,CRELAN,multi,2023-06-11,0
app_mobile_crelan,Application mobile bancaire (Crelan vs ING),Crelan app,CRELAN,multi,2023-06-18,0
app_mobile_crelan,Application mobile bancaire (Crelan vs ING),Crelan app,CRELAN,multi,2023-06-25,0
app_mobile_crelan,Application mobile bancaire (Crelan vs ING),Crelan app,CRELAN,multi,2023-07-02,0
app_mobile_crelan,Application mobile bancaire (Crelan vs ING),Crelan app,CRELAN,multi,2023-07-09,0
app_mobile_crelan,Application mobile bancaire (Crelan vs ING),Crelan app,CRELAN,multi,2023-07-16,0
app_mobile_crelan,Application mobile bancaire (Crelan vs ING),Crelan app,CRELAN,multi,2023-07-23,4
app_mobile_crelan,Application mobile bancaire (Crelan vs ING),Crelan app,CRELAN,multi,2023-07-30,0
app_mobile_crelan,Application mobile bancaire (Crelan vs ING),Crelan app,CRELAN,multi,2023-08-06,0
app_mobile_crelan,Application mobile bancaire (Crelan vs ING),Crelan app,CRELAN,multi,2023-08-13,0
app_mobile_crelan,Application mobile bancaire (Crelan vs ING),Crelan app,CRELAN,multi,2023-08-20,0
app_mobile_crelan,Application mobile bancaire (Crelan vs ING),Crelan app,CRELAN,multi,2023-08-27,0
app_mobile_crelan,Application mobile bancaire (Crelan vs ING),Crelan app,CRELAN,multi,2023-09-03,0
app_mobile_crelan,Application mobile bancaire (Crelan vs ING),Crelan app,CRELAN,multi,2023-09-10,4
app_mobile_crelan,Application mobile bancaire (Crelan vs ING),Crelan app,CRELAN,multi,2023-09-17,0
app_mobile_crelan,Application mobile bancaire (Crelan vs ING),Crelan app,CRELAN,multi,2023-09-24,0
app_mobile_crelan,Application mobile bancaire (Crelan vs ING),Crelan app,CRELAN,multi,2023-10-01,0
app_mobile_crelan,Application mobile bancaire (Crelan vs ING),Crelan app,CRELAN,multi,2023-10-08,0
app_mobile_crelan,Application mobile bancaire (Crelan vs ING),Crelan app,CRELAN,multi,2023-10-15,3
app_mobile_crelan,Application mobile bancaire (Crelan vs ING),Crelan app,CRELAN,multi,2023-10-22,0
app_mobile_crelan,Application mobile bancaire (Crelan vs ING),Crelan app,CRELAN,multi,2023-10-29,0
app_mobile_crelan,Application mobile bancaire (Crelan vs ING),Crelan app,CRELAN,multi,2023-11-05,3
app_mobile_crelan,Application mobile bancaire (Crelan vs ING),Crelan app,CRELAN,multi,2023-11-12,0
app_mobile_crelan,Application mobile bancaire (Crelan vs ING),Crelan app,CRELAN,multi,2023-11-19,0
app_mobile_crelan,Application mobile bancaire (Crelan vs ING),Crelan app,CRELAN,multi,2023-11-26,0
app_mobile_crelan,Application mobile bancaire (Crelan vs ING),Crelan app,CRELAN,multi,2023-12-03,3
app_mobile_crelan,Application mobile bancaire (Crelan vs ING),Crelan app,CRELAN,multi,2023-12-10,0
app_mobile_crelan,Application mobile bancaire (Crelan vs ING),Crelan app,CRELAN,multi,2023-12-17,3
app_mobile_crelan,Application mobile bancaire (Crelan vs ING),Crelan app,CRELAN,multi,2023-12-24,0
app_mobile_crelan,Application mobile bancaire (Crelan vs ING),Crelan app,CRELAN,multi,2023-12-31,0
app_mobile_crelan,Application mobile bancaire (Crelan vs ING),Crelan app,CRELAN,multi,2024-01-07,0
app_mobile_crelan,Application mobile bancaire (Crelan vs ING),Crelan app,CRELAN,multi,2024-01-14,0
app_mobile_crelan,Application mobile bancaire (Crelan vs ING),Crelan app,CRELAN,multi,2024-01-21,0
app_mobile_crelan,Application mobile bancaire (Crelan vs ING),Crelan app,CRELAN,multi,2024-01-28,0
app_mobile_crelan,Application mobile bancaire (Crelan vs ING),Crelan app,CRELAN,multi,2024-02-04,0
app_mobile_crelan,Application mobile bancaire (Crelan vs ING),Crelan app,CRELAN,multi,2024-02-11,4
app_mobile_crelan,Application mobile bancaire (Crelan vs ING),Crelan app,CRELAN,multi,2024-02-18,0
app_mobile_crelan,Application mobile bancaire (Crelan vs ING),Crelan app,CRELAN,multi,2024-02-25,0
app_mobile_crelan,Application mobile bancaire (Crelan vs ING),Crelan app,CRELAN,multi,2024-03-03,0
app_mobile_crelan,Application mobile bancaire (Crelan vs ING),Crelan app,CRELAN,multi,2024-03-10,0
app_mobile_crelan,Application mobile bancaire (Crelan vs ING),Crelan app,CRELAN,multi,2024-03-17,0
app_mobile_crelan,Application mobile bancaire (Crelan vs ING),Crelan app,CRELAN,multi,2024-03-24,5
app_mobile_crelan,Application mobile bancaire (Crelan vs ING),Crelan app,CRELAN,multi,2024-03-31,4
app_mobile_crelan,Application mobile bancaire (Crelan vs ING),Crelan app,CRELAN,multi,2024-04-07,0
app_mobile_crelan,Application mobile bancaire (Crelan vs ING),Crelan app,CRELAN,multi,2024-04-14,0
app_mobile_crelan,Application mobile bancaire (Crelan vs ING),Crelan app,CRELAN,multi,2024-04-21,4
app_mobile_crelan,Application mobile bancaire (Crelan vs ING),Crelan app,CRELAN,multi,2024-04-28,0
app_mobile_crelan,Application mobile bancaire (Crelan vs ING),Crelan app,CRELAN,multi,2024-05-05,0
app_mobile_crelan,Application mobile bancaire (Crelan vs ING),Crelan app,CRELAN,multi,2024-05-12,5
app_mobile_crelan,Application mobile bancaire (Crelan vs ING),Crelan app,CRELAN,multi,2024-05-19,0
app_mobile_crelan,Application mobile bancaire (Crelan vs ING),Crelan app,CRELAN,multi,2024-05-26,6
app_mobile_crelan,Application mobile bancaire (Crelan vs ING),Crelan app,CRELAN,multi,2024-06-02,10
app_mobile_crelan,Application mobile bancaire (Crelan vs ING),Crelan app,CRELAN,multi,2024-06-09,47
app_mobile_crelan,Application mobile bancaire (Crelan vs ING),Crelan app,CRELAN,multi,2024-06-16,11
app_mobile_crelan,Application mobile bancaire (Crelan vs ING),Crelan app,CRELAN,multi,2024-06-23,7
app_mobile_crelan,Application mobile bancaire (Crelan vs ING),Crelan app,CRELAN,multi,2024-06-30,8
app_mobile_crelan,Application mobile bancaire (Crelan vs ING),Crelan app,CRELAN,multi,2024-07-07,4
app_mobile_crelan,Application mobile bancaire (Crelan vs ING),Crelan app,CRELAN,multi,2024-07-14,7
app_mobile_crelan,Application mobile bancaire (Crelan vs ING),Crelan app,CRELAN,multi,2024-07-21,5
app_mobile_crelan,Application mobile bancaire (Crelan vs ING),Crelan app,CRELAN,multi,2024-07-28,0
app_mobile_crelan,Application mobile bancaire (Crelan vs ING),Crelan app,CRELAN,multi,2024-08-04,0
app_mobile_crelan,Application mobile bancaire (Crelan vs ING),Crelan app,CRELAN,multi,2024-08-11,0
app_mobile_crelan,Application mobile bancaire (Crelan vs ING),Crelan app,CRELAN,multi,2024-08-18,0
app_mobile_crelan,Application mobile bancaire (Crelan vs ING),Crelan app,CRELAN,multi,2024-08-25,4
app_mobile_crelan,Application mobile bancaire (Crelan vs ING),Crelan app,CRELAN,multi,2024-09-01,5
app_mobile_crelan,Application mobile bancaire (Crelan vs ING),Crelan app,CRELAN,multi,2024-09-08,4
app_mobile_crelan,Application mobile bancaire (Crelan vs ING),Crelan app,CRELAN,multi,2024-09-15,6
app_mobile_crelan,Application mobile bancaire (Crelan vs ING),Crelan app,CRELAN,multi,2024-09-22,0
app_mobile_crelan,Application mobile bancaire (Crelan vs ING),Crelan app,CRELAN,multi,2024-09-29,5
app_mobile_crelan,Application mobile bancaire (Crelan vs ING),Crelan app,CRELAN,multi,2024-10-06,4
app_mobile_crelan,Application mobile bancaire (Crelan vs ING),Crelan app,CRELAN,multi,2024-10-13,0
app_mobile_crelan,Application mobile bancaire (Crelan vs ING),Crelan app,CRELAN,multi,2024-10-20,4
app_mobile_crelan,Application mobile bancaire (Crelan vs ING),Crelan app,CRELAN,multi,2024-10-27,5
app_mobile_crelan,Application mobile bancaire (Crelan vs ING),Crelan app,CRELAN,multi,2024-11-03,7
app_mobile_crelan,Application mobile bancaire (Crelan vs ING),Crelan app,CRELAN,multi,2024-11-10,0
app_mobile_crelan,Application mobile bancaire (Crelan vs ING),Crelan app,CRELAN,multi,2024-11-17,5
app_mobile_crelan,Application mobile bancaire (Crelan vs ING),Crelan app,CRELAN,multi,2024-11-24,0
app_mobile_crelan,Application mobile bancaire (Crelan vs ING),Crelan app,CRELAN,multi,2024-12-01,3
app_mobile_crelan,Application mobile bancaire (Crelan vs ING),Crelan app,CRELAN,multi,2024-12-08,0
app_mobile_crelan,Application mobile bancaire (Crelan vs ING),Crelan app,CRELAN,multi,2024-12-15,5
app_mobile_crelan,Application mobile bancaire (Crelan vs ING),Crelan app,CRELAN,multi,2024-12-22,0
app_mobile_crelan,Application mobile bancaire (Crelan vs ING),Crelan app,CRELAN,multi,2024-12-29,4
app_mobile_crelan,Application mobile bancaire (Crelan vs ING),Crelan app,CRELAN,multi,2025-01-05,4
app_mobile_crelan,Application mobile bancaire (Crelan vs ING),Crelan app,CRELAN,multi,2025-01-12,4
app_mobile_crelan,Application mobile bancaire (Crelan vs ING),Crelan app,CRELAN,multi,2025-01-19,0
app_mobile_crelan,Application mobile bancaire (Crelan vs ING),Crelan app,CRELAN,multi,2025-01-26,5
app_mobile_crelan,Application mobile bancaire (Crelan vs ING),Crelan app,CRELAN,multi,2025-02-02,0
app_mobile_crelan,Application mobile bancaire (Crelan vs ING),Crelan app,CRELAN,multi,2025-02-09,0
app_mobile_crelan,Application mobile bancaire (Crelan vs ING),Crelan app,CRELAN,multi,2025-02-16,0
app_mobile_crelan,Application mobile bancaire (Crelan vs ING),Crelan app,CRELAN,multi,2025-02-23,5
app_mobile_crelan,Application mobile bancaire (Crelan vs ING),Crelan app,CRELAN,multi,2025-03-02,4
app_mobile_crelan,Application mobile bancaire (Crelan vs ING),Crelan app,CRELAN,multi,2025-03-09,0
app_mobile_crelan,Application mobile bancaire (Crelan vs ING),Crelan app,CRELAN,multi,2025-03-16,0
app_mobile_crelan,Application mobile bancaire (Crelan vs ING),Crelan app,CRELAN,multi,2025-03-23,0
app_mobile_crelan,Application mobile bancaire (Crelan vs ING),Crelan app,CRELAN,multi,2025-03-30,0
app_mobile_crelan,Application mobile bancaire (Crelan vs ING),Crelan app,CRELAN,multi,2025-04-06,0
app_mobile_crelan,Application mobile bancaire (Crelan vs ING),Crelan app,CRELAN,multi,2025-04-13,0
app_mobile_crelan,Application mobile bancaire (Crelan vs ING),Crelan app,CRELAN,multi,2025-04-20,4
app_mobile_crelan,Application mobile bancaire (Crelan vs ING),Crelan app,CRELAN,multi,2025-04-27,0
app_mobile_crelan,Application mobile bancaire (Crelan vs ING),Crelan app,CRELAN,multi,2025-05-04,5
app_mobile_crelan,Application mobile bancaire (Crelan vs ING),Crelan app,CRELAN,multi,2025-05-11,5
app_mobile_crelan,Application mobile bancaire (Crelan vs ING),Crelan app,CRELAN,multi,2025-05-18,4
app_mobile_crelan,Application mobile bancaire (Crelan vs ING),Crelan app,CRELAN,multi,2025-05-25,0
app_mobile_crelan,Application mobile bancaire (Crelan vs ING),Crelan app,CRELAN,multi,2025-06-01,0
app_mobile_crelan,Application mobile bancaire (Crelan vs ING),Crelan app,CRELAN,multi,2025-06-08,4
app_mobile_crelan,Application mobile bancaire (Crelan vs ING),Crelan app,CRELAN,multi,2025-06-15,4
app_mobile_crelan,Application mobile bancaire (Crelan vs ING),Crelan app,CRELAN,multi,2025-06-22,4
app_mobile_crelan,Application mobile bancaire (Crelan vs ING),Crelan app,CRELAN,multi,2025-06-29,0
app_mobile_crelan,Application mobile bancaire (Crelan vs ING),Crelan app,CRELAN,multi,2025-07-06,0
app_mobile_crelan,Application mobile bancaire (Crelan vs ING),Crelan app,CRELAN,multi,2025-07-13,0
app_mobile_crelan,Application mobile bancaire (Crelan vs ING),Crelan app,CRELAN,multi,2025-07-20,5
app_mobile_crelan,Application mobile bancaire (Crelan vs ING),Crelan app,CRELAN,multi,2025-07-27,0
app_mobile_crelan,Application mobile bancaire (Crelan vs ING),Crelan app,CRELAN,multi,2025-08-03,0
app_mobile_crelan,Application mobile bancaire (Crelan vs ING),Crelan app,CRELAN,multi,2025-08-10,0
app_mobile_crelan,Application mobile bancaire (Crelan vs ING),Crelan app,CRELAN,multi,2025-08-17,4
app_mobile_crelan,Application mobile bancaire (Crelan vs ING),Crelan app,CRELAN,multi,2025-08-24,4
app_mobile_crelan,Application mobile bancaire (Crelan vs ING),Crelan app,CRELAN,multi,2025-08-31,5
app_mobile_crelan,Application mobile bancaire (Crelan vs ING),Crelan app,CRELAN,multi,2025-09-07,7
app_mobile_crelan,Application mobile bancaire (Crelan vs ING),Crelan app,CRELAN,multi,2025-09-14,6
app_mobile_crelan,Application mobile bancaire (Crelan vs ING),Crelan app,CRELAN,multi,2025-09-21,4
app_mobile_crelan,Application mobile bancaire (Crelan vs ING),Crelan app,CRELAN,multi,2025-09-28,4
app_mobile_crelan,Application mobile bancaire (Crelan vs ING),Crelan app,CRELAN,multi,2025-10-05,5
app_mobile_crelan,Application mobile bancaire (Crelan vs ING),Crelan app,CRELAN,multi,2025-10-12,7
app_mobile_crelan,Application mobile bancaire (Crelan vs ING),Crelan app,CRELAN,multi,2025-10-19,0
app_mobile_crelan,Application mobile bancaire (Crelan vs ING),Crelan app,CRELAN,multi,2025-10-26,0
app_mobile_crelan,Application mobile bancaire (Crelan vs ING),Crelan app,CRELAN,multi,2025-11-02,5
app_mobile_crelan,Application mobile bancaire (Crelan vs ING),Crelan app,CRELAN,multi,2025-11-09,13
app_mobile_crelan,Application mobile bancaire (Crelan vs ING),Crelan app,CRELAN,multi,2025-11-16,6
app_mobile_crelan,Application mobile bancaire (Crelan vs ING),Crelan app,CRELAN,multi,2025-11-23,0
app_mobile_crelan,Application mobile bancaire (Crelan vs ING),Crelan app,CRELAN,multi,2025-11-30,0
app_mobile_crelan,Application mobile bancaire (Crelan vs ING),Crelan app,CRELAN,multi,2025-12-07,6
app_mobile_crelan,Application mobile bancaire (Crelan vs ING),Crelan app,CRELAN,multi,2025-12-14,6
app_mobile_crelan,Application mobile bancaire (Crelan vs ING),Crelan app,CRELAN,multi,2025-12-21,0
app_mobile_crelan,Application mobile bancaire (Crelan vs ING),Crelan app,CRELAN,multi,2025-12-28,5
app_mobile_crelan,Application mobile bancaire (Crelan vs ING),Crelan app,CRELAN,multi,2026-01-04,0
app_mobile_crelan,Application mobile bancaire (Crelan vs ING),Crelan app,CRELAN,multi,2026-01-11,5
app_mobile_crelan,Application mobile bancaire (Crelan vs ING),Crelan app,CRELAN,multi,2026-01-18,5
app_mobile_crelan,Application mobile bancaire (Crelan vs ING),Crelan app,CRELAN,multi,2026-01-25,0
app_mobile_crelan,Application mobile bancaire (Crelan vs ING),Crelan app,CRELAN,multi,2026-02-01,0
app_mobile_crelan,Application mobile bancaire (Crelan vs ING),Crelan app,CRELAN,multi,2026-02-08,4
app_mobile_crelan,Application mobile bancaire (Crelan vs ING),Crelan app,CRELAN,multi,2026-02-15,0
app_mobile_crelan,Application mobile bancaire (Crelan vs ING),Crelan app,CRELAN,multi,2026-02-22,0
app_mobile_crelan,Application mobile bancaire (Crelan vs ING),Crelan app,CRELAN,multi,2026-03-01,0
app_mobile_crelan,Application mobile bancaire (Crelan vs ING),Crelan app,CRELAN,multi,2026-03-08,3
app_mobile_crelan,Application mobile bancaire (Crelan vs ING),Crelan app,CRELAN,multi,2026-03-15,4
app_mobile_crelan,Application mobile bancaire (Crelan vs ING),Crelan app,CRELAN,multi,2026-03-22,0
app_mobile_crelan,Application mobile bancaire (Crelan vs ING),Crelan app,CRELAN,multi,2026-03-29,6
app_mobile_crelan,Application mobile bancaire (Crelan vs ING),Crelan app,CRELAN,multi,2026-04-05,4
app_mobile_crelan,Application mobile bancaire (Crelan vs ING),Crelan app,CRELAN,multi,2026-04-12,0
app_mobile_crelan,Application mobile bancaire (Crelan vs ING),Crelan app,CRELAN,multi,2026-04-19,5
app_mobile_crelan,Application mobile bancaire (Crelan vs ING),Crelan app,CRELAN,multi,2026-04-26,0
app_mobile_crelan,Application mobile bancaire (Crelan vs ING),Crelan app,CRELAN,multi,2026-05-03,4
app_mobile_crelan,Application mobile bancaire (Crelan vs ING),Crelan app,CRELAN,multi,2026-05-10,8
app_mobile_crelan,Application mobile bancaire (Crelan vs ING),Crelan app,CRELAN,multi,2026-05-17,0
app_mobile_crelan,Application mobile bancaire (Crelan vs ING),Crelan app,CRELAN,multi,2026-05-24,0
app_mobile_crelan,Application mobile bancaire (Crelan vs ING),Crelan app,CRELAN,multi,2026-05-31,3
app_mobile_crelan,Application mobile bancaire (Crelan vs ING),Crelan app,CRELAN,multi,2026-06-07,4
app_mobile_crelan,Application mobile bancaire (Crelan vs ING),Crelan app,CRELAN,multi,2026-06-14,5
app_mobile_crelan,Application mobile bancaire (Crelan vs ING),Crelan app,CRELAN,multi,2026-06-21,4
app_mobile_crelan,Application mobile bancaire (Crelan vs ING),Crelan app,CRELAN,multi,2026-06-28,4
app_mobile_crelan,Application mobile bancaire (Crelan vs ING),Crelan app,CRELAN,multi,2026-07-05,7
app_mobile_crelan,Application mobile bancaire (Crelan vs ING),Crelan app,CRELAN,multi,2026-07-12,4
app_mobile_crelan,Application mobile bancaire (Crelan vs ING),Crelan app,CRELAN,multi,2026-07-19,7
app_mobile_crelan,Application mobile bancaire (Crelan vs ING),Crelan app,CRELAN,multi,2026-07-26,6
app_mobile_crelan,Application mobile bancaire (Crelan vs ING),Crelan app,CRELAN,multi,2026-08-02,5
app_mobile_crelan,Application mobile bancaire (Crelan vs ING),Crelan app,CRELAN,multi,2026-08-09,0
app_mobile_crelan,Application mobile bancaire (Crelan vs ING),Crelan app,CRELAN,multi,2026-08-16,6
app_mobile_crelan,Application mobile bancaire (Crelan vs ING),Crelan app,CRELAN,multi,2026-08-23,5
app_mobile_crelan,Application mobile bancaire (Crelan vs ING),Crelan app,CRELAN,multi,2026-08-30,2
app_mobile_crelan,Application mobile bancaire (Crelan vs ING),Crelan app,CRELAN,multi,2026-09-06,4
app_mobile_crelan,Application mobile bancaire (Crelan vs ING),Crelan app,CRELAN,multi,2026-09-13,3
carte_credit_crelan,Carte de crédit (Crelan vs ING),Crelan visa,CRELAN,fr,2021-09-12,0
carte_credit_crelan,Carte de crédit (Crelan vs ING),Crelan visa,CRELAN,fr,2021-09-19,0
carte_credit_crelan,Carte de crédit (Crelan vs ING),Crelan visa,CRELAN,fr,2021-09-26,0
carte_credit_crelan,Carte de crédit (Crelan vs ING),Crelan visa,CRELAN,fr,2021-10-03,0
carte_credit_crelan,Carte de crédit (Crelan vs ING),Crelan visa,CRELAN,fr,2021-10-10,0
carte_credit_crelan,Carte de crédit (Crelan vs ING),Crelan visa,CRELAN,fr,2021-10-17,0
carte_credit_crelan,Carte de crédit (Crelan vs ING),Crelan visa,CRELAN,fr,2021-10-24,0
carte_credit_crelan,Carte de crédit (Crelan vs ING),Crelan visa,CRELAN,fr,2021-10-31,0
carte_credit_crelan,Carte de crédit (Crelan vs ING),Crelan visa,CRELAN,fr,2021-11-07,0
carte_credit_crelan,Carte de crédit (Crelan vs ING),Crelan visa,CRELAN,fr,2021-11-14,0
carte_credit_crelan,Carte de crédit (Crelan vs ING),Crelan visa,CRELAN,fr,2021-11-21,0
carte_credit_crelan,Carte de crédit (Crelan vs ING),Crelan visa,CRELAN,fr,2021-11-28,0
carte_credit_crelan,Carte de crédit (Crelan vs ING),Crelan visa,CRELAN,fr,2021-12-05,0
carte_credit_crelan,Carte de crédit (Crelan vs ING),Crelan visa,CRELAN,fr,2021-12-12,0
carte_credit_crelan,Carte de crédit (Crelan vs ING),Crelan visa,CRELAN,fr,2021-12-19,0
carte_credit_crelan,Carte de crédit (Crelan vs ING),Crelan visa,CRELAN,fr,2021-12-26,0
carte_credit_crelan,Carte de crédit (Crelan vs ING),Crelan visa,CRELAN,fr,2022-01-02,0
carte_credit_crelan,Carte de crédit (Crelan vs ING),Crelan visa,CRELAN,fr,2022-01-09,0
carte_credit_crelan,Carte de crédit (Crelan vs ING),Crelan visa,CRELAN,fr,2022-01-16,0
carte_credit_crelan,Carte de crédit (Crelan vs ING),Crelan visa,CRELAN,fr,2022-01-23,0
carte_credit_crelan,Carte de crédit (Crelan vs ING),Crelan visa,CRELAN,fr,2022-01-30,0
carte_credit_crelan,Carte de crédit (Crelan vs ING),Crelan visa,CRELAN,fr,2022-02-06,0
carte_credit_crelan,Carte de crédit (Crelan vs ING),Crelan visa,CRELAN,fr,2022-02-13,0
carte_credit_crelan,Carte de crédit (Crelan vs ING),Crelan visa,CRELAN,fr,2022-02-20,0
carte_credit_crelan,Carte de crédit (Crelan vs ING),Crelan visa,CRELAN,fr,2022-02-27,0
carte_credit_crelan,Carte de crédit (Crelan vs ING),Crelan visa,CRELAN,fr,2022-03-06,0
carte_credit_crelan,Carte de crédit (Crelan vs ING),Crelan visa,CRELAN,fr,2022-03-13,0
carte_credit_crelan,Carte de crédit (Crelan vs ING),Crelan visa,CRELAN,fr,2022-03-20,0
carte_credit_crelan,Carte de crédit (Crelan vs ING),Crelan visa,CRELAN,fr,2022-03-27,0
carte_credit_crelan,Carte de crédit (Crelan vs ING),Crelan visa,CRELAN,fr,2022-04-03,0
carte_credit_crelan,Carte de crédit (Crelan vs ING),Crelan visa,CRELAN,fr,2022-04-10,0
carte_credit_crelan,Carte de crédit (Crelan vs ING),Crelan visa,CRELAN,fr,2022-04-17,0
carte_credit_crelan,Carte de crédit (Crelan vs ING),Crelan visa,CRELAN,fr,2022-04-24,0
carte_credit_crelan,Carte de crédit (Crelan vs ING),Crelan visa,CRELAN,fr,2022-05-01,0
carte_credit_crelan,Carte de crédit (Crelan vs ING),Crelan visa,CRELAN,fr,2022-05-08,0
carte_credit_crelan,Carte de crédit (Crelan vs ING),Crelan visa,CRELAN,fr,2022-05-15,0
carte_credit_crelan,Carte de crédit (Crelan vs ING),Crelan visa,CRELAN,fr,2022-05-22,0
carte_credit_crelan,Carte de crédit (Crelan vs ING),Crelan visa,CRELAN,fr,2022-05-29,0
carte_credit_crelan,Carte de crédit (Crelan vs ING),Crelan visa,CRELAN,fr,2022-06-05,0
carte_credit_crelan,Carte de crédit (Crelan vs ING),Crelan visa,CRELAN,fr,2022-06-12,0
carte_credit_crelan,Carte de crédit (Crelan vs ING),Crelan visa,CRELAN,fr,2022-06-19,0
carte_credit_crelan,Carte de crédit (Crelan vs ING),Crelan visa,CRELAN,fr,2022-06-26,0
carte_credit_crelan,Carte de crédit (Crelan vs ING),Crelan visa,CRELAN,fr,2022-07-03,0
carte_credit_crelan,Carte de crédit (Crelan vs ING),Crelan visa,CRELAN,fr,2022-07-10,0
carte_credit_crelan,Carte de crédit (Crelan vs ING),Crelan visa,CRELAN,fr,2022-07-17,0
carte_credit_crelan,Carte de crédit (Crelan vs ING),Crelan visa,CRELAN,fr,2022-07-24,0
carte_credit_crelan,Carte de crédit (Crelan vs ING),Crelan visa,CRELAN,fr,2022-07-31,0
carte_credit_crelan,Carte de crédit (Crelan vs ING),Crelan visa,CRELAN,fr,2022-08-07,0
carte_credit_crelan,Carte de crédit (Crelan vs ING),Crelan visa,CRELAN,fr,2022-08-14,0
carte_credit_crelan,Carte de crédit (Crelan vs ING),Crelan visa,CRELAN,fr,2022-08-21,0
carte_credit_crelan,Carte de crédit (Crelan vs ING),Crelan visa,CRELAN,fr,2022-08-28,0
carte_credit_crelan,Carte de crédit (Crelan vs ING),Crelan visa,CRELAN,fr,2022-09-04,0
carte_credit_crelan,Carte de crédit (Crelan vs ING),Crelan visa,CRELAN,fr,2022-09-11,0
carte_credit_crelan,Carte de crédit (Crelan vs ING),Crelan visa,CRELAN,fr,2022-09-18,0
carte_credit_crelan,Carte de crédit (Crelan vs ING),Crelan visa,CRELAN,fr,2022-09-25,0
carte_credit_crelan,Carte de crédit (Crelan vs ING),Crelan visa,CRELAN,fr,2022-10-02,0
carte_credit_crelan,Carte de crédit (Crelan vs ING),Crelan visa,CRELAN,fr,2022-10-09,0
carte_credit_crelan,Carte de crédit (Crelan vs ING),Crelan visa,CRELAN,fr,2022-10-16,0
carte_credit_crelan,Carte de crédit (Crelan vs ING),Crelan visa,CRELAN,fr,2022-10-23,0
carte_credit_crelan,Carte de crédit (Crelan vs ING),Crelan visa,CRELAN,fr,2022-10-30,0
carte_credit_crelan,Carte de crédit (Crelan vs ING),Crelan visa,CRELAN,fr,2022-11-06,0
carte_credit_crelan,Carte de crédit (Crelan vs ING),Crelan visa,CRELAN,fr,2022-11-13,0
carte_credit_crelan,Carte de crédit (Crelan vs ING),Crelan visa,CRELAN,fr,2022-11-20,0
carte_credit_crelan,Carte de crédit (Crelan vs ING),Crelan visa,CRELAN,fr,2022-11-27,0
carte_credit_crelan,Carte de crédit (Crelan vs ING),Crelan visa,CRELAN,fr,2022-12-04,0
carte_credit_crelan,Carte de crédit (Crelan vs ING),Crelan visa,CRELAN,fr,2022-12-11,0
carte_credit_crelan,Carte de crédit (Crelan vs ING),Crelan visa,CRELAN,fr,2022-12-18,0
carte_credit_crelan,Carte de crédit (Crelan vs ING),Crelan visa,CRELAN,fr,2022-12-25,0
carte_credit_crelan,Carte de crédit (Crelan vs ING),Crelan visa,CRELAN,fr,2023-01-01,0
carte_credit_crelan,Carte de crédit (Crelan vs ING),Crelan visa,CRELAN,fr,2023-01-08,0
carte_credit_crelan,Carte de crédit (Crelan vs ING),Crelan visa,CRELAN,fr,2023-01-15,0
carte_credit_crelan,Carte de crédit (Crelan vs ING),Crelan visa,CRELAN,fr,2023-01-22,24
carte_credit_crelan,Carte de crédit (Crelan vs ING),Crelan visa,CRELAN,fr,2023-01-29,0
carte_credit_crelan,Carte de crédit (Crelan vs ING),Crelan visa,CRELAN,fr,2023-02-05,0
carte_credit_crelan,Carte de crédit (Crelan vs ING),Crelan visa,CRELAN,fr,2023-02-12,0
carte_credit_crelan,Carte de crédit (Crelan vs ING),Crelan visa,CRELAN,fr,2023-02-19,0
carte_credit_crelan,Carte de crédit (Crelan vs ING),Crelan visa,CRELAN,fr,2023-02-26,0
carte_credit_crelan,Carte de crédit (Crelan vs ING),Crelan visa,CRELAN,fr,2023-03-05,0
carte_credit_crelan,Carte de crédit (Crelan vs ING),Crelan visa,CRELAN,fr,2023-03-12,0
carte_credit_crelan,Carte de crédit (Crelan vs ING),Crelan visa,CRELAN,fr,2023-03-19,0
carte_credit_crelan,Carte de crédit (Crelan vs ING),Crelan visa,CRELAN,fr,2023-03-26,0
carte_credit_crelan,Carte de crédit (Crelan vs ING),Crelan visa,CRELAN,fr,2023-04-02,0
carte_credit_crelan,Carte de crédit (Crelan vs ING),Crelan visa,CRELAN,fr,2023-04-09,0
carte_credit_crelan,Carte de crédit (Crelan vs ING),Crelan visa,CRELAN,fr,2023-04-16,0
carte_credit_crelan,Carte de crédit (Crelan vs ING),Crelan visa,CRELAN,fr,2023-04-23,0
carte_credit_crelan,Carte de crédit (Crelan vs ING),Crelan visa,CRELAN,fr,2023-04-30,0
carte_credit_crelan,Carte de crédit (Crelan vs ING),Crelan visa,CRELAN,fr,2023-05-07,0
carte_credit_crelan,Carte de crédit (Crelan vs ING),Crelan visa,CRELAN,fr,2023-05-14,0
carte_credit_crelan,Carte de crédit (Crelan vs ING),Crelan visa,CRELAN,fr,2023-05-21,0
carte_credit_crelan,Carte de crédit (Crelan vs ING),Crelan visa,CRELAN,fr,2023-05-28,0
carte_credit_crelan,Carte de crédit (Crelan vs ING),Crelan visa,CRELAN,fr,2023-06-04,0
carte_credit_crelan,Carte de crédit (Crelan vs ING),Crelan visa,CRELAN,fr,2023-06-11,0
carte_credit_crelan,Carte de crédit (Crelan vs ING),Crelan visa,CRELAN,fr,2023-06-18,0
carte_credit_crelan,Carte de crédit (Crelan vs ING),Crelan visa,CRELAN,fr,2023-06-25,0
carte_credit_crelan,Carte de crédit (Crelan vs ING),Crelan visa,CRELAN,fr,2023-07-02,29
carte_credit_crelan,Carte de crédit (Crelan vs ING),Crelan visa,CRELAN,fr,2023-07-09,36
carte_credit_crelan,Carte de crédit (Crelan vs ING),Crelan visa,CRELAN,fr,2023-07-16,0
carte_credit_crelan,Carte de crédit (Crelan vs ING),Crelan visa,CRELAN,fr,2023-07-23,0
carte_credit_crelan,Carte de crédit (Crelan vs ING),Crelan visa,CRELAN,fr,2023-07-30,0
carte_credit_crelan,Carte de crédit (Crelan vs ING),Crelan visa,CRELAN,fr,2023-08-06,0
carte_credit_crelan,Carte de crédit (Crelan vs ING),Crelan visa,CRELAN,fr,2023-08-13,32
carte_credit_crelan,Carte de crédit (Crelan vs ING),Crelan visa,CRELAN,fr,2023-08-20,0
carte_credit_crelan,Carte de crédit (Crelan vs ING),Crelan visa,CRELAN,fr,2023-08-27,0
carte_credit_crelan,Carte de crédit (Crelan vs ING),Crelan visa,CRELAN,fr,2023-09-03,0
carte_credit_crelan,Carte de crédit (Crelan vs ING),Crelan visa,CRELAN,fr,2023-09-10,0
carte_credit_crelan,Carte de crédit (Crelan vs ING),Crelan visa,CRELAN,fr,2023-09-17,28
carte_credit_crelan,Carte de crédit (Crelan vs ING),Crelan visa,CRELAN,fr,2023-09-24,0
carte_credit_crelan,Carte de crédit (Crelan vs ING),Crelan visa,CRELAN,fr,2023-10-01,0
carte_credit_crelan,Carte de crédit (Crelan vs ING),Crelan visa,CRELAN,fr,2023-10-08,0
carte_credit_crelan,Carte de crédit (Crelan vs ING),Crelan visa,CRELAN,fr,2023-10-15,0
carte_credit_crelan,Carte de crédit (Crelan vs ING),Crelan visa,CRELAN,fr,2023-10-22,0
carte_credit_crelan,Carte de crédit (Crelan vs ING),Crelan visa,CRELAN,fr,2023-10-29,40
carte_credit_crelan,Carte de crédit (Crelan vs ING),Crelan visa,CRELAN,fr,2023-11-05,0
carte_credit_crelan,Carte de crédit (Crelan vs ING),Crelan visa,CRELAN,fr,2023-11-12,0
carte_credit_crelan,Carte de crédit (Crelan vs ING),Crelan visa,CRELAN,fr,2023-11-19,0
carte_credit_crelan,Carte de crédit (Crelan vs ING),Crelan visa,CRELAN,fr,2023-11-26,0
carte_credit_crelan,Carte de crédit (Crelan vs ING),Crelan visa,CRELAN,fr,2023-12-03,0
carte_credit_crelan,Carte de crédit (Crelan vs ING),Crelan visa,CRELAN,fr,2023-12-10,0
carte_credit_crelan,Carte de crédit (Crelan vs ING),Crelan visa,CRELAN,fr,2023-12-17,0
carte_credit_crelan,Carte de crédit (Crelan vs ING),Crelan visa,CRELAN,fr,2023-12-24,0
carte_credit_crelan,Carte de crédit (Crelan vs ING),Crelan visa,CRELAN,fr,2023-12-31,0
carte_credit_crelan,Carte de crédit (Crelan vs ING),Crelan visa,CRELAN,fr,2024-01-07,0
carte_credit_crelan,Carte de crédit (Crelan vs ING),Crelan visa,CRELAN,fr,2024-01-14,0
carte_credit_crelan,Carte de crédit (Crelan vs ING),Crelan visa,CRELAN,fr,2024-01-21,0
carte_credit_crelan,Carte de crédit (Crelan vs ING),Crelan visa,CRELAN,fr,2024-01-28,32
carte_credit_crelan,Carte de crédit (Crelan vs ING),Crelan visa,CRELAN,fr,2024-02-04,0
carte_credit_crelan,Carte de crédit (Crelan vs ING),Crelan visa,CRELAN,fr,2024-02-11,0
carte_credit_crelan,Carte de crédit (Crelan vs ING),Crelan visa,CRELAN,fr,2024-02-18,0
carte_credit_crelan,Carte de crédit (Crelan vs ING),Crelan visa,CRELAN,fr,2024-02-25,0
carte_credit_crelan,Carte de crédit (Crelan vs ING),Crelan visa,CRELAN,fr,2024-03-03,36
carte_credit_crelan,Carte de crédit (Crelan vs ING),Crelan visa,CRELAN,fr,2024-03-10,0
carte_credit_crelan,Carte de crédit (Crelan vs ING),Crelan visa,CRELAN,fr,2024-03-17,42
carte_credit_crelan,Carte de crédit (Crelan vs ING),Crelan visa,CRELAN,fr,2024-03-24,0
carte_credit_crelan,Carte de crédit (Crelan vs ING),Crelan visa,CRELAN,fr,2024-03-31,0
carte_credit_crelan,Carte de crédit (Crelan vs ING),Crelan visa,CRELAN,fr,2024-04-07,0
carte_credit_crelan,Carte de crédit (Crelan vs ING),Crelan visa,CRELAN,fr,2024-04-14,0
carte_credit_crelan,Carte de crédit (Crelan vs ING),Crelan visa,CRELAN,fr,2024-04-21,0
carte_credit_crelan,Carte de crédit (Crelan vs ING),Crelan visa,CRELAN,fr,2024-04-28,29
carte_credit_crelan,Carte de crédit (Crelan vs ING),Crelan visa,CRELAN,fr,2024-05-05,30
carte_credit_crelan,Carte de crédit (Crelan vs ING),Crelan visa,CRELAN,fr,2024-05-12,0
carte_credit_crelan,Carte de crédit (Crelan vs ING),Crelan visa,CRELAN,fr,2024-05-19,0
carte_credit_crelan,Carte de crédit (Crelan vs ING),Crelan visa,CRELAN,fr,2024-05-26,0
carte_credit_crelan,Carte de crédit (Crelan vs ING),Crelan visa,CRELAN,fr,2024-06-02,29
carte_credit_crelan,Carte de crédit (Crelan vs ING),Crelan visa,CRELAN,fr,2024-06-09,35
carte_credit_crelan,Carte de crédit (Crelan vs ING),Crelan visa,CRELAN,fr,2024-06-16,0
carte_credit_crelan,Carte de crédit (Crelan vs ING),Crelan visa,CRELAN,fr,2024-06-23,52
carte_credit_crelan,Carte de crédit (Crelan vs ING),Crelan visa,CRELAN,fr,2024-06-30,35
carte_credit_crelan,Carte de crédit (Crelan vs ING),Crelan visa,CRELAN,fr,2024-07-07,50
carte_credit_crelan,Carte de crédit (Crelan vs ING),Crelan visa,CRELAN,fr,2024-07-14,48
carte_credit_crelan,Carte de crédit (Crelan vs ING),Crelan visa,CRELAN,fr,2024-07-21,44
carte_credit_crelan,Carte de crédit (Crelan vs ING),Crelan visa,CRELAN,fr,2024-07-28,43
carte_credit_crelan,Carte de crédit (Crelan vs ING),Crelan visa,CRELAN,fr,2024-08-04,35
carte_credit_crelan,Carte de crédit (Crelan vs ING),Crelan visa,CRELAN,fr,2024-08-11,0
carte_credit_crelan,Carte de crédit (Crelan vs ING),Crelan visa,CRELAN,fr,2024-08-18,42
carte_credit_crelan,Carte de crédit (Crelan vs ING),Crelan visa,CRELAN,fr,2024-08-25,29
carte_credit_crelan,Carte de crédit (Crelan vs ING),Crelan visa,CRELAN,fr,2024-09-01,35
carte_credit_crelan,Carte de crédit (Crelan vs ING),Crelan visa,CRELAN,fr,2024-09-08,39
carte_credit_crelan,Carte de crédit (Crelan vs ING),Crelan visa,CRELAN,fr,2024-09-15,30
carte_credit_crelan,Carte de crédit (Crelan vs ING),Crelan visa,CRELAN,fr,2024-09-22,37
carte_credit_crelan,Carte de crédit (Crelan vs ING),Crelan visa,CRELAN,fr,2024-09-29,41
carte_credit_crelan,Carte de crédit (Crelan vs ING),Crelan visa,CRELAN,fr,2024-10-06,0
carte_credit_crelan,Carte de crédit (Crelan vs ING),Crelan visa,CRELAN,fr,2024-10-13,0
carte_credit_crelan,Carte de crédit (Crelan vs ING),Crelan visa,CRELAN,fr,2024-10-20,31
carte_credit_crelan,Carte de crédit (Crelan vs ING),Crelan visa,CRELAN,fr,2024-10-27,0
carte_credit_crelan,Carte de crédit (Crelan vs ING),Crelan visa,CRELAN,fr,2024-11-03,0
carte_credit_crelan,Carte de crédit (Crelan vs ING),Crelan visa,CRELAN,fr,2024-11-10,0
carte_credit_crelan,Carte de crédit (Crelan vs ING),Crelan visa,CRELAN,fr,2024-11-17,30
carte_credit_crelan,Carte de crédit (Crelan vs ING),Crelan visa,CRELAN,fr,2024-11-24,0
carte_credit_crelan,Carte de crédit (Crelan vs ING),Crelan visa,CRELAN,fr,2024-12-01,30
carte_credit_crelan,Carte de crédit (Crelan vs ING),Crelan visa,CRELAN,fr,2024-12-08,0
carte_credit_crelan,Carte de crédit (Crelan vs ING),Crelan visa,CRELAN,fr,2024-12-15,0
carte_credit_crelan,Carte de crédit (Crelan vs ING),Crelan visa,CRELAN,fr,2024-12-22,0
carte_credit_crelan,Carte de crédit (Crelan vs ING),Crelan visa,CRELAN,fr,2024-12-29,36
carte_credit_crelan,Carte de crédit (Crelan vs ING),Crelan visa,CRELAN,fr,2025-01-05,36
carte_credit_crelan,Carte de crédit (Crelan vs ING),Crelan visa,CRELAN,fr,2025-01-12,35
carte_credit_crelan,Carte de crédit (Crelan vs ING),Crelan visa,CRELAN,fr,2025-01-19,0
carte_credit_crelan,Carte de crédit (Crelan vs ING),Crelan visa,CRELAN,fr,2025-01-26,29
carte_credit_crelan,Carte de crédit (Crelan vs ING),Crelan visa,CRELAN,fr,2025-02-02,33
carte_credit_crelan,Carte de crédit (Crelan vs ING),Crelan visa,CRELAN,fr,2025-02-09,0
carte_credit_crelan,Carte de crédit (Crelan vs ING),Crelan visa,CRELAN,fr,2025-02-16,0
carte_credit_crelan,Carte de crédit (Crelan vs ING),Crelan visa,CRELAN,fr,2025-02-23,43
carte_credit_crelan,Carte de crédit (Crelan vs ING),Crelan visa,CRELAN,fr,2025-03-02,42
carte_credit_crelan,Carte de crédit (Crelan vs ING),Crelan visa,CRELAN,fr,2025-03-09,37
carte_credit_crelan,Carte de crédit (Crelan vs ING),Crelan visa,CRELAN,fr,2025-03-16,36
carte_credit_crelan,Carte de crédit (Crelan vs ING),Crelan visa,CRELAN,fr,2025-03-23,33
carte_credit_crelan,Carte de crédit (Crelan vs ING),Crelan visa,CRELAN,fr,2025-03-30,0
carte_credit_crelan,Carte de crédit (Crelan vs ING),Crelan visa,CRELAN,fr,2025-04-06,0
carte_credit_crelan,Carte de crédit (Crelan vs ING),Crelan visa,CRELAN,fr,2025-04-13,0
carte_credit_crelan,Carte de crédit (Crelan vs ING),Crelan visa,CRELAN,fr,2025-04-20,31
carte_credit_crelan,Carte de crédit (Crelan vs ING),Crelan visa,CRELAN,fr,2025-04-27,36
carte_credit_crelan,Carte de crédit (Crelan vs ING),Crelan visa,CRELAN,fr,2025-05-04,33
carte_credit_crelan,Carte de crédit (Crelan vs ING),Crelan visa,CRELAN,fr,2025-05-11,32
carte_credit_crelan,Carte de crédit (Crelan vs ING),Crelan visa,CRELAN,fr,2025-05-18,37
carte_credit_crelan,Carte de crédit (Crelan vs ING),Crelan visa,CRELAN,fr,2025-05-25,46
carte_credit_crelan,Carte de crédit (Crelan vs ING),Crelan visa,CRELAN,fr,2025-06-01,47
carte_credit_crelan,Carte de crédit (Crelan vs ING),Crelan visa,CRELAN,fr,2025-06-08,0
carte_credit_crelan,Carte de crédit (Crelan vs ING),Crelan visa,CRELAN,fr,2025-06-15,35
carte_credit_crelan,Carte de crédit (Crelan vs ING),Crelan visa,CRELAN,fr,2025-06-22,39
carte_credit_crelan,Carte de crédit (Crelan vs ING),Crelan visa,CRELAN,fr,2025-06-29,0
carte_credit_crelan,Carte de crédit (Crelan vs ING),Crelan visa,CRELAN,fr,2025-07-06,42
carte_credit_crelan,Carte de crédit (Crelan vs ING),Crelan visa,CRELAN,fr,2025-07-13,0
carte_credit_crelan,Carte de crédit (Crelan vs ING),Crelan visa,CRELAN,fr,2025-07-20,0
carte_credit_crelan,Carte de crédit (Crelan vs ING),Crelan visa,CRELAN,fr,2025-07-27,0
carte_credit_crelan,Carte de crédit (Crelan vs ING),Crelan visa,CRELAN,fr,2025-08-03,0
carte_credit_crelan,Carte de crédit (Crelan vs ING),Crelan visa,CRELAN,fr,2025-08-10,36
carte_credit_crelan,Carte de crédit (Crelan vs ING),Crelan visa,CRELAN,fr,2025-08-17,0
carte_credit_crelan,Carte de crédit (Crelan vs ING),Crelan visa,CRELAN,fr,2025-08-24,34
carte_credit_crelan,Carte de crédit (Crelan vs ING),Crelan visa,CRELAN,fr,2025-08-31,0
carte_credit_crelan,Carte de crédit (Crelan vs ING),Crelan visa,CRELAN,fr,2025-09-07,0
carte_credit_crelan,Carte de crédit (Crelan vs ING),Crelan visa,CRELAN,fr,2025-09-14,36
carte_credit_crelan,Carte de crédit (Crelan vs ING),Crelan visa,CRELAN,fr,2025-09-21,30
carte_credit_crelan,Carte de crédit (Crelan vs ING),Crelan visa,CRELAN,fr,2025-09-28,0
carte_credit_crelan,Carte de crédit (Crelan vs ING),Crelan visa,CRELAN,fr,2025-10-05,0
carte_credit_crelan,Carte de crédit (Crelan vs ING),Crelan visa,CRELAN,fr,2025-10-12,0
carte_credit_crelan,Carte de crédit (Crelan vs ING),Crelan visa,CRELAN,fr,2025-10-19,34
carte_credit_crelan,Carte de crédit (Crelan vs ING),Crelan visa,CRELAN,fr,2025-10-26,0
carte_credit_crelan,Carte de crédit (Crelan vs ING),Crelan visa,CRELAN,fr,2025-11-02,42
carte_credit_crelan,Carte de crédit (Crelan vs ING),Crelan visa,CRELAN,fr,2025-11-09,41
carte_credit_crelan,Carte de crédit (Crelan vs ING),Crelan visa,CRELAN,fr,2025-11-16,0
carte_credit_crelan,Carte de crédit (Crelan vs ING),Crelan visa,CRELAN,fr,2025-11-23,0
carte_credit_crelan,Carte de crédit (Crelan vs ING),Crelan visa,CRELAN,fr,2025-11-30,39
carte_credit_crelan,Carte de crédit (Crelan vs ING),Crelan visa,CRELAN,fr,2025-12-07,29
carte_credit_crelan,Carte de crédit (Crelan vs ING),Crelan visa,CRELAN,fr,2025-12-14,36
carte_credit_crelan,Carte de crédit (Crelan vs ING),Crelan visa,CRELAN,fr,2025-12-21,0
carte_credit_crelan,Carte de crédit (Crelan vs ING),Crelan visa,CRELAN,fr,2025-12-28,0
carte_credit_crelan,Carte de crédit (Crelan vs ING),Crelan visa,CRELAN,fr,2026-01-04,0
carte_credit_crelan,Carte de crédit (Crelan vs ING),Crelan visa,CRELAN,fr,2026-01-11,0
carte_credit_crelan,Carte de crédit (Crelan vs ING),Crelan visa,CRELAN,fr,2026-01-18,0
carte_credit_crelan,Carte de crédit (Crelan vs ING),Crelan visa,CRELAN,fr,2026-01-25,0
carte_credit_crelan,Carte de crédit (Crelan vs ING),Crelan visa,CRELAN,fr,2026-02-01,41
carte_credit_crelan,Carte de crédit (Crelan vs ING),Crelan visa,CRELAN,fr,2026-02-08,32
carte_credit_crelan,Carte de crédit (Crelan vs ING),Crelan visa,CRELAN,fr,2026-02-15,43
carte_credit_crelan,Carte de crédit (Crelan vs ING),Crelan visa,CRELAN,fr,2026-02-22,0
carte_credit_crelan,Carte de crédit (Crelan vs ING),Crelan visa,CRELAN,fr,2026-03-01,43
carte_credit_crelan,Carte de crédit (Crelan vs ING),Crelan visa,CRELAN,fr,2026-03-08,0
carte_credit_crelan,Carte de crédit (Crelan vs ING),Crelan visa,CRELAN,fr,2026-03-15,0
carte_credit_crelan,Carte de crédit (Crelan vs ING),Crelan visa,CRELAN,fr,2026-03-22,0
carte_credit_crelan,Carte de crédit (Crelan vs ING),Crelan visa,CRELAN,fr,2026-03-29,34
carte_credit_crelan,Carte de crédit (Crelan vs ING),Crelan visa,CRELAN,fr,2026-04-05,0
carte_credit_crelan,Carte de crédit (Crelan vs ING),Crelan visa,CRELAN,fr,2026-04-12,38
carte_credit_crelan,Carte de crédit (Crelan vs ING),Crelan visa,CRELAN,fr,2026-04-19,0
carte_credit_crelan,Carte de crédit (Crelan vs ING),Crelan visa,CRELAN,fr,2026-04-26,0
carte_credit_crelan,Carte de crédit (Crelan vs ING),Crelan visa,CRELAN,fr,2026-05-03,32
carte_credit_crelan,Carte de crédit (Crelan vs ING),Crelan visa,CRELAN,fr,2026-05-10,44
carte_credit_crelan,Carte de crédit (Crelan vs ING),Crelan visa,CRELAN,fr,2026-05-17,39
carte_credit_crelan,Carte de crédit (Crelan vs ING),Crelan visa,CRELAN,fr,2026-05-24,0
carte_credit_crelan,Carte de crédit (Crelan vs ING),Crelan visa,CRELAN,fr,2026-05-31,0
carte_credit_crelan,Carte de crédit (Crelan vs ING),Crelan visa,CRELAN,fr,2026-06-07,31
carte_credit_crelan,Carte de crédit (Crelan vs ING),Crelan visa,CRELAN,fr,2026-06-14,0
carte_credit_crelan,Carte de crédit (Crelan vs ING),Crelan visa,CRELAN,fr,2026-06-21,0
carte_credit_crelan,Carte de crédit (Crelan vs ING),Crelan visa,CRELAN,fr,2026-06-28,65
carte_credit_crelan,Carte de crédit (Crelan vs ING),Crelan visa,CRELAN,fr,2026-07-05,35
carte_credit_crelan,Carte de crédit (Crelan vs ING),Crelan visa,CRELAN,fr,2026-07-12,38
carte_credit_crelan,Carte de crédit (Crelan vs ING),Crelan visa,CRELAN,fr,2026-07-19,0
carte_credit_crelan,Carte de crédit (Crelan vs ING),Crelan visa,CRELAN,fr,2026-07-26,51
carte_credit_crelan,Carte de crédit (Crelan vs ING),Crelan visa,CRELAN,fr,2026-08-02,42
carte_credit_crelan,Carte de crédit (Crelan vs ING),Crelan visa,CRELAN,fr,2026-08-09,0
carte_credit_crelan,Carte de crédit (Crelan vs ING),Crelan visa,CRELAN,fr,2026-08-16,39
carte_credit_crelan,Carte de crédit (Crelan vs ING),Crelan visa,CRELAN,fr,2026-08-23,0
carte_credit_crelan,Carte de crédit (Crelan vs ING),Crelan visa,CRELAN,fr,2026-08-30,14
carte_credit_crelan,Carte de crédit (Crelan vs ING),Crelan visa,CRELAN,fr,2026-09-06,34
carte_credit_crelan,Carte de crédit (Crelan vs ING),Crelan visa,CRELAN,fr,2026-09-13,29
contexte_fusion_crelan_axa,Contexte — fusion d'AXA Bank Belgium dans Crelan (juin 2024),AXA Bank,CRELAN,en,2021-09-12,3
contexte_fusion_crelan_axa,Contexte — fusion d'AXA Bank Belgium dans Crelan (juin 2024),AXA Bank,CRELAN,en,2021-09-19,2
contexte_fusion_crelan_axa,Contexte — fusion d'AXA Bank Belgium dans Crelan (juin 2024),AXA Bank,CRELAN,en,2021-09-26,3
contexte_fusion_crelan_axa,Contexte — fusion d'AXA Bank Belgium dans Crelan (juin 2024),AXA Bank,CRELAN,en,2021-10-03,2
contexte_fusion_crelan_axa,Contexte — fusion d'AXA Bank Belgium dans Crelan (juin 2024),AXA Bank,CRELAN,en,2021-10-10,2
contexte_fusion_crelan_axa,Contexte — fusion d'AXA Bank Belgium dans Crelan (juin 2024),AXA Bank,CRELAN,en,2021-10-17,2
contexte_fusion_crelan_axa,Contexte — fusion d'AXA Bank Belgium dans Crelan (juin 2024),AXA Bank,CRELAN,en,2021-10-24,2
contexte_fusion_crelan_axa,Contexte — fusion d'AXA Bank Belgium dans Crelan (juin 2024),AXA Bank,CRELAN,en,2021-10-31,3
contexte_fusion_crelan_axa,Contexte — fusion d'AXA Bank Belgium dans Crelan (juin 2024),AXA Bank,CRELAN,en,2021-11-07,2
contexte_fusion_crelan_axa,Contexte — fusion d'AXA Bank Belgium dans Crelan (juin 2024),AXA Bank,CRELAN,en,2021-11-14,3
contexte_fusion_crelan_axa,Contexte — fusion d'AXA Bank Belgium dans Crelan (juin 2024),AXA Bank,CRELAN,en,2021-11-21,2
contexte_fusion_crelan_axa,Contexte — fusion d'AXA Bank Belgium dans Crelan (juin 2024),AXA Bank,CRELAN,en,2021-11-28,2
contexte_fusion_crelan_axa,Contexte — fusion d'AXA Bank Belgium dans Crelan (juin 2024),AXA Bank,CRELAN,en,2021-12-05,2
contexte_fusion_crelan_axa,Contexte — fusion d'AXA Bank Belgium dans Crelan (juin 2024),AXA Bank,CRELAN,en,2021-12-12,3
contexte_fusion_crelan_axa,Contexte — fusion d'AXA Bank Belgium dans Crelan (juin 2024),AXA Bank,CRELAN,en,2021-12-19,2
contexte_fusion_crelan_axa,Contexte — fusion d'AXA Bank Belgium dans Crelan (juin 2024),AXA Bank,CRELAN,en,2021-12-26,3
contexte_fusion_crelan_axa,Contexte — fusion d'AXA Bank Belgium dans Crelan (juin 2024),AXA Bank,CRELAN,en,2022-01-02,3
contexte_fusion_crelan_axa,Contexte — fusion d'AXA Bank Belgium dans Crelan (juin 2024),AXA Bank,CRELAN,en,2022-01-09,3
contexte_fusion_crelan_axa,Contexte — fusion d'AXA Bank Belgium dans Crelan (juin 2024),AXA Bank,CRELAN,en,2022-01-16,2
contexte_fusion_crelan_axa,Contexte — fusion d'AXA Bank Belgium dans Crelan (juin 2024),AXA Bank,CRELAN,en,2022-01-23,2
contexte_fusion_crelan_axa,Contexte — fusion d'AXA Bank Belgium dans Crelan (juin 2024),AXA Bank,CRELAN,en,2022-01-30,2
contexte_fusion_crelan_axa,Contexte — fusion d'AXA Bank Belgium dans Crelan (juin 2024),AXA Bank,CRELAN,en,2022-02-06,2
contexte_fusion_crelan_axa,Contexte — fusion d'AXA Bank Belgium dans Crelan (juin 2024),AXA Bank,CRELAN,en,2022-02-13,2
contexte_fusion_crelan_axa,Contexte — fusion d'AXA Bank Belgium dans Crelan (juin 2024),AXA Bank,CRELAN,en,2022-02-20,2
contexte_fusion_crelan_axa,Contexte — fusion d'AXA Bank Belgium dans Crelan (juin 2024),AXA Bank,CRELAN,en,2022-02-27,2
contexte_fusion_crelan_axa,Contexte — fusion d'AXA Bank Belgium dans Crelan (juin 2024),AXA Bank,CRELAN,en,2022-03-06,3
contexte_fusion_crelan_axa,Contexte — fusion d'AXA Bank Belgium dans Crelan (juin 2024),AXA Bank,CRELAN,en,2022-03-13,3
contexte_fusion_crelan_axa,Contexte — fusion d'AXA Bank Belgium dans Crelan (juin 2024),AXA Bank,CRELAN,en,2022-03-20,2
contexte_fusion_crelan_axa,Contexte — fusion d'AXA Bank Belgium dans Crelan (juin 2024),AXA Bank,CRELAN,en,2022-03-27,2
contexte_fusion_crelan_axa,Contexte — fusion d'AXA Bank Belgium dans Crelan (juin 2024),AXA Bank,CRELAN,en,2022-04-03,2
contexte_fusion_crelan_axa,Contexte — fusion d'AXA Bank Belgium dans Crelan (juin 2024),AXA Bank,CRELAN,en,2022-04-10,2
contexte_fusion_crelan_axa,Contexte — fusion d'AXA Bank Belgium dans Crelan (juin 2024),AXA Bank,CRELAN,en,2022-04-17,2
contexte_fusion_crelan_axa,Contexte — fusion d'AXA Bank Belgium dans Crelan (juin 2024),AXA Bank,CRELAN,en,2022-04-24,3
contexte_fusion_crelan_axa,Contexte — fusion d'AXA Bank Belgium dans Crelan (juin 2024),AXA Bank,CRELAN,en,2022-05-01,2
contexte_fusion_crelan_axa,Contexte — fusion d'AXA Bank Belgium dans Crelan (juin 2024),AXA Bank,CRELAN,en,2022-05-08,3
contexte_fusion_crelan_axa,Contexte — fusion d'AXA Bank Belgium dans Crelan (juin 2024),AXA Bank,CRELAN,en,2022-05-15,2
contexte_fusion_crelan_axa,Contexte — fusion d'AXA Bank Belgium dans Crelan (juin 2024),AXA Bank,CRELAN,en,2022-05-22,2
contexte_fusion_crelan_axa,Contexte — fusion d'AXA Bank Belgium dans Crelan (juin 2024),AXA Bank,CRELAN,en,2022-05-29,3
contexte_fusion_crelan_axa,Contexte — fusion d'AXA Bank Belgium dans Crelan (juin 2024),AXA Bank,CRELAN,en,2022-06-05,2
contexte_fusion_crelan_axa,Contexte — fusion d'AXA Bank Belgium dans Crelan (juin 2024),AXA Bank,CRELAN,en,2022-06-12,2
contexte_fusion_crelan_axa,Contexte — fusion d'AXA Bank Belgium dans Crelan (juin 2024),AXA Bank,CRELAN,en,2022-06-19,3
contexte_fusion_crelan_axa,Contexte — fusion d'AXA Bank Belgium dans Crelan (juin 2024),AXA Bank,CRELAN,en,2022-06-26,2
contexte_fusion_crelan_axa,Contexte — fusion d'AXA Bank Belgium dans Crelan (juin 2024),AXA Bank,CRELAN,en,2022-07-03,2
contexte_fusion_crelan_axa,Contexte — fusion d'AXA Bank Belgium dans Crelan (juin 2024),AXA Bank,CRELAN,en,2022-07-10,2
contexte_fusion_crelan_axa,Contexte — fusion d'AXA Bank Belgium dans Crelan (juin 2024),AXA Bank,CRELAN,en,2022-07-17,2
contexte_fusion_crelan_axa,Contexte — fusion d'AXA Bank Belgium dans Crelan (juin 2024),AXA Bank,CRELAN,en,2022-07-24,2
contexte_fusion_crelan_axa,Contexte — fusion d'AXA Bank Belgium dans Crelan (juin 2024),AXA Bank,CRELAN,en,2022-07-31,2
contexte_fusion_crelan_axa,Contexte — fusion d'AXA Bank Belgium dans Crelan (juin 2024),AXA Bank,CRELAN,en,2022-08-07,2
contexte_fusion_crelan_axa,Contexte — fusion d'AXA Bank Belgium dans Crelan (juin 2024),AXA Bank,CRELAN,en,2022-08-14,2
contexte_fusion_crelan_axa,Contexte — fusion d'AXA Bank Belgium dans Crelan (juin 2024),AXA Bank,CRELAN,en,2022-08-21,2
contexte_fusion_crelan_axa,Contexte — fusion d'AXA Bank Belgium dans Crelan (juin 2024),AXA Bank,CRELAN,en,2022-08-28,2
contexte_fusion_crelan_axa,Contexte — fusion d'AXA Bank Belgium dans Crelan (juin 2024),AXA Bank,CRELAN,en,2022-09-04,2
contexte_fusion_crelan_axa,Contexte — fusion d'AXA Bank Belgium dans Crelan (juin 2024),AXA Bank,CRELAN,en,2022-09-11,2
contexte_fusion_crelan_axa,Contexte — fusion d'AXA Bank Belgium dans Crelan (juin 2024),AXA Bank,CRELAN,en,2022-09-18,2
contexte_fusion_crelan_axa,Contexte — fusion d'AXA Bank Belgium dans Crelan (juin 2024),AXA Bank,CRELAN,en,2022-09-25,2
contexte_fusion_crelan_axa,Contexte — fusion d'AXA Bank Belgium dans Crelan (juin 2024),AXA Bank,CRELAN,en,2022-10-02,2
contexte_fusion_crelan_axa,Contexte — fusion d'AXA Bank Belgium dans Crelan (juin 2024),AXA Bank,CRELAN,en,2022-10-09,2
contexte_fusion_crelan_axa,Contexte — fusion d'AXA Bank Belgium dans Crelan (juin 2024),AXA Bank,CRELAN,en,2022-10-16,2
contexte_fusion_crelan_axa,Contexte — fusion d'AXA Bank Belgium dans Crelan (juin 2024),AXA Bank,CRELAN,en,2022-10-23,2
contexte_fusion_crelan_axa,Contexte — fusion d'AXA Bank Belgium dans Crelan (juin 2024),AXA Bank,CRELAN,en,2022-10-30,2
contexte_fusion_crelan_axa,Contexte — fusion d'AXA Bank Belgium dans Crelan (juin 2024),AXA Bank,CRELAN,en,2022-11-06,2
contexte_fusion_crelan_axa,Contexte — fusion d'AXA Bank Belgium dans Crelan (juin 2024),AXA Bank,CRELAN,en,2022-11-13,3
contexte_fusion_crelan_axa,Contexte — fusion d'AXA Bank Belgium dans Crelan (juin 2024),AXA Bank,CRELAN,en,2022-11-20,2
contexte_fusion_crelan_axa,Contexte — fusion d'AXA Bank Belgium dans Crelan (juin 2024),AXA Bank,CRELAN,en,2022-11-27,3
contexte_fusion_crelan_axa,Contexte — fusion d'AXA Bank Belgium dans Crelan (juin 2024),AXA Bank,CRELAN,en,2022-12-04,2
contexte_fusion_crelan_axa,Contexte — fusion d'AXA Bank Belgium dans Crelan (juin 2024),AXA Bank,CRELAN,en,2022-12-11,2
contexte_fusion_crelan_axa,Contexte — fusion d'AXA Bank Belgium dans Crelan (juin 2024),AXA Bank,CRELAN,en,2022-12-18,3
contexte_fusion_crelan_axa,Contexte — fusion d'AXA Bank Belgium dans Crelan (juin 2024),AXA Bank,CRELAN,en,2022-12-25,3
contexte_fusion_crelan_axa,Contexte — fusion d'AXA Bank Belgium dans Crelan (juin 2024),AXA Bank,CRELAN,en,2023-01-01,3
contexte_fusion_crelan_axa,Contexte — fusion d'AXA Bank Belgium dans Crelan (juin 2024),AXA Bank,CRELAN,en,2023-01-08,3
contexte_fusion_crelan_axa,Contexte — fusion d'AXA Bank Belgium dans Crelan (juin 2024),AXA Bank,CRELAN,en,2023-01-15,2
contexte_fusion_crelan_axa,Contexte — fusion d'AXA Bank Belgium dans Crelan (juin 2024),AXA Bank,CRELAN,en,2023-01-22,2
contexte_fusion_crelan_axa,Contexte — fusion d'AXA Bank Belgium dans Crelan (juin 2024),AXA Bank,CRELAN,en,2023-01-29,2
contexte_fusion_crelan_axa,Contexte — fusion d'AXA Bank Belgium dans Crelan (juin 2024),AXA Bank,CRELAN,en,2023-02-05,2
contexte_fusion_crelan_axa,Contexte — fusion d'AXA Bank Belgium dans Crelan (juin 2024),AXA Bank,CRELAN,en,2023-02-12,2
contexte_fusion_crelan_axa,Contexte — fusion d'AXA Bank Belgium dans Crelan (juin 2024),AXA Bank,CRELAN,en,2023-02-19,3
contexte_fusion_crelan_axa,Contexte — fusion d'AXA Bank Belgium dans Crelan (juin 2024),AXA Bank,CRELAN,en,2023-02-26,2
contexte_fusion_crelan_axa,Contexte — fusion d'AXA Bank Belgium dans Crelan (juin 2024),AXA Bank,CRELAN,en,2023-03-05,2
contexte_fusion_crelan_axa,Contexte — fusion d'AXA Bank Belgium dans Crelan (juin 2024),AXA Bank,CRELAN,en,2023-03-12,2
contexte_fusion_crelan_axa,Contexte — fusion d'AXA Bank Belgium dans Crelan (juin 2024),AXA Bank,CRELAN,en,2023-03-19,2
contexte_fusion_crelan_axa,Contexte — fusion d'AXA Bank Belgium dans Crelan (juin 2024),AXA Bank,CRELAN,en,2023-03-26,3
contexte_fusion_crelan_axa,Contexte — fusion d'AXA Bank Belgium dans Crelan (juin 2024),AXA Bank,CRELAN,en,2023-04-02,2
contexte_fusion_crelan_axa,Contexte — fusion d'AXA Bank Belgium dans Crelan (juin 2024),AXA Bank,CRELAN,en,2023-04-09,2
contexte_fusion_crelan_axa,Contexte — fusion d'AXA Bank Belgium dans Crelan (juin 2024),AXA Bank,CRELAN,en,2023-04-16,2
contexte_fusion_crelan_axa,Contexte — fusion d'AXA Bank Belgium dans Crelan (juin 2024),AXA Bank,CRELAN,en,2023-04-23,2
contexte_fusion_crelan_axa,Contexte — fusion d'AXA Bank Belgium dans Crelan (juin 2024),AXA Bank,CRELAN,en,2023-04-30,2
contexte_fusion_crelan_axa,Contexte — fusion d'AXA Bank Belgium dans Crelan (juin 2024),AXA Bank,CRELAN,en,2023-05-07,2
contexte_fusion_crelan_axa,Contexte — fusion d'AXA Bank Belgium dans Crelan (juin 2024),AXA Bank,CRELAN,en,2023-05-14,2
contexte_fusion_crelan_axa,Contexte — fusion d'AXA Bank Belgium dans Crelan (juin 2024),AXA Bank,CRELAN,en,2023-05-21,2
contexte_fusion_crelan_axa,Contexte — fusion d'AXA Bank Belgium dans Crelan (juin 2024),AXA Bank,CRELAN,en,2023-05-28,2
contexte_fusion_crelan_axa,Contexte — fusion d'AXA Bank Belgium dans Crelan (juin 2024),AXA Bank,CRELAN,en,2023-06-04,2
contexte_fusion_crelan_axa,Contexte — fusion d'AXA Bank Belgium dans Crelan (juin 2024),AXA Bank,CRELAN,en,2023-06-11,2
contexte_fusion_crelan_axa,Contexte — fusion d'AXA Bank Belgium dans Crelan (juin 2024),AXA Bank,CRELAN,en,2023-06-18,3
contexte_fusion_crelan_axa,Contexte — fusion d'AXA Bank Belgium dans Crelan (juin 2024),AXA Bank,CRELAN,en,2023-06-25,2
contexte_fusion_crelan_axa,Contexte — fusion d'AXA Bank Belgium dans Crelan (juin 2024),AXA Bank,CRELAN,en,2023-07-02,3
contexte_fusion_crelan_axa,Contexte — fusion d'AXA Bank Belgium dans Crelan (juin 2024),AXA Bank,CRELAN,en,2023-07-09,3
contexte_fusion_crelan_axa,Contexte — fusion d'AXA Bank Belgium dans Crelan (juin 2024),AXA Bank,CRELAN,en,2023-07-16,2
contexte_fusion_crelan_axa,Contexte — fusion d'AXA Bank Belgium dans Crelan (juin 2024),AXA Bank,CRELAN,en,2023-07-23,2
contexte_fusion_crelan_axa,Contexte — fusion d'AXA Bank Belgium dans Crelan (juin 2024),AXA Bank,CRELAN,en,2023-07-30,2
contexte_fusion_crelan_axa,Contexte — fusion d'AXA Bank Belgium dans Crelan (juin 2024),AXA Bank,CRELAN,en,2023-08-06,2
contexte_fusion_crelan_axa,Contexte — fusion d'AXA Bank Belgium dans Crelan (juin 2024),AXA Bank,CRELAN,en,2023-08-13,2
contexte_fusion_crelan_axa,Contexte — fusion d'AXA Bank Belgium dans Crelan (juin 2024),AXA Bank,CRELAN,en,2023-08-20,5
contexte_fusion_crelan_axa,Contexte — fusion d'AXA Bank Belgium dans Crelan (juin 2024),AXA Bank,CRELAN,en,2023-08-27,4
contexte_fusion_crelan_axa,Contexte — fusion d'AXA Bank Belgium dans Crelan (juin 2024),AXA Bank,CRELAN,en,2023-09-03,3
contexte_fusion_crelan_axa,Contexte — fusion d'AXA Bank Belgium dans Crelan (juin 2024),AXA Bank,CRELAN,en,2023-09-10,2
contexte_fusion_crelan_axa,Contexte — fusion d'AXA Bank Belgium dans Crelan (juin 2024),AXA Bank,CRELAN,en,2023-09-17,2
contexte_fusion_crelan_axa,Contexte — fusion d'AXA Bank Belgium dans Crelan (juin 2024),AXA Bank,CRELAN,en,2023-09-24,2
contexte_fusion_crelan_axa,Contexte — fusion d'AXA Bank Belgium dans Crelan (juin 2024),AXA Bank,CRELAN,en,2023-10-01,3
contexte_fusion_crelan_axa,Contexte — fusion d'AXA Bank Belgium dans Crelan (juin 2024),AXA Bank,CRELAN,en,2023-10-08,2
contexte_fusion_crelan_axa,Contexte — fusion d'AXA Bank Belgium dans Crelan (juin 2024),AXA Bank,CRELAN,en,2023-10-15,2
contexte_fusion_crelan_axa,Contexte — fusion d'AXA Bank Belgium dans Crelan (juin 2024),AXA Bank,CRELAN,en,2023-10-22,2
contexte_fusion_crelan_axa,Contexte — fusion d'AXA Bank Belgium dans Crelan (juin 2024),AXA Bank,CRELAN,en,2023-10-29,2
contexte_fusion_crelan_axa,Contexte — fusion d'AXA Bank Belgium dans Crelan (juin 2024),AXA Bank,CRELAN,en,2023-11-05,2
contexte_fusion_crelan_axa,Contexte — fusion d'AXA Bank Belgium dans Crelan (juin 2024),AXA Bank,CRELAN,en,2023-11-12,2
contexte_fusion_crelan_axa,Contexte — fusion d'AXA Bank Belgium dans Crelan (juin 2024),AXA Bank,CRELAN,en,2023-11-19,2
contexte_fusion_crelan_axa,Contexte — fusion d'AXA Bank Belgium dans Crelan (juin 2024),AXA Bank,CRELAN,en,2023-11-26,2
contexte_fusion_crelan_axa,Contexte — fusion d'AXA Bank Belgium dans Crelan (juin 2024),AXA Bank,CRELAN,en,2023-12-03,2
contexte_fusion_crelan_axa,Contexte — fusion d'AXA Bank Belgium dans Crelan (juin 2024),AXA Bank,CRELAN,en,2023-12-10,2
contexte_fusion_crelan_axa,Contexte — fusion d'AXA Bank Belgium dans Crelan (juin 2024),AXA Bank,CRELAN,en,2023-12-17,2
contexte_fusion_crelan_axa,Contexte — fusion d'AXA Bank Belgium dans Crelan (juin 2024),AXA Bank,CRELAN,en,2023-12-24,2
contexte_fusion_crelan_axa,Contexte — fusion d'AXA Bank Belgium dans Crelan (juin 2024),AXA Bank,CRELAN,en,2023-12-31,2
contexte_fusion_crelan_axa,Contexte — fusion d'AXA Bank Belgium dans Crelan (juin 2024),AXA Bank,CRELAN,en,2024-01-07,2
contexte_fusion_crelan_axa,Contexte — fusion d'AXA Bank Belgium dans Crelan (juin 2024),AXA Bank,CRELAN,en,2024-01-14,2
contexte_fusion_crelan_axa,Contexte — fusion d'AXA Bank Belgium dans Crelan (juin 2024),AXA Bank,CRELAN,en,2024-01-21,2
contexte_fusion_crelan_axa,Contexte — fusion d'AXA Bank Belgium dans Crelan (juin 2024),AXA Bank,CRELAN,en,2024-01-28,2
contexte_fusion_crelan_axa,Contexte — fusion d'AXA Bank Belgium dans Crelan (juin 2024),AXA Bank,CRELAN,en,2024-02-04,2
contexte_fusion_crelan_axa,Contexte — fusion d'AXA Bank Belgium dans Crelan (juin 2024),AXA Bank,CRELAN,en,2024-02-11,2
contexte_fusion_crelan_axa,Contexte — fusion d'AXA Bank Belgium dans Crelan (juin 2024),AXA Bank,CRELAN,en,2024-02-18,4
contexte_fusion_crelan_axa,Contexte — fusion d'AXA Bank Belgium dans Crelan (juin 2024),AXA Bank,CRELAN,en,2024-02-25,3
contexte_fusion_crelan_axa,Contexte — fusion d'AXA Bank Belgium dans Crelan (juin 2024),AXA Bank,CRELAN,en,2024-03-03,2
contexte_fusion_crelan_axa,Contexte — fusion d'AXA Bank Belgium dans Crelan (juin 2024),AXA Bank,CRELAN,en,2024-03-10,2
contexte_fusion_crelan_axa,Contexte — fusion d'AXA Bank Belgium dans Crelan (juin 2024),AXA Bank,CRELAN,en,2024-03-17,2
contexte_fusion_crelan_axa,Contexte — fusion d'AXA Bank Belgium dans Crelan (juin 2024),AXA Bank,CRELAN,en,2024-03-24,2
contexte_fusion_crelan_axa,Contexte — fusion d'AXA Bank Belgium dans Crelan (juin 2024),AXA Bank,CRELAN,en,2024-03-31,2
contexte_fusion_crelan_axa,Contexte — fusion d'AXA Bank Belgium dans Crelan (juin 2024),AXA Bank,CRELAN,en,2024-04-07,2
contexte_fusion_crelan_axa,Contexte — fusion d'AXA Bank Belgium dans Crelan (juin 2024),AXA Bank,CRELAN,en,2024-04-14,2
contexte_fusion_crelan_axa,Contexte — fusion d'AXA Bank Belgium dans Crelan (juin 2024),AXA Bank,CRELAN,en,2024-04-21,2
contexte_fusion_crelan_axa,Contexte — fusion d'AXA Bank Belgium dans Crelan (juin 2024),AXA Bank,CRELAN,en,2024-04-28,2
contexte_fusion_crelan_axa,Contexte — fusion d'AXA Bank Belgium dans Crelan (juin 2024),AXA Bank,CRELAN,en,2024-05-05,2
contexte_fusion_crelan_axa,Contexte — fusion d'AXA Bank Belgium dans Crelan (juin 2024),AXA Bank,CRELAN,en,2024-05-12,2
contexte_fusion_crelan_axa,Contexte — fusion d'AXA Bank Belgium dans Crelan (juin 2024),AXA Bank,CRELAN,en,2024-05-19,2
contexte_fusion_crelan_axa,Contexte — fusion d'AXA Bank Belgium dans Crelan (juin 2024),AXA Bank,CRELAN,en,2024-05-26,2
contexte_fusion_crelan_axa,Contexte — fusion d'AXA Bank Belgium dans Crelan (juin 2024),AXA Bank,CRELAN,en,2024-06-02,3
contexte_fusion_crelan_axa,Contexte — fusion d'AXA Bank Belgium dans Crelan (juin 2024),AXA Bank,CRELAN,en,2024-06-09,4
contexte_fusion_crelan_axa,Contexte — fusion d'AXA Bank Belgium dans Crelan (juin 2024),AXA Bank,CRELAN,en,2024-06-16,2
contexte_fusion_crelan_axa,Contexte — fusion d'AXA Bank Belgium dans Crelan (juin 2024),AXA Bank,CRELAN,en,2024-06-23,1
contexte_fusion_crelan_axa,Contexte — fusion d'AXA Bank Belgium dans Crelan (juin 2024),AXA Bank,CRELAN,en,2024-06-30,1
contexte_fusion_crelan_axa,Contexte — fusion d'AXA Bank Belgium dans Crelan (juin 2024),AXA Bank,CRELAN,en,2024-07-07,2
contexte_fusion_crelan_axa,Contexte — fusion d'AXA Bank Belgium dans Crelan (juin 2024),AXA Bank,CRELAN,en,2024-07-14,1
contexte_fusion_crelan_axa,Contexte — fusion d'AXA Bank Belgium dans Crelan (juin 2024),AXA Bank,CRELAN,en,2024-07-21,1
contexte_fusion_crelan_axa,Contexte — fusion d'AXA Bank Belgium dans Crelan (juin 2024),AXA Bank,CRELAN,en,2024-07-28,1
contexte_fusion_crelan_axa,Contexte — fusion d'AXA Bank Belgium dans Crelan (juin 2024),AXA Bank,CRELAN,en,2024-08-04,1
contexte_fusion_crelan_axa,Contexte — fusion d'AXA Bank Belgium dans Crelan (juin 2024),AXA Bank,CRELAN,en,2024-08-11,1
contexte_fusion_crelan_axa,Contexte — fusion d'AXA Bank Belgium dans Crelan (juin 2024),AXA Bank,CRELAN,en,2024-08-18,1
contexte_fusion_crelan_axa,Contexte — fusion d'AXA Bank Belgium dans Crelan (juin 2024),AXA Bank,CRELAN,en,2024-08-25,1
contexte_fusion_crelan_axa,Contexte — fusion d'AXA Bank Belgium dans Crelan (juin 2024),AXA Bank,CRELAN,en,2024-09-01,1
contexte_fusion_crelan_axa,Contexte — fusion d'AXA Bank Belgium dans Crelan (juin 2024),AXA Bank,CRELAN,en,2024-09-08,1
contexte_fusion_crelan_axa,Contexte — fusion d'AXA Bank Belgium dans Crelan (juin 2024),AXA Bank,CRELAN,en,2024-09-15,1
contexte_fusion_crelan_axa,Contexte — fusion d'AXA Bank Belgium dans Crelan (juin 2024),AXA Bank,CRELAN,en,2024-09-22,1
contexte_fusion_crelan_axa,Contexte — fusion d'AXA Bank Belgium dans Crelan (juin 2024),AXA Bank,CRELAN,en,2024-09-29,1
contexte_fusion_crelan_axa,Contexte — fusion d'AXA Bank Belgium dans Crelan (juin 2024),AXA Bank,CRELAN,en,2024-10-06,0
contexte_fusion_crelan_axa,Contexte — fusion d'AXA Bank Belgium dans Crelan (juin 2024),AXA Bank,CRELAN,en,2024-10-13,1
contexte_fusion_crelan_axa,Contexte — fusion d'AXA Bank Belgium dans Crelan (juin 2024),AXA Bank,CRELAN,en,2024-10-20,1
contexte_fusion_crelan_axa,Contexte — fusion d'AXA Bank Belgium dans Crelan (juin 2024),AXA Bank,CRELAN,en,2024-10-27,0
contexte_fusion_crelan_axa,Contexte — fusion d'AXA Bank Belgium dans Crelan (juin 2024),AXA Bank,CRELAN,en,2024-11-03,1
contexte_fusion_crelan_axa,Contexte — fusion d'AXA Bank Belgium dans Crelan (juin 2024),AXA Bank,CRELAN,en,2024-11-10,1
contexte_fusion_crelan_axa,Contexte — fusion d'AXA Bank Belgium dans Crelan (juin 2024),AXA Bank,CRELAN,en,2024-11-17,1
contexte_fusion_crelan_axa,Contexte — fusion d'AXA Bank Belgium dans Crelan (juin 2024),AXA Bank,CRELAN,en,2024-11-24,1
contexte_fusion_crelan_axa,Contexte — fusion d'AXA Bank Belgium dans Crelan (juin 2024),AXA Bank,CRELAN,en,2024-12-01,1
contexte_fusion_crelan_axa,Contexte — fusion d'AXA Bank Belgium dans Crelan (juin 2024),AXA Bank,CRELAN,en,2024-12-08,0
contexte_fusion_crelan_axa,Contexte — fusion d'AXA Bank Belgium dans Crelan (juin 2024),AXA Bank,CRELAN,en,2024-12-15,0
contexte_fusion_crelan_axa,Contexte — fusion d'AXA Bank Belgium dans Crelan (juin 2024),AXA Bank,CRELAN,en,2024-12-22,1
contexte_fusion_crelan_axa,Contexte — fusion d'AXA Bank Belgium dans Crelan (juin 2024),AXA Bank,CRELAN,en,2024-12-29,1
contexte_fusion_crelan_axa,Contexte — fusion d'AXA Bank Belgium dans Crelan (juin 2024),AXA Bank,CRELAN,en,2025-01-05,1
contexte_fusion_crelan_axa,Contexte — fusion d'AXA Bank Belgium dans Crelan (juin 2024),AXA Bank,CRELAN,en,2025-01-12,0
contexte_fusion_crelan_axa,Contexte — fusion d'AXA Bank Belgium dans Crelan (juin 2024),AXA Bank,CRELAN,en,2025-01-19,1
contexte_fusion_crelan_axa,Contexte — fusion d'AXA Bank Belgium dans Crelan (juin 2024),AXA Bank,CRELAN,en,2025-01-26,0
contexte_fusion_crelan_axa,Contexte — fusion d'AXA Bank Belgium dans Crelan (juin 2024),AXA Bank,CRELAN,en,2025-02-02,0
contexte_fusion_crelan_axa,Contexte — fusion d'AXA Bank Belgium dans Crelan (juin 2024),AXA Bank,CRELAN,en,2025-02-09,1
contexte_fusion_crelan_axa,Contexte — fusion d'AXA Bank Belgium dans Crelan (juin 2024),AXA Bank,CRELAN,en,2025-02-16,1
contexte_fusion_crelan_axa,Contexte — fusion d'AXA Bank Belgium dans Crelan (juin 2024),AXA Bank,CRELAN,en,2025-02-23,1
contexte_fusion_crelan_axa,Contexte — fusion d'AXA Bank Belgium dans Crelan (juin 2024),AXA Bank,CRELAN,en,2025-03-02,1
contexte_fusion_crelan_axa,Contexte — fusion d'AXA Bank Belgium dans Crelan (juin 2024),AXA Bank,CRELAN,en,2025-03-09,1
contexte_fusion_crelan_axa,Contexte — fusion d'AXA Bank Belgium dans Crelan (juin 2024),AXA Bank,CRELAN,en,2025-03-16,0
contexte_fusion_crelan_axa,Contexte — fusion d'AXA Bank Belgium dans Crelan (juin 2024),AXA Bank,CRELAN,en,2025-03-23,0
contexte_fusion_crelan_axa,Contexte — fusion d'AXA Bank Belgium dans Crelan (juin 2024),AXA Bank,CRELAN,en,2025-03-30,0
contexte_fusion_crelan_axa,Contexte — fusion d'AXA Bank Belgium dans Crelan (juin 2024),AXA Bank,CRELAN,en,2025-04-06,1
contexte_fusion_crelan_axa,Contexte — fusion d'AXA Bank Belgium dans Crelan (juin 2024),AXA Bank,CRELAN,en,2025-04-13,0
contexte_fusion_crelan_axa,Contexte — fusion d'AXA Bank Belgium dans Crelan (juin 2024),AXA Bank,CRELAN,en,2025-04-20,0
contexte_fusion_crelan_axa,Contexte — fusion d'AXA Bank Belgium dans Crelan (juin 2024),AXA Bank,CRELAN,en,2025-04-27,0
contexte_fusion_crelan_axa,Contexte — fusion d'AXA Bank Belgium dans Crelan (juin 2024),AXA Bank,CRELAN,en,2025-05-04,1
contexte_fusion_crelan_axa,Contexte — fusion d'AXA Bank Belgium dans Crelan (juin 2024),AXA Bank,CRELAN,en,2025-05-11,1
contexte_fusion_crelan_axa,Contexte — fusion d'AXA Bank Belgium dans Crelan (juin 2024),AXA Bank,CRELAN,en,2025-05-18,0
contexte_fusion_crelan_axa,Contexte — fusion d'AXA Bank Belgium dans Crelan (juin 2024),AXA Bank,CRELAN,en,2025-05-25,0
contexte_fusion_crelan_axa,Contexte — fusion d'AXA Bank Belgium dans Crelan (juin 2024),AXA Bank,CRELAN,en,2025-06-01,0
contexte_fusion_crelan_axa,Contexte — fusion d'AXA Bank Belgium dans Crelan (juin 2024),AXA Bank,CRELAN,en,2025-06-08,0
contexte_fusion_crelan_axa,Contexte — fusion d'AXA Bank Belgium dans Crelan (juin 2024),AXA Bank,CRELAN,en,2025-06-15,0
contexte_fusion_crelan_axa,Contexte — fusion d'AXA Bank Belgium dans Crelan (juin 2024),AXA Bank,CRELAN,en,2025-06-22,0
contexte_fusion_crelan_axa,Contexte — fusion d'AXA Bank Belgium dans Crelan (juin 2024),AXA Bank,CRELAN,en,2025-06-29,0
contexte_fusion_crelan_axa,Contexte — fusion d'AXA Bank Belgium dans Crelan (juin 2024),AXA Bank,CRELAN,en,2025-07-06,0
contexte_fusion_crelan_axa,Contexte — fusion d'AXA Bank Belgium dans Crelan (juin 2024),AXA Bank,CRELAN,en,2025-07-13,0
contexte_fusion_crelan_axa,Contexte — fusion d'AXA Bank Belgium dans Crelan (juin 2024),AXA Bank,CRELAN,en,2025-07-20,0
contexte_fusion_crelan_axa,Contexte — fusion d'AXA Bank Belgium dans Crelan (juin 2024),AXA Bank,CRELAN,en,2025-07-27,0
contexte_fusion_crelan_axa,Contexte — fusion d'AXA Bank Belgium dans Crelan (juin 2024),AXA Bank,CRELAN,en,2025-08-03,0
contexte_fusion_crelan_axa,Contexte — fusion d'AXA Bank Belgium dans Crelan (juin 2024),AXA Bank,CRELAN,en,2025-08-10,1
contexte_fusion_crelan_axa,Contexte — fusion d'AXA Bank Belgium dans Crelan (juin 2024),AXA Bank,CRELAN,en,2025-08-17,0
contexte_fusion_crelan_axa,Contexte — fusion d'AXA Bank Belgium dans Crelan (juin 2024),AXA Bank,CRELAN,en,2025-08-24,1
contexte_fusion_crelan_axa,Contexte — fusion d'AXA Bank Belgium dans Crelan (juin 2024),AXA Bank,CRELAN,en,2025-08-31,0
contexte_fusion_crelan_axa,Contexte — fusion d'AXA Bank Belgium dans Crelan (juin 2024),AXA Bank,CRELAN,en,2025-09-07,0
contexte_fusion_crelan_axa,Contexte — fusion d'AXA Bank Belgium dans Crelan (juin 2024),AXA Bank,CRELAN,en,2025-09-14,0
contexte_fusion_crelan_axa,Contexte — fusion d'AXA Bank Belgium dans Crelan (juin 2024),AXA Bank,CRELAN,en,2025-09-21,0
contexte_fusion_crelan_axa,Contexte — fusion d'AXA Bank Belgium dans Crelan (juin 2024),AXA Bank,CRELAN,en,2025-09-28,1
contexte_fusion_crelan_axa,Contexte — fusion d'AXA Bank Belgium dans Crelan (juin 2024),AXA Bank,CRELAN,en,2025-10-05,0
contexte_fusion_crelan_axa,Contexte — fusion d'AXA Bank Belgium dans Crelan (juin 2024),AXA Bank,CRELAN,en,2025-10-12,0
contexte_fusion_crelan_axa,Contexte — fusion d'AXA Bank Belgium dans Crelan (juin 2024),AXA Bank,CRELAN,en,2025-10-19,0
contexte_fusion_crelan_axa,Contexte — fusion d'AXA Bank Belgium dans Crelan (juin 2024),AXA Bank,CRELAN,en,2025-10-26,0
contexte_fusion_crelan_axa,Contexte — fusion d'AXA Bank Belgium dans Crelan (juin 2024),AXA Bank,CRELAN,en,2025-11-02,0
contexte_fusion_crelan_axa,Contexte — fusion d'AXA Bank Belgium dans Crelan (juin 2024),AXA Bank,CRELAN,en,2025-11-09,0
contexte_fusion_crelan_axa,Contexte — fusion d'AXA Bank Belgium dans Crelan (juin 2024),AXA Bank,CRELAN,en,2025-11-16,0
contexte_fusion_crelan_axa,Contexte — fusion d'AXA Bank Belgium dans Crelan (juin 2024),AXA Bank,CRELAN,en,2025-11-23,0
contexte_fusion_crelan_axa,Contexte — fusion d'AXA Bank Belgium dans Crelan (juin 2024),AXA Bank,CRELAN,en,2025-11-30,0
contexte_fusion_crelan_axa,Contexte — fusion d'AXA Bank Belgium dans Crelan (juin 2024),AXA Bank,CRELAN,en,2025-12-07,0
contexte_fusion_crelan_axa,Contexte — fusion d'AXA Bank Belgium dans Crelan (juin 2024),AXA Bank,CRELAN,en,2025-12-14,0
contexte_fusion_crelan_axa,Contexte — fusion d'AXA Bank Belgium dans Crelan (juin 2024),AXA Bank,CRELAN,en,2025-12-21,0
contexte_fusion_crelan_axa,Contexte — fusion d'AXA Bank Belgium dans Crelan (juin 2024),AXA Bank,CRELAN,en,2025-12-28,0
contexte_fusion_crelan_axa,Contexte — fusion d'AXA Bank Belgium dans Crelan (juin 2024),AXA Bank,CRELAN,en,2026-01-04,0
contexte_fusion_crelan_axa,Contexte — fusion d'AXA Bank Belgium dans Crelan (juin 2024),AXA Bank,CRELAN,en,2026-01-11,0
contexte_fusion_crelan_axa,Contexte — fusion d'AXA Bank Belgium dans Crelan (juin 2024),AXA Bank,CRELAN,en,2026-01-18,0
contexte_fusion_crelan_axa,Contexte — fusion d'AXA Bank Belgium dans Crelan (juin 2024),AXA Bank,CRELAN,en,2026-01-25,0
contexte_fusion_crelan_axa,Contexte — fusion d'AXA Bank Belgium dans Crelan (juin 2024),AXA Bank,CRELAN,en,2026-02-01,0
contexte_fusion_crelan_axa,Contexte — fusion d'AXA Bank Belgium dans Crelan (juin 2024),AXA Bank,CRELAN,en,2026-02-08,0
contexte_fusion_crelan_axa,Contexte — fusion d'AXA Bank Belgium dans Crelan (juin 2024),AXA Bank,CRELAN,en,2026-02-15,0
contexte_fusion_crelan_axa,Contexte — fusion d'AXA Bank Belgium dans Crelan (juin 2024),AXA Bank,CRELAN,en,2026-02-22,0
contexte_fusion_crelan_axa,Contexte — fusion d'AXA Bank Belgium dans Crelan (juin 2024),AXA Bank,CRELAN,en,2026-03-01,0
contexte_fusion_crelan_axa,Contexte — fusion d'AXA Bank Belgium dans Crelan (juin 2024),AXA Bank,CRELAN,en,2026-03-08,0
contexte_fusion_crelan_axa,Contexte — fusion d'AXA Bank Belgium dans Crelan (juin 2024),AXA Bank,CRELAN,en,2026-03-15,0
contexte_fusion_crelan_axa,Contexte — fusion d'AXA Bank Belgium dans Crelan (juin 2024),AXA Bank,CRELAN,en,2026-03-22,0
contexte_fusion_crelan_axa,Contexte — fusion d'AXA Bank Belgium dans Crelan (juin 2024),AXA Bank,CRELAN,en,2026-03-29,0
contexte_fusion_crelan_axa,Contexte — fusion d'AXA Bank Belgium dans Crelan (juin 2024),AXA Bank,CRELAN,en,2026-04-05,0
contexte_fusion_crelan_axa,Contexte — fusion d'AXA Bank Belgium dans Crelan (juin 2024),AXA Bank,CRELAN,en,2026-04-12,0
contexte_fusion_crelan_axa,Contexte — fusion d'AXA Bank Belgium dans Crelan (juin 2024),AXA Bank,CRELAN,en,2026-04-19,0
contexte_fusion_crelan_axa,Contexte — fusion d'AXA Bank Belgium dans Crelan (juin 2024),AXA Bank,CRELAN,en,2026-04-26,0
contexte_fusion_crelan_axa,Contexte — fusion d'AXA Bank Belgium dans Crelan (juin 2024),AXA Bank,CRELAN,en,2026-05-03,0
contexte_fusion_crelan_axa,Contexte — fusion d'AXA Bank Belgium dans Crelan (juin 2024),AXA Bank,CRELAN,en,2026-05-10,0
contexte_fusion_crelan_axa,Contexte — fusion d'AXA Bank Belgium dans Crelan (juin 2024),AXA Bank,CRELAN,en,2026-05-17,0
contexte_fusion_crelan_axa,Contexte — fusion d'AXA Bank Belgium dans Crelan (juin 2024),AXA Bank,CRELAN,en,2026-05-24,0
contexte_fusion_crelan_axa,Contexte — fusion d'AXA Bank Belgium dans Crelan (juin 2024),AXA Bank,CRELAN,en,2026-05-31,0
contexte_fusion_crelan_axa,Contexte — fusion d'AXA Bank Belgium dans Crelan (juin 2024),AXA Bank,CRELAN,en,2026-06-07,0
contexte_fusion_crelan_axa,Contexte — fusion d'AXA Bank Belgium dans Crelan (juin 2024),AXA Bank,CRELAN,en,2026-06-14,0
contexte_fusion_crelan_axa,Contexte — fusion d'AXA Bank Belgium dans Crelan (juin 2024),AXA Bank,CRELAN,en,2026-06-21,0
contexte_fusion_crelan_axa,Contexte — fusion d'AXA Bank Belgium dans Crelan (juin 2024),AXA Bank,CRELAN,en,2026-06-28,1
contexte_fusion_crelan_axa,Contexte — fusion d'AXA Bank Belgium dans Crelan (juin 2024),AXA Bank,CRELAN,en,2026-07-05,0
contexte_fusion_crelan_axa,Contexte — fusion d'AXA Bank Belgium dans Crelan (juin 2024),AXA Bank,CRELAN,en,2026-07-12,0
contexte_fusion_crelan_axa,Contexte — fusion d'AXA Bank Belgium dans Crelan (juin 2024),AXA Bank,CRELAN,en,2026-07-19,0
contexte_fusion_crelan_axa,Contexte — fusion d'AXA Bank Belgium dans Crelan (juin 2024),AXA Bank,CRELAN,en,2026-07-26,0
contexte_fusion_crelan_axa,Contexte — fusion d'AXA Bank Belgium dans Crelan (juin 2024),AXA Bank,CRELAN,en,2026-08-02,1
contexte_fusion_crelan_axa,Contexte — fusion d'AXA Bank Belgium dans Crelan (juin 2024),AXA Bank,CRELAN,en,2026-08-09,0
contexte_fusion_crelan_axa,Contexte — fusion d'AXA Bank Belgium dans Crelan (juin 2024),AXA Bank,CRELAN,en,2026-08-16,0
contexte_fusion_crelan_axa,Contexte — fusion d'AXA Bank Belgium dans Crelan (juin 2024),AXA Bank,CRELAN,en,2026-08-23,0
contexte_fusion_crelan_axa,Contexte — fusion d'AXA Bank Belgium dans Crelan (juin 2024),AXA Bank,CRELAN,en,2026-08-30,0
contexte_fusion_crelan_axa,Contexte — fusion d'AXA Bank Belgium dans Crelan (juin 2024),AXA Bank,CRELAN,en,2026-09-06,0
contexte_fusion_crelan_axa,Contexte — fusion d'AXA Bank Belgium dans Crelan (juin 2024),AXA Bank,CRELAN,en,2026-09-13,0
contexte_fusion_crelan_axa,Contexte — fusion d'AXA Bank Belgium dans Crelan (juin 2024),AXA Banque,CRELAN,fr,2021-09-12,2
contexte_fusion_crelan_axa,Contexte — fusion d'AXA Bank Belgium dans Crelan (juin 2024),AXA Banque,CRELAN,fr,2021-09-19,1
contexte_fusion_crelan_axa,Contexte — fusion d'AXA Bank Belgium dans Crelan (juin 2024),AXA Banque,CRELAN,fr,2021-09-26,1
contexte_fusion_crelan_axa,Contexte — fusion d'AXA Bank Belgium dans Crelan (juin 2024),AXA Banque,CRELAN,fr,2021-10-03,2
contexte_fusion_crelan_axa,Contexte — fusion d'AXA Bank Belgium dans Crelan (juin 2024),AXA Banque,CRELAN,fr,2021-10-10,2
contexte_fusion_crelan_axa,Contexte — fusion d'AXA Bank Belgium dans Crelan (juin 2024),AXA Banque,CRELAN,fr,2021-10-17,1
contexte_fusion_crelan_axa,Contexte — fusion d'AXA Bank Belgium dans Crelan (juin 2024),AXA Banque,CRELAN,fr,2021-10-24,1
contexte_fusion_crelan_axa,Contexte — fusion d'AXA Bank Belgium dans Crelan (juin 2024),AXA Banque,CRELAN,fr,2021-10-31,1
contexte_fusion_crelan_axa,Contexte — fusion d'AXA Bank Belgium dans Crelan (juin 2024),AXA Banque,CRELAN,fr,2021-11-07,1
contexte_fusion_crelan_axa,Contexte — fusion d'AXA Bank Belgium dans Crelan (juin 2024),AXA Banque,CRELAN,fr,2021-11-14,2
contexte_fusion_crelan_axa,Contexte — fusion d'AXA Bank Belgium dans Crelan (juin 2024),AXA Banque,CRELAN,fr,2021-11-21,2
contexte_fusion_crelan_axa,Contexte — fusion d'AXA Bank Belgium dans Crelan (juin 2024),AXA Banque,CRELAN,fr,2021-11-28,1
contexte_fusion_crelan_axa,Contexte — fusion d'AXA Bank Belgium dans Crelan (juin 2024),AXA Banque,CRELAN,fr,2021-12-05,1
contexte_fusion_crelan_axa,Contexte — fusion d'AXA Bank Belgium dans Crelan (juin 2024),AXA Banque,CRELAN,fr,2021-12-12,2
contexte_fusion_crelan_axa,Contexte — fusion d'AXA Bank Belgium dans Crelan (juin 2024),AXA Banque,CRELAN,fr,2021-12-19,1
contexte_fusion_crelan_axa,Contexte — fusion d'AXA Bank Belgium dans Crelan (juin 2024),AXA Banque,CRELAN,fr,2021-12-26,1
contexte_fusion_crelan_axa,Contexte — fusion d'AXA Bank Belgium dans Crelan (juin 2024),AXA Banque,CRELAN,fr,2022-01-02,2
contexte_fusion_crelan_axa,Contexte — fusion d'AXA Bank Belgium dans Crelan (juin 2024),AXA Banque,CRELAN,fr,2022-01-09,1
contexte_fusion_crelan_axa,Contexte — fusion d'AXA Bank Belgium dans Crelan (juin 2024),AXA Banque,CRELAN,fr,2022-01-16,2
contexte_fusion_crelan_axa,Contexte — fusion d'AXA Bank Belgium dans Crelan (juin 2024),AXA Banque,CRELAN,fr,2022-01-23,1
contexte_fusion_crelan_axa,Contexte — fusion d'AXA Bank Belgium dans Crelan (juin 2024),AXA Banque,CRELAN,fr,2022-01-30,1
contexte_fusion_crelan_axa,Contexte — fusion d'AXA Bank Belgium dans Crelan (juin 2024),AXA Banque,CRELAN,fr,2022-02-06,1
contexte_fusion_crelan_axa,Contexte — fusion d'AXA Bank Belgium dans Crelan (juin 2024),AXA Banque,CRELAN,fr,2022-02-13,1
contexte_fusion_crelan_axa,Contexte — fusion d'AXA Bank Belgium dans Crelan (juin 2024),AXA Banque,CRELAN,fr,2022-02-20,2
contexte_fusion_crelan_axa,Contexte — fusion d'AXA Bank Belgium dans Crelan (juin 2024),AXA Banque,CRELAN,fr,2022-02-27,1
contexte_fusion_crelan_axa,Contexte — fusion d'AXA Bank Belgium dans Crelan (juin 2024),AXA Banque,CRELAN,fr,2022-03-06,1
contexte_fusion_crelan_axa,Contexte — fusion d'AXA Bank Belgium dans Crelan (juin 2024),AXA Banque,CRELAN,fr,2022-03-13,2
contexte_fusion_crelan_axa,Contexte — fusion d'AXA Bank Belgium dans Crelan (juin 2024),AXA Banque,CRELAN,fr,2022-03-20,1
contexte_fusion_crelan_axa,Contexte — fusion d'AXA Bank Belgium dans Crelan (juin 2024),AXA Banque,CRELAN,fr,2022-03-27,1
contexte_fusion_crelan_axa,Contexte — fusion d'AXA Bank Belgium dans Crelan (juin 2024),AXA Banque,CRELAN,fr,2022-04-03,1
contexte_fusion_crelan_axa,Contexte — fusion d'AXA Bank Belgium dans Crelan (juin 2024),AXA Banque,CRELAN,fr,2022-04-10,1
contexte_fusion_crelan_axa,Contexte — fusion d'AXA Bank Belgium dans Crelan (juin 2024),AXA Banque,CRELAN,fr,2022-04-17,1
contexte_fusion_crelan_axa,Contexte — fusion d'AXA Bank Belgium dans Crelan (juin 2024),AXA Banque,CRELAN,fr,2022-04-24,1
contexte_fusion_crelan_axa,Contexte — fusion d'AXA Bank Belgium dans Crelan (juin 2024),AXA Banque,CRELAN,fr,2022-05-01,1
contexte_fusion_crelan_axa,Contexte — fusion d'AXA Bank Belgium dans Crelan (juin 2024),AXA Banque,CRELAN,fr,2022-05-08,1
contexte_fusion_crelan_axa,Contexte — fusion d'AXA Bank Belgium dans Crelan (juin 2024),AXA Banque,CRELAN,fr,2022-05-15,2
contexte_fusion_crelan_axa,Contexte — fusion d'AXA Bank Belgium dans Crelan (juin 2024),AXA Banque,CRELAN,fr,2022-05-22,1
contexte_fusion_crelan_axa,Contexte — fusion d'AXA Bank Belgium dans Crelan (juin 2024),AXA Banque,CRELAN,fr,2022-05-29,1
contexte_fusion_crelan_axa,Contexte — fusion d'AXA Bank Belgium dans Crelan (juin 2024),AXA Banque,CRELAN,fr,2022-06-05,1
contexte_fusion_crelan_axa,Contexte — fusion d'AXA Bank Belgium dans Crelan (juin 2024),AXA Banque,CRELAN,fr,2022-06-12,1
contexte_fusion_crelan_axa,Contexte — fusion d'AXA Bank Belgium dans Crelan (juin 2024),AXA Banque,CRELAN,fr,2022-06-19,1
contexte_fusion_crelan_axa,Contexte — fusion d'AXA Bank Belgium dans Crelan (juin 2024),AXA Banque,CRELAN,fr,2022-06-26,2
contexte_fusion_crelan_axa,Contexte — fusion d'AXA Bank Belgium dans Crelan (juin 2024),AXA Banque,CRELAN,fr,2022-07-03,1
contexte_fusion_crelan_axa,Contexte — fusion d'AXA Bank Belgium dans Crelan (juin 2024),AXA Banque,CRELAN,fr,2022-07-10,1
contexte_fusion_crelan_axa,Contexte — fusion d'AXA Bank Belgium dans Crelan (juin 2024),AXA Banque,CRELAN,fr,2022-07-17,1
contexte_fusion_crelan_axa,Contexte — fusion d'AXA Bank Belgium dans Crelan (juin 2024),AXA Banque,CRELAN,fr,2022-07-24,1
contexte_fusion_crelan_axa,Contexte — fusion d'AXA Bank Belgium dans Crelan (juin 2024),AXA Banque,CRELAN,fr,2022-07-31,2
contexte_fusion_crelan_axa,Contexte — fusion d'AXA Bank Belgium dans Crelan (juin 2024),AXA Banque,CRELAN,fr,2022-08-07,1
contexte_fusion_crelan_axa,Contexte — fusion d'AXA Bank Belgium dans Crelan (juin 2024),AXA Banque,CRELAN,fr,2022-08-14,1
contexte_fusion_crelan_axa,Contexte — fusion d'AXA Bank Belgium dans Crelan (juin 2024),AXA Banque,CRELAN,fr,2022-08-21,2
contexte_fusion_crelan_axa,Contexte — fusion d'AXA Bank Belgium dans Crelan (juin 2024),AXA Banque,CRELAN,fr,2022-08-28,2
contexte_fusion_crelan_axa,Contexte — fusion d'AXA Bank Belgium dans Crelan (juin 2024),AXA Banque,CRELAN,fr,2022-09-04,1
contexte_fusion_crelan_axa,Contexte — fusion d'AXA Bank Belgium dans Crelan (juin 2024),AXA Banque,CRELAN,fr,2022-09-11,1
contexte_fusion_crelan_axa,Contexte — fusion d'AXA Bank Belgium dans Crelan (juin 2024),AXA Banque,CRELAN,fr,2022-09-18,1
contexte_fusion_crelan_axa,Contexte — fusion d'AXA Bank Belgium dans Crelan (juin 2024),AXA Banque,CRELAN,fr,2022-09-25,1
contexte_fusion_crelan_axa,Contexte — fusion d'AXA Bank Belgium dans Crelan (juin 2024),AXA Banque,CRELAN,fr,2022-10-02,2
contexte_fusion_crelan_axa,Contexte — fusion d'AXA Bank Belgium dans Crelan (juin 2024),AXA Banque,CRELAN,fr,2022-10-09,2
contexte_fusion_crelan_axa,Contexte — fusion d'AXA Bank Belgium dans Crelan (juin 2024),AXA Banque,CRELAN,fr,2022-10-16,1
contexte_fusion_crelan_axa,Contexte — fusion d'AXA Bank Belgium dans Crelan (juin 2024),AXA Banque,CRELAN,fr,2022-10-23,1
contexte_fusion_crelan_axa,Contexte — fusion d'AXA Bank Belgium dans Crelan (juin 2024),AXA Banque,CRELAN,fr,2022-10-30,1
contexte_fusion_crelan_axa,Contexte — fusion d'AXA Bank Belgium dans Crelan (juin 2024),AXA Banque,CRELAN,fr,2022-11-06,1
contexte_fusion_crelan_axa,Contexte — fusion d'AXA Bank Belgium dans Crelan (juin 2024),AXA Banque,CRELAN,fr,2022-11-13,1
contexte_fusion_crelan_axa,Contexte — fusion d'AXA Bank Belgium dans Crelan (juin 2024),AXA Banque,CRELAN,fr,2022-11-20,1
contexte_fusion_crelan_axa,Contexte — fusion d'AXA Bank Belgium dans Crelan (juin 2024),AXA Banque,CRELAN,fr,2022-11-27,1
contexte_fusion_crelan_axa,Contexte — fusion d'AXA Bank Belgium dans Crelan (juin 2024),AXA Banque,CRELAN,fr,2022-12-04,1
contexte_fusion_crelan_axa,Contexte — fusion d'AXA Bank Belgium dans Crelan (juin 2024),AXA Banque,CRELAN,fr,2022-12-11,1
contexte_fusion_crelan_axa,Contexte — fusion d'AXA Bank Belgium dans Crelan (juin 2024),AXA Banque,CRELAN,fr,2022-12-18,1
contexte_fusion_crelan_axa,Contexte — fusion d'AXA Bank Belgium dans Crelan (juin 2024),AXA Banque,CRELAN,fr,2022-12-25,1
contexte_fusion_crelan_axa,Contexte — fusion d'AXA Bank Belgium dans Crelan (juin 2024),AXA Banque,CRELAN,fr,2023-01-01,2
contexte_fusion_crelan_axa,Contexte — fusion d'AXA Bank Belgium dans Crelan (juin 2024),AXA Banque,CRELAN,fr,2023-01-08,1
contexte_fusion_crelan_axa,Contexte — fusion d'AXA Bank Belgium dans Crelan (juin 2024),AXA Banque,CRELAN,fr,2023-01-15,2
contexte_fusion_crelan_axa,Contexte — fusion d'AXA Bank Belgium dans Crelan (juin 2024),AXA Banque,CRELAN,fr,2023-01-22,1
contexte_fusion_crelan_axa,Contexte — fusion d'AXA Bank Belgium dans Crelan (juin 2024),AXA Banque,CRELAN,fr,2023-01-29,2
contexte_fusion_crelan_axa,Contexte — fusion d'AXA Bank Belgium dans Crelan (juin 2024),AXA Banque,CRELAN,fr,2023-02-05,1
contexte_fusion_crelan_axa,Contexte — fusion d'AXA Bank Belgium dans Crelan (juin 2024),AXA Banque,CRELAN,fr,2023-02-12,1
contexte_fusion_crelan_axa,Contexte — fusion d'AXA Bank Belgium dans Crelan (juin 2024),AXA Banque,CRELAN,fr,2023-02-19,2
contexte_fusion_crelan_axa,Contexte — fusion d'AXA Bank Belgium dans Crelan (juin 2024),AXA Banque,CRELAN,fr,2023-02-26,2
contexte_fusion_crelan_axa,Contexte — fusion d'AXA Bank Belgium dans Crelan (juin 2024),AXA Banque,CRELAN,fr,2023-03-05,2
contexte_fusion_crelan_axa,Contexte — fusion d'AXA Bank Belgium dans Crelan (juin 2024),AXA Banque,CRELAN,fr,2023-03-12,1
contexte_fusion_crelan_axa,Contexte — fusion d'AXA Bank Belgium dans Crelan (juin 2024),AXA Banque,CRELAN,fr,2023-03-19,1
contexte_fusion_crelan_axa,Contexte — fusion d'AXA Bank Belgium dans Crelan (juin 2024),AXA Banque,CRELAN,fr,2023-03-26,1
contexte_fusion_crelan_axa,Contexte — fusion d'AXA Bank Belgium dans Crelan (juin 2024),AXA Banque,CRELAN,fr,2023-04-02,2
contexte_fusion_crelan_axa,Contexte — fusion d'AXA Bank Belgium dans Crelan (juin 2024),AXA Banque,CRELAN,fr,2023-04-09,2
contexte_fusion_crelan_axa,Contexte — fusion d'AXA Bank Belgium dans Crelan (juin 2024),AXA Banque,CRELAN,fr,2023-04-16,1
contexte_fusion_crelan_axa,Contexte — fusion d'AXA Bank Belgium dans Crelan (juin 2024),AXA Banque,CRELAN,fr,2023-04-23,1
contexte_fusion_crelan_axa,Contexte — fusion d'AXA Bank Belgium dans Crelan (juin 2024),AXA Banque,CRELAN,fr,2023-04-30,2
contexte_fusion_crelan_axa,Contexte — fusion d'AXA Bank Belgium dans Crelan (juin 2024),AXA Banque,CRELAN,fr,2023-05-07,1
contexte_fusion_crelan_axa,Contexte — fusion d'AXA Bank Belgium dans Crelan (juin 2024),AXA Banque,CRELAN,fr,2023-05-14,1
contexte_fusion_crelan_axa,Contexte — fusion d'AXA Bank Belgium dans Crelan (juin 2024),AXA Banque,CRELAN,fr,2023-05-21,1
contexte_fusion_crelan_axa,Contexte — fusion d'AXA Bank Belgium dans Crelan (juin 2024),AXA Banque,CRELAN,fr,2023-05-28,1
contexte_fusion_crelan_axa,Contexte — fusion d'AXA Bank Belgium dans Crelan (juin 2024),AXA Banque,CRELAN,fr,2023-06-04,1
contexte_fusion_crelan_axa,Contexte — fusion d'AXA Bank Belgium dans Crelan (juin 2024),AXA Banque,CRELAN,fr,2023-06-11,1
contexte_fusion_crelan_axa,Contexte — fusion d'AXA Bank Belgium dans Crelan (juin 2024),AXA Banque,CRELAN,fr,2023-06-18,1
contexte_fusion_crelan_axa,Contexte — fusion d'AXA Bank Belgium dans Crelan (juin 2024),AXA Banque,CRELAN,fr,2023-06-25,1
contexte_fusion_crelan_axa,Contexte — fusion d'AXA Bank Belgium dans Crelan (juin 2024),AXA Banque,CRELAN,fr,2023-07-02,1
contexte_fusion_crelan_axa,Contexte — fusion d'AXA Bank Belgium dans Crelan (juin 2024),AXA Banque,CRELAN,fr,2023-07-09,2
contexte_fusion_crelan_axa,Contexte — fusion d'AXA Bank Belgium dans Crelan (juin 2024),AXA Banque,CRELAN,fr,2023-07-16,1
contexte_fusion_crelan_axa,Contexte — fusion d'AXA Bank Belgium dans Crelan (juin 2024),AXA Banque,CRELAN,fr,2023-07-23,1
contexte_fusion_crelan_axa,Contexte — fusion d'AXA Bank Belgium dans Crelan (juin 2024),AXA Banque,CRELAN,fr,2023-07-30,2
contexte_fusion_crelan_axa,Contexte — fusion d'AXA Bank Belgium dans Crelan (juin 2024),AXA Banque,CRELAN,fr,2023-08-06,1
contexte_fusion_crelan_axa,Contexte — fusion d'AXA Bank Belgium dans Crelan (juin 2024),AXA Banque,CRELAN,fr,2023-08-13,1
contexte_fusion_crelan_axa,Contexte — fusion d'AXA Bank Belgium dans Crelan (juin 2024),AXA Banque,CRELAN,fr,2023-08-20,1
contexte_fusion_crelan_axa,Contexte — fusion d'AXA Bank Belgium dans Crelan (juin 2024),AXA Banque,CRELAN,fr,2023-08-27,2
contexte_fusion_crelan_axa,Contexte — fusion d'AXA Bank Belgium dans Crelan (juin 2024),AXA Banque,CRELAN,fr,2023-09-03,1
contexte_fusion_crelan_axa,Contexte — fusion d'AXA Bank Belgium dans Crelan (juin 2024),AXA Banque,CRELAN,fr,2023-09-10,1
contexte_fusion_crelan_axa,Contexte — fusion d'AXA Bank Belgium dans Crelan (juin 2024),AXA Banque,CRELAN,fr,2023-09-17,1
contexte_fusion_crelan_axa,Contexte — fusion d'AXA Bank Belgium dans Crelan (juin 2024),AXA Banque,CRELAN,fr,2023-09-24,2
contexte_fusion_crelan_axa,Contexte — fusion d'AXA Bank Belgium dans Crelan (juin 2024),AXA Banque,CRELAN,fr,2023-10-01,1
contexte_fusion_crelan_axa,Contexte — fusion d'AXA Bank Belgium dans Crelan (juin 2024),AXA Banque,CRELAN,fr,2023-10-08,1
contexte_fusion_crelan_axa,Contexte — fusion d'AXA Bank Belgium dans Crelan (juin 2024),AXA Banque,CRELAN,fr,2023-10-15,1
contexte_fusion_crelan_axa,Contexte — fusion d'AXA Bank Belgium dans Crelan (juin 2024),AXA Banque,CRELAN,fr,2023-10-22,2
contexte_fusion_crelan_axa,Contexte — fusion d'AXA Bank Belgium dans Crelan (juin 2024),AXA Banque,CRELAN,fr,2023-10-29,1
contexte_fusion_crelan_axa,Contexte — fusion d'AXA Bank Belgium dans Crelan (juin 2024),AXA Banque,CRELAN,fr,2023-11-05,1
contexte_fusion_crelan_axa,Contexte — fusion d'AXA Bank Belgium dans Crelan (juin 2024),AXA Banque,CRELAN,fr,2023-11-12,2
contexte_fusion_crelan_axa,Contexte — fusion d'AXA Bank Belgium dans Crelan (juin 2024),AXA Banque,CRELAN,fr,2023-11-19,1
contexte_fusion_crelan_axa,Contexte — fusion d'AXA Bank Belgium dans Crelan (juin 2024),AXA Banque,CRELAN,fr,2023-11-26,2
contexte_fusion_crelan_axa,Contexte — fusion d'AXA Bank Belgium dans Crelan (juin 2024),AXA Banque,CRELAN,fr,2023-12-03,1
contexte_fusion_crelan_axa,Contexte — fusion d'AXA Bank Belgium dans Crelan (juin 2024),AXA Banque,CRELAN,fr,2023-12-10,1
contexte_fusion_crelan_axa,Contexte — fusion d'AXA Bank Belgium dans Crelan (juin 2024),AXA Banque,CRELAN,fr,2023-12-17,1
contexte_fusion_crelan_axa,Contexte — fusion d'AXA Bank Belgium dans Crelan (juin 2024),AXA Banque,CRELAN,fr,2023-12-24,1
contexte_fusion_crelan_axa,Contexte — fusion d'AXA Bank Belgium dans Crelan (juin 2024),AXA Banque,CRELAN,fr,2023-12-31,2
contexte_fusion_crelan_axa,Contexte — fusion d'AXA Bank Belgium dans Crelan (juin 2024),AXA Banque,CRELAN,fr,2024-01-07,2
contexte_fusion_crelan_axa,Contexte — fusion d'AXA Bank Belgium dans Crelan (juin 2024),AXA Banque,CRELAN,fr,2024-01-14,1
contexte_fusion_crelan_axa,Contexte — fusion d'AXA Bank Belgium dans Crelan (juin 2024),AXA Banque,CRELAN,fr,2024-01-21,1
contexte_fusion_crelan_axa,Contexte — fusion d'AXA Bank Belgium dans Crelan (juin 2024),AXA Banque,CRELAN,fr,2024-01-28,2
contexte_fusion_crelan_axa,Contexte — fusion d'AXA Bank Belgium dans Crelan (juin 2024),AXA Banque,CRELAN,fr,2024-02-04,1
contexte_fusion_crelan_axa,Contexte — fusion d'AXA Bank Belgium dans Crelan (juin 2024),AXA Banque,CRELAN,fr,2024-02-11,1
contexte_fusion_crelan_axa,Contexte — fusion d'AXA Bank Belgium dans Crelan (juin 2024),AXA Banque,CRELAN,fr,2024-02-18,2
contexte_fusion_crelan_axa,Contexte — fusion d'AXA Bank Belgium dans Crelan (juin 2024),AXA Banque,CRELAN,fr,2024-02-25,1
contexte_fusion_crelan_axa,Contexte — fusion d'AXA Bank Belgium dans Crelan (juin 2024),AXA Banque,CRELAN,fr,2024-03-03,1
contexte_fusion_crelan_axa,Contexte — fusion d'AXA Bank Belgium dans Crelan (juin 2024),AXA Banque,CRELAN,fr,2024-03-10,1
contexte_fusion_crelan_axa,Contexte — fusion d'AXA Bank Belgium dans Crelan (juin 2024),AXA Banque,CRELAN,fr,2024-03-17,1
contexte_fusion_crelan_axa,Contexte — fusion d'AXA Bank Belgium dans Crelan (juin 2024),AXA Banque,CRELAN,fr,2024-03-24,1
contexte_fusion_crelan_axa,Contexte — fusion d'AXA Bank Belgium dans Crelan (juin 2024),AXA Banque,CRELAN,fr,2024-03-31,2
contexte_fusion_crelan_axa,Contexte — fusion d'AXA Bank Belgium dans Crelan (juin 2024),AXA Banque,CRELAN,fr,2024-04-07,2
contexte_fusion_crelan_axa,Contexte — fusion d'AXA Bank Belgium dans Crelan (juin 2024),AXA Banque,CRELAN,fr,2024-04-14,1
contexte_fusion_crelan_axa,Contexte — fusion d'AXA Bank Belgium dans Crelan (juin 2024),AXA Banque,CRELAN,fr,2024-04-21,1
contexte_fusion_crelan_axa,Contexte — fusion d'AXA Bank Belgium dans Crelan (juin 2024),AXA Banque,CRELAN,fr,2024-04-28,1
contexte_fusion_crelan_axa,Contexte — fusion d'AXA Bank Belgium dans Crelan (juin 2024),AXA Banque,CRELAN,fr,2024-05-05,1
contexte_fusion_crelan_axa,Contexte — fusion d'AXA Bank Belgium dans Crelan (juin 2024),AXA Banque,CRELAN,fr,2024-05-12,1
contexte_fusion_crelan_axa,Contexte — fusion d'AXA Bank Belgium dans Crelan (juin 2024),AXA Banque,CRELAN,fr,2024-05-19,1
contexte_fusion_crelan_axa,Contexte — fusion d'AXA Bank Belgium dans Crelan (juin 2024),AXA Banque,CRELAN,fr,2024-05-26,1
contexte_fusion_crelan_axa,Contexte — fusion d'AXA Bank Belgium dans Crelan (juin 2024),AXA Banque,CRELAN,fr,2024-06-02,2
contexte_fusion_crelan_axa,Contexte — fusion d'AXA Bank Belgium dans Crelan (juin 2024),AXA Banque,CRELAN,fr,2024-06-09,2
contexte_fusion_crelan_axa,Contexte — fusion d'AXA Bank Belgium dans Crelan (juin 2024),AXA Banque,CRELAN,fr,2024-06-16,2
contexte_fusion_crelan_axa,Contexte — fusion d'AXA Bank Belgium dans Crelan (juin 2024),AXA Banque,CRELAN,fr,2024-06-23,1
contexte_fusion_crelan_axa,Contexte — fusion d'AXA Bank Belgium dans Crelan (juin 2024),AXA Banque,CRELAN,fr,2024-06-30,1
contexte_fusion_crelan_axa,Contexte — fusion d'AXA Bank Belgium dans Crelan (juin 2024),AXA Banque,CRELAN,fr,2024-07-07,1
contexte_fusion_crelan_axa,Contexte — fusion d'AXA Bank Belgium dans Crelan (juin 2024),AXA Banque,CRELAN,fr,2024-07-14,1
contexte_fusion_crelan_axa,Contexte — fusion d'AXA Bank Belgium dans Crelan (juin 2024),AXA Banque,CRELAN,fr,2024-07-21,1
contexte_fusion_crelan_axa,Contexte — fusion d'AXA Bank Belgium dans Crelan (juin 2024),AXA Banque,CRELAN,fr,2024-07-28,1
contexte_fusion_crelan_axa,Contexte — fusion d'AXA Bank Belgium dans Crelan (juin 2024),AXA Banque,CRELAN,fr,2024-08-04,1
contexte_fusion_crelan_axa,Contexte — fusion d'AXA Bank Belgium dans Crelan (juin 2024),AXA Banque,CRELAN,fr,2024-08-11,0
contexte_fusion_crelan_axa,Contexte — fusion d'AXA Bank Belgium dans Crelan (juin 2024),AXA Banque,CRELAN,fr,2024-08-18,0
contexte_fusion_crelan_axa,Contexte — fusion d'AXA Bank Belgium dans Crelan (juin 2024),AXA Banque,CRELAN,fr,2024-08-25,1
contexte_fusion_crelan_axa,Contexte — fusion d'AXA Bank Belgium dans Crelan (juin 2024),AXA Banque,CRELAN,fr,2024-09-01,0
contexte_fusion_crelan_axa,Contexte — fusion d'AXA Bank Belgium dans Crelan (juin 2024),AXA Banque,CRELAN,fr,2024-09-08,0
contexte_fusion_crelan_axa,Contexte — fusion d'AXA Bank Belgium dans Crelan (juin 2024),AXA Banque,CRELAN,fr,2024-09-15,0
contexte_fusion_crelan_axa,Contexte — fusion d'AXA Bank Belgium dans Crelan (juin 2024),AXA Banque,CRELAN,fr,2024-09-22,1
contexte_fusion_crelan_axa,Contexte — fusion d'AXA Bank Belgium dans Crelan (juin 2024),AXA Banque,CRELAN,fr,2024-09-29,1
contexte_fusion_crelan_axa,Contexte — fusion d'AXA Bank Belgium dans Crelan (juin 2024),AXA Banque,CRELAN,fr,2024-10-06,0
contexte_fusion_crelan_axa,Contexte — fusion d'AXA Bank Belgium dans Crelan (juin 2024),AXA Banque,CRELAN,fr,2024-10-13,0
contexte_fusion_crelan_axa,Contexte — fusion d'AXA Bank Belgium dans Crelan (juin 2024),AXA Banque,CRELAN,fr,2024-10-20,1
contexte_fusion_crelan_axa,Contexte — fusion d'AXA Bank Belgium dans Crelan (juin 2024),AXA Banque,CRELAN,fr,2024-10-27,0
contexte_fusion_crelan_axa,Contexte — fusion d'AXA Bank Belgium dans Crelan (juin 2024),AXA Banque,CRELAN,fr,2024-11-03,1
contexte_fusion_crelan_axa,Contexte — fusion d'AXA Bank Belgium dans Crelan (juin 2024),AXA Banque,CRELAN,fr,2024-11-10,0
contexte_fusion_crelan_axa,Contexte — fusion d'AXA Bank Belgium dans Crelan (juin 2024),AXA Banque,CRELAN,fr,2024-11-17,0
contexte_fusion_crelan_axa,Contexte — fusion d'AXA Bank Belgium dans Crelan (juin 2024),AXA Banque,CRELAN,fr,2024-11-24,0
contexte_fusion_crelan_axa,Contexte — fusion d'AXA Bank Belgium dans Crelan (juin 2024),AXA Banque,CRELAN,fr,2024-12-01,0
contexte_fusion_crelan_axa,Contexte — fusion d'AXA Bank Belgium dans Crelan (juin 2024),AXA Banque,CRELAN,fr,2024-12-08,0
contexte_fusion_crelan_axa,Contexte — fusion d'AXA Bank Belgium dans Crelan (juin 2024),AXA Banque,CRELAN,fr,2024-12-15,0
contexte_fusion_crelan_axa,Contexte — fusion d'AXA Bank Belgium dans Crelan (juin 2024),AXA Banque,CRELAN,fr,2024-12-22,0
contexte_fusion_crelan_axa,Contexte — fusion d'AXA Bank Belgium dans Crelan (juin 2024),AXA Banque,CRELAN,fr,2024-12-29,0
contexte_fusion_crelan_axa,Contexte — fusion d'AXA Bank Belgium dans Crelan (juin 2024),AXA Banque,CRELAN,fr,2025-01-05,1
contexte_fusion_crelan_axa,Contexte — fusion d'AXA Bank Belgium dans Crelan (juin 2024),AXA Banque,CRELAN,fr,2025-01-12,1
contexte_fusion_crelan_axa,Contexte — fusion d'AXA Bank Belgium dans Crelan (juin 2024),AXA Banque,CRELAN,fr,2025-01-19,0
contexte_fusion_crelan_axa,Contexte — fusion d'AXA Bank Belgium dans Crelan (juin 2024),AXA Banque,CRELAN,fr,2025-01-26,1
contexte_fusion_crelan_axa,Contexte — fusion d'AXA Bank Belgium dans Crelan (juin 2024),AXA Banque,CRELAN,fr,2025-02-02,1
contexte_fusion_crelan_axa,Contexte — fusion d'AXA Bank Belgium dans Crelan (juin 2024),AXA Banque,CRELAN,fr,2025-02-09,0
contexte_fusion_crelan_axa,Contexte — fusion d'AXA Bank Belgium dans Crelan (juin 2024),AXA Banque,CRELAN,fr,2025-02-16,0
contexte_fusion_crelan_axa,Contexte — fusion d'AXA Bank Belgium dans Crelan (juin 2024),AXA Banque,CRELAN,fr,2025-02-23,0
contexte_fusion_crelan_axa,Contexte — fusion d'AXA Bank Belgium dans Crelan (juin 2024),AXA Banque,CRELAN,fr,2025-03-02,0
contexte_fusion_crelan_axa,Contexte — fusion d'AXA Bank Belgium dans Crelan (juin 2024),AXA Banque,CRELAN,fr,2025-03-09,0
contexte_fusion_crelan_axa,Contexte — fusion d'AXA Bank Belgium dans Crelan (juin 2024),AXA Banque,CRELAN,fr,2025-03-16,0
contexte_fusion_crelan_axa,Contexte — fusion d'AXA Bank Belgium dans Crelan (juin 2024),AXA Banque,CRELAN,fr,2025-03-23,0
contexte_fusion_crelan_axa,Contexte — fusion d'AXA Bank Belgium dans Crelan (juin 2024),AXA Banque,CRELAN,fr,2025-03-30,0
contexte_fusion_crelan_axa,Contexte — fusion d'AXA Bank Belgium dans Crelan (juin 2024),AXA Banque,CRELAN,fr,2025-04-06,0
contexte_fusion_crelan_axa,Contexte — fusion d'AXA Bank Belgium dans Crelan (juin 2024),AXA Banque,CRELAN,fr,2025-04-13,0
contexte_fusion_crelan_axa,Contexte — fusion d'AXA Bank Belgium dans Crelan (juin 2024),AXA Banque,CRELAN,fr,2025-04-20,0
contexte_fusion_crelan_axa,Contexte — fusion d'AXA Bank Belgium dans Crelan (juin 2024),AXA Banque,CRELAN,fr,2025-04-27,0
contexte_fusion_crelan_axa,Contexte — fusion d'AXA Bank Belgium dans Crelan (juin 2024),AXA Banque,CRELAN,fr,2025-05-04,0
contexte_fusion_crelan_axa,Contexte — fusion d'AXA Bank Belgium dans Crelan (juin 2024),AXA Banque,CRELAN,fr,2025-05-11,0
contexte_fusion_crelan_axa,Contexte — fusion d'AXA Bank Belgium dans Crelan (juin 2024),AXA Banque,CRELAN,fr,2025-05-18,0
contexte_fusion_crelan_axa,Contexte — fusion d'AXA Bank Belgium dans Crelan (juin 2024),AXA Banque,CRELAN,fr,2025-05-25,0
contexte_fusion_crelan_axa,Contexte — fusion d'AXA Bank Belgium dans Crelan (juin 2024),AXA Banque,CRELAN,fr,2025-06-01,0
contexte_fusion_crelan_axa,Contexte — fusion d'AXA Bank Belgium dans Crelan (juin 2024),AXA Banque,CRELAN,fr,2025-06-08,0
contexte_fusion_crelan_axa,Contexte — fusion d'AXA Bank Belgium dans Crelan (juin 2024),AXA Banque,CRELAN,fr,2025-06-15,0
contexte_fusion_crelan_axa,Contexte — fusion d'AXA Bank Belgium dans Crelan (juin 2024),AXA Banque,CRELAN,fr,2025-06-22,0
contexte_fusion_crelan_axa,Contexte — fusion d'AXA Bank Belgium dans Crelan (juin 2024),AXA Banque,CRELAN,fr,2025-06-29,0
contexte_fusion_crelan_axa,Contexte — fusion d'AXA Bank Belgium dans Crelan (juin 2024),AXA Banque,CRELAN,fr,2025-07-06,0
contexte_fusion_crelan_axa,Contexte — fusion d'AXA Bank Belgium dans Crelan (juin 2024),AXA Banque,CRELAN,fr,2025-07-13,1
contexte_fusion_crelan_axa,Contexte — fusion d'AXA Bank Belgium dans Crelan (juin 2024),AXA Banque,CRELAN,fr,2025-07-20,0
contexte_fusion_crelan_axa,Contexte — fusion d'AXA Bank Belgium dans Crelan (juin 2024),AXA Banque,CRELAN,fr,2025-07-27,0
contexte_fusion_crelan_axa,Contexte — fusion d'AXA Bank Belgium dans Crelan (juin 2024),AXA Banque,CRELAN,fr,2025-08-03,0
contexte_fusion_crelan_axa,Contexte — fusion d'AXA Bank Belgium dans Crelan (juin 2024),AXA Banque,CRELAN,fr,2025-08-10,0
contexte_fusion_crelan_axa,Contexte — fusion d'AXA Bank Belgium dans Crelan (juin 2024),AXA Banque,CRELAN,fr,2025-08-17,0
contexte_fusion_crelan_axa,Contexte — fusion d'AXA Bank Belgium dans Crelan (juin 2024),AXA Banque,CRELAN,fr,2025-08-24,0
contexte_fusion_crelan_axa,Contexte — fusion d'AXA Bank Belgium dans Crelan (juin 2024),AXA Banque,CRELAN,fr,2025-08-31,0
contexte_fusion_crelan_axa,Contexte — fusion d'AXA Bank Belgium dans Crelan (juin 2024),AXA Banque,CRELAN,fr,2025-09-07,0
contexte_fusion_crelan_axa,Contexte — fusion d'AXA Bank Belgium dans Crelan (juin 2024),AXA Banque,CRELAN,fr,2025-09-14,0
contexte_fusion_crelan_axa,Contexte — fusion d'AXA Bank Belgium dans Crelan (juin 2024),AXA Banque,CRELAN,fr,2025-09-21,0
contexte_fusion_crelan_axa,Contexte — fusion d'AXA Bank Belgium dans Crelan (juin 2024),AXA Banque,CRELAN,fr,2025-09-28,0
contexte_fusion_crelan_axa,Contexte — fusion d'AXA Bank Belgium dans Crelan (juin 2024),AXA Banque,CRELAN,fr,2025-10-05,0
contexte_fusion_crelan_axa,Contexte — fusion d'AXA Bank Belgium dans Crelan (juin 2024),AXA Banque,CRELAN,fr,2025-10-12,0
contexte_fusion_crelan_axa,Contexte — fusion d'AXA Bank Belgium dans Crelan (juin 2024),AXA Banque,CRELAN,fr,2025-10-19,0
contexte_fusion_crelan_axa,Contexte — fusion d'AXA Bank Belgium dans Crelan (juin 2024),AXA Banque,CRELAN,fr,2025-10-26,0
contexte_fusion_crelan_axa,Contexte — fusion d'AXA Bank Belgium dans Crelan (juin 2024),AXA Banque,CRELAN,fr,2025-11-02,0
contexte_fusion_crelan_axa,Contexte — fusion d'AXA Bank Belgium dans Crelan (juin 2024),AXA Banque,CRELAN,fr,2025-11-09,0
contexte_fusion_crelan_axa,Contexte — fusion d'AXA Bank Belgium dans Crelan (juin 2024),AXA Banque,CRELAN,fr,2025-11-16,0
contexte_fusion_crelan_axa,Contexte — fusion d'AXA Bank Belgium dans Crelan (juin 2024),AXA Banque,CRELAN,fr,2025-11-23,0
contexte_fusion_crelan_axa,Contexte — fusion d'AXA Bank Belgium dans Crelan (juin 2024),AXA Banque,CRELAN,fr,2025-11-30,0
contexte_fusion_crelan_axa,Contexte — fusion d'AXA Bank Belgium dans Crelan (juin 2024),AXA Banque,CRELAN,fr,2025-12-07,0
contexte_fusion_crelan_axa,Contexte — fusion d'AXA Bank Belgium dans Crelan (juin 2024),AXA Banque,CRELAN,fr,2025-12-14,0
contexte_fusion_crelan_axa,Contexte — fusion d'AXA Bank Belgium dans Crelan (juin 2024),AXA Banque,CRELAN,fr,2025-12-21,0
contexte_fusion_crelan_axa,Contexte — fusion d'AXA Bank Belgium dans Crelan (juin 2024),AXA Banque,CRELAN,fr,2025-12-28,0
contexte_fusion_crelan_axa,Contexte — fusion d'AXA Bank Belgium dans Crelan (juin 2024),AXA Banque,CRELAN,fr,2026-01-04,0
contexte_fusion_crelan_axa,Contexte — fusion d'AXA Bank Belgium dans Crelan (juin 2024),AXA Banque,CRELAN,fr,2026-01-11,0
contexte_fusion_crelan_axa,Contexte — fusion d'AXA Bank Belgium dans Crelan (juin 2024),AXA Banque,CRELAN,fr,2026-01-18,0
contexte_fusion_crelan_axa,Contexte — fusion d'AXA Bank Belgium dans Crelan (juin 2024),AXA Banque,CRELAN,fr,2026-01-25,0
contexte_fusion_crelan_axa,Contexte — fusion d'AXA Bank Belgium dans Crelan (juin 2024),AXA Banque,CRELAN,fr,2026-02-01,0
contexte_fusion_crelan_axa,Contexte — fusion d'AXA Bank Belgium dans Crelan (juin 2024),AXA Banque,CRELAN,fr,2026-02-08,0
contexte_fusion_crelan_axa,Contexte — fusion d'AXA Bank Belgium dans Crelan (juin 2024),AXA Banque,CRELAN,fr,2026-02-15,0
contexte_fusion_crelan_axa,Contexte — fusion d'AXA Bank Belgium dans Crelan (juin 2024),AXA Banque,CRELAN,fr,2026-02-22,0
contexte_fusion_crelan_axa,Contexte — fusion d'AXA Bank Belgium dans Crelan (juin 2024),AXA Banque,CRELAN,fr,2026-03-01,0
contexte_fusion_crelan_axa,Contexte — fusion d'AXA Bank Belgium dans Crelan (juin 2024),AXA Banque,CRELAN,fr,2026-03-08,0
contexte_fusion_crelan_axa,Contexte — fusion d'AXA Bank Belgium dans Crelan (juin 2024),AXA Banque,CRELAN,fr,2026-03-15,0
contexte_fusion_crelan_axa,Contexte — fusion d'AXA Bank Belgium dans Crelan (juin 2024),AXA Banque,CRELAN,fr,2026-03-22,0
contexte_fusion_crelan_axa,Contexte — fusion d'AXA Bank Belgium dans Crelan (juin 2024),AXA Banque,CRELAN,fr,2026-03-29,0
contexte_fusion_crelan_axa,Contexte — fusion d'AXA Bank Belgium dans Crelan (juin 2024),AXA Banque,CRELAN,fr,2026-04-05,0
contexte_fusion_crelan_axa,Contexte — fusion d'AXA Bank Belgium dans Crelan (juin 2024),AXA Banque,CRELAN,fr,2026-04-12,0
contexte_fusion_crelan_axa,Contexte — fusion d'AXA Bank Belgium dans Crelan (juin 2024),AXA Banque,CRELAN,fr,2026-04-19,0
contexte_fusion_crelan_axa,Contexte — fusion d'AXA Bank Belgium dans Crelan (juin 2024),AXA Banque,CRELAN,fr,2026-04-26,0
contexte_fusion_crelan_axa,Contexte — fusion d'AXA Bank Belgium dans Crelan (juin 2024),AXA Banque,CRELAN,fr,2026-05-03,0
contexte_fusion_crelan_axa,Contexte — fusion d'AXA Bank Belgium dans Crelan (juin 2024),AXA Banque,CRELAN,fr,2026-05-10,0
contexte_fusion_crelan_axa,Contexte — fusion d'AXA Bank Belgium dans Crelan (juin 2024),AXA Banque,CRELAN,fr,2026-05-17,0
contexte_fusion_crelan_axa,Contexte — fusion d'AXA Bank Belgium dans Crelan (juin 2024),AXA Banque,CRELAN,fr,2026-05-24,0
contexte_fusion_crelan_axa,Contexte — fusion d'AXA Bank Belgium dans Crelan (juin 2024),AXA Banque,CRELAN,fr,2026-05-31,0
contexte_fusion_crelan_axa,Contexte — fusion d'AXA Bank Belgium dans Crelan (juin 2024),AXA Banque,CRELAN,fr,2026-06-07,0
contexte_fusion_crelan_axa,Contexte — fusion d'AXA Bank Belgium dans Crelan (juin 2024),AXA Banque,CRELAN,fr,2026-06-14,0
contexte_fusion_crelan_axa,Contexte — fusion d'AXA Bank Belgium dans Crelan (juin 2024),AXA Banque,CRELAN,fr,2026-06-21,0
contexte_fusion_crelan_axa,Contexte — fusion d'AXA Bank Belgium dans Crelan (juin 2024),AXA Banque,CRELAN,fr,2026-06-28,0
contexte_fusion_crelan_axa,Contexte — fusion d'AXA Bank Belgium dans Crelan (juin 2024),AXA Banque,CRELAN,fr,2026-07-05,0
contexte_fusion_crelan_axa,Contexte — fusion d'AXA Bank Belgium dans Crelan (juin 2024),AXA Banque,CRELAN,fr,2026-07-12,0
contexte_fusion_crelan_axa,Contexte — fusion d'AXA Bank Belgium dans Crelan (juin 2024),AXA Banque,CRELAN,fr,2026-07-19,0
contexte_fusion_crelan_axa,Contexte — fusion d'AXA Bank Belgium dans Crelan (juin 2024),AXA Banque,CRELAN,fr,2026-07-26,0
contexte_fusion_crelan_axa,Contexte — fusion d'AXA Bank Belgium dans Crelan (juin 2024),AXA Banque,CRELAN,fr,2026-08-02,0
contexte_fusion_crelan_axa,Contexte — fusion d'AXA Bank Belgium dans Crelan (juin 2024),AXA Banque,CRELAN,fr,2026-08-09,0
contexte_fusion_crelan_axa,Contexte — fusion d'AXA Bank Belgium dans Crelan (juin 2024),AXA Banque,CRELAN,fr,2026-08-16,0
contexte_fusion_crelan_axa,Contexte — fusion d'AXA Bank Belgium dans Crelan (juin 2024),AXA Banque,CRELAN,fr,2026-08-23,0
contexte_fusion_crelan_axa,Contexte — fusion d'AXA Bank Belgium dans Crelan (juin 2024),AXA Banque,CRELAN,fr,2026-08-30,0
contexte_fusion_crelan_axa,Contexte — fusion d'AXA Bank Belgium dans Crelan (juin 2024),AXA Banque,CRELAN,fr,2026-09-06,0
contexte_fusion_crelan_axa,Contexte — fusion d'AXA Bank Belgium dans Crelan (juin 2024),AXA Banque,CRELAN,fr,2026-09-13,0
contexte_fusion_crelan_axa,Contexte — fusion d'AXA Bank Belgium dans Crelan (juin 2024),Crelan,CRELAN,multi,2021-09-12,20
contexte_fusion_crelan_axa,Contexte — fusion d'AXA Bank Belgium dans Crelan (juin 2024),Crelan,CRELAN,multi,2021-09-19,19
contexte_fusion_crelan_axa,Contexte — fusion d'AXA Bank Belgium dans Crelan (juin 2024),Crelan,CRELAN,multi,2021-09-26,21
contexte_fusion_crelan_axa,Contexte — fusion d'AXA Bank Belgium dans Crelan (juin 2024),Crelan,CRELAN,multi,2021-10-03,19
contexte_fusion_crelan_axa,Contexte — fusion d'AXA Bank Belgium dans Crelan (juin 2024),Crelan,CRELAN,multi,2021-10-10,20
contexte_fusion_crelan_axa,Contexte — fusion d'AXA Bank Belgium dans Crelan (juin 2024),Crelan,CRELAN,multi,2021-10-17,19
contexte_fusion_crelan_axa,Contexte — fusion d'AXA Bank Belgium dans Crelan (juin 2024),Crelan,CRELAN,multi,2021-10-24,20
contexte_fusion_crelan_axa,Contexte — fusion d'AXA Bank Belgium dans Crelan (juin 2024),Crelan,CRELAN,multi,2021-10-31,19
contexte_fusion_crelan_axa,Contexte — fusion d'AXA Bank Belgium dans Crelan (juin 2024),Crelan,CRELAN,multi,2021-11-07,18
contexte_fusion_crelan_axa,Contexte — fusion d'AXA Bank Belgium dans Crelan (juin 2024),Crelan,CRELAN,multi,2021-11-14,19
contexte_fusion_crelan_axa,Contexte — fusion d'AXA Bank Belgium dans Crelan (juin 2024),Crelan,CRELAN,multi,2021-11-21,22
contexte_fusion_crelan_axa,Contexte — fusion d'AXA Bank Belgium dans Crelan (juin 2024),Crelan,CRELAN,multi,2021-11-28,21
contexte_fusion_crelan_axa,Contexte — fusion d'AXA Bank Belgium dans Crelan (juin 2024),Crelan,CRELAN,multi,2021-12-05,20
contexte_fusion_crelan_axa,Contexte — fusion d'AXA Bank Belgium dans Crelan (juin 2024),Crelan,CRELAN,multi,2021-12-12,23
contexte_fusion_crelan_axa,Contexte — fusion d'AXA Bank Belgium dans Crelan (juin 2024),Crelan,CRELAN,multi,2021-12-19,20
contexte_fusion_crelan_axa,Contexte — fusion d'AXA Bank Belgium dans Crelan (juin 2024),Crelan,CRELAN,multi,2021-12-26,21
contexte_fusion_crelan_axa,Contexte — fusion d'AXA Bank Belgium dans Crelan (juin 2024),Crelan,CRELAN,multi,2022-01-02,25
contexte_fusion_crelan_axa,Contexte — fusion d'AXA Bank Belgium dans Crelan (juin 2024),Crelan,CRELAN,multi,2022-01-09,22
contexte_fusion_crelan_axa,Contexte — fusion d'AXA Bank Belgium dans Crelan (juin 2024),Crelan,CRELAN,multi,2022-01-16,18
contexte_fusion_crelan_axa,Contexte — fusion d'AXA Bank Belgium dans Crelan (juin 2024),Crelan,CRELAN,multi,2022-01-23,20
contexte_fusion_crelan_axa,Contexte — fusion d'AXA Bank Belgium dans Crelan (juin 2024),Crelan,CRELAN,multi,2022-01-30,21
contexte_fusion_crelan_axa,Contexte — fusion d'AXA Bank Belgium dans Crelan (juin 2024),Crelan,CRELAN,multi,2022-02-06,21
contexte_fusion_crelan_axa,Contexte — fusion d'AXA Bank Belgium dans Crelan (juin 2024),Crelan,CRELAN,multi,2022-02-13,18
contexte_fusion_crelan_axa,Contexte — fusion d'AXA Bank Belgium dans Crelan (juin 2024),Crelan,CRELAN,multi,2022-02-20,18
contexte_fusion_crelan_axa,Contexte — fusion d'AXA Bank Belgium dans Crelan (juin 2024),Crelan,CRELAN,multi,2022-02-27,20
contexte_fusion_crelan_axa,Contexte — fusion d'AXA Bank Belgium dans Crelan (juin 2024),Crelan,CRELAN,multi,2022-03-06,18
contexte_fusion_crelan_axa,Contexte — fusion d'AXA Bank Belgium dans Crelan (juin 2024),Crelan,CRELAN,multi,2022-03-13,18
contexte_fusion_crelan_axa,Contexte — fusion d'AXA Bank Belgium dans Crelan (juin 2024),Crelan,CRELAN,multi,2022-03-20,18
contexte_fusion_crelan_axa,Contexte — fusion d'AXA Bank Belgium dans Crelan (juin 2024),Crelan,CRELAN,multi,2022-03-27,20
contexte_fusion_crelan_axa,Contexte — fusion d'AXA Bank Belgium dans Crelan (juin 2024),Crelan,CRELAN,multi,2022-04-03,20
contexte_fusion_crelan_axa,Contexte — fusion d'AXA Bank Belgium dans Crelan (juin 2024),Crelan,CRELAN,multi,2022-04-10,18
contexte_fusion_crelan_axa,Contexte — fusion d'AXA Bank Belgium dans Crelan (juin 2024),Crelan,CRELAN,multi,2022-04-17,18
contexte_fusion_crelan_axa,Contexte — fusion d'AXA Bank Belgium dans Crelan (juin 2024),Crelan,CRELAN,multi,2022-04-24,19
contexte_fusion_crelan_axa,Contexte — fusion d'AXA Bank Belgium dans Crelan (juin 2024),Crelan,CRELAN,multi,2022-05-01,20
contexte_fusion_crelan_axa,Contexte — fusion d'AXA Bank Belgium dans Crelan (juin 2024),Crelan,CRELAN,multi,2022-05-08,19
contexte_fusion_crelan_axa,Contexte — fusion d'AXA Bank Belgium dans Crelan (juin 2024),Crelan,CRELAN,multi,2022-05-15,18
contexte_fusion_crelan_axa,Contexte — fusion d'AXA Bank Belgium dans Crelan (juin 2024),Crelan,CRELAN,multi,2022-05-22,17
contexte_fusion_crelan_axa,Contexte — fusion d'AXA Bank Belgium dans Crelan (juin 2024),Crelan,CRELAN,multi,2022-05-29,20
contexte_fusion_crelan_axa,Contexte — fusion d'AXA Bank Belgium dans Crelan (juin 2024),Crelan,CRELAN,multi,2022-06-05,17
contexte_fusion_crelan_axa,Contexte — fusion d'AXA Bank Belgium dans Crelan (juin 2024),Crelan,CRELAN,multi,2022-06-12,18
contexte_fusion_crelan_axa,Contexte — fusion d'AXA Bank Belgium dans Crelan (juin 2024),Crelan,CRELAN,multi,2022-06-19,20
contexte_fusion_crelan_axa,Contexte — fusion d'AXA Bank Belgium dans Crelan (juin 2024),Crelan,CRELAN,multi,2022-06-26,21
contexte_fusion_crelan_axa,Contexte — fusion d'AXA Bank Belgium dans Crelan (juin 2024),Crelan,CRELAN,multi,2022-07-03,21
contexte_fusion_crelan_axa,Contexte — fusion d'AXA Bank Belgium dans Crelan (juin 2024),Crelan,CRELAN,multi,2022-07-10,20
contexte_fusion_crelan_axa,Contexte — fusion d'AXA Bank Belgium dans Crelan (juin 2024),Crelan,CRELAN,multi,2022-07-17,15
contexte_fusion_crelan_axa,Contexte — fusion d'AXA Bank Belgium dans Crelan (juin 2024),Crelan,CRELAN,multi,2022-07-24,20
contexte_fusion_crelan_axa,Contexte — fusion d'AXA Bank Belgium dans Crelan (juin 2024),Crelan,CRELAN,multi,2022-07-31,19
contexte_fusion_crelan_axa,Contexte — fusion d'AXA Bank Belgium dans Crelan (juin 2024),Crelan,CRELAN,multi,2022-08-07,18
contexte_fusion_crelan_axa,Contexte — fusion d'AXA Bank Belgium dans Crelan (juin 2024),Crelan,CRELAN,multi,2022-08-14,17
contexte_fusion_crelan_axa,Contexte — fusion d'AXA Bank Belgium dans Crelan (juin 2024),Crelan,CRELAN,multi,2022-08-21,18
contexte_fusion_crelan_axa,Contexte — fusion d'AXA Bank Belgium dans Crelan (juin 2024),Crelan,CRELAN,multi,2022-08-28,20
contexte_fusion_crelan_axa,Contexte — fusion d'AXA Bank Belgium dans Crelan (juin 2024),Crelan,CRELAN,multi,2022-09-04,19
contexte_fusion_crelan_axa,Contexte — fusion d'AXA Bank Belgium dans Crelan (juin 2024),Crelan,CRELAN,multi,2022-09-11,17
contexte_fusion_crelan_axa,Contexte — fusion d'AXA Bank Belgium dans Crelan (juin 2024),Crelan,CRELAN,multi,2022-09-18,20
contexte_fusion_crelan_axa,Contexte — fusion d'AXA Bank Belgium dans Crelan (juin 2024),Crelan,CRELAN,multi,2022-09-25,20
contexte_fusion_crelan_axa,Contexte — fusion d'AXA Bank Belgium dans Crelan (juin 2024),Crelan,CRELAN,multi,2022-10-02,19
contexte_fusion_crelan_axa,Contexte — fusion d'AXA Bank Belgium dans Crelan (juin 2024),Crelan,CRELAN,multi,2022-10-09,19
contexte_fusion_crelan_axa,Contexte — fusion d'AXA Bank Belgium dans Crelan (juin 2024),Crelan,CRELAN,multi,2022-10-16,17
contexte_fusion_crelan_axa,Contexte — fusion d'AXA Bank Belgium dans Crelan (juin 2024),Crelan,CRELAN,multi,2022-10-23,19
contexte_fusion_crelan_axa,Contexte — fusion d'AXA Bank Belgium dans Crelan (juin 2024),Crelan,CRELAN,multi,2022-10-30,16
contexte_fusion_crelan_axa,Contexte — fusion d'AXA Bank Belgium dans Crelan (juin 2024),Crelan,CRELAN,multi,2022-11-06,17
contexte_fusion_crelan_axa,Contexte — fusion d'AXA Bank Belgium dans Crelan (juin 2024),Crelan,CRELAN,multi,2022-11-13,18
contexte_fusion_crelan_axa,Contexte — fusion d'AXA Bank Belgium dans Crelan (juin 2024),Crelan,CRELAN,multi,2022-11-20,18
contexte_fusion_crelan_axa,Contexte — fusion d'AXA Bank Belgium dans Crelan (juin 2024),Crelan,CRELAN,multi,2022-11-27,18
contexte_fusion_crelan_axa,Contexte — fusion d'AXA Bank Belgium dans Crelan (juin 2024),Crelan,CRELAN,multi,2022-12-04,18
contexte_fusion_crelan_axa,Contexte — fusion d'AXA Bank Belgium dans Crelan (juin 2024),Crelan,CRELAN,multi,2022-12-11,19
contexte_fusion_crelan_axa,Contexte — fusion d'AXA Bank Belgium dans Crelan (juin 2024),Crelan,CRELAN,multi,2022-12-18,20
contexte_fusion_crelan_axa,Contexte — fusion d'AXA Bank Belgium dans Crelan (juin 2024),Crelan,CRELAN,multi,2022-12-25,19
contexte_fusion_crelan_axa,Contexte — fusion d'AXA Bank Belgium dans Crelan (juin 2024),Crelan,CRELAN,multi,2023-01-01,21
contexte_fusion_crelan_axa,Contexte — fusion d'AXA Bank Belgium dans Crelan (juin 2024),Crelan,CRELAN,multi,2023-01-08,18
contexte_fusion_crelan_axa,Contexte — fusion d'AXA Bank Belgium dans Crelan (juin 2024),Crelan,CRELAN,multi,2023-01-15,19
contexte_fusion_crelan_axa,Contexte — fusion d'AXA Bank Belgium dans Crelan (juin 2024),Crelan,CRELAN,multi,2023-01-22,18
contexte_fusion_crelan_axa,Contexte — fusion d'AXA Bank Belgium dans Crelan (juin 2024),Crelan,CRELAN,multi,2023-01-29,21
contexte_fusion_crelan_axa,Contexte — fusion d'AXA Bank Belgium dans Crelan (juin 2024),Crelan,CRELAN,multi,2023-02-05,19
contexte_fusion_crelan_axa,Contexte — fusion d'AXA Bank Belgium dans Crelan (juin 2024),Crelan,CRELAN,multi,2023-02-12,18
contexte_fusion_crelan_axa,Contexte — fusion d'AXA Bank Belgium dans Crelan (juin 2024),Crelan,CRELAN,multi,2023-02-19,18
contexte_fusion_crelan_axa,Contexte — fusion d'AXA Bank Belgium dans Crelan (juin 2024),Crelan,CRELAN,multi,2023-02-26,20
contexte_fusion_crelan_axa,Contexte — fusion d'AXA Bank Belgium dans Crelan (juin 2024),Crelan,CRELAN,multi,2023-03-05,19
contexte_fusion_crelan_axa,Contexte — fusion d'AXA Bank Belgium dans Crelan (juin 2024),Crelan,CRELAN,multi,2023-03-12,18
contexte_fusion_crelan_axa,Contexte — fusion d'AXA Bank Belgium dans Crelan (juin 2024),Crelan,CRELAN,multi,2023-03-19,19
contexte_fusion_crelan_axa,Contexte — fusion d'AXA Bank Belgium dans Crelan (juin 2024),Crelan,CRELAN,multi,2023-03-26,20
contexte_fusion_crelan_axa,Contexte — fusion d'AXA Bank Belgium dans Crelan (juin 2024),Crelan,CRELAN,multi,2023-04-02,19
contexte_fusion_crelan_axa,Contexte — fusion d'AXA Bank Belgium dans Crelan (juin 2024),Crelan,CRELAN,multi,2023-04-09,18
contexte_fusion_crelan_axa,Contexte — fusion d'AXA Bank Belgium dans Crelan (juin 2024),Crelan,CRELAN,multi,2023-04-16,17
contexte_fusion_crelan_axa,Contexte — fusion d'AXA Bank Belgium dans Crelan (juin 2024),Crelan,CRELAN,multi,2023-04-23,18
contexte_fusion_crelan_axa,Contexte — fusion d'AXA Bank Belgium dans Crelan (juin 2024),Crelan,CRELAN,multi,2023-04-30,18
contexte_fusion_crelan_axa,Contexte — fusion d'AXA Bank Belgium dans Crelan (juin 2024),Crelan,CRELAN,multi,2023-05-07,18
contexte_fusion_crelan_axa,Contexte — fusion d'AXA Bank Belgium dans Crelan (juin 2024),Crelan,CRELAN,multi,2023-05-14,15
contexte_fusion_crelan_axa,Contexte — fusion d'AXA Bank Belgium dans Crelan (juin 2024),Crelan,CRELAN,multi,2023-05-21,19
contexte_fusion_crelan_axa,Contexte — fusion d'AXA Bank Belgium dans Crelan (juin 2024),Crelan,CRELAN,multi,2023-05-28,17
contexte_fusion_crelan_axa,Contexte — fusion d'AXA Bank Belgium dans Crelan (juin 2024),Crelan,CRELAN,multi,2023-06-04,18
contexte_fusion_crelan_axa,Contexte — fusion d'AXA Bank Belgium dans Crelan (juin 2024),Crelan,CRELAN,multi,2023-06-11,16
contexte_fusion_crelan_axa,Contexte — fusion d'AXA Bank Belgium dans Crelan (juin 2024),Crelan,CRELAN,multi,2023-06-18,18
contexte_fusion_crelan_axa,Contexte — fusion d'AXA Bank Belgium dans Crelan (juin 2024),Crelan,CRELAN,multi,2023-06-25,19
contexte_fusion_crelan_axa,Contexte — fusion d'AXA Bank Belgium dans Crelan (juin 2024),Crelan,CRELAN,multi,2023-07-02,19
contexte_fusion_crelan_axa,Contexte — fusion d'AXA Bank Belgium dans Crelan (juin 2024),Crelan,CRELAN,multi,2023-07-09,20
contexte_fusion_crelan_axa,Contexte — fusion d'AXA Bank Belgium dans Crelan (juin 2024),Crelan,CRELAN,multi,2023-07-16,16
contexte_fusion_crelan_axa,Contexte — fusion d'AXA Bank Belgium dans Crelan (juin 2024),Crelan,CRELAN,multi,2023-07-23,17
contexte_fusion_crelan_axa,Contexte — fusion d'AXA Bank Belgium dans Crelan (juin 2024),Crelan,CRELAN,multi,2023-07-30,19
contexte_fusion_crelan_axa,Contexte — fusion d'AXA Bank Belgium dans Crelan (juin 2024),Crelan,CRELAN,multi,2023-08-06,16
contexte_fusion_crelan_axa,Contexte — fusion d'AXA Bank Belgium dans Crelan (juin 2024),Crelan,CRELAN,multi,2023-08-13,15
contexte_fusion_crelan_axa,Contexte — fusion d'AXA Bank Belgium dans Crelan (juin 2024),Crelan,CRELAN,multi,2023-08-20,23
contexte_fusion_crelan_axa,Contexte — fusion d'AXA Bank Belgium dans Crelan (juin 2024),Crelan,CRELAN,multi,2023-08-27,25
contexte_fusion_crelan_axa,Contexte — fusion d'AXA Bank Belgium dans Crelan (juin 2024),Crelan,CRELAN,multi,2023-09-03,19
contexte_fusion_crelan_axa,Contexte — fusion d'AXA Bank Belgium dans Crelan (juin 2024),Crelan,CRELAN,multi,2023-09-10,17
contexte_fusion_crelan_axa,Contexte — fusion d'AXA Bank Belgium dans Crelan (juin 2024),Crelan,CRELAN,multi,2023-09-17,17
contexte_fusion_crelan_axa,Contexte — fusion d'AXA Bank Belgium dans Crelan (juin 2024),Crelan,CRELAN,multi,2023-09-24,18
contexte_fusion_crelan_axa,Contexte — fusion d'AXA Bank Belgium dans Crelan (juin 2024),Crelan,CRELAN,multi,2023-10-01,18
contexte_fusion_crelan_axa,Contexte — fusion d'AXA Bank Belgium dans Crelan (juin 2024),Crelan,CRELAN,multi,2023-10-08,17
contexte_fusion_crelan_axa,Contexte — fusion d'AXA Bank Belgium dans Crelan (juin 2024),Crelan,CRELAN,multi,2023-10-15,17
contexte_fusion_crelan_axa,Contexte — fusion d'AXA Bank Belgium dans Crelan (juin 2024),Crelan,CRELAN,multi,2023-10-22,16
contexte_fusion_crelan_axa,Contexte — fusion d'AXA Bank Belgium dans Crelan (juin 2024),Crelan,CRELAN,multi,2023-10-29,16
contexte_fusion_crelan_axa,Contexte — fusion d'AXA Bank Belgium dans Crelan (juin 2024),Crelan,CRELAN,multi,2023-11-05,17
contexte_fusion_crelan_axa,Contexte — fusion d'AXA Bank Belgium dans Crelan (juin 2024),Crelan,CRELAN,multi,2023-11-12,16
contexte_fusion_crelan_axa,Contexte — fusion d'AXA Bank Belgium dans Crelan (juin 2024),Crelan,CRELAN,multi,2023-11-19,17
contexte_fusion_crelan_axa,Contexte — fusion d'AXA Bank Belgium dans Crelan (juin 2024),Crelan,CRELAN,multi,2023-11-26,16
contexte_fusion_crelan_axa,Contexte — fusion d'AXA Bank Belgium dans Crelan (juin 2024),Crelan,CRELAN,multi,2023-12-03,17
contexte_fusion_crelan_axa,Contexte — fusion d'AXA Bank Belgium dans Crelan (juin 2024),Crelan,CRELAN,multi,2023-12-10,20
contexte_fusion_crelan_axa,Contexte — fusion d'AXA Bank Belgium dans Crelan (juin 2024),Crelan,CRELAN,multi,2023-12-17,21
contexte_fusion_crelan_axa,Contexte — fusion d'AXA Bank Belgium dans Crelan (juin 2024),Crelan,CRELAN,multi,2023-12-24,19
contexte_fusion_crelan_axa,Contexte — fusion d'AXA Bank Belgium dans Crelan (juin 2024),Crelan,CRELAN,multi,2023-12-31,20
contexte_fusion_crelan_axa,Contexte — fusion d'AXA Bank Belgium dans Crelan (juin 2024),Crelan,CRELAN,multi,2024-01-07,20
contexte_fusion_crelan_axa,Contexte — fusion d'AXA Bank Belgium dans Crelan (juin 2024),Crelan,CRELAN,multi,2024-01-14,19
contexte_fusion_crelan_axa,Contexte — fusion d'AXA Bank Belgium dans Crelan (juin 2024),Crelan,CRELAN,multi,2024-01-21,19
contexte_fusion_crelan_axa,Contexte — fusion d'AXA Bank Belgium dans Crelan (juin 2024),Crelan,CRELAN,multi,2024-01-28,19
contexte_fusion_crelan_axa,Contexte — fusion d'AXA Bank Belgium dans Crelan (juin 2024),Crelan,CRELAN,multi,2024-02-04,19
contexte_fusion_crelan_axa,Contexte — fusion d'AXA Bank Belgium dans Crelan (juin 2024),Crelan,CRELAN,multi,2024-02-11,20
contexte_fusion_crelan_axa,Contexte — fusion d'AXA Bank Belgium dans Crelan (juin 2024),Crelan,CRELAN,multi,2024-02-18,20
contexte_fusion_crelan_axa,Contexte — fusion d'AXA Bank Belgium dans Crelan (juin 2024),Crelan,CRELAN,multi,2024-02-25,19
contexte_fusion_crelan_axa,Contexte — fusion d'AXA Bank Belgium dans Crelan (juin 2024),Crelan,CRELAN,multi,2024-03-03,20
contexte_fusion_crelan_axa,Contexte — fusion d'AXA Bank Belgium dans Crelan (juin 2024),Crelan,CRELAN,multi,2024-03-10,19
contexte_fusion_crelan_axa,Contexte — fusion d'AXA Bank Belgium dans Crelan (juin 2024),Crelan,CRELAN,multi,2024-03-17,20
contexte_fusion_crelan_axa,Contexte — fusion d'AXA Bank Belgium dans Crelan (juin 2024),Crelan,CRELAN,multi,2024-03-24,22
contexte_fusion_crelan_axa,Contexte — fusion d'AXA Bank Belgium dans Crelan (juin 2024),Crelan,CRELAN,multi,2024-03-31,20
contexte_fusion_crelan_axa,Contexte — fusion d'AXA Bank Belgium dans Crelan (juin 2024),Crelan,CRELAN,multi,2024-04-07,21
contexte_fusion_crelan_axa,Contexte — fusion d'AXA Bank Belgium dans Crelan (juin 2024),Crelan,CRELAN,multi,2024-04-14,18
contexte_fusion_crelan_axa,Contexte — fusion d'AXA Bank Belgium dans Crelan (juin 2024),Crelan,CRELAN,multi,2024-04-21,18
contexte_fusion_crelan_axa,Contexte — fusion d'AXA Bank Belgium dans Crelan (juin 2024),Crelan,CRELAN,multi,2024-04-28,18
contexte_fusion_crelan_axa,Contexte — fusion d'AXA Bank Belgium dans Crelan (juin 2024),Crelan,CRELAN,multi,2024-05-05,17
contexte_fusion_crelan_axa,Contexte — fusion d'AXA Bank Belgium dans Crelan (juin 2024),Crelan,CRELAN,multi,2024-05-12,19
contexte_fusion_crelan_axa,Contexte — fusion d'AXA Bank Belgium dans Crelan (juin 2024),Crelan,CRELAN,multi,2024-05-19,20
contexte_fusion_crelan_axa,Contexte — fusion d'AXA Bank Belgium dans Crelan (juin 2024),Crelan,CRELAN,multi,2024-05-26,23
contexte_fusion_crelan_axa,Contexte — fusion d'AXA Bank Belgium dans Crelan (juin 2024),Crelan,CRELAN,multi,2024-06-02,25
contexte_fusion_crelan_axa,Contexte — fusion d'AXA Bank Belgium dans Crelan (juin 2024),Crelan,CRELAN,multi,2024-06-09,58
contexte_fusion_crelan_axa,Contexte — fusion d'AXA Bank Belgium dans Crelan (juin 2024),Crelan,CRELAN,multi,2024-06-16,43
contexte_fusion_crelan_axa,Contexte — fusion d'AXA Bank Belgium dans Crelan (juin 2024),Crelan,CRELAN,multi,2024-06-23,39
contexte_fusion_crelan_axa,Contexte — fusion d'AXA Bank Belgium dans Crelan (juin 2024),Crelan,CRELAN,multi,2024-06-30,39
contexte_fusion_crelan_axa,Contexte — fusion d'AXA Bank Belgium dans Crelan (juin 2024),Crelan,CRELAN,multi,2024-07-07,37
contexte_fusion_crelan_axa,Contexte — fusion d'AXA Bank Belgium dans Crelan (juin 2024),Crelan,CRELAN,multi,2024-07-14,36
contexte_fusion_crelan_axa,Contexte — fusion d'AXA Bank Belgium dans Crelan (juin 2024),Crelan,CRELAN,multi,2024-07-21,33
contexte_fusion_crelan_axa,Contexte — fusion d'AXA Bank Belgium dans Crelan (juin 2024),Crelan,CRELAN,multi,2024-07-28,31
contexte_fusion_crelan_axa,Contexte — fusion d'AXA Bank Belgium dans Crelan (juin 2024),Crelan,CRELAN,multi,2024-08-04,31
contexte_fusion_crelan_axa,Contexte — fusion d'AXA Bank Belgium dans Crelan (juin 2024),Crelan,CRELAN,multi,2024-08-11,27
contexte_fusion_crelan_axa,Contexte — fusion d'AXA Bank Belgium dans Crelan (juin 2024),Crelan,CRELAN,multi,2024-08-18,34
contexte_fusion_crelan_axa,Contexte — fusion d'AXA Bank Belgium dans Crelan (juin 2024),Crelan,CRELAN,multi,2024-08-25,34
contexte_fusion_crelan_axa,Contexte — fusion d'AXA Bank Belgium dans Crelan (juin 2024),Crelan,CRELAN,multi,2024-09-01,44
contexte_fusion_crelan_axa,Contexte — fusion d'AXA Bank Belgium dans Crelan (juin 2024),Crelan,CRELAN,multi,2024-09-08,38
contexte_fusion_crelan_axa,Contexte — fusion d'AXA Bank Belgium dans Crelan (juin 2024),Crelan,CRELAN,multi,2024-09-15,31
contexte_fusion_crelan_axa,Contexte — fusion d'AXA Bank Belgium dans Crelan (juin 2024),Crelan,CRELAN,multi,2024-09-22,31
contexte_fusion_crelan_axa,Contexte — fusion d'AXA Bank Belgium dans Crelan (juin 2024),Crelan,CRELAN,multi,2024-09-29,34
contexte_fusion_crelan_axa,Contexte — fusion d'AXA Bank Belgium dans Crelan (juin 2024),Crelan,CRELAN,multi,2024-10-06,32
contexte_fusion_crelan_axa,Contexte — fusion d'AXA Bank Belgium dans Crelan (juin 2024),Crelan,CRELAN,multi,2024-10-13,30
contexte_fusion_crelan_axa,Contexte — fusion d'AXA Bank Belgium dans Crelan (juin 2024),Crelan,CRELAN,multi,2024-10-20,30
contexte_fusion_crelan_axa,Contexte — fusion d'AXA Bank Belgium dans Crelan (juin 2024),Crelan,CRELAN,multi,2024-10-27,29
contexte_fusion_crelan_axa,Contexte — fusion d'AXA Bank Belgium dans Crelan (juin 2024),Crelan,CRELAN,multi,2024-11-03,30
contexte_fusion_crelan_axa,Contexte — fusion d'AXA Bank Belgium dans Crelan (juin 2024),Crelan,CRELAN,multi,2024-11-10,28
contexte_fusion_crelan_axa,Contexte — fusion d'AXA Bank Belgium dans Crelan (juin 2024),Crelan,CRELAN,multi,2024-11-17,31
contexte_fusion_crelan_axa,Contexte — fusion d'AXA Bank Belgium dans Crelan (juin 2024),Crelan,CRELAN,multi,2024-11-24,31
contexte_fusion_crelan_axa,Contexte — fusion d'AXA Bank Belgium dans Crelan (juin 2024),Crelan,CRELAN,multi,2024-12-01,29
contexte_fusion_crelan_axa,Contexte — fusion d'AXA Bank Belgium dans Crelan (juin 2024),Crelan,CRELAN,multi,2024-12-08,31
contexte_fusion_crelan_axa,Contexte — fusion d'AXA Bank Belgium dans Crelan (juin 2024),Crelan,CRELAN,multi,2024-12-15,36
contexte_fusion_crelan_axa,Contexte — fusion d'AXA Bank Belgium dans Crelan (juin 2024),Crelan,CRELAN,multi,2024-12-22,30
contexte_fusion_crelan_axa,Contexte — fusion d'AXA Bank Belgium dans Crelan (juin 2024),Crelan,CRELAN,multi,2024-12-29,34
contexte_fusion_crelan_axa,Contexte — fusion d'AXA Bank Belgium dans Crelan (juin 2024),Crelan,CRELAN,multi,2025-01-05,33
contexte_fusion_crelan_axa,Contexte — fusion d'AXA Bank Belgium dans Crelan (juin 2024),Crelan,CRELAN,multi,2025-01-12,33
contexte_fusion_crelan_axa,Contexte — fusion d'AXA Bank Belgium dans Crelan (juin 2024),Crelan,CRELAN,multi,2025-01-19,33
contexte_fusion_crelan_axa,Contexte — fusion d'AXA Bank Belgium dans Crelan (juin 2024),Crelan,CRELAN,multi,2025-01-26,32
contexte_fusion_crelan_axa,Contexte — fusion d'AXA Bank Belgium dans Crelan (juin 2024),Crelan,CRELAN,multi,2025-02-02,33
contexte_fusion_crelan_axa,Contexte — fusion d'AXA Bank Belgium dans Crelan (juin 2024),Crelan,CRELAN,multi,2025-02-09,30
contexte_fusion_crelan_axa,Contexte — fusion d'AXA Bank Belgium dans Crelan (juin 2024),Crelan,CRELAN,multi,2025-02-16,31
contexte_fusion_crelan_axa,Contexte — fusion d'AXA Bank Belgium dans Crelan (juin 2024),Crelan,CRELAN,multi,2025-02-23,31
contexte_fusion_crelan_axa,Contexte — fusion d'AXA Bank Belgium dans Crelan (juin 2024),Crelan,CRELAN,multi,2025-03-02,31
contexte_fusion_crelan_axa,Contexte — fusion d'AXA Bank Belgium dans Crelan (juin 2024),Crelan,CRELAN,multi,2025-03-09,33
contexte_fusion_crelan_axa,Contexte — fusion d'AXA Bank Belgium dans Crelan (juin 2024),Crelan,CRELAN,multi,2025-03-16,28
contexte_fusion_crelan_axa,Contexte — fusion d'AXA Bank Belgium dans Crelan (juin 2024),Crelan,CRELAN,multi,2025-03-23,35
contexte_fusion_crelan_axa,Contexte — fusion d'AXA Bank Belgium dans Crelan (juin 2024),Crelan,CRELAN,multi,2025-03-30,38
contexte_fusion_crelan_axa,Contexte — fusion d'AXA Bank Belgium dans Crelan (juin 2024),Crelan,CRELAN,multi,2025-04-06,33
contexte_fusion_crelan_axa,Contexte — fusion d'AXA Bank Belgium dans Crelan (juin 2024),Crelan,CRELAN,multi,2025-04-13,31
contexte_fusion_crelan_axa,Contexte — fusion d'AXA Bank Belgium dans Crelan (juin 2024),Crelan,CRELAN,multi,2025-04-20,29
contexte_fusion_crelan_axa,Contexte — fusion d'AXA Bank Belgium dans Crelan (juin 2024),Crelan,CRELAN,multi,2025-04-27,29
contexte_fusion_crelan_axa,Contexte — fusion d'AXA Bank Belgium dans Crelan (juin 2024),Crelan,CRELAN,multi,2025-05-04,32
contexte_fusion_crelan_axa,Contexte — fusion d'AXA Bank Belgium dans Crelan (juin 2024),Crelan,CRELAN,multi,2025-05-11,31
contexte_fusion_crelan_axa,Contexte — fusion d'AXA Bank Belgium dans Crelan (juin 2024),Crelan,CRELAN,multi,2025-05-18,32
contexte_fusion_crelan_axa,Contexte — fusion d'AXA Bank Belgium dans Crelan (juin 2024),Crelan,CRELAN,multi,2025-05-25,28
contexte_fusion_crelan_axa,Contexte — fusion d'AXA Bank Belgium dans Crelan (juin 2024),Crelan,CRELAN,multi,2025-06-01,34
contexte_fusion_crelan_axa,Contexte — fusion d'AXA Bank Belgium dans Crelan (juin 2024),Crelan,CRELAN,multi,2025-06-08,28
contexte_fusion_crelan_axa,Contexte — fusion d'AXA Bank Belgium dans Crelan (juin 2024),Crelan,CRELAN,multi,2025-06-15,30
contexte_fusion_crelan_axa,Contexte — fusion d'AXA Bank Belgium dans Crelan (juin 2024),Crelan,CRELAN,multi,2025-06-22,36
contexte_fusion_crelan_axa,Contexte — fusion d'AXA Bank Belgium dans Crelan (juin 2024),Crelan,CRELAN,multi,2025-06-29,36
contexte_fusion_crelan_axa,Contexte — fusion d'AXA Bank Belgium dans Crelan (juin 2024),Crelan,CRELAN,multi,2025-07-06,36
contexte_fusion_crelan_axa,Contexte — fusion d'AXA Bank Belgium dans Crelan (juin 2024),Crelan,CRELAN,multi,2025-07-13,32
contexte_fusion_crelan_axa,Contexte — fusion d'AXA Bank Belgium dans Crelan (juin 2024),Crelan,CRELAN,multi,2025-07-20,28
contexte_fusion_crelan_axa,Contexte — fusion d'AXA Bank Belgium dans Crelan (juin 2024),Crelan,CRELAN,multi,2025-07-27,30
contexte_fusion_crelan_axa,Contexte — fusion d'AXA Bank Belgium dans Crelan (juin 2024),Crelan,CRELAN,multi,2025-08-03,30
contexte_fusion_crelan_axa,Contexte — fusion d'AXA Bank Belgium dans Crelan (juin 2024),Crelan,CRELAN,multi,2025-08-10,26
contexte_fusion_crelan_axa,Contexte — fusion d'AXA Bank Belgium dans Crelan (juin 2024),Crelan,CRELAN,multi,2025-08-17,29
contexte_fusion_crelan_axa,Contexte — fusion d'AXA Bank Belgium dans Crelan (juin 2024),Crelan,CRELAN,multi,2025-08-24,32
contexte_fusion_crelan_axa,Contexte — fusion d'AXA Bank Belgium dans Crelan (juin 2024),Crelan,CRELAN,multi,2025-08-31,32
contexte_fusion_crelan_axa,Contexte — fusion d'AXA Bank Belgium dans Crelan (juin 2024),Crelan,CRELAN,multi,2025-09-07,32
contexte_fusion_crelan_axa,Contexte — fusion d'AXA Bank Belgium dans Crelan (juin 2024),Crelan,CRELAN,multi,2025-09-14,30
contexte_fusion_crelan_axa,Contexte — fusion d'AXA Bank Belgium dans Crelan (juin 2024),Crelan,CRELAN,multi,2025-09-21,31
contexte_fusion_crelan_axa,Contexte — fusion d'AXA Bank Belgium dans Crelan (juin 2024),Crelan,CRELAN,multi,2025-09-28,31
contexte_fusion_crelan_axa,Contexte — fusion d'AXA Bank Belgium dans Crelan (juin 2024),Crelan,CRELAN,multi,2025-10-05,33
contexte_fusion_crelan_axa,Contexte — fusion d'AXA Bank Belgium dans Crelan (juin 2024),Crelan,CRELAN,multi,2025-10-12,30
contexte_fusion_crelan_axa,Contexte — fusion d'AXA Bank Belgium dans Crelan (juin 2024),Crelan,CRELAN,multi,2025-10-19,29
contexte_fusion_crelan_axa,Contexte — fusion d'AXA Bank Belgium dans Crelan (juin 2024),Crelan,CRELAN,multi,2025-10-26,28
contexte_fusion_crelan_axa,Contexte — fusion d'AXA Bank Belgium dans Crelan (juin 2024),Crelan,CRELAN,multi,2025-11-02,30
contexte_fusion_crelan_axa,Contexte — fusion d'AXA Bank Belgium dans Crelan (juin 2024),Crelan,CRELAN,multi,2025-11-09,27
contexte_fusion_crelan_axa,Contexte — fusion d'AXA Bank Belgium dans Crelan (juin 2024),Crelan,CRELAN,multi,2025-11-16,27
contexte_fusion_crelan_axa,Contexte — fusion d'AXA Bank Belgium dans Crelan (juin 2024),Crelan,CRELAN,multi,2025-11-23,28
contexte_fusion_crelan_axa,Contexte — fusion d'AXA Bank Belgium dans Crelan (juin 2024),Crelan,CRELAN,multi,2025-11-30,30
contexte_fusion_crelan_axa,Contexte — fusion d'AXA Bank Belgium dans Crelan (juin 2024),Crelan,CRELAN,multi,2025-12-07,28
contexte_fusion_crelan_axa,Contexte — fusion d'AXA Bank Belgium dans Crelan (juin 2024),Crelan,CRELAN,multi,2025-12-14,33
contexte_fusion_crelan_axa,Contexte — fusion d'AXA Bank Belgium dans Crelan (juin 2024),Crelan,CRELAN,multi,2025-12-21,25
contexte_fusion_crelan_axa,Contexte — fusion d'AXA Bank Belgium dans Crelan (juin 2024),Crelan,CRELAN,multi,2025-12-28,30
contexte_fusion_crelan_axa,Contexte — fusion d'AXA Bank Belgium dans Crelan (juin 2024),Crelan,CRELAN,multi,2026-01-04,30
contexte_fusion_crelan_axa,Contexte — fusion d'AXA Bank Belgium dans Crelan (juin 2024),Crelan,CRELAN,multi,2026-01-11,31
contexte_fusion_crelan_axa,Contexte — fusion d'AXA Bank Belgium dans Crelan (juin 2024),Crelan,CRELAN,multi,2026-01-18,30
contexte_fusion_crelan_axa,Contexte — fusion d'AXA Bank Belgium dans Crelan (juin 2024),Crelan,CRELAN,multi,2026-01-25,29
contexte_fusion_crelan_axa,Contexte — fusion d'AXA Bank Belgium dans Crelan (juin 2024),Crelan,CRELAN,multi,2026-02-01,29
contexte_fusion_crelan_axa,Contexte — fusion d'AXA Bank Belgium dans Crelan (juin 2024),Crelan,CRELAN,multi,2026-02-08,26
contexte_fusion_crelan_axa,Contexte — fusion d'AXA Bank Belgium dans Crelan (juin 2024),Crelan,CRELAN,multi,2026-02-15,26
contexte_fusion_crelan_axa,Contexte — fusion d'AXA Bank Belgium dans Crelan (juin 2024),Crelan,CRELAN,multi,2026-02-22,27
contexte_fusion_crelan_axa,Contexte — fusion d'AXA Bank Belgium dans Crelan (juin 2024),Crelan,CRELAN,multi,2026-03-01,28
contexte_fusion_crelan_axa,Contexte — fusion d'AXA Bank Belgium dans Crelan (juin 2024),Crelan,CRELAN,multi,2026-03-08,30
contexte_fusion_crelan_axa,Contexte — fusion d'AXA Bank Belgium dans Crelan (juin 2024),Crelan,CRELAN,multi,2026-03-15,27
contexte_fusion_crelan_axa,Contexte — fusion d'AXA Bank Belgium dans Crelan (juin 2024),Crelan,CRELAN,multi,2026-03-22,30
contexte_fusion_crelan_axa,Contexte — fusion d'AXA Bank Belgium dans Crelan (juin 2024),Crelan,CRELAN,multi,2026-03-29,30
contexte_fusion_crelan_axa,Contexte — fusion d'AXA Bank Belgium dans Crelan (juin 2024),Crelan,CRELAN,multi,2026-04-05,26
contexte_fusion_crelan_axa,Contexte — fusion d'AXA Bank Belgium dans Crelan (juin 2024),Crelan,CRELAN,multi,2026-04-12,27
contexte_fusion_crelan_axa,Contexte — fusion d'AXA Bank Belgium dans Crelan (juin 2024),Crelan,CRELAN,multi,2026-04-19,27
contexte_fusion_crelan_axa,Contexte — fusion d'AXA Bank Belgium dans Crelan (juin 2024),Crelan,CRELAN,multi,2026-04-26,25
contexte_fusion_crelan_axa,Contexte — fusion d'AXA Bank Belgium dans Crelan (juin 2024),Crelan,CRELAN,multi,2026-05-03,30
contexte_fusion_crelan_axa,Contexte — fusion d'AXA Bank Belgium dans Crelan (juin 2024),Crelan,CRELAN,multi,2026-05-10,27
contexte_fusion_crelan_axa,Contexte — fusion d'AXA Bank Belgium dans Crelan (juin 2024),Crelan,CRELAN,multi,2026-05-17,30
contexte_fusion_crelan_axa,Contexte — fusion d'AXA Bank Belgium dans Crelan (juin 2024),Crelan,CRELAN,multi,2026-05-24,24
contexte_fusion_crelan_axa,Contexte — fusion d'AXA Bank Belgium dans Crelan (juin 2024),Crelan,CRELAN,multi,2026-05-31,28
contexte_fusion_crelan_axa,Contexte — fusion d'AXA Bank Belgium dans Crelan (juin 2024),Crelan,CRELAN,multi,2026-06-07,26
contexte_fusion_crelan_axa,Contexte — fusion d'AXA Bank Belgium dans Crelan (juin 2024),Crelan,CRELAN,multi,2026-06-14,27
contexte_fusion_crelan_axa,Contexte — fusion d'AXA Bank Belgium dans Crelan (juin 2024),Crelan,CRELAN,multi,2026-06-21,24
contexte_fusion_crelan_axa,Contexte — fusion d'AXA Bank Belgium dans Crelan (juin 2024),Crelan,CRELAN,multi,2026-06-28,28
contexte_fusion_crelan_axa,Contexte — fusion d'AXA Bank Belgium dans Crelan (juin 2024),Crelan,CRELAN,multi,2026-07-05,25
contexte_fusion_crelan_axa,Contexte — fusion d'AXA Bank Belgium dans Crelan (juin 2024),Crelan,CRELAN,multi,2026-07-12,25
contexte_fusion_crelan_axa,Contexte — fusion d'AXA Bank Belgium dans Crelan (juin 2024),Crelan,CRELAN,multi,2026-07-19,25
contexte_fusion_crelan_axa,Contexte — fusion d'AXA Bank Belgium dans Crelan (juin 2024),Crelan,CRELAN,multi,2026-07-26,26
contexte_fusion_crelan_axa,Contexte — fusion d'AXA Bank Belgium dans Crelan (juin 2024),Crelan,CRELAN,multi,2026-08-02,23
contexte_fusion_crelan_axa,Contexte — fusion d'AXA Bank Belgium dans Crelan (juin 2024),Crelan,CRELAN,multi,2026-08-09,22
contexte_fusion_crelan_axa,Contexte — fusion d'AXA Bank Belgium dans Crelan (juin 2024),Crelan,CRELAN,multi,2026-08-16,23
contexte_fusion_crelan_axa,Contexte — fusion d'AXA Bank Belgium dans Crelan (juin 2024),Crelan,CRELAN,multi,2026-08-23,26
contexte_fusion_crelan_axa,Contexte — fusion d'AXA Bank Belgium dans Crelan (juin 2024),Crelan,CRELAN,multi,2026-08-30,28
contexte_fusion_crelan_axa,Contexte — fusion d'AXA Bank Belgium dans Crelan (juin 2024),Crelan,CRELAN,multi,2026-09-06,24
contexte_fusion_crelan_axa,Contexte — fusion d'AXA Bank Belgium dans Crelan (juin 2024),Crelan,CRELAN,multi,2026-09-13,21
marque_generique_traditionnelles,Marques — banques traditionnelles,Crelan,CRELAN,multi,2021-09-12,17
marque_generique_traditionnelles,Marques — banques traditionnelles,Crelan,CRELAN,multi,2021-09-19,17
marque_generique_traditionnelles,Marques — banques traditionnelles,Crelan,CRELAN,multi,2021-09-26,19
marque_generique_traditionnelles,Marques — banques traditionnelles,Crelan,CRELAN,multi,2021-10-03,17
marque_generique_traditionnelles,Marques — banques traditionnelles,Crelan,CRELAN,multi,2021-10-10,17
marque_generique_traditionnelles,Marques — banques traditionnelles,Crelan,CRELAN,multi,2021-10-17,16
marque_generique_traditionnelles,Marques — banques traditionnelles,Crelan,CRELAN,multi,2021-10-24,17
marque_generique_traditionnelles,Marques — banques traditionnelles,Crelan,CRELAN,multi,2021-10-31,16
marque_generique_traditionnelles,Marques — banques traditionnelles,Crelan,CRELAN,multi,2021-11-07,16
marque_generique_traditionnelles,Marques — banques traditionnelles,Crelan,CRELAN,multi,2021-11-14,16
marque_generique_traditionnelles,Marques — banques traditionnelles,Crelan,CRELAN,multi,2021-11-21,19
marque_generique_traditionnelles,Marques — banques traditionnelles,Crelan,CRELAN,multi,2021-11-28,18
marque_generique_traditionnelles,Marques — banques traditionnelles,Crelan,CRELAN,multi,2021-12-05,18
marque_generique_traditionnelles,Marques — banques traditionnelles,Crelan,CRELAN,multi,2021-12-12,20
marque_generique_traditionnelles,Marques — banques traditionnelles,Crelan,CRELAN,multi,2021-12-19,18
marque_generique_traditionnelles,Marques — banques traditionnelles,Crelan,CRELAN,multi,2021-12-26,18
marque_generique_traditionnelles,Marques — banques traditionnelles,Crelan,CRELAN,multi,2022-01-02,22
marque_generique_traditionnelles,Marques — banques traditionnelles,Crelan,CRELAN,multi,2022-01-09,19
marque_generique_traditionnelles,Marques — banques traditionnelles,Crelan,CRELAN,multi,2022-01-16,16
marque_generique_traditionnelles,Marques — banques traditionnelles,Crelan,CRELAN,multi,2022-01-23,17
marque_generique_traditionnelles,Marques — banques traditionnelles,Crelan,CRELAN,multi,2022-01-30,18
marque_generique_traditionnelles,Marques — banques traditionnelles,Crelan,CRELAN,multi,2022-02-06,18
marque_generique_traditionnelles,Marques — banques traditionnelles,Crelan,CRELAN,multi,2022-02-13,16
marque_generique_traditionnelles,Marques — banques traditionnelles,Crelan,CRELAN,multi,2022-02-20,16
marque_generique_traditionnelles,Marques — banques traditionnelles,Crelan,CRELAN,multi,2022-02-27,18
marque_generique_traditionnelles,Marques — banques traditionnelles,Crelan,CRELAN,multi,2022-03-06,16
marque_generique_traditionnelles,Marques — banques traditionnelles,Crelan,CRELAN,multi,2022-03-13,16
marque_generique_traditionnelles,Marques — banques traditionnelles,Crelan,CRELAN,multi,2022-03-20,16
marque_generique_traditionnelles,Marques — banques traditionnelles,Crelan,CRELAN,multi,2022-03-27,17
marque_generique_traditionnelles,Marques — banques traditionnelles,Crelan,CRELAN,multi,2022-04-03,17
marque_generique_traditionnelles,Marques — banques traditionnelles,Crelan,CRELAN,multi,2022-04-10,15
marque_generique_traditionnelles,Marques — banques traditionnelles,Crelan,CRELAN,multi,2022-04-17,16
marque_generique_traditionnelles,Marques — banques traditionnelles,Crelan,CRELAN,multi,2022-04-24,16
marque_generique_traditionnelles,Marques — banques traditionnelles,Crelan,CRELAN,multi,2022-05-01,17
marque_generique_traditionnelles,Marques — banques traditionnelles,Crelan,CRELAN,multi,2022-05-08,16
marque_generique_traditionnelles,Marques — banques traditionnelles,Crelan,CRELAN,multi,2022-05-15,16
marque_generique_traditionnelles,Marques — banques traditionnelles,Crelan,CRELAN,multi,2022-05-22,14
marque_generique_traditionnelles,Marques — banques traditionnelles,Crelan,CRELAN,multi,2022-05-29,18
marque_generique_traditionnelles,Marques — banques traditionnelles,Crelan,CRELAN,multi,2022-06-05,15
marque_generique_traditionnelles,Marques — banques traditionnelles,Crelan,CRELAN,multi,2022-06-12,16
marque_generique_traditionnelles,Marques — banques traditionnelles,Crelan,CRELAN,multi,2022-06-19,17
marque_generique_traditionnelles,Marques — banques traditionnelles,Crelan,CRELAN,multi,2022-06-26,18
marque_generique_traditionnelles,Marques — banques traditionnelles,Crelan,CRELAN,multi,2022-07-03,18
marque_generique_traditionnelles,Marques — banques traditionnelles,Crelan,CRELAN,multi,2022-07-10,17
marque_generique_traditionnelles,Marques — banques traditionnelles,Crelan,CRELAN,multi,2022-07-17,13
marque_generique_traditionnelles,Marques — banques traditionnelles,Crelan,CRELAN,multi,2022-07-24,17
marque_generique_traditionnelles,Marques — banques traditionnelles,Crelan,CRELAN,multi,2022-07-31,17
marque_generique_traditionnelles,Marques — banques traditionnelles,Crelan,CRELAN,multi,2022-08-07,16
marque_generique_traditionnelles,Marques — banques traditionnelles,Crelan,CRELAN,multi,2022-08-14,15
marque_generique_traditionnelles,Marques — banques traditionnelles,Crelan,CRELAN,multi,2022-08-21,16
marque_generique_traditionnelles,Marques — banques traditionnelles,Crelan,CRELAN,multi,2022-08-28,17
marque_generique_traditionnelles,Marques — banques traditionnelles,Crelan,CRELAN,multi,2022-09-04,16
marque_generique_traditionnelles,Marques — banques traditionnelles,Crelan,CRELAN,multi,2022-09-11,15
marque_generique_traditionnelles,Marques — banques traditionnelles,Crelan,CRELAN,multi,2022-09-18,17
marque_generique_traditionnelles,Marques — banques traditionnelles,Crelan,CRELAN,multi,2022-09-25,17
marque_generique_traditionnelles,Marques — banques traditionnelles,Crelan,CRELAN,multi,2022-10-02,17
marque_generique_traditionnelles,Marques — banques traditionnelles,Crelan,CRELAN,multi,2022-10-09,16
marque_generique_traditionnelles,Marques — banques traditionnelles,Crelan,CRELAN,multi,2022-10-16,15
marque_generique_traditionnelles,Marques — banques traditionnelles,Crelan,CRELAN,multi,2022-10-23,17
marque_generique_traditionnelles,Marques — banques traditionnelles,Crelan,CRELAN,multi,2022-10-30,14
marque_generique_traditionnelles,Marques — banques traditionnelles,Crelan,CRELAN,multi,2022-11-06,15
marque_generique_traditionnelles,Marques — banques traditionnelles,Crelan,CRELAN,multi,2022-11-13,16
marque_generique_traditionnelles,Marques — banques traditionnelles,Crelan,CRELAN,multi,2022-11-20,15
marque_generique_traditionnelles,Marques — banques traditionnelles,Crelan,CRELAN,multi,2022-11-27,15
marque_generique_traditionnelles,Marques — banques traditionnelles,Crelan,CRELAN,multi,2022-12-04,16
marque_generique_traditionnelles,Marques — banques traditionnelles,Crelan,CRELAN,multi,2022-12-11,17
marque_generique_traditionnelles,Marques — banques traditionnelles,Crelan,CRELAN,multi,2022-12-18,17
marque_generique_traditionnelles,Marques — banques traditionnelles,Crelan,CRELAN,multi,2022-12-25,16
marque_generique_traditionnelles,Marques — banques traditionnelles,Crelan,CRELAN,multi,2023-01-01,18
marque_generique_traditionnelles,Marques — banques traditionnelles,Crelan,CRELAN,multi,2023-01-08,16
marque_generique_traditionnelles,Marques — banques traditionnelles,Crelan,CRELAN,multi,2023-01-15,17
marque_generique_traditionnelles,Marques — banques traditionnelles,Crelan,CRELAN,multi,2023-01-22,16
marque_generique_traditionnelles,Marques — banques traditionnelles,Crelan,CRELAN,multi,2023-01-29,18
marque_generique_traditionnelles,Marques — banques traditionnelles,Crelan,CRELAN,multi,2023-02-05,17
marque_generique_traditionnelles,Marques — banques traditionnelles,Crelan,CRELAN,multi,2023-02-12,15
marque_generique_traditionnelles,Marques — banques traditionnelles,Crelan,CRELAN,multi,2023-02-19,16
marque_generique_traditionnelles,Marques — banques traditionnelles,Crelan,CRELAN,multi,2023-02-26,17
marque_generique_traditionnelles,Marques — banques traditionnelles,Crelan,CRELAN,multi,2023-03-05,17
marque_generique_traditionnelles,Marques — banques traditionnelles,Crelan,CRELAN,multi,2023-03-12,15
marque_generique_traditionnelles,Marques — banques traditionnelles,Crelan,CRELAN,multi,2023-03-19,17
marque_generique_traditionnelles,Marques — banques traditionnelles,Crelan,CRELAN,multi,2023-03-26,17
marque_generique_traditionnelles,Marques — banques traditionnelles,Crelan,CRELAN,multi,2023-04-02,16
marque_generique_traditionnelles,Marques — banques traditionnelles,Crelan,CRELAN,multi,2023-04-09,15
marque_generique_traditionnelles,Marques — banques traditionnelles,Crelan,CRELAN,multi,2023-04-16,15
marque_generique_traditionnelles,Marques — banques traditionnelles,Crelan,CRELAN,multi,2023-04-23,15
marque_generique_traditionnelles,Marques — banques traditionnelles,Crelan,CRELAN,multi,2023-04-30,15
marque_generique_traditionnelles,Marques — banques traditionnelles,Crelan,CRELAN,multi,2023-05-07,15
marque_generique_traditionnelles,Marques — banques traditionnelles,Crelan,CRELAN,multi,2023-05-14,13
marque_generique_traditionnelles,Marques — banques traditionnelles,Crelan,CRELAN,multi,2023-05-21,17
marque_generique_traditionnelles,Marques — banques traditionnelles,Crelan,CRELAN,multi,2023-05-28,15
marque_generique_traditionnelles,Marques — banques traditionnelles,Crelan,CRELAN,multi,2023-06-04,15
marque_generique_traditionnelles,Marques — banques traditionnelles,Crelan,CRELAN,multi,2023-06-11,14
marque_generique_traditionnelles,Marques — banques traditionnelles,Crelan,CRELAN,multi,2023-06-18,16
marque_generique_traditionnelles,Marques — banques traditionnelles,Crelan,CRELAN,multi,2023-06-25,17
marque_generique_traditionnelles,Marques — banques traditionnelles,Crelan,CRELAN,multi,2023-07-02,17
marque_generique_traditionnelles,Marques — banques traditionnelles,Crelan,CRELAN,multi,2023-07-09,17
marque_generique_traditionnelles,Marques — banques traditionnelles,Crelan,CRELAN,multi,2023-07-16,14
marque_generique_traditionnelles,Marques — banques traditionnelles,Crelan,CRELAN,multi,2023-07-23,15
marque_generique_traditionnelles,Marques — banques traditionnelles,Crelan,CRELAN,multi,2023-07-30,16
marque_generique_traditionnelles,Marques — banques traditionnelles,Crelan,CRELAN,multi,2023-08-06,14
marque_generique_traditionnelles,Marques — banques traditionnelles,Crelan,CRELAN,multi,2023-08-13,13
marque_generique_traditionnelles,Marques — banques traditionnelles,Crelan,CRELAN,multi,2023-08-20,20
marque_generique_traditionnelles,Marques — banques traditionnelles,Crelan,CRELAN,multi,2023-08-27,22
marque_generique_traditionnelles,Marques — banques traditionnelles,Crelan,CRELAN,multi,2023-09-03,16
marque_generique_traditionnelles,Marques — banques traditionnelles,Crelan,CRELAN,multi,2023-09-10,15
marque_generique_traditionnelles,Marques — banques traditionnelles,Crelan,CRELAN,multi,2023-09-17,15
marque_generique_traditionnelles,Marques — banques traditionnelles,Crelan,CRELAN,multi,2023-09-24,16
marque_generique_traditionnelles,Marques — banques traditionnelles,Crelan,CRELAN,multi,2023-10-01,15
marque_generique_traditionnelles,Marques — banques traditionnelles,Crelan,CRELAN,multi,2023-10-08,15
marque_generique_traditionnelles,Marques — banques traditionnelles,Crelan,CRELAN,multi,2023-10-15,15
marque_generique_traditionnelles,Marques — banques traditionnelles,Crelan,CRELAN,multi,2023-10-22,14
marque_generique_traditionnelles,Marques — banques traditionnelles,Crelan,CRELAN,multi,2023-10-29,14
marque_generique_traditionnelles,Marques — banques traditionnelles,Crelan,CRELAN,multi,2023-11-05,14
marque_generique_traditionnelles,Marques — banques traditionnelles,Crelan,CRELAN,multi,2023-11-12,14
marque_generique_traditionnelles,Marques — banques traditionnelles,Crelan,CRELAN,multi,2023-11-19,14
marque_generique_traditionnelles,Marques — banques traditionnelles,Crelan,CRELAN,multi,2023-11-26,14
marque_generique_traditionnelles,Marques — banques traditionnelles,Crelan,CRELAN,multi,2023-12-03,15
marque_generique_traditionnelles,Marques — banques traditionnelles,Crelan,CRELAN,multi,2023-12-10,17
marque_generique_traditionnelles,Marques — banques traditionnelles,Crelan,CRELAN,multi,2023-12-17,18
marque_generique_traditionnelles,Marques — banques traditionnelles,Crelan,CRELAN,multi,2023-12-24,16
marque_generique_traditionnelles,Marques — banques traditionnelles,Crelan,CRELAN,multi,2023-12-31,17
marque_generique_traditionnelles,Marques — banques traditionnelles,Crelan,CRELAN,multi,2024-01-07,17
marque_generique_traditionnelles,Marques — banques traditionnelles,Crelan,CRELAN,multi,2024-01-14,17
marque_generique_traditionnelles,Marques — banques traditionnelles,Crelan,CRELAN,multi,2024-01-21,16
marque_generique_traditionnelles,Marques — banques traditionnelles,Crelan,CRELAN,multi,2024-01-28,17
marque_generique_traditionnelles,Marques — banques traditionnelles,Crelan,CRELAN,multi,2024-02-04,17
marque_generique_traditionnelles,Marques — banques traditionnelles,Crelan,CRELAN,multi,2024-02-11,17
marque_generique_traditionnelles,Marques — banques traditionnelles,Crelan,CRELAN,multi,2024-02-18,18
marque_generique_traditionnelles,Marques — banques traditionnelles,Crelan,CRELAN,multi,2024-02-25,16
marque_generique_traditionnelles,Marques — banques traditionnelles,Crelan,CRELAN,multi,2024-03-03,18
marque_generique_traditionnelles,Marques — banques traditionnelles,Crelan,CRELAN,multi,2024-03-10,16
marque_generique_traditionnelles,Marques — banques traditionnelles,Crelan,CRELAN,multi,2024-03-17,17
marque_generique_traditionnelles,Marques — banques traditionnelles,Crelan,CRELAN,multi,2024-03-24,19
marque_generique_traditionnelles,Marques — banques traditionnelles,Crelan,CRELAN,multi,2024-03-31,17
marque_generique_traditionnelles,Marques — banques traditionnelles,Crelan,CRELAN,multi,2024-04-07,18
marque_generique_traditionnelles,Marques — banques traditionnelles,Crelan,CRELAN,multi,2024-04-14,16
marque_generique_traditionnelles,Marques — banques traditionnelles,Crelan,CRELAN,multi,2024-04-21,16
marque_generique_traditionnelles,Marques — banques traditionnelles,Crelan,CRELAN,multi,2024-04-28,15
marque_generique_traditionnelles,Marques — banques traditionnelles,Crelan,CRELAN,multi,2024-05-05,15
marque_generique_traditionnelles,Marques — banques traditionnelles,Crelan,CRELAN,multi,2024-05-12,17
marque_generique_traditionnelles,Marques — banques traditionnelles,Crelan,CRELAN,multi,2024-05-19,17
marque_generique_traditionnelles,Marques — banques traditionnelles,Crelan,CRELAN,multi,2024-05-26,20
marque_generique_traditionnelles,Marques — banques traditionnelles,Crelan,CRELAN,multi,2024-06-02,21
marque_generique_traditionnelles,Marques — banques traditionnelles,Crelan,CRELAN,multi,2024-06-09,50
marque_generique_traditionnelles,Marques — banques traditionnelles,Crelan,CRELAN,multi,2024-06-16,38
marque_generique_traditionnelles,Marques — banques traditionnelles,Crelan,CRELAN,multi,2024-06-23,34
marque_generique_traditionnelles,Marques — banques traditionnelles,Crelan,CRELAN,multi,2024-06-30,34
marque_generique_traditionnelles,Marques — banques traditionnelles,Crelan,CRELAN,multi,2024-07-07,32
marque_generique_traditionnelles,Marques — banques traditionnelles,Crelan,CRELAN,multi,2024-07-14,32
marque_generique_traditionnelles,Marques — banques traditionnelles,Crelan,CRELAN,multi,2024-07-21,29
marque_generique_traditionnelles,Marques — banques traditionnelles,Crelan,CRELAN,multi,2024-07-28,27
marque_generique_traditionnelles,Marques — banques traditionnelles,Crelan,CRELAN,multi,2024-08-04,27
marque_generique_traditionnelles,Marques — banques traditionnelles,Crelan,CRELAN,multi,2024-08-11,24
marque_generique_traditionnelles,Marques — banques traditionnelles,Crelan,CRELAN,multi,2024-08-18,29
marque_generique_traditionnelles,Marques — banques traditionnelles,Crelan,CRELAN,multi,2024-08-25,29
marque_generique_traditionnelles,Marques — banques traditionnelles,Crelan,CRELAN,multi,2024-09-01,38
marque_generique_traditionnelles,Marques — banques traditionnelles,Crelan,CRELAN,multi,2024-09-08,33
marque_generique_traditionnelles,Marques — banques traditionnelles,Crelan,CRELAN,multi,2024-09-15,27
marque_generique_traditionnelles,Marques — banques traditionnelles,Crelan,CRELAN,multi,2024-09-22,27
marque_generique_traditionnelles,Marques — banques traditionnelles,Crelan,CRELAN,multi,2024-09-29,30
marque_generique_traditionnelles,Marques — banques traditionnelles,Crelan,CRELAN,multi,2024-10-06,28
marque_generique_traditionnelles,Marques — banques traditionnelles,Crelan,CRELAN,multi,2024-10-13,26
marque_generique_traditionnelles,Marques — banques traditionnelles,Crelan,CRELAN,multi,2024-10-20,26
marque_generique_traditionnelles,Marques — banques traditionnelles,Crelan,CRELAN,multi,2024-10-27,25
marque_generique_traditionnelles,Marques — banques traditionnelles,Crelan,CRELAN,multi,2024-11-03,26
marque_generique_traditionnelles,Marques — banques traditionnelles,Crelan,CRELAN,multi,2024-11-10,24
marque_generique_traditionnelles,Marques — banques traditionnelles,Crelan,CRELAN,multi,2024-11-17,27
marque_generique_traditionnelles,Marques — banques traditionnelles,Crelan,CRELAN,multi,2024-11-24,27
marque_generique_traditionnelles,Marques — banques traditionnelles,Crelan,CRELAN,multi,2024-12-01,25
marque_generique_traditionnelles,Marques — banques traditionnelles,Crelan,CRELAN,multi,2024-12-08,27
marque_generique_traditionnelles,Marques — banques traditionnelles,Crelan,CRELAN,multi,2024-12-15,32
marque_generique_traditionnelles,Marques — banques traditionnelles,Crelan,CRELAN,multi,2024-12-22,26
marque_generique_traditionnelles,Marques — banques traditionnelles,Crelan,CRELAN,multi,2024-12-29,30
marque_generique_traditionnelles,Marques — banques traditionnelles,Crelan,CRELAN,multi,2025-01-05,29
marque_generique_traditionnelles,Marques — banques traditionnelles,Crelan,CRELAN,multi,2025-01-12,29
marque_generique_traditionnelles,Marques — banques traditionnelles,Crelan,CRELAN,multi,2025-01-19,29
marque_generique_traditionnelles,Marques — banques traditionnelles,Crelan,CRELAN,multi,2025-01-26,28
marque_generique_traditionnelles,Marques — banques traditionnelles,Crelan,CRELAN,multi,2025-02-02,29
marque_generique_traditionnelles,Marques — banques traditionnelles,Crelan,CRELAN,multi,2025-02-09,26
marque_generique_traditionnelles,Marques — banques traditionnelles,Crelan,CRELAN,multi,2025-02-16,27
marque_generique_traditionnelles,Marques — banques traditionnelles,Crelan,CRELAN,multi,2025-02-23,27
marque_generique_traditionnelles,Marques — banques traditionnelles,Crelan,CRELAN,multi,2025-03-02,27
marque_generique_traditionnelles,Marques — banques traditionnelles,Crelan,CRELAN,multi,2025-03-09,29
marque_generique_traditionnelles,Marques — banques traditionnelles,Crelan,CRELAN,multi,2025-03-16,25
marque_generique_traditionnelles,Marques — banques traditionnelles,Crelan,CRELAN,multi,2025-03-23,31
marque_generique_traditionnelles,Marques — banques traditionnelles,Crelan,CRELAN,multi,2025-03-30,33
marque_generique_traditionnelles,Marques — banques traditionnelles,Crelan,CRELAN,multi,2025-04-06,29
marque_generique_traditionnelles,Marques — banques traditionnelles,Crelan,CRELAN,multi,2025-04-13,27
marque_generique_traditionnelles,Marques — banques traditionnelles,Crelan,CRELAN,multi,2025-04-20,25
marque_generique_traditionnelles,Marques — banques traditionnelles,Crelan,CRELAN,multi,2025-04-27,25
marque_generique_traditionnelles,Marques — banques traditionnelles,Crelan,CRELAN,multi,2025-05-04,28
marque_generique_traditionnelles,Marques — banques traditionnelles,Crelan,CRELAN,multi,2025-05-11,27
marque_generique_traditionnelles,Marques — banques traditionnelles,Crelan,CRELAN,multi,2025-05-18,27
marque_generique_traditionnelles,Marques — banques traditionnelles,Crelan,CRELAN,multi,2025-05-25,24
marque_generique_traditionnelles,Marques — banques traditionnelles,Crelan,CRELAN,multi,2025-06-01,29
marque_generique_traditionnelles,Marques — banques traditionnelles,Crelan,CRELAN,multi,2025-06-08,24
marque_generique_traditionnelles,Marques — banques traditionnelles,Crelan,CRELAN,multi,2025-06-15,26
marque_generique_traditionnelles,Marques — banques traditionnelles,Crelan,CRELAN,multi,2025-06-22,31
marque_generique_traditionnelles,Marques — banques traditionnelles,Crelan,CRELAN,multi,2025-06-29,32
marque_generique_traditionnelles,Marques — banques traditionnelles,Crelan,CRELAN,multi,2025-07-06,32
marque_generique_traditionnelles,Marques — banques traditionnelles,Crelan,CRELAN,multi,2025-07-13,28
marque_generique_traditionnelles,Marques — banques traditionnelles,Crelan,CRELAN,multi,2025-07-20,24
marque_generique_traditionnelles,Marques — banques traditionnelles,Crelan,CRELAN,multi,2025-07-27,26
marque_generique_traditionnelles,Marques — banques traditionnelles,Crelan,CRELAN,multi,2025-08-03,26
marque_generique_traditionnelles,Marques — banques traditionnelles,Crelan,CRELAN,multi,2025-08-10,23
marque_generique_traditionnelles,Marques — banques traditionnelles,Crelan,CRELAN,multi,2025-08-17,25
marque_generique_traditionnelles,Marques — banques traditionnelles,Crelan,CRELAN,multi,2025-08-24,28
marque_generique_traditionnelles,Marques — banques traditionnelles,Crelan,CRELAN,multi,2025-08-31,28
marque_generique_traditionnelles,Marques — banques traditionnelles,Crelan,CRELAN,multi,2025-09-07,28
marque_generique_traditionnelles,Marques — banques traditionnelles,Crelan,CRELAN,multi,2025-09-14,26
marque_generique_traditionnelles,Marques — banques traditionnelles,Crelan,CRELAN,multi,2025-09-21,27
marque_generique_traditionnelles,Marques — banques traditionnelles,Crelan,CRELAN,multi,2025-09-28,27
marque_generique_traditionnelles,Marques — banques traditionnelles,Crelan,CRELAN,multi,2025-10-05,29
marque_generique_traditionnelles,Marques — banques traditionnelles,Crelan,CRELAN,multi,2025-10-12,26
marque_generique_traditionnelles,Marques — banques traditionnelles,Crelan,CRELAN,multi,2025-10-19,25
marque_generique_traditionnelles,Marques — banques traditionnelles,Crelan,CRELAN,multi,2025-10-26,24
marque_generique_traditionnelles,Marques — banques traditionnelles,Crelan,CRELAN,multi,2025-11-02,26
marque_generique_traditionnelles,Marques — banques traditionnelles,Crelan,CRELAN,multi,2025-11-09,23
marque_generique_traditionnelles,Marques — banques traditionnelles,Crelan,CRELAN,multi,2025-11-16,23
marque_generique_traditionnelles,Marques — banques traditionnelles,Crelan,CRELAN,multi,2025-11-23,24
marque_generique_traditionnelles,Marques — banques traditionnelles,Crelan,CRELAN,multi,2025-11-30,26
marque_generique_traditionnelles,Marques — banques traditionnelles,Crelan,CRELAN,multi,2025-12-07,24
marque_generique_traditionnelles,Marques — banques traditionnelles,Crelan,CRELAN,multi,2025-12-14,28
marque_generique_traditionnelles,Marques — banques traditionnelles,Crelan,CRELAN,multi,2025-12-21,22
marque_generique_traditionnelles,Marques — banques traditionnelles,Crelan,CRELAN,multi,2025-12-28,26
marque_generique_traditionnelles,Marques — banques traditionnelles,Crelan,CRELAN,multi,2026-01-04,26
marque_generique_traditionnelles,Marques — banques traditionnelles,Crelan,CRELAN,multi,2026-01-11,27
marque_generique_traditionnelles,Marques — banques traditionnelles,Crelan,CRELAN,multi,2026-01-18,26
marque_generique_traditionnelles,Marques — banques traditionnelles,Crelan,CRELAN,multi,2026-01-25,26
marque_generique_traditionnelles,Marques — banques traditionnelles,Crelan,CRELAN,multi,2026-02-01,25
marque_generique_traditionnelles,Marques — banques traditionnelles,Crelan,CRELAN,multi,2026-02-08,23
marque_generique_traditionnelles,Marques — banques traditionnelles,Crelan,CRELAN,multi,2026-02-15,22
marque_generique_traditionnelles,Marques — banques traditionnelles,Crelan,CRELAN,multi,2026-02-22,24
marque_generique_traditionnelles,Marques — banques traditionnelles,Crelan,CRELAN,multi,2026-03-01,25
marque_generique_traditionnelles,Marques — banques traditionnelles,Crelan,CRELAN,multi,2026-03-08,26
marque_generique_traditionnelles,Marques — banques traditionnelles,Crelan,CRELAN,multi,2026-03-15,24
marque_generique_traditionnelles,Marques — banques traditionnelles,Crelan,CRELAN,multi,2026-03-22,26
marque_generique_traditionnelles,Marques — banques traditionnelles,Crelan,CRELAN,multi,2026-03-29,26
marque_generique_traditionnelles,Marques — banques traditionnelles,Crelan,CRELAN,multi,2026-04-05,23
marque_generique_traditionnelles,Marques — banques traditionnelles,Crelan,CRELAN,multi,2026-04-12,23
marque_generique_traditionnelles,Marques — banques traditionnelles,Crelan,CRELAN,multi,2026-04-19,23
marque_generique_traditionnelles,Marques — banques traditionnelles,Crelan,CRELAN,multi,2026-04-26,22
marque_generique_traditionnelles,Marques — banques traditionnelles,Crelan,CRELAN,multi,2026-05-03,26
marque_generique_traditionnelles,Marques — banques traditionnelles,Crelan,CRELAN,multi,2026-05-10,24
marque_generique_traditionnelles,Marques — banques traditionnelles,Crelan,CRELAN,multi,2026-05-17,26
marque_generique_traditionnelles,Marques — banques traditionnelles,Crelan,CRELAN,multi,2026-05-24,21
marque_generique_traditionnelles,Marques — banques traditionnelles,Crelan,CRELAN,multi,2026-05-31,25
marque_generique_traditionnelles,Marques — banques traditionnelles,Crelan,CRELAN,multi,2026-06-07,22
marque_generique_traditionnelles,Marques — banques traditionnelles,Crelan,CRELAN,multi,2026-06-14,24
marque_generique_traditionnelles,Marques — banques traditionnelles,Crelan,CRELAN,multi,2026-06-21,21
marque_generique_traditionnelles,Marques — banques traditionnelles,Crelan,CRELAN,multi,2026-06-28,25
marque_generique_traditionnelles,Marques — banques traditionnelles,Crelan,CRELAN,multi,2026-07-05,22
marque_generique_traditionnelles,Marques — banques traditionnelles,Crelan,CRELAN,multi,2026-07-12,22
marque_generique_traditionnelles,Marques — banques traditionnelles,Crelan,CRELAN,multi,2026-07-19,22
marque_generique_traditionnelles,Marques — banques traditionnelles,Crelan,CRELAN,multi,2026-07-26,22
marque_generique_traditionnelles,Marques — banques traditionnelles,Crelan,CRELAN,multi,2026-08-02,20
marque_generique_traditionnelles,Marques — banques traditionnelles,Crelan,CRELAN,multi,2026-08-09,19
marque_generique_traditionnelles,Marques — banques traditionnelles,Crelan,CRELAN,multi,2026-08-16,20
marque_generique_traditionnelles,Marques — banques traditionnelles,Crelan,CRELAN,multi,2026-08-23,23
marque_generique_traditionnelles,Marques — banques traditionnelles,Crelan,CRELAN,multi,2026-08-30,25
marque_generique_traditionnelles,Marques — banques traditionnelles,Crelan,CRELAN,multi,2026-09-06,21
marque_generique_traditionnelles,Marques — banques traditionnelles,Crelan,CRELAN,multi,2026-09-13,18
