product_id,product_label,term,bank,language,date,value
app_mobile_cbc,Application mobile bancaire (CBC vs ING),CBC Mobile,CBC,en,2021-09-12,0
app_mobile_cbc,Application mobile bancaire (CBC vs ING),CBC Mobile,CBC,en,2021-09-19,4
app_mobile_cbc,Application mobile bancaire (CBC vs ING),CBC Mobile,CBC,en,2021-09-26,0
app_mobile_cbc,Application mobile bancaire (CBC vs ING),CBC Mobile,CBC,en,2021-10-03,0
app_mobile_cbc,Application mobile bancaire (CBC vs ING),CBC Mobile,CBC,en,2021-10-10,0
app_mobile_cbc,Application mobile bancaire (CBC vs ING),CBC Mobile,CBC,en,2021-10-17,7
app_mobile_cbc,Application mobile bancaire (CBC vs ING),CBC Mobile,CBC,en,2021-10-24,0
app_mobile_cbc,Application mobile bancaire (CBC vs ING),CBC Mobile,CBC,en,2021-10-31,0
app_mobile_cbc,Application mobile bancaire (CBC vs ING),CBC Mobile,CBC,en,2021-11-07,0
app_mobile_cbc,Application mobile bancaire (CBC vs ING),CBC Mobile,CBC,en,2021-11-14,0
app_mobile_cbc,Application mobile bancaire (CBC vs ING),CBC Mobile,CBC,en,2021-11-21,0
app_mobile_cbc,Application mobile bancaire (CBC vs ING),CBC Mobile,CBC,en,2021-11-28,0
app_mobile_cbc,Application mobile bancaire (CBC vs ING),CBC Mobile,CBC,en,2021-12-05,0
app_mobile_cbc,Application mobile bancaire (CBC vs ING),CBC Mobile,CBC,en,2021-12-12,0
app_mobile_cbc,Application mobile bancaire (CBC vs ING),CBC Mobile,CBC,en,2021-12-19,0
app_mobile_cbc,Application mobile bancaire (CBC vs ING),CBC Mobile,CBC,en,2021-12-26,0
app_mobile_cbc,Application mobile bancaire (CBC vs ING),CBC Mobile,CBC,en,2022-01-02,0
app_mobile_cbc,Application mobile bancaire (CBC vs ING),CBC Mobile,CBC,en,2022-01-09,0
app_mobile_cbc,Application mobile bancaire (CBC vs ING),CBC Mobile,CBC,en,2022-01-16,0
app_mobile_cbc,Application mobile bancaire (CBC vs ING),CBC Mobile,CBC,en,2022-01-23,0
app_mobile_cbc,Application mobile bancaire (CBC vs ING),CBC Mobile,CBC,en,2022-01-30,0
app_mobile_cbc,Application mobile bancaire (CBC vs ING),CBC Mobile,CBC,en,2022-02-06,0
app_mobile_cbc,Application mobile bancaire (CBC vs ING),CBC Mobile,CBC,en,2022-02-13,0
app_mobile_cbc,Application mobile bancaire (CBC vs ING),CBC Mobile,CBC,en,2022-02-20,3
app_mobile_cbc,Application mobile bancaire (CBC vs ING),CBC Mobile,CBC,en,2022-02-27,0
app_mobile_cbc,Application mobile bancaire (CBC vs ING),CBC Mobile,CBC,en,2022-03-06,0
app_mobile_cbc,Application mobile bancaire (CBC vs ING),CBC Mobile,CBC,en,2022-03-13,0
app_mobile_cbc,Application mobile bancaire (CBC vs ING),CBC Mobile,CBC,en,2022-03-20,0
app_mobile_cbc,Application mobile bancaire (CBC vs ING),CBC Mobile,CBC,en,2022-03-27,4
app_mobile_cbc,Application mobile bancaire (CBC vs ING),CBC Mobile,CBC,en,2022-04-03,0
app_mobile_cbc,Application mobile bancaire (CBC vs ING),CBC Mobile,CBC,en,2022-04-10,0
app_mobile_cbc,Application mobile bancaire (CBC vs ING),CBC Mobile,CBC,en,2022-04-17,0
app_mobile_cbc,Application mobile bancaire (CBC vs ING),CBC Mobile,CBC,en,2022-04-24,0
app_mobile_cbc,Application mobile bancaire (CBC vs ING),CBC Mobile,CBC,en,2022-05-01,0
app_mobile_cbc,Application mobile bancaire (CBC vs ING),CBC Mobile,CBC,en,2022-05-08,0
app_mobile_cbc,Application mobile bancaire (CBC vs ING),CBC Mobile,CBC,en,2022-05-15,0
app_mobile_cbc,Application mobile bancaire (CBC vs ING),CBC Mobile,CBC,en,2022-05-22,0
app_mobile_cbc,Application mobile bancaire (CBC vs ING),CBC Mobile,CBC,en,2022-05-29,0
app_mobile_cbc,Application mobile bancaire (CBC vs ING),CBC Mobile,CBC,en,2022-06-05,0
app_mobile_cbc,Application mobile bancaire (CBC vs ING),CBC Mobile,CBC,en,2022-06-12,0
app_mobile_cbc,Application mobile bancaire (CBC vs ING),CBC Mobile,CBC,en,2022-06-19,4
app_mobile_cbc,Application mobile bancaire (CBC vs ING),CBC Mobile,CBC,en,2022-06-26,0
app_mobile_cbc,Application mobile bancaire (CBC vs ING),CBC Mobile,CBC,en,2022-07-03,4
app_mobile_cbc,Application mobile bancaire (CBC vs ING),CBC Mobile,CBC,en,2022-07-10,0
app_mobile_cbc,Application mobile bancaire (CBC vs ING),CBC Mobile,CBC,en,2022-07-17,4
app_mobile_cbc,Application mobile bancaire (CBC vs ING),CBC Mobile,CBC,en,2022-07-24,0
app_mobile_cbc,Application mobile bancaire (CBC vs ING),CBC Mobile,CBC,en,2022-07-31,0
app_mobile_cbc,Application mobile bancaire (CBC vs ING),CBC Mobile,CBC,en,2022-08-07,0
app_mobile_cbc,Application mobile bancaire (CBC vs ING),CBC Mobile,CBC,en,2022-08-14,0
app_mobile_cbc,Application mobile bancaire (CBC vs ING),CBC Mobile,CBC,en,2022-08-21,0
app_mobile_cbc,Application mobile bancaire (CBC vs ING),CBC Mobile,CBC,en,2022-08-28,0
app_mobile_cbc,Application mobile bancaire (CBC vs ING),CBC Mobile,CBC,en,2022-09-04,0
app_mobile_cbc,Application mobile bancaire (CBC vs ING),CBC Mobile,CBC,en,2022-09-11,0
app_mobile_cbc,Application mobile bancaire (CBC vs ING),CBC Mobile,CBC,en,2022-09-18,0
app_mobile_cbc,Application mobile bancaire (CBC vs ING),CBC Mobile,CBC,en,2022-09-25,0
app_mobile_cbc,Application mobile bancaire (CBC vs ING),CBC Mobile,CBC,en,2022-10-02,0
app_mobile_cbc,Application mobile bancaire (CBC vs ING),CBC Mobile,CBC,en,2022-10-09,0
app_mobile_cbc,Application mobile bancaire (CBC vs ING),CBC Mobile,CBC,en,2022-10-16,0
app_mobile_cbc,Application mobile bancaire (CBC vs ING),CBC Mobile,CBC,en,2022-10-23,0
app_mobile_cbc,Application mobile bancaire (CBC vs ING),CBC Mobile,CBC,en,2022-10-30,0
app_mobile_cbc,Application mobile bancaire (CBC vs ING),CBC Mobile,CBC,en,2022-11-06,0
app_mobile_cbc,Application mobile bancaire (CBC vs ING),CBC Mobile,CBC,en,2022-11-13,0
app_mobile_cbc,Application mobile bancaire (CBC vs ING),CBC Mobile,CBC,en,2022-11-20,0
app_mobile_cbc,Application mobile bancaire (CBC vs ING),CBC Mobile,CBC,en,2022-11-27,0
app_mobile_cbc,Application mobile bancaire (CBC vs ING),CBC Mobile,CBC,en,2022-12-04,4
app_mobile_cbc,Application mobile bancaire (CBC vs ING),CBC Mobile,CBC,en,2022-12-11,0
app_mobile_cbc,Application mobile bancaire (CBC vs ING),CBC Mobile,CBC,en,2022-12-18,0
app_mobile_cbc,Application mobile bancaire (CBC vs ING),CBC Mobile,CBC,en,2022-12-25,0
app_mobile_cbc,Application mobile bancaire (CBC vs ING),CBC Mobile,CBC,en,2023-01-01,0
app_mobile_cbc,Application mobile bancaire (CBC vs ING),CBC Mobile,CBC,en,2023-01-08,0
app_mobile_cbc,Application mobile bancaire (CBC vs ING),CBC Mobile,CBC,en,2023-01-15,0
app_mobile_cbc,Application mobile bancaire (CBC vs ING),CBC Mobile,CBC,en,2023-01-22,0
app_mobile_cbc,Application mobile bancaire (CBC vs ING),CBC Mobile,CBC,en,2023-01-29,0
app_mobile_cbc,Application mobile bancaire (CBC vs ING),CBC Mobile,CBC,en,2023-02-05,0
app_mobile_cbc,Application mobile bancaire (CBC vs ING),CBC Mobile,CBC,en,2023-02-12,0
app_mobile_cbc,Application mobile bancaire (CBC vs ING),CBC Mobile,CBC,en,2023-02-19,0
app_mobile_cbc,Application mobile bancaire (CBC vs ING),CBC Mobile,CBC,en,2023-02-26,0
app_mobile_cbc,Application mobile bancaire (CBC vs ING),CBC Mobile,CBC,en,2023-03-05,0
app_mobile_cbc,Application mobile bancaire (CBC vs ING),CBC Mobile,CBC,en,2023-03-12,4
app_mobile_cbc,Application mobile bancaire (CBC vs ING),CBC Mobile,CBC,en,2023-03-19,0
app_mobile_cbc,Application mobile bancaire (CBC vs ING),CBC Mobile,CBC,en,2023-03-26,0
app_mobile_cbc,Application mobile bancaire (CBC vs ING),CBC Mobile,CBC,en,2023-04-02,0
app_mobile_cbc,Application mobile bancaire (CBC vs ING),CBC Mobile,CBC,en,2023-04-09,0
app_mobile_cbc,Application mobile bancaire (CBC vs ING),CBC Mobile,CBC,en,2023-04-16,0
app_mobile_cbc,Application mobile bancaire (CBC vs ING),CBC Mobile,CBC,en,2023-04-23,0
app_mobile_cbc,Application mobile bancaire (CBC vs ING),CBC Mobile,CBC,en,2023-04-30,0
app_mobile_cbc,Application mobile bancaire (CBC vs ING),CBC Mobile,CBC,en,2023-05-07,0
app_mobile_cbc,Application mobile bancaire (CBC vs ING),CBC Mobile,CBC,en,2023-05-14,0
app_mobile_cbc,Application mobile bancaire (CBC vs ING),CBC Mobile,CBC,en,2023-05-21,0
app_mobile_cbc,Application mobile bancaire (CBC vs ING),CBC Mobile,CBC,en,2023-05-28,0
app_mobile_cbc,Application mobile bancaire (CBC vs ING),CBC Mobile,CBC,en,2023-06-04,0
app_mobile_cbc,Application mobile bancaire (CBC vs ING),CBC Mobile,CBC,en,2023-06-11,0
app_mobile_cbc,Application mobile bancaire (CBC vs ING),CBC Mobile,CBC,en,2023-06-18,4
app_mobile_cbc,Application mobile bancaire (CBC vs ING),CBC Mobile,CBC,en,2023-06-25,0
app_mobile_cbc,Application mobile bancaire (CBC vs ING),CBC Mobile,CBC,en,2023-07-02,0
app_mobile_cbc,Application mobile bancaire (CBC vs ING),CBC Mobile,CBC,en,2023-07-09,0
app_mobile_cbc,Application mobile bancaire (CBC vs ING),CBC Mobile,CBC,en,2023-07-16,0
app_mobile_cbc,Application mobile bancaire (CBC vs ING),CBC Mobile,CBC,en,2023-07-23,0
app_mobile_cbc,Application mobile bancaire (CBC vs ING),CBC Mobile,CBC,en,2023-07-30,0
app_mobile_cbc,Application mobile bancaire (CBC vs ING),CBC Mobile,CBC,en,2023-08-06,0
app_mobile_cbc,Application mobile bancaire (CBC vs ING),CBC Mobile,CBC,en,2023-08-13,0
app_mobile_cbc,Application mobile bancaire (CBC vs ING),CBC Mobile,CBC,en,2023-08-20,0
app_mobile_cbc,Application mobile bancaire (CBC vs ING),CBC Mobile,CBC,en,2023-08-27,0
app_mobile_cbc,Application mobile bancaire (CBC vs ING),CBC Mobile,CBC,en,2023-09-03,0
app_mobile_cbc,Application mobile bancaire (CBC vs ING),CBC Mobile,CBC,en,2023-09-10,0
app_mobile_cbc,Application mobile bancaire (CBC vs ING),CBC Mobile,CBC,en,2023-09-17,0
app_mobile_cbc,Application mobile bancaire (CBC vs ING),CBC Mobile,CBC,en,2023-09-24,0
app_mobile_cbc,Application mobile bancaire (CBC vs ING),CBC Mobile,CBC,en,2023-10-01,0
app_mobile_cbc,Application mobile bancaire (CBC vs ING),CBC Mobile,CBC,en,2023-10-08,0
app_mobile_cbc,Application mobile bancaire (CBC vs ING),CBC Mobile,CBC,en,2023-10-15,0
app_mobile_cbc,Application mobile bancaire (CBC vs ING),CBC Mobile,CBC,en,2023-10-22,0
app_mobile_cbc,Application mobile bancaire (CBC vs ING),CBC Mobile,CBC,en,2023-10-29,0
app_mobile_cbc,Application mobile bancaire (CBC vs ING),CBC Mobile,CBC,en,2023-11-05,0
app_mobile_cbc,Application mobile bancaire (CBC vs ING),CBC Mobile,CBC,en,2023-11-12,0
app_mobile_cbc,Application mobile bancaire (CBC vs ING),CBC Mobile,CBC,en,2023-11-19,0
app_mobile_cbc,Application mobile bancaire (CBC vs ING),CBC Mobile,CBC,en,2023-11-26,0
app_mobile_cbc,Application mobile bancaire (CBC vs ING),CBC Mobile,CBC,en,2023-12-03,0
app_mobile_cbc,Application mobile bancaire (CBC vs ING),CBC Mobile,CBC,en,2023-12-10,4
app_mobile_cbc,Application mobile bancaire (CBC vs ING),CBC Mobile,CBC,en,2023-12-17,4
app_mobile_cbc,Application mobile bancaire (CBC vs ING),CBC Mobile,CBC,en,2023-12-24,0
app_mobile_cbc,Application mobile bancaire (CBC vs ING),CBC Mobile,CBC,en,2023-12-31,0
app_mobile_cbc,Application mobile bancaire (CBC vs ING),CBC Mobile,CBC,en,2024-01-07,0
app_mobile_cbc,Application mobile bancaire (CBC vs ING),CBC Mobile,CBC,en,2024-01-14,0
app_mobile_cbc,Application mobile bancaire (CBC vs ING),CBC Mobile,CBC,en,2024-01-21,0
app_mobile_cbc,Application mobile bancaire (CBC vs ING),CBC Mobile,CBC,en,2024-01-28,0
app_mobile_cbc,Application mobile bancaire (CBC vs ING),CBC Mobile,CBC,en,2024-02-04,0
app_mobile_cbc,Application mobile bancaire (CBC vs ING),CBC Mobile,CBC,en,2024-02-11,0
app_mobile_cbc,Application mobile bancaire (CBC vs ING),CBC Mobile,CBC,en,2024-02-18,0
app_mobile_cbc,Application mobile bancaire (CBC vs ING),CBC Mobile,CBC,en,2024-02-25,0
app_mobile_cbc,Application mobile bancaire (CBC vs ING),CBC Mobile,CBC,en,2024-03-03,0
app_mobile_cbc,Application mobile bancaire (CBC vs ING),CBC Mobile,CBC,en,2024-03-10,0
app_mobile_cbc,Application mobile bancaire (CBC vs ING),CBC Mobile,CBC,en,2024-03-17,0
app_mobile_cbc,Application mobile bancaire (CBC vs ING),CBC Mobile,CBC,en,2024-03-24,0
app_mobile_cbc,Application mobile bancaire (CBC vs ING),CBC Mobile,CBC,en,2024-03-31,0
app_mobile_cbc,Application mobile bancaire (CBC vs ING),CBC Mobile,CBC,en,2024-04-07,0
app_mobile_cbc,Application mobile bancaire (CBC vs ING),CBC Mobile,CBC,en,2024-04-14,0
app_mobile_cbc,Application mobile bancaire (CBC vs ING),CBC Mobile,CBC,en,2024-04-21,0
app_mobile_cbc,Application mobile bancaire (CBC vs ING),CBC Mobile,CBC,en,2024-04-28,0
app_mobile_cbc,Application mobile bancaire (CBC vs ING),CBC Mobile,CBC,en,2024-05-05,0
app_mobile_cbc,Application mobile bancaire (CBC vs ING),CBC Mobile,CBC,en,2024-05-12,0
app_mobile_cbc,Application mobile bancaire (CBC vs ING),CBC Mobile,CBC,en,2024-05-19,4
app_mobile_cbc,Application mobile bancaire (CBC vs ING),CBC Mobile,CBC,en,2024-05-26,0
app_mobile_cbc,Application mobile bancaire (CBC vs ING),CBC Mobile,CBC,en,2024-06-02,0
app_mobile_cbc,Application mobile bancaire (CBC vs ING),CBC Mobile,CBC,en,2024-06-09,4
app_mobile_cbc,Application mobile bancaire (CBC vs ING),CBC Mobile,CBC,en,2024-06-16,0
app_mobile_cbc,Application mobile bancaire (CBC vs ING),CBC Mobile,CBC,en,2024-06-23,0
app_mobile_cbc,Application mobile bancaire (CBC vs ING),CBC Mobile,CBC,en,2024-06-30,0
app_mobile_cbc,Application mobile bancaire (CBC vs ING),CBC Mobile,CBC,en,2024-07-07,0
app_mobile_cbc,Application mobile bancaire (CBC vs ING),CBC Mobile,CBC,en,2024-07-14,0
app_mobile_cbc,Application mobile bancaire (CBC vs ING),CBC Mobile,CBC,en,2024-07-21,0
app_mobile_cbc,Application mobile bancaire (CBC vs ING),CBC Mobile,CBC,en,2024-07-28,0
app_mobile_cbc,Application mobile bancaire (CBC vs ING),CBC Mobile,CBC,en,2024-08-04,0
app_mobile_cbc,Application mobile bancaire (CBC vs ING),CBC Mobile,CBC,en,2024-08-11,0
app_mobile_cbc,Application mobile bancaire (CBC vs ING),CBC Mobile,CBC,en,2024-08-18,0
app_mobile_cbc,Application mobile bancaire (CBC vs ING),CBC Mobile,CBC,en,2024-08-25,0
app_mobile_cbc,Application mobile bancaire (CBC vs ING),CBC Mobile,CBC,en,2024-09-01,0
app_mobile_cbc,Application mobile bancaire (CBC vs ING),CBC Mobile,CBC,en,2024-09-08,0
app_mobile_cbc,Application mobile bancaire (CBC vs ING),CBC Mobile,CBC,en,2024-09-15,0
app_mobile_cbc,Application mobile bancaire (CBC vs ING),CBC Mobile,CBC,en,2024-09-22,0
app_mobile_cbc,Application mobile bancaire (CBC vs ING),CBC Mobile,CBC,en,2024-09-29,0
app_mobile_cbc,Application mobile bancaire (CBC vs ING),CBC Mobile,CBC,en,2024-10-06,0
app_mobile_cbc,Application mobile bancaire (CBC vs ING),CBC Mobile,CBC,en,2024-10-13,0
app_mobile_cbc,Application mobile bancaire (CBC vs ING),CBC Mobile,CBC,en,2024-10-20,6
app_mobile_cbc,Application mobile bancaire (CBC vs ING),CBC Mobile,CBC,en,2024-10-27,0
app_mobile_cbc,Application mobile bancaire (CBC vs ING),CBC Mobile,CBC,en,2024-11-03,0
app_mobile_cbc,Application mobile bancaire (CBC vs ING),CBC Mobile,CBC,en,2024-11-10,0
app_mobile_cbc,Application mobile bancaire (CBC vs ING),CBC Mobile,CBC,en,2024-11-17,0
app_mobile_cbc,Application mobile bancaire (CBC vs ING),CBC Mobile,CBC,en,2024-11-24,0
app_mobile_cbc,Application mobile bancaire (CBC vs ING),CBC Mobile,CBC,en,2024-12-01,0
app_mobile_cbc,Application mobile bancaire (CBC vs ING),CBC Mobile,CBC,en,2024-12-08,0
app_mobile_cbc,Application mobile bancaire (CBC vs ING),CBC Mobile,CBC,en,2024-12-15,0
app_mobile_cbc,Application mobile bancaire (CBC vs ING),CBC Mobile,CBC,en,2024-12-22,0
app_mobile_cbc,Application mobile bancaire (CBC vs ING),CBC Mobile,CBC,en,2024-12-29,0
app_mobile_cbc,Application mobile bancaire (CBC vs ING),CBC Mobile,CBC,en,2025-01-05,0
app_mobile_cbc,Application mobile bancaire (CBC vs ING),CBC Mobile,CBC,en,2025-01-12,0
app_mobile_cbc,Application mobile bancaire (CBC vs ING),CBC Mobile,CBC,en,2025-01-19,0
app_mobile_cbc,Application mobile bancaire (CBC vs ING),CBC Mobile,CBC,en,2025-01-26,0
app_mobile_cbc,Application mobile bancaire (CBC vs ING),CBC Mobile,CBC,en,2025-02-02,0
app_mobile_cbc,Application mobile bancaire (CBC vs ING),CBC Mobile,CBC,en,2025-02-09,0
app_mobile_cbc,Application mobile bancaire (CBC vs ING),CBC Mobile,CBC,en,2025-02-16,0
app_mobile_cbc,Application mobile bancaire (CBC vs ING),CBC Mobile,CBC,en,2025-02-23,0
app_mobile_cbc,Application mobile bancaire (CBC vs ING),CBC Mobile,CBC,en,2025-03-02,0
app_mobile_cbc,Application mobile bancaire (CBC vs ING),CBC Mobile,CBC,en,2025-03-09,0
app_mobile_cbc,Application mobile bancaire (CBC vs ING),CBC Mobile,CBC,en,2025-03-16,0
app_mobile_cbc,Application mobile bancaire (CBC vs ING),CBC Mobile,CBC,en,2025-03-23,0
app_mobile_cbc,Application mobile bancaire (CBC vs ING),CBC Mobile,CBC,en,2025-03-30,0
app_mobile_cbc,Application mobile bancaire (CBC vs ING),CBC Mobile,CBC,en,2025-04-06,0
app_mobile_cbc,Application mobile bancaire (CBC vs ING),CBC Mobile,CBC,en,2025-04-13,0
app_mobile_cbc,Application mobile bancaire (CBC vs ING),CBC Mobile,CBC,en,2025-04-20,0
app_mobile_cbc,Application mobile bancaire (CBC vs ING),CBC Mobile,CBC,en,2025-04-27,0
app_mobile_cbc,Application mobile bancaire (CBC vs ING),CBC Mobile,CBC,en,2025-05-04,0
app_mobile_cbc,Application mobile bancaire (CBC vs ING),CBC Mobile,CBC,en,2025-05-11,0
app_mobile_cbc,Application mobile bancaire (CBC vs ING),CBC Mobile,CBC,en,2025-05-18,0
app_mobile_cbc,Application mobile bancaire (CBC vs ING),CBC Mobile,CBC,en,2025-05-25,0
app_mobile_cbc,Application mobile bancaire (CBC vs ING),CBC Mobile,CBC,en,2025-06-01,0
app_mobile_cbc,Application mobile bancaire (CBC vs ING),CBC Mobile,CBC,en,2025-06-08,0
app_mobile_cbc,Application mobile bancaire (CBC vs ING),CBC Mobile,CBC,en,2025-06-15,0
app_mobile_cbc,Application mobile bancaire (CBC vs ING),CBC Mobile,CBC,en,2025-06-22,0
app_mobile_cbc,Application mobile bancaire (CBC vs ING),CBC Mobile,CBC,en,2025-06-29,0
app_mobile_cbc,Application mobile bancaire (CBC vs ING),CBC Mobile,CBC,en,2025-07-06,0
app_mobile_cbc,Application mobile bancaire (CBC vs ING),CBC Mobile,CBC,en,2025-07-13,0
app_mobile_cbc,Application mobile bancaire (CBC vs ING),CBC Mobile,CBC,en,2025-07-20,0
app_mobile_cbc,Application mobile bancaire (CBC vs ING),CBC Mobile,CBC,en,2025-07-27,0
app_mobile_cbc,Application mobile bancaire (CBC vs ING),CBC Mobile,CBC,en,2025-08-03,0
app_mobile_cbc,Application mobile bancaire (CBC vs ING),CBC Mobile,CBC,en,2025-08-10,0
app_mobile_cbc,Application mobile bancaire (CBC vs ING),CBC Mobile,CBC,en,2025-08-17,0
app_mobile_cbc,Application mobile bancaire (CBC vs ING),CBC Mobile,CBC,en,2025-08-24,0
app_mobile_cbc,Application mobile bancaire (CBC vs ING),CBC Mobile,CBC,en,2025-08-31,0
app_mobile_cbc,Application mobile bancaire (CBC vs ING),CBC Mobile,CBC,en,2025-09-07,0
app_mobile_cbc,Application mobile bancaire (CBC vs ING),CBC Mobile,CBC,en,2025-09-14,0
app_mobile_cbc,Application mobile bancaire (CBC vs ING),CBC Mobile,CBC,en,2025-09-21,0
app_mobile_cbc,Application mobile bancaire (CBC vs ING),CBC Mobile,CBC,en,2025-09-28,0
app_mobile_cbc,Application mobile bancaire (CBC vs ING),CBC Mobile,CBC,en,2025-10-05,0
app_mobile_cbc,Application mobile bancaire (CBC vs ING),CBC Mobile,CBC,en,2025-10-12,0
app_mobile_cbc,Application mobile bancaire (CBC vs ING),CBC Mobile,CBC,en,2025-10-19,0
app_mobile_cbc,Application mobile bancaire (CBC vs ING),CBC Mobile,CBC,en,2025-10-26,0
app_mobile_cbc,Application mobile bancaire (CBC vs ING),CBC Mobile,CBC,en,2025-11-02,0
app_mobile_cbc,Application mobile bancaire (CBC vs ING),CBC Mobile,CBC,en,2025-11-09,0
app_mobile_cbc,Application mobile bancaire (CBC vs ING),CBC Mobile,CBC,en,2025-11-16,0
app_mobile_cbc,Application mobile bancaire (CBC vs ING),CBC Mobile,CBC,en,2025-11-23,0
app_mobile_cbc,Application mobile bancaire (CBC vs ING),CBC Mobile,CBC,en,2025-11-30,0
app_mobile_cbc,Application mobile bancaire (CBC vs ING),CBC Mobile,CBC,en,2025-12-07,0
app_mobile_cbc,Application mobile bancaire (CBC vs ING),CBC Mobile,CBC,en,2025-12-14,0
app_mobile_cbc,Application mobile bancaire (CBC vs ING),CBC Mobile,CBC,en,2025-12-21,0
app_mobile_cbc,Application mobile bancaire (CBC vs ING),CBC Mobile,CBC,en,2025-12-28,0
app_mobile_cbc,Application mobile bancaire (CBC vs ING),CBC Mobile,CBC,en,2026-01-04,0
app_mobile_cbc,Application mobile bancaire (CBC vs ING),CBC Mobile,CBC,en,2026-01-11,0
app_mobile_cbc,Application mobile bancaire (CBC vs ING),CBC Mobile,CBC,en,2026-01-18,0
app_mobile_cbc,Application mobile bancaire (CBC vs ING),CBC Mobile,CBC,en,2026-01-25,0
app_mobile_cbc,Application mobile bancaire (CBC vs ING),CBC Mobile,CBC,en,2026-02-01,0
app_mobile_cbc,Application mobile bancaire (CBC vs ING),CBC Mobile,CBC,en,2026-02-08,4
app_mobile_cbc,Application mobile bancaire (CBC vs ING),CBC Mobile,CBC,en,2026-02-15,0
app_mobile_cbc,Application mobile bancaire (CBC vs ING),CBC Mobile,CBC,en,2026-02-22,0
app_mobile_cbc,Application mobile bancaire (CBC vs ING),CBC Mobile,CBC,en,2026-03-01,0
app_mobile_cbc,Application mobile bancaire (CBC vs ING),CBC Mobile,CBC,en,2026-03-08,0
app_mobile_cbc,Application mobile bancaire (CBC vs ING),CBC Mobile,CBC,en,2026-03-15,0
app_mobile_cbc,Application mobile bancaire (CBC vs ING),CBC Mobile,CBC,en,2026-03-22,0
app_mobile_cbc,Application mobile bancaire (CBC vs ING),CBC Mobile,CBC,en,2026-03-29,5
app_mobile_cbc,Application mobile bancaire (CBC vs ING),CBC Mobile,CBC,en,2026-04-05,0
app_mobile_cbc,Application mobile bancaire (CBC vs ING),CBC Mobile,CBC,en,2026-04-12,0
app_mobile_cbc,Application mobile bancaire (CBC vs ING),CBC Mobile,CBC,en,2026-04-19,0
app_mobile_cbc,Application mobile bancaire (CBC vs ING),CBC Mobile,CBC,en,2026-04-26,0
app_mobile_cbc,Application mobile bancaire (CBC vs ING),CBC Mobile,CBC,en,2026-05-03,4
app_mobile_cbc,Application mobile bancaire (CBC vs ING),CBC Mobile,CBC,en,2026-05-10,0
app_mobile_cbc,Application mobile bancaire (CBC vs ING),CBC Mobile,CBC,en,2026-05-17,0
app_mobile_cbc,Application mobile bancaire (CBC vs ING),CBC Mobile,CBC,en,2026-05-24,0
app_mobile_cbc,Application mobile bancaire (CBC vs ING),CBC Mobile,CBC,en,2026-05-31,0
app_mobile_cbc,Application mobile bancaire (CBC vs ING),CBC Mobile,CBC,en,2026-06-07,0
app_mobile_cbc,Application mobile bancaire (CBC vs ING),CBC Mobile,CBC,en,2026-06-14,0
app_mobile_cbc,Application mobile bancaire (CBC vs ING),CBC Mobile,CBC,en,2026-06-21,0
app_mobile_cbc,Application mobile bancaire (CBC vs ING),CBC Mobile,CBC,en,2026-06-28,0
app_mobile_cbc,Application mobile bancaire (CBC vs ING),CBC Mobile,CBC,en,2026-07-05,0
app_mobile_cbc,Application mobile bancaire (CBC vs ING),CBC Mobile,CBC,en,2026-07-12,0
app_mobile_cbc,Application mobile bancaire (CBC vs ING),CBC Mobile,CBC,en,2026-07-19,0
app_mobile_cbc,Application mobile bancaire (CBC vs ING),CBC Mobile,CBC,en,2026-07-26,0
app_mobile_cbc,Application mobile bancaire (CBC vs ING),CBC Mobile,CBC,en,2026-08-02,0
app_mobile_cbc,Application mobile bancaire (CBC vs ING),CBC Mobile,CBC,en,2026-08-09,0
app_mobile_cbc,Application mobile bancaire (CBC vs ING),CBC Mobile,CBC,en,2026-08-16,0
app_mobile_cbc,Application mobile bancaire (CBC vs ING),CBC Mobile,CBC,en,2026-08-23,5
app_mobile_cbc,Application mobile bancaire (CBC vs ING),CBC Mobile,CBC,en,2026-08-30,1
app_mobile_cbc,Application mobile bancaire (CBC vs ING),CBC Mobile,CBC,en,2026-09-06,1
app_mobile_cbc,Application mobile bancaire (CBC vs ING),CBC Mobile,CBC,en,2026-09-13,1
app_mobile_cbc,Application mobile bancaire (CBC vs ING),CBC Touch,CBC,en,2021-09-12,40
app_mobile_cbc,Application mobile bancaire (CBC vs ING),CBC Touch,CBC,en,2021-09-19,39
app_mobile_cbc,Application mobile bancaire (CBC vs ING),CBC Touch,CBC,en,2021-09-26,43
app_mobile_cbc,Application mobile bancaire (CBC vs ING),CBC Touch,CBC,en,2021-10-03,46
app_mobile_cbc,Application mobile bancaire (CBC vs ING),CBC Touch,CBC,en,2021-10-10,41
app_mobile_cbc,Application mobile bancaire (CBC vs ING),CBC Touch,CBC,en,2021-10-17,37
app_mobile_cbc,Application mobile bancaire (CBC vs ING),CBC Touch,CBC,en,2021-10-24,32
app_mobile_cbc,Application mobile bancaire (CBC vs ING),CBC Touch,CBC,en,2021-10-31,37
app_mobile_cbc,Application mobile bancaire (CBC vs ING),CBC Touch,CBC,en,2021-11-07,32
app_mobile_cbc,Application mobile bancaire (CBC vs ING),CBC Touch,CBC,en,2021-11-14,32
app_mobile_cbc,Application mobile bancaire (CBC vs ING),CBC Touch,CBC,en,2021-11-21,30
app_mobile_cbc,Application mobile bancaire (CBC vs ING),CBC Touch,CBC,en,2021-11-28,39
app_mobile_cbc,Application mobile bancaire (CBC vs ING),CBC Touch,CBC,en,2021-12-05,39
app_mobile_cbc,Application mobile bancaire (CBC vs ING),CBC Touch,CBC,en,2021-12-12,40
app_mobile_cbc,Application mobile bancaire (CBC vs ING),CBC Touch,CBC,en,2021-12-19,34
app_mobile_cbc,Application mobile bancaire (CBC vs ING),CBC Touch,CBC,en,2021-12-26,38
app_mobile_cbc,Application mobile bancaire (CBC vs ING),CBC Touch,CBC,en,2022-01-02,35
app_mobile_cbc,Application mobile bancaire (CBC vs ING),CBC Touch,CBC,en,2022-01-09,31
app_mobile_cbc,Application mobile bancaire (CBC vs ING),CBC Touch,CBC,en,2022-01-16,39
app_mobile_cbc,Application mobile bancaire (CBC vs ING),CBC Touch,CBC,en,2022-01-23,29
app_mobile_cbc,Application mobile bancaire (CBC vs ING),CBC Touch,CBC,en,2022-01-30,35
app_mobile_cbc,Application mobile bancaire (CBC vs ING),CBC Touch,CBC,en,2022-02-06,32
app_mobile_cbc,Application mobile bancaire (CBC vs ING),CBC Touch,CBC,en,2022-02-13,26
app_mobile_cbc,Application mobile bancaire (CBC vs ING),CBC Touch,CBC,en,2022-02-20,29
app_mobile_cbc,Application mobile bancaire (CBC vs ING),CBC Touch,CBC,en,2022-02-27,27
app_mobile_cbc,Application mobile bancaire (CBC vs ING),CBC Touch,CBC,en,2022-03-06,28
app_mobile_cbc,Application mobile bancaire (CBC vs ING),CBC Touch,CBC,en,2022-03-13,27
app_mobile_cbc,Application mobile bancaire (CBC vs ING),CBC Touch,CBC,en,2022-03-20,33
app_mobile_cbc,Application mobile bancaire (CBC vs ING),CBC Touch,CBC,en,2022-03-27,32
app_mobile_cbc,Application mobile bancaire (CBC vs ING),CBC Touch,CBC,en,2022-04-03,28
app_mobile_cbc,Application mobile bancaire (CBC vs ING),CBC Touch,CBC,en,2022-04-10,25
app_mobile_cbc,Application mobile bancaire (CBC vs ING),CBC Touch,CBC,en,2022-04-17,27
app_mobile_cbc,Application mobile bancaire (CBC vs ING),CBC Touch,CBC,en,2022-04-24,26
app_mobile_cbc,Application mobile bancaire (CBC vs ING),CBC Touch,CBC,en,2022-05-01,28
app_mobile_cbc,Application mobile bancaire (CBC vs ING),CBC Touch,CBC,en,2022-05-08,26
app_mobile_cbc,Application mobile bancaire (CBC vs ING),CBC Touch,CBC,en,2022-05-15,29
app_mobile_cbc,Application mobile bancaire (CBC vs ING),CBC Touch,CBC,en,2022-05-22,29
app_mobile_cbc,Application mobile bancaire (CBC vs ING),CBC Touch,CBC,en,2022-05-29,28
app_mobile_cbc,Application mobile bancaire (CBC vs ING),CBC Touch,CBC,en,2022-06-05,29
app_mobile_cbc,Application mobile bancaire (CBC vs ING),CBC Touch,CBC,en,2022-06-12,29
app_mobile_cbc,Application mobile bancaire (CBC vs ING),CBC Touch,CBC,en,2022-06-19,31
app_mobile_cbc,Application mobile bancaire (CBC vs ING),CBC Touch,CBC,en,2022-06-26,29
app_mobile_cbc,Application mobile bancaire (CBC vs ING),CBC Touch,CBC,en,2022-07-03,38
app_mobile_cbc,Application mobile bancaire (CBC vs ING),CBC Touch,CBC,en,2022-07-10,30
app_mobile_cbc,Application mobile bancaire (CBC vs ING),CBC Touch,CBC,en,2022-07-17,34
app_mobile_cbc,Application mobile bancaire (CBC vs ING),CBC Touch,CBC,en,2022-07-24,34
app_mobile_cbc,Application mobile bancaire (CBC vs ING),CBC Touch,CBC,en,2022-07-31,33
app_mobile_cbc,Application mobile bancaire (CBC vs ING),CBC Touch,CBC,en,2022-08-07,29
app_mobile_cbc,Application mobile bancaire (CBC vs ING),CBC Touch,CBC,en,2022-08-14,26
app_mobile_cbc,Application mobile bancaire (CBC vs ING),CBC Touch,CBC,en,2022-08-21,27
app_mobile_cbc,Application mobile bancaire (CBC vs ING),CBC Touch,CBC,en,2022-08-28,32
app_mobile_cbc,Application mobile bancaire (CBC vs ING),CBC Touch,CBC,en,2022-09-04,28
app_mobile_cbc,Application mobile bancaire (CBC vs ING),CBC Touch,CBC,en,2022-09-11,22
app_mobile_cbc,Application mobile bancaire (CBC vs ING),CBC Touch,CBC,en,2022-09-18,28
app_mobile_cbc,Application mobile bancaire (CBC vs ING),CBC Touch,CBC,en,2022-09-25,28
app_mobile_cbc,Application mobile bancaire (CBC vs ING),CBC Touch,CBC,en,2022-10-02,34
app_mobile_cbc,Application mobile bancaire (CBC vs ING),CBC Touch,CBC,en,2022-10-09,37
app_mobile_cbc,Application mobile bancaire (CBC vs ING),CBC Touch,CBC,en,2022-10-16,35
app_mobile_cbc,Application mobile bancaire (CBC vs ING),CBC Touch,CBC,en,2022-10-23,34
app_mobile_cbc,Application mobile bancaire (CBC vs ING),CBC Touch,CBC,en,2022-10-30,29
app_mobile_cbc,Application mobile bancaire (CBC vs ING),CBC Touch,CBC,en,2022-11-06,31
app_mobile_cbc,Application mobile bancaire (CBC vs ING),CBC Touch,CBC,en,2022-11-13,35
app_mobile_cbc,Application mobile bancaire (CBC vs ING),CBC Touch,CBC,en,2022-11-20,26
app_mobile_cbc,Application mobile bancaire (CBC vs ING),CBC Touch,CBC,en,2022-11-27,32
app_mobile_cbc,Application mobile bancaire (CBC vs ING),CBC Touch,CBC,en,2022-12-04,37
app_mobile_cbc,Application mobile bancaire (CBC vs ING),CBC Touch,CBC,en,2022-12-11,33
app_mobile_cbc,Application mobile bancaire (CBC vs ING),CBC Touch,CBC,en,2022-12-18,35
app_mobile_cbc,Application mobile bancaire (CBC vs ING),CBC Touch,CBC,en,2022-12-25,38
app_mobile_cbc,Application mobile bancaire (CBC vs ING),CBC Touch,CBC,en,2023-01-01,35
app_mobile_cbc,Application mobile bancaire (CBC vs ING),CBC Touch,CBC,en,2023-01-08,29
app_mobile_cbc,Application mobile bancaire (CBC vs ING),CBC Touch,CBC,en,2023-01-15,33
app_mobile_cbc,Application mobile bancaire (CBC vs ING),CBC Touch,CBC,en,2023-01-22,38
app_mobile_cbc,Application mobile bancaire (CBC vs ING),CBC Touch,CBC,en,2023-01-29,35
app_mobile_cbc,Application mobile bancaire (CBC vs ING),CBC Touch,CBC,en,2023-02-05,32
app_mobile_cbc,Application mobile bancaire (CBC vs ING),CBC Touch,CBC,en,2023-02-12,31
app_mobile_cbc,Application mobile bancaire (CBC vs ING),CBC Touch,CBC,en,2023-02-19,36
app_mobile_cbc,Application mobile bancaire (CBC vs ING),CBC Touch,CBC,en,2023-02-26,34
app_mobile_cbc,Application mobile bancaire (CBC vs ING),CBC Touch,CBC,en,2023-03-05,30
app_mobile_cbc,Application mobile bancaire (CBC vs ING),CBC Touch,CBC,en,2023-03-12,33
app_mobile_cbc,Application mobile bancaire (CBC vs ING),CBC Touch,CBC,en,2023-03-19,34
app_mobile_cbc,Application mobile bancaire (CBC vs ING),CBC Touch,CBC,en,2023-03-26,32
app_mobile_cbc,Application mobile bancaire (CBC vs ING),CBC Touch,CBC,en,2023-04-02,34
app_mobile_cbc,Application mobile bancaire (CBC vs ING),CBC Touch,CBC,en,2023-04-09,31
app_mobile_cbc,Application mobile bancaire (CBC vs ING),CBC Touch,CBC,en,2023-04-16,33
app_mobile_cbc,Application mobile bancaire (CBC vs ING),CBC Touch,CBC,en,2023-04-23,27
app_mobile_cbc,Application mobile bancaire (CBC vs ING),CBC Touch,CBC,en,2023-04-30,35
app_mobile_cbc,Application mobile bancaire (CBC vs ING),CBC Touch,CBC,en,2023-05-07,32
app_mobile_cbc,Application mobile bancaire (CBC vs ING),CBC Touch,CBC,en,2023-05-14,25
app_mobile_cbc,Application mobile bancaire (CBC vs ING),CBC Touch,CBC,en,2023-05-21,33
app_mobile_cbc,Application mobile bancaire (CBC vs ING),CBC Touch,CBC,en,2023-05-28,32
app_mobile_cbc,Application mobile bancaire (CBC vs ING),CBC Touch,CBC,en,2023-06-04,29
app_mobile_cbc,Application mobile bancaire (CBC vs ING),CBC Touch,CBC,en,2023-06-11,25
app_mobile_cbc,Application mobile bancaire (CBC vs ING),CBC Touch,CBC,en,2023-06-18,24
app_mobile_cbc,Application mobile bancaire (CBC vs ING),CBC Touch,CBC,en,2023-06-25,32
app_mobile_cbc,Application mobile bancaire (CBC vs ING),CBC Touch,CBC,en,2023-07-02,39
app_mobile_cbc,Application mobile bancaire (CBC vs ING),CBC Touch,CBC,en,2023-07-09,33
app_mobile_cbc,Application mobile bancaire (CBC vs ING),CBC Touch,CBC,en,2023-07-16,27
app_mobile_cbc,Application mobile bancaire (CBC vs ING),CBC Touch,CBC,en,2023-07-23,33
app_mobile_cbc,Application mobile bancaire (CBC vs ING),CBC Touch,CBC,en,2023-07-30,28
app_mobile_cbc,Application mobile bancaire (CBC vs ING),CBC Touch,CBC,en,2023-08-06,30
app_mobile_cbc,Application mobile bancaire (CBC vs ING),CBC Touch,CBC,en,2023-08-13,22
app_mobile_cbc,Application mobile bancaire (CBC vs ING),CBC Touch,CBC,en,2023-08-20,30
app_mobile_cbc,Application mobile bancaire (CBC vs ING),CBC Touch,CBC,en,2023-08-27,38
app_mobile_cbc,Application mobile bancaire (CBC vs ING),CBC Touch,CBC,en,2023-09-03,25
app_mobile_cbc,Application mobile bancaire (CBC vs ING),CBC Touch,CBC,en,2023-09-10,27
app_mobile_cbc,Application mobile bancaire (CBC vs ING),CBC Touch,CBC,en,2023-09-17,27
app_mobile_cbc,Application mobile bancaire (CBC vs ING),CBC Touch,CBC,en,2023-09-24,31
app_mobile_cbc,Application mobile bancaire (CBC vs ING),CBC Touch,CBC,en,2023-10-01,34
app_mobile_cbc,Application mobile bancaire (CBC vs ING),CBC Touch,CBC,en,2023-10-08,31
app_mobile_cbc,Application mobile bancaire (CBC vs ING),CBC Touch,CBC,en,2023-10-15,31
app_mobile_cbc,Application mobile bancaire (CBC vs ING),CBC Touch,CBC,en,2023-10-22,30
app_mobile_cbc,Application mobile bancaire (CBC vs ING),CBC Touch,CBC,en,2023-10-29,28
app_mobile_cbc,Application mobile bancaire (CBC vs ING),CBC Touch,CBC,en,2023-11-05,31
app_mobile_cbc,Application mobile bancaire (CBC vs ING),CBC Touch,CBC,en,2023-11-12,34
app_mobile_cbc,Application mobile bancaire (CBC vs ING),CBC Touch,CBC,en,2023-11-19,31
app_mobile_cbc,Application mobile bancaire (CBC vs ING),CBC Touch,CBC,en,2023-11-26,30
app_mobile_cbc,Application mobile bancaire (CBC vs ING),CBC Touch,CBC,en,2023-12-03,34
app_mobile_cbc,Application mobile bancaire (CBC vs ING),CBC Touch,CBC,en,2023-12-10,35
app_mobile_cbc,Application mobile bancaire (CBC vs ING),CBC Touch,CBC,en,2023-12-17,34
app_mobile_cbc,Application mobile bancaire (CBC vs ING),CBC Touch,CBC,en,2023-12-24,35
app_mobile_cbc,Application mobile bancaire (CBC vs ING),CBC Touch,CBC,en,2023-12-31,34
app_mobile_cbc,Application mobile bancaire (CBC vs ING),CBC Touch,CBC,en,2024-01-07,31
app_mobile_cbc,Application mobile bancaire (CBC vs ING),CBC Touch,CBC,en,2024-01-14,30
app_mobile_cbc,Application mobile bancaire (CBC vs ING),CBC Touch,CBC,en,2024-01-21,31
app_mobile_cbc,Application mobile bancaire (CBC vs ING),CBC Touch,CBC,en,2024-01-28,33
app_mobile_cbc,Application mobile bancaire (CBC vs ING),CBC Touch,CBC,en,2024-02-04,37
app_mobile_cbc,Application mobile bancaire (CBC vs ING),CBC Touch,CBC,en,2024-02-11,36
app_mobile_cbc,Application mobile bancaire (CBC vs ING),CBC Touch,CBC,en,2024-02-18,34
app_mobile_cbc,Application mobile bancaire (CBC vs ING),CBC Touch,CBC,en,2024-02-25,33
app_mobile_cbc,Application mobile bancaire (CBC vs ING),CBC Touch,CBC,en,2024-03-03,28
app_mobile_cbc,Application mobile bancaire (CBC vs ING),CBC Touch,CBC,en,2024-03-10,31
app_mobile_cbc,Application mobile bancaire (CBC vs ING),CBC Touch,CBC,en,2024-03-17,36
app_mobile_cbc,Application mobile bancaire (CBC vs ING),CBC Touch,CBC,en,2024-03-24,34
app_mobile_cbc,Application mobile bancaire (CBC vs ING),CBC Touch,CBC,en,2024-03-31,39
app_mobile_cbc,Application mobile bancaire (CBC vs ING),CBC Touch,CBC,en,2024-04-07,33
app_mobile_cbc,Application mobile bancaire (CBC vs ING),CBC Touch,CBC,en,2024-04-14,33
app_mobile_cbc,Application mobile bancaire (CBC vs ING),CBC Touch,CBC,en,2024-04-21,27
app_mobile_cbc,Application mobile bancaire (CBC vs ING),CBC Touch,CBC,en,2024-04-28,31
app_mobile_cbc,Application mobile bancaire (CBC vs ING),CBC Touch,CBC,en,2024-05-05,25
app_mobile_cbc,Application mobile bancaire (CBC vs ING),CBC Touch,CBC,en,2024-05-12,36
app_mobile_cbc,Application mobile bancaire (CBC vs ING),CBC Touch,CBC,en,2024-05-19,30
app_mobile_cbc,Application mobile bancaire (CBC vs ING),CBC Touch,CBC,en,2024-05-26,28
app_mobile_cbc,Application mobile bancaire (CBC vs ING),CBC Touch,CBC,en,2024-06-02,29
app_mobile_cbc,Application mobile bancaire (CBC vs ING),CBC Touch,CBC,en,2024-06-09,23
app_mobile_cbc,Application mobile bancaire (CBC vs ING),CBC Touch,CBC,en,2024-06-16,29
app_mobile_cbc,Application mobile bancaire (CBC vs ING),CBC Touch,CBC,en,2024-06-23,34
app_mobile_cbc,Application mobile bancaire (CBC vs ING),CBC Touch,CBC,en,2024-06-30,32
app_mobile_cbc,Application mobile bancaire (CBC vs ING),CBC Touch,CBC,en,2024-07-07,30
app_mobile_cbc,Application mobile bancaire (CBC vs ING),CBC Touch,CBC,en,2024-07-14,30
app_mobile_cbc,Application mobile bancaire (CBC vs ING),CBC Touch,CBC,en,2024-07-21,35
app_mobile_cbc,Application mobile bancaire (CBC vs ING),CBC Touch,CBC,en,2024-07-28,33
app_mobile_cbc,Application mobile bancaire (CBC vs ING),CBC Touch,CBC,en,2024-08-04,24
app_mobile_cbc,Application mobile bancaire (CBC vs ING),CBC Touch,CBC,en,2024-08-11,24
app_mobile_cbc,Application mobile bancaire (CBC vs ING),CBC Touch,CBC,en,2024-08-18,30
app_mobile_cbc,Application mobile bancaire (CBC vs ING),CBC Touch,CBC,en,2024-08-25,32
app_mobile_cbc,Application mobile bancaire (CBC vs ING),CBC Touch,CBC,en,2024-09-01,32
app_mobile_cbc,Application mobile bancaire (CBC vs ING),CBC Touch,CBC,en,2024-09-08,32
app_mobile_cbc,Application mobile bancaire (CBC vs ING),CBC Touch,CBC,en,2024-09-15,32
app_mobile_cbc,Application mobile bancaire (CBC vs ING),CBC Touch,CBC,en,2024-09-22,33
app_mobile_cbc,Application mobile bancaire (CBC vs ING),CBC Touch,CBC,en,2024-09-29,40
app_mobile_cbc,Application mobile bancaire (CBC vs ING),CBC Touch,CBC,en,2024-10-06,32
app_mobile_cbc,Application mobile bancaire (CBC vs ING),CBC Touch,CBC,en,2024-10-13,34
app_mobile_cbc,Application mobile bancaire (CBC vs ING),CBC Touch,CBC,en,2024-10-20,29
app_mobile_cbc,Application mobile bancaire (CBC vs ING),CBC Touch,CBC,en,2024-10-27,35
app_mobile_cbc,Application mobile bancaire (CBC vs ING),CBC Touch,CBC,en,2024-11-03,30
app_mobile_cbc,Application mobile bancaire (CBC vs ING),CBC Touch,CBC,en,2024-11-10,29
app_mobile_cbc,Application mobile bancaire (CBC vs ING),CBC Touch,CBC,en,2024-11-17,26
app_mobile_cbc,Application mobile bancaire (CBC vs ING),CBC Touch,CBC,en,2024-11-24,29
app_mobile_cbc,Application mobile bancaire (CBC vs ING),CBC Touch,CBC,en,2024-12-01,32
app_mobile_cbc,Application mobile bancaire (CBC vs ING),CBC Touch,CBC,en,2024-12-08,33
app_mobile_cbc,Application mobile bancaire (CBC vs ING),CBC Touch,CBC,en,2024-12-15,32
app_mobile_cbc,Application mobile bancaire (CBC vs ING),CBC Touch,CBC,en,2024-12-22,32
app_mobile_cbc,Application mobile bancaire (CBC vs ING),CBC Touch,CBC,en,2024-12-29,33
app_mobile_cbc,Application mobile bancaire (CBC vs ING),CBC Touch,CBC,en,2025-01-05,45
app_mobile_cbc,Application mobile bancaire (CBC vs ING),CBC Touch,CBC,en,2025-01-12,33
app_mobile_cbc,Application mobile bancaire (CBC vs ING),CBC Touch,CBC,en,2025-01-19,36
app_mobile_cbc,Application mobile bancaire (CBC vs ING),CBC Touch,CBC,en,2025-01-26,32
app_mobile_cbc,Application mobile bancaire (CBC vs ING),CBC Touch,CBC,en,2025-02-02,39
app_mobile_cbc,Application mobile bancaire (CBC vs ING),CBC Touch,CBC,en,2025-02-09,34
app_mobile_cbc,Application mobile bancaire (CBC vs ING),CBC Touch,CBC,en,2025-02-16,34
app_mobile_cbc,Application mobile bancaire (CBC vs ING),CBC Touch,CBC,en,2025-02-23,36
app_mobile_cbc,Application mobile bancaire (CBC vs ING),CBC Touch,CBC,en,2025-03-02,31
app_mobile_cbc,Application mobile bancaire (CBC vs ING),CBC Touch,CBC,en,2025-03-09,34
app_mobile_cbc,Application mobile bancaire (CBC vs ING),CBC Touch,CBC,en,2025-03-16,37
app_mobile_cbc,Application mobile bancaire (CBC vs ING),CBC Touch,CBC,en,2025-03-23,31
app_mobile_cbc,Application mobile bancaire (CBC vs ING),CBC Touch,CBC,en,2025-03-30,38
app_mobile_cbc,Application mobile bancaire (CBC vs ING),CBC Touch,CBC,en,2025-04-06,36
app_mobile_cbc,Application mobile bancaire (CBC vs ING),CBC Touch,CBC,en,2025-04-13,31
app_mobile_cbc,Application mobile bancaire (CBC vs ING),CBC Touch,CBC,en,2025-04-20,36
app_mobile_cbc,Application mobile bancaire (CBC vs ING),CBC Touch,CBC,en,2025-04-27,26
app_mobile_cbc,Application mobile bancaire (CBC vs ING),CBC Touch,CBC,en,2025-05-04,30
app_mobile_cbc,Application mobile bancaire (CBC vs ING),CBC Touch,CBC,en,2025-05-11,33
app_mobile_cbc,Application mobile bancaire (CBC vs ING),CBC Touch,CBC,en,2025-05-18,34
app_mobile_cbc,Application mobile bancaire (CBC vs ING),CBC Touch,CBC,en,2025-05-25,34
app_mobile_cbc,Application mobile bancaire (CBC vs ING),CBC Touch,CBC,en,2025-06-01,36
app_mobile_cbc,Application mobile bancaire (CBC vs ING),CBC Touch,CBC,en,2025-06-08,25
app_mobile_cbc,Application mobile bancaire (CBC vs ING),CBC Touch,CBC,en,2025-06-15,34
app_mobile_cbc,Application mobile bancaire (CBC vs ING),CBC Touch,CBC,en,2025-06-22,30
app_mobile_cbc,Application mobile bancaire (CBC vs ING),CBC Touch,CBC,en,2025-06-29,39
app_mobile_cbc,Application mobile bancaire (CBC vs ING),CBC Touch,CBC,en,2025-07-06,37
app_mobile_cbc,Application mobile bancaire (CBC vs ING),CBC Touch,CBC,en,2025-07-13,38
app_mobile_cbc,Application mobile bancaire (CBC vs ING),CBC Touch,CBC,en,2025-07-20,33
app_mobile_cbc,Application mobile bancaire (CBC vs ING),CBC Touch,CBC,en,2025-07-27,29
app_mobile_cbc,Application mobile bancaire (CBC vs ING),CBC Touch,CBC,en,2025-08-03,34
app_mobile_cbc,Application mobile bancaire (CBC vs ING),CBC Touch,CBC,en,2025-08-10,30
app_mobile_cbc,Application mobile bancaire (CBC vs ING),CBC Touch,CBC,en,2025-08-17,32
app_mobile_cbc,Application mobile bancaire (CBC vs ING),CBC Touch,CBC,en,2025-08-24,43
app_mobile_cbc,Application mobile bancaire (CBC vs ING),CBC Touch,CBC,en,2025-08-31,33
app_mobile_cbc,Application mobile bancaire (CBC vs ING),CBC Touch,CBC,en,2025-09-07,31
app_mobile_cbc,Application mobile bancaire (CBC vs ING),CBC Touch,CBC,en,2025-09-14,30
app_mobile_cbc,Application mobile bancaire (CBC vs ING),CBC Touch,CBC,en,2025-09-21,38
app_mobile_cbc,Application mobile bancaire (CBC vs ING),CBC Touch,CBC,en,2025-09-28,37
app_mobile_cbc,Application mobile bancaire (CBC vs ING),CBC Touch,CBC,en,2025-10-05,38
app_mobile_cbc,Application mobile bancaire (CBC vs ING),CBC Touch,CBC,en,2025-10-12,36
app_mobile_cbc,Application mobile bancaire (CBC vs ING),CBC Touch,CBC,en,2025-10-19,35
app_mobile_cbc,Application mobile bancaire (CBC vs ING),CBC Touch,CBC,en,2025-10-26,37
app_mobile_cbc,Application mobile bancaire (CBC vs ING),CBC Touch,CBC,en,2025-11-02,34
app_mobile_cbc,Application mobile bancaire (CBC vs ING),CBC Touch,CBC,en,2025-11-09,33
app_mobile_cbc,Application mobile bancaire (CBC vs ING),CBC Touch,CBC,en,2025-11-16,30
app_mobile_cbc,Application mobile bancaire (CBC vs ING),CBC Touch,CBC,en,2025-11-23,35
app_mobile_cbc,Application mobile bancaire (CBC vs ING),CBC Touch,CBC,en,2025-11-30,41
app_mobile_cbc,Application mobile bancaire (CBC vs ING),CBC Touch,CBC,en,2025-12-07,35
app_mobile_cbc,Application mobile bancaire (CBC vs ING),CBC Touch,CBC,en,2025-12-14,38
app_mobile_cbc,Application mobile bancaire (CBC vs ING),CBC Touch,CBC,en,2025-12-21,30
app_mobile_cbc,Application mobile bancaire (CBC vs ING),CBC Touch,CBC,en,2025-12-28,37
app_mobile_cbc,Application mobile bancaire (CBC vs ING),CBC Touch,CBC,en,2026-01-04,30
app_mobile_cbc,Application mobile bancaire (CBC vs ING),CBC Touch,CBC,en,2026-01-11,31
app_mobile_cbc,Application mobile bancaire (CBC vs ING),CBC Touch,CBC,en,2026-01-18,35
app_mobile_cbc,Application mobile bancaire (CBC vs ING),CBC Touch,CBC,en,2026-01-25,36
app_mobile_cbc,Application mobile bancaire (CBC vs ING),CBC Touch,CBC,en,2026-02-01,37
app_mobile_cbc,Application mobile bancaire (CBC vs ING),CBC Touch,CBC,en,2026-02-08,23
app_mobile_cbc,Application mobile bancaire (CBC vs ING),CBC Touch,CBC,en,2026-02-15,26
app_mobile_cbc,Application mobile bancaire (CBC vs ING),CBC Touch,CBC,en,2026-02-22,27
app_mobile_cbc,Application mobile bancaire (CBC vs ING),CBC Touch,CBC,en,2026-03-01,32
app_mobile_cbc,Application mobile bancaire (CBC vs ING),CBC Touch,CBC,en,2026-03-08,28
app_mobile_cbc,Application mobile bancaire (CBC vs ING),CBC Touch,CBC,en,2026-03-15,28
app_mobile_cbc,Application mobile bancaire (CBC vs ING),CBC Touch,CBC,en,2026-03-22,33
app_mobile_cbc,Application mobile bancaire (CBC vs ING),CBC Touch,CBC,en,2026-03-29,34
app_mobile_cbc,Application mobile bancaire (CBC vs ING),CBC Touch,CBC,en,2026-04-05,31
app_mobile_cbc,Application mobile bancaire (CBC vs ING),CBC Touch,CBC,en,2026-04-12,35
app_mobile_cbc,Application mobile bancaire (CBC vs ING),CBC Touch,CBC,en,2026-04-19,24
app_mobile_cbc,Application mobile bancaire (CBC vs ING),CBC Touch,CBC,en,2026-04-26,30
app_mobile_cbc,Application mobile bancaire (CBC vs ING),CBC Touch,CBC,en,2026-05-03,31
app_mobile_cbc,Application mobile bancaire (CBC vs ING),CBC Touch,CBC,en,2026-05-10,26
app_mobile_cbc,Application mobile bancaire (CBC vs ING),CBC Touch,CBC,en,2026-05-17,31
app_mobile_cbc,Application mobile bancaire (CBC vs ING),CBC Touch,CBC,en,2026-05-24,20
app_mobile_cbc,Application mobile bancaire (CBC vs ING),CBC Touch,CBC,en,2026-05-31,31
app_mobile_cbc,Application mobile bancaire (CBC vs ING),CBC Touch,CBC,en,2026-06-07,26
app_mobile_cbc,Application mobile bancaire (CBC vs ING),CBC Touch,CBC,en,2026-06-14,17
app_mobile_cbc,Application mobile bancaire (CBC vs ING),CBC Touch,CBC,en,2026-06-21,30
app_mobile_cbc,Application mobile bancaire (CBC vs ING),CBC Touch,CBC,en,2026-06-28,29
app_mobile_cbc,Application mobile bancaire (CBC vs ING),CBC Touch,CBC,en,2026-07-05,24
app_mobile_cbc,Application mobile bancaire (CBC vs ING),CBC Touch,CBC,en,2026-07-12,27
app_mobile_cbc,Application mobile bancaire (CBC vs ING),CBC Touch,CBC,en,2026-07-19,23
app_mobile_cbc,Application mobile bancaire (CBC vs ING),CBC Touch,CBC,en,2026-07-26,23
app_mobile_cbc,Application mobile bancaire (CBC vs ING),CBC Touch,CBC,en,2026-08-02,22
app_mobile_cbc,Application mobile bancaire (CBC vs ING),CBC Touch,CBC,en,2026-08-09,20
app_mobile_cbc,Application mobile bancaire (CBC vs ING),CBC Touch,CBC,en,2026-08-16,26
app_mobile_cbc,Application mobile bancaire (CBC vs ING),CBC Touch,CBC,en,2026-08-23,26
app_mobile_cbc,Application mobile bancaire (CBC vs ING),CBC Touch,CBC,en,2026-08-30,24
app_mobile_cbc,Application mobile bancaire (CBC vs ING),CBC Touch,CBC,en,2026-09-06,18
app_mobile_cbc,Application mobile bancaire (CBC vs ING),CBC Touch,CBC,en,2026-09-13,10
assurance_habitation_cbc,Assurance habitation (CBC vs ING),assurance CBC,CBC,fr,2021-09-12,51
assurance_habitation_cbc,Assurance habitation (CBC vs ING),assurance CBC,CBC,fr,2021-09-19,52
assurance_habitation_cbc,Assurance habitation (CBC vs ING),assurance CBC,CBC,fr,2021-09-26,54
assurance_habitation_cbc,Assurance habitation (CBC vs ING),assurance CBC,CBC,fr,2021-10-03,0
assurance_habitation_cbc,Assurance habitation (CBC vs ING),assurance CBC,CBC,fr,2021-10-10,0
assurance_habitation_cbc,Assurance habitation (CBC vs ING),assurance CBC,CBC,fr,2021-10-17,0
assurance_habitation_cbc,Assurance habitation (CBC vs ING),assurance CBC,CBC,fr,2021-10-24,0
assurance_habitation_cbc,Assurance habitation (CBC vs ING),assurance CBC,CBC,fr,2021-10-31,0
assurance_habitation_cbc,Assurance habitation (CBC vs ING),assurance CBC,CBC,fr,2021-11-07,0
assurance_habitation_cbc,Assurance habitation (CBC vs ING),assurance CBC,CBC,fr,2021-11-14,0
assurance_habitation_cbc,Assurance habitation (CBC vs ING),assurance CBC,CBC,fr,2021-11-21,0
assurance_habitation_cbc,Assurance habitation (CBC vs ING),assurance CBC,CBC,fr,2021-11-28,0
assurance_habitation_cbc,Assurance habitation (CBC vs ING),assurance CBC,CBC,fr,2021-12-05,0
assurance_habitation_cbc,Assurance habitation (CBC vs ING),assurance CBC,CBC,fr,2021-12-12,0
assurance_habitation_cbc,Assurance habitation (CBC vs ING),assurance CBC,CBC,fr,2021-12-19,0
assurance_habitation_cbc,Assurance habitation (CBC vs ING),assurance CBC,CBC,fr,2021-12-26,0
assurance_habitation_cbc,Assurance habitation (CBC vs ING),assurance CBC,CBC,fr,2022-01-02,0
assurance_habitation_cbc,Assurance habitation (CBC vs ING),assurance CBC,CBC,fr,2022-01-09,54
assurance_habitation_cbc,Assurance habitation (CBC vs ING),assurance CBC,CBC,fr,2022-01-16,62
assurance_habitation_cbc,Assurance habitation (CBC vs ING),assurance CBC,CBC,fr,2022-01-23,75
assurance_habitation_cbc,Assurance habitation (CBC vs ING),assurance CBC,CBC,fr,2022-01-30,51
assurance_habitation_cbc,Assurance habitation (CBC vs ING),assurance CBC,CBC,fr,2022-02-06,0
assurance_habitation_cbc,Assurance habitation (CBC vs ING),assurance CBC,CBC,fr,2022-02-13,59
assurance_habitation_cbc,Assurance habitation (CBC vs ING),assurance CBC,CBC,fr,2022-02-20,55
assurance_habitation_cbc,Assurance habitation (CBC vs ING),assurance CBC,CBC,fr,2022-02-27,0
assurance_habitation_cbc,Assurance habitation (CBC vs ING),assurance CBC,CBC,fr,2022-03-06,55
assurance_habitation_cbc,Assurance habitation (CBC vs ING),assurance CBC,CBC,fr,2022-03-13,61
assurance_habitation_cbc,Assurance habitation (CBC vs ING),assurance CBC,CBC,fr,2022-03-20,0
assurance_habitation_cbc,Assurance habitation (CBC vs ING),assurance CBC,CBC,fr,2022-03-27,0
assurance_habitation_cbc,Assurance habitation (CBC vs ING),assurance CBC,CBC,fr,2022-04-03,42
assurance_habitation_cbc,Assurance habitation (CBC vs ING),assurance CBC,CBC,fr,2022-04-10,0
assurance_habitation_cbc,Assurance habitation (CBC vs ING),assurance CBC,CBC,fr,2022-04-17,34
assurance_habitation_cbc,Assurance habitation (CBC vs ING),assurance CBC,CBC,fr,2022-04-24,0
assurance_habitation_cbc,Assurance habitation (CBC vs ING),assurance CBC,CBC,fr,2022-05-01,0
assurance_habitation_cbc,Assurance habitation (CBC vs ING),assurance CBC,CBC,fr,2022-05-08,0
assurance_habitation_cbc,Assurance habitation (CBC vs ING),assurance CBC,CBC,fr,2022-05-15,41
assurance_habitation_cbc,Assurance habitation (CBC vs ING),assurance CBC,CBC,fr,2022-05-22,0
assurance_habitation_cbc,Assurance habitation (CBC vs ING),assurance CBC,CBC,fr,2022-05-29,0
assurance_habitation_cbc,Assurance habitation (CBC vs ING),assurance CBC,CBC,fr,2022-06-05,41
assurance_habitation_cbc,Assurance habitation (CBC vs ING),assurance CBC,CBC,fr,2022-06-12,0
assurance_habitation_cbc,Assurance habitation (CBC vs ING),assurance CBC,CBC,fr,2022-06-19,41
assurance_habitation_cbc,Assurance habitation (CBC vs ING),assurance CBC,CBC,fr,2022-06-26,0
assurance_habitation_cbc,Assurance habitation (CBC vs ING),assurance CBC,CBC,fr,2022-07-03,0
assurance_habitation_cbc,Assurance habitation (CBC vs ING),assurance CBC,CBC,fr,2022-07-10,72
assurance_habitation_cbc,Assurance habitation (CBC vs ING),assurance CBC,CBC,fr,2022-07-17,47
assurance_habitation_cbc,Assurance habitation (CBC vs ING),assurance CBC,CBC,fr,2022-07-24,0
assurance_habitation_cbc,Assurance habitation (CBC vs ING),assurance CBC,CBC,fr,2022-07-31,0
assurance_habitation_cbc,Assurance habitation (CBC vs ING),assurance CBC,CBC,fr,2022-08-07,50
assurance_habitation_cbc,Assurance habitation (CBC vs ING),assurance CBC,CBC,fr,2022-08-14,0
assurance_habitation_cbc,Assurance habitation (CBC vs ING),assurance CBC,CBC,fr,2022-08-21,0
assurance_habitation_cbc,Assurance habitation (CBC vs ING),assurance CBC,CBC,fr,2022-08-28,0
assurance_habitation_cbc,Assurance habitation (CBC vs ING),assurance CBC,CBC,fr,2022-09-04,0
assurance_habitation_cbc,Assurance habitation (CBC vs ING),assurance CBC,CBC,fr,2022-09-11,0
assurance_habitation_cbc,Assurance habitation (CBC vs ING),assurance CBC,CBC,fr,2022-09-18,42
assurance_habitation_cbc,Assurance habitation (CBC vs ING),assurance CBC,CBC,fr,2022-09-25,0
assurance_habitation_cbc,Assurance habitation (CBC vs ING),assurance CBC,CBC,fr,2022-10-02,0
assurance_habitation_cbc,Assurance habitation (CBC vs ING),assurance CBC,CBC,fr,2022-10-09,0
assurance_habitation_cbc,Assurance habitation (CBC vs ING),assurance CBC,CBC,fr,2022-10-16,47
assurance_habitation_cbc,Assurance habitation (CBC vs ING),assurance CBC,CBC,fr,2022-10-23,0
assurance_habitation_cbc,Assurance habitation (CBC vs ING),assurance CBC,CBC,fr,2022-10-30,44
assurance_habitation_cbc,Assurance habitation (CBC vs ING),assurance CBC,CBC,fr,2022-11-06,0
assurance_habitation_cbc,Assurance habitation (CBC vs ING),assurance CBC,CBC,fr,2022-11-13,41
assurance_habitation_cbc,Assurance habitation (CBC vs ING),assurance CBC,CBC,fr,2022-11-20,0
assurance_habitation_cbc,Assurance habitation (CBC vs ING),assurance CBC,CBC,fr,2022-11-27,0
assurance_habitation_cbc,Assurance habitation (CBC vs ING),assurance CBC,CBC,fr,2022-12-04,0
assurance_habitation_cbc,Assurance habitation (CBC vs ING),assurance CBC,CBC,fr,2022-12-11,0
assurance_habitation_cbc,Assurance habitation (CBC vs ING),assurance CBC,CBC,fr,2022-12-18,41
assurance_habitation_cbc,Assurance habitation (CBC vs ING),assurance CBC,CBC,fr,2022-12-25,0
assurance_habitation_cbc,Assurance habitation (CBC vs ING),assurance CBC,CBC,fr,2023-01-01,72
assurance_habitation_cbc,Assurance habitation (CBC vs ING),assurance CBC,CBC,fr,2023-01-08,39
assurance_habitation_cbc,Assurance habitation (CBC vs ING),assurance CBC,CBC,fr,2023-01-15,0
assurance_habitation_cbc,Assurance habitation (CBC vs ING),assurance CBC,CBC,fr,2023-01-22,75
assurance_habitation_cbc,Assurance habitation (CBC vs ING),assurance CBC,CBC,fr,2023-01-29,0
assurance_habitation_cbc,Assurance habitation (CBC vs ING),assurance CBC,CBC,fr,2023-02-05,56
assurance_habitation_cbc,Assurance habitation (CBC vs ING),assurance CBC,CBC,fr,2023-02-12,0
assurance_habitation_cbc,Assurance habitation (CBC vs ING),assurance CBC,CBC,fr,2023-02-19,48
assurance_habitation_cbc,Assurance habitation (CBC vs ING),assurance CBC,CBC,fr,2023-02-26,0
assurance_habitation_cbc,Assurance habitation (CBC vs ING),assurance CBC,CBC,fr,2023-03-05,53
assurance_habitation_cbc,Assurance habitation (CBC vs ING),assurance CBC,CBC,fr,2023-03-12,0
assurance_habitation_cbc,Assurance habitation (CBC vs ING),assurance CBC,CBC,fr,2023-03-19,0
assurance_habitation_cbc,Assurance habitation (CBC vs ING),assurance CBC,CBC,fr,2023-03-26,0
assurance_habitation_cbc,Assurance habitation (CBC vs ING),assurance CBC,CBC,fr,2023-04-02,49
assurance_habitation_cbc,Assurance habitation (CBC vs ING),assurance CBC,CBC,fr,2023-04-09,59
assurance_habitation_cbc,Assurance habitation (CBC vs ING),assurance CBC,CBC,fr,2023-04-16,0
assurance_habitation_cbc,Assurance habitation (CBC vs ING),assurance CBC,CBC,fr,2023-04-23,63
assurance_habitation_cbc,Assurance habitation (CBC vs ING),assurance CBC,CBC,fr,2023-04-30,0
assurance_habitation_cbc,Assurance habitation (CBC vs ING),assurance CBC,CBC,fr,2023-05-07,0
assurance_habitation_cbc,Assurance habitation (CBC vs ING),assurance CBC,CBC,fr,2023-05-14,0
assurance_habitation_cbc,Assurance habitation (CBC vs ING),assurance CBC,CBC,fr,2023-05-21,0
assurance_habitation_cbc,Assurance habitation (CBC vs ING),assurance CBC,CBC,fr,2023-05-28,54
assurance_habitation_cbc,Assurance habitation (CBC vs ING),assurance CBC,CBC,fr,2023-06-04,54
assurance_habitation_cbc,Assurance habitation (CBC vs ING),assurance CBC,CBC,fr,2023-06-11,0
assurance_habitation_cbc,Assurance habitation (CBC vs ING),assurance CBC,CBC,fr,2023-06-18,0
assurance_habitation_cbc,Assurance habitation (CBC vs ING),assurance CBC,CBC,fr,2023-06-25,60
assurance_habitation_cbc,Assurance habitation (CBC vs ING),assurance CBC,CBC,fr,2023-07-02,69
assurance_habitation_cbc,Assurance habitation (CBC vs ING),assurance CBC,CBC,fr,2023-07-09,52
assurance_habitation_cbc,Assurance habitation (CBC vs ING),assurance CBC,CBC,fr,2023-07-16,0
assurance_habitation_cbc,Assurance habitation (CBC vs ING),assurance CBC,CBC,fr,2023-07-23,0
assurance_habitation_cbc,Assurance habitation (CBC vs ING),assurance CBC,CBC,fr,2023-07-30,0
assurance_habitation_cbc,Assurance habitation (CBC vs ING),assurance CBC,CBC,fr,2023-08-06,0
assurance_habitation_cbc,Assurance habitation (CBC vs ING),assurance CBC,CBC,fr,2023-08-13,0
assurance_habitation_cbc,Assurance habitation (CBC vs ING),assurance CBC,CBC,fr,2023-08-20,44
assurance_habitation_cbc,Assurance habitation (CBC vs ING),assurance CBC,CBC,fr,2023-08-27,46
assurance_habitation_cbc,Assurance habitation (CBC vs ING),assurance CBC,CBC,fr,2023-09-03,52
assurance_habitation_cbc,Assurance habitation (CBC vs ING),assurance CBC,CBC,fr,2023-09-10,74
assurance_habitation_cbc,Assurance habitation (CBC vs ING),assurance CBC,CBC,fr,2023-09-17,0
assurance_habitation_cbc,Assurance habitation (CBC vs ING),assurance CBC,CBC,fr,2023-09-24,47
assurance_habitation_cbc,Assurance habitation (CBC vs ING),assurance CBC,CBC,fr,2023-10-01,56
assurance_habitation_cbc,Assurance habitation (CBC vs ING),assurance CBC,CBC,fr,2023-10-08,0
assurance_habitation_cbc,Assurance habitation (CBC vs ING),assurance CBC,CBC,fr,2023-10-15,0
assurance_habitation_cbc,Assurance habitation (CBC vs ING),assurance CBC,CBC,fr,2023-10-22,52
assurance_habitation_cbc,Assurance habitation (CBC vs ING),assurance CBC,CBC,fr,2023-10-29,0
assurance_habitation_cbc,Assurance habitation (CBC vs ING),assurance CBC,CBC,fr,2023-11-05,0
assurance_habitation_cbc,Assurance habitation (CBC vs ING),assurance CBC,CBC,fr,2023-11-12,44
assurance_habitation_cbc,Assurance habitation (CBC vs ING),assurance CBC,CBC,fr,2023-11-19,45
assurance_habitation_cbc,Assurance habitation (CBC vs ING),assurance CBC,CBC,fr,2023-11-26,0
assurance_habitation_cbc,Assurance habitation (CBC vs ING),assurance CBC,CBC,fr,2023-12-03,45
assurance_habitation_cbc,Assurance habitation (CBC vs ING),assurance CBC,CBC,fr,2023-12-10,54
assurance_habitation_cbc,Assurance habitation (CBC vs ING),assurance CBC,CBC,fr,2023-12-17,47
assurance_habitation_cbc,Assurance habitation (CBC vs ING),assurance CBC,CBC,fr,2023-12-24,0
assurance_habitation_cbc,Assurance habitation (CBC vs ING),assurance CBC,CBC,fr,2023-12-31,49
assurance_habitation_cbc,Assurance habitation (CBC vs ING),assurance CBC,CBC,fr,2024-01-07,59
assurance_habitation_cbc,Assurance habitation (CBC vs ING),assurance CBC,CBC,fr,2024-01-14,0
assurance_habitation_cbc,Assurance habitation (CBC vs ING),assurance CBC,CBC,fr,2024-01-21,46
assurance_habitation_cbc,Assurance habitation (CBC vs ING),assurance CBC,CBC,fr,2024-01-28,47
assurance_habitation_cbc,Assurance habitation (CBC vs ING),assurance CBC,CBC,fr,2024-02-04,0
assurance_habitation_cbc,Assurance habitation (CBC vs ING),assurance CBC,CBC,fr,2024-02-11,0
assurance_habitation_cbc,Assurance habitation (CBC vs ING),assurance CBC,CBC,fr,2024-02-18,0
assurance_habitation_cbc,Assurance habitation (CBC vs ING),assurance CBC,CBC,fr,2024-02-25,0
assurance_habitation_cbc,Assurance habitation (CBC vs ING),assurance CBC,CBC,fr,2024-03-03,58
assurance_habitation_cbc,Assurance habitation (CBC vs ING),assurance CBC,CBC,fr,2024-03-10,58
assurance_habitation_cbc,Assurance habitation (CBC vs ING),assurance CBC,CBC,fr,2024-03-17,45
assurance_habitation_cbc,Assurance habitation (CBC vs ING),assurance CBC,CBC,fr,2024-03-24,53
assurance_habitation_cbc,Assurance habitation (CBC vs ING),assurance CBC,CBC,fr,2024-03-31,69
assurance_habitation_cbc,Assurance habitation (CBC vs ING),assurance CBC,CBC,fr,2024-04-07,0
assurance_habitation_cbc,Assurance habitation (CBC vs ING),assurance CBC,CBC,fr,2024-04-14,0
assurance_habitation_cbc,Assurance habitation (CBC vs ING),assurance CBC,CBC,fr,2024-04-21,0
assurance_habitation_cbc,Assurance habitation (CBC vs ING),assurance CBC,CBC,fr,2024-04-28,45
assurance_habitation_cbc,Assurance habitation (CBC vs ING),assurance CBC,CBC,fr,2024-05-05,0
assurance_habitation_cbc,Assurance habitation (CBC vs ING),assurance CBC,CBC,fr,2024-05-12,50
assurance_habitation_cbc,Assurance habitation (CBC vs ING),assurance CBC,CBC,fr,2024-05-19,60
assurance_habitation_cbc,Assurance habitation (CBC vs ING),assurance CBC,CBC,fr,2024-05-26,0
assurance_habitation_cbc,Assurance habitation (CBC vs ING),assurance CBC,CBC,fr,2024-06-02,0
assurance_habitation_cbc,Assurance habitation (CBC vs ING),assurance CBC,CBC,fr,2024-06-09,44
assurance_habitation_cbc,Assurance habitation (CBC vs ING),assurance CBC,CBC,fr,2024-06-16,0
assurance_habitation_cbc,Assurance habitation (CBC vs ING),assurance CBC,CBC,fr,2024-06-23,0
assurance_habitation_cbc,Assurance habitation (CBC vs ING),assurance CBC,CBC,fr,2024-06-30,0
assurance_habitation_cbc,Assurance habitation (CBC vs ING),assurance CBC,CBC,fr,2024-07-07,0
assurance_habitation_cbc,Assurance habitation (CBC vs ING),assurance CBC,CBC,fr,2024-07-14,0
assurance_habitation_cbc,Assurance habitation (CBC vs ING),assurance CBC,CBC,fr,2024-07-21,0
assurance_habitation_cbc,Assurance habitation (CBC vs ING),assurance CBC,CBC,fr,2024-07-28,52
assurance_habitation_cbc,Assurance habitation (CBC vs ING),assurance CBC,CBC,fr,2024-08-04,0
assurance_habitation_cbc,Assurance habitation (CBC vs ING),assurance CBC,CBC,fr,2024-08-11,78
assurance_habitation_cbc,Assurance habitation (CBC vs ING),assurance CBC,CBC,fr,2024-08-18,0
assurance_habitation_cbc,Assurance habitation (CBC vs ING),assurance CBC,CBC,fr,2024-08-25,0
assurance_habitation_cbc,Assurance habitation (CBC vs ING),assurance CBC,CBC,fr,2024-09-01,49
assurance_habitation_cbc,Assurance habitation (CBC vs ING),assurance CBC,CBC,fr,2024-09-08,0
assurance_habitation_cbc,Assurance habitation (CBC vs ING),assurance CBC,CBC,fr,2024-09-15,62
assurance_habitation_cbc,Assurance habitation (CBC vs ING),assurance CBC,CBC,fr,2024-09-22,59
assurance_habitation_cbc,Assurance habitation (CBC vs ING),assurance CBC,CBC,fr,2024-09-29,0
assurance_habitation_cbc,Assurance habitation (CBC vs ING),assurance CBC,CBC,fr,2024-10-06,0
assurance_habitation_cbc,Assurance habitation (CBC vs ING),assurance CBC,CBC,fr,2024-10-13,59
assurance_habitation_cbc,Assurance habitation (CBC vs ING),assurance CBC,CBC,fr,2024-10-20,0
assurance_habitation_cbc,Assurance habitation (CBC vs ING),assurance CBC,CBC,fr,2024-10-27,62
assurance_habitation_cbc,Assurance habitation (CBC vs ING),assurance CBC,CBC,fr,2024-11-03,0
assurance_habitation_cbc,Assurance habitation (CBC vs ING),assurance CBC,CBC,fr,2024-11-10,0
assurance_habitation_cbc,Assurance habitation (CBC vs ING),assurance CBC,CBC,fr,2024-11-17,0
assurance_habitation_cbc,Assurance habitation (CBC vs ING),assurance CBC,CBC,fr,2024-11-24,0
assurance_habitation_cbc,Assurance habitation (CBC vs ING),assurance CBC,CBC,fr,2024-12-01,55
assurance_habitation_cbc,Assurance habitation (CBC vs ING),assurance CBC,CBC,fr,2024-12-08,0
assurance_habitation_cbc,Assurance habitation (CBC vs ING),assurance CBC,CBC,fr,2024-12-15,0
assurance_habitation_cbc,Assurance habitation (CBC vs ING),assurance CBC,CBC,fr,2024-12-22,0
assurance_habitation_cbc,Assurance habitation (CBC vs ING),assurance CBC,CBC,fr,2024-12-29,0
assurance_habitation_cbc,Assurance habitation (CBC vs ING),assurance CBC,CBC,fr,2025-01-05,58
assurance_habitation_cbc,Assurance habitation (CBC vs ING),assurance CBC,CBC,fr,2025-01-12,0
assurance_habitation_cbc,Assurance habitation (CBC vs ING),assurance CBC,CBC,fr,2025-01-19,54
assurance_habitation_cbc,Assurance habitation (CBC vs ING),assurance CBC,CBC,fr,2025-01-26,0
assurance_habitation_cbc,Assurance habitation (CBC vs ING),assurance CBC,CBC,fr,2025-02-02,0
assurance_habitation_cbc,Assurance habitation (CBC vs ING),assurance CBC,CBC,fr,2025-02-09,48
assurance_habitation_cbc,Assurance habitation (CBC vs ING),assurance CBC,CBC,fr,2025-02-16,0
assurance_habitation_cbc,Assurance habitation (CBC vs ING),assurance CBC,CBC,fr,2025-02-23,100
assurance_habitation_cbc,Assurance habitation (CBC vs ING),assurance CBC,CBC,fr,2025-03-02,64
assurance_habitation_cbc,Assurance habitation (CBC vs ING),assurance CBC,CBC,fr,2025-03-09,0
assurance_habitation_cbc,Assurance habitation (CBC vs ING),assurance CBC,CBC,fr,2025-03-16,0
assurance_habitation_cbc,Assurance habitation (CBC vs ING),assurance CBC,CBC,fr,2025-03-23,87
assurance_habitation_cbc,Assurance habitation (CBC vs ING),assurance CBC,CBC,fr,2025-03-30,0
assurance_habitation_cbc,Assurance habitation (CBC vs ING),assurance CBC,CBC,fr,2025-04-06,0
assurance_habitation_cbc,Assurance habitation (CBC vs ING),assurance CBC,CBC,fr,2025-04-13,0
assurance_habitation_cbc,Assurance habitation (CBC vs ING),assurance CBC,CBC,fr,2025-04-20,52
assurance_habitation_cbc,Assurance habitation (CBC vs ING),assurance CBC,CBC,fr,2025-04-27,0
assurance_habitation_cbc,Assurance habitation (CBC vs ING),assurance CBC,CBC,fr,2025-05-04,0
assurance_habitation_cbc,Assurance habitation (CBC vs ING),assurance CBC,CBC,fr,2025-05-11,0
assurance_habitation_cbc,Assurance habitation (CBC vs ING),assurance CBC,CBC,fr,2025-05-18,0
assurance_habitation_cbc,Assurance habitation (CBC vs ING),assurance CBC,CBC,fr,2025-05-25,0
assurance_habitation_cbc,Assurance habitation (CBC vs ING),assurance CBC,CBC,fr,2025-06-01,57
assurance_habitation_cbc,Assurance habitation (CBC vs ING),assurance CBC,CBC,fr,2025-06-08,76
assurance_habitation_cbc,Assurance habitation (CBC vs ING),assurance CBC,CBC,fr,2025-06-15,48
assurance_habitation_cbc,Assurance habitation (CBC vs ING),assurance CBC,CBC,fr,2025-06-22,0
assurance_habitation_cbc,Assurance habitation (CBC vs ING),assurance CBC,CBC,fr,2025-06-29,0
assurance_habitation_cbc,Assurance habitation (CBC vs ING),assurance CBC,CBC,fr,2025-07-06,0
assurance_habitation_cbc,Assurance habitation (CBC vs ING),assurance CBC,CBC,fr,2025-07-13,0
assurance_habitation_cbc,Assurance habitation (CBC vs ING),assurance CBC,CBC,fr,2025-07-20,61
assurance_habitation_cbc,Assurance habitation (CBC vs ING),assurance CBC,CBC,fr,2025-07-27,54
assurance_habitation_cbc,Assurance habitation (CBC vs ING),assurance CBC,CBC,fr,2025-08-03,0
assurance_habitation_cbc,Assurance habitation (CBC vs ING),assurance CBC,CBC,fr,2025-08-10,0
assurance_habitation_cbc,Assurance habitation (CBC vs ING),assurance CBC,CBC,fr,2025-08-17,0
assurance_habitation_cbc,Assurance habitation (CBC vs ING),assurance CBC,CBC,fr,2025-08-24,54
assurance_habitation_cbc,Assurance habitation (CBC vs ING),assurance CBC,CBC,fr,2025-08-31,61
assurance_habitation_cbc,Assurance habitation (CBC vs ING),assurance CBC,CBC,fr,2025-09-07,86
assurance_habitation_cbc,Assurance habitation (CBC vs ING),assurance CBC,CBC,fr,2025-09-14,53
assurance_habitation_cbc,Assurance habitation (CBC vs ING),assurance CBC,CBC,fr,2025-09-21,0
assurance_habitation_cbc,Assurance habitation (CBC vs ING),assurance CBC,CBC,fr,2025-09-28,0
assurance_habitation_cbc,Assurance habitation (CBC vs ING),assurance CBC,CBC,fr,2025-10-05,90
assurance_habitation_cbc,Assurance habitation (CBC vs ING),assurance CBC,CBC,fr,2025-10-12,55
assurance_habitation_cbc,Assurance habitation (CBC vs ING),assurance CBC,CBC,fr,2025-10-19,48
assurance_habitation_cbc,Assurance habitation (CBC vs ING),assurance CBC,CBC,fr,2025-10-26,0
assurance_habitation_cbc,Assurance habitation (CBC vs ING),assurance CBC,CBC,fr,2025-11-02,77
assurance_habitation_cbc,Assurance habitation (CBC vs ING),assurance CBC,CBC,fr,2025-11-09,0
assurance_habitation_cbc,Assurance habitation (CBC vs ING),assurance CBC,CBC,fr,2025-11-16,0
assurance_habitation_cbc,Assurance habitation (CBC vs ING),assurance CBC,CBC,fr,2025-11-23,0
assurance_habitation_cbc,Assurance habitation (CBC vs ING),assurance CBC,CBC,fr,2025-11-30,0
assurance_habitation_cbc,Assurance habitation (CBC vs ING),assurance CBC,CBC,fr,2025-12-07,57
assurance_habitation_cbc,Assurance habitation (CBC vs ING),assurance CBC,CBC,fr,2025-12-14,0
assurance_habitation_cbc,Assurance habitation (CBC vs ING),assurance CBC,CBC,fr,2025-12-21,99
assurance_habitation_cbc,Assurance habitation (CBC vs ING),assurance CBC,CBC,fr,2025-12-28,0
assurance_habitation_cbc,Assurance habitation (CBC vs ING),assurance CBC,CBC,fr,2026-01-04,54
assurance_habitation_cbc,Assurance habitation (CBC vs ING),assurance CBC,CBC,fr,2026-01-11,68
assurance_habitation_cbc,Assurance habitation (CBC vs ING),assurance CBC,CBC,fr,2026-01-18,60
assurance_habitation_cbc,Assurance habitation (CBC vs ING),assurance CBC,CBC,fr,2026-01-25,56
assurance_habitation_cbc,Assurance habitation (CBC vs ING),assurance CBC,CBC,fr,2026-02-01,87
assurance_habitation_cbc,Assurance habitation (CBC vs ING),assurance CBC,CBC,fr,2026-02-08,56
assurance_habitation_cbc,Assurance habitation (CBC vs ING),assurance CBC,CBC,fr,2026-02-15,48
assurance_habitation_cbc,Assurance habitation (CBC vs ING),assurance CBC,CBC,fr,2026-02-22,49
assurance_habitation_cbc,Assurance habitation (CBC vs ING),assurance CBC,CBC,fr,2026-03-01,65
assurance_habitation_cbc,Assurance habitation (CBC vs ING),assurance CBC,CBC,fr,2026-03-08,0
assurance_habitation_cbc,Assurance habitation (CBC vs ING),assurance CBC,CBC,fr,2026-03-15,0
assurance_habitation_cbc,Assurance habitation (CBC vs ING),assurance CBC,CBC,fr,2026-03-22,0
assurance_habitation_cbc,Assurance habitation (CBC vs ING),assurance CBC,CBC,fr,2026-03-29,68
assurance_habitation_cbc,Assurance habitation (CBC vs ING),assurance CBC,CBC,fr,2026-04-05,0
assurance_habitation_cbc,Assurance habitation (CBC vs ING),assurance CBC,CBC,fr,2026-04-12,0
assurance_habitation_cbc,Assurance habitation (CBC vs ING),assurance CBC,CBC,fr,2026-04-19,0
assurance_habitation_cbc,Assurance habitation (CBC vs ING),assurance CBC,CBC,fr,2026-04-26,52
assurance_habitation_cbc,Assurance habitation (CBC vs ING),assurance CBC,CBC,fr,2026-05-03,0
assurance_habitation_cbc,Assurance habitation (CBC vs ING),assurance CBC,CBC,fr,2026-05-10,0
assurance_habitation_cbc,Assurance habitation (CBC vs ING),assurance CBC,CBC,fr,2026-05-17,48
assurance_habitation_cbc,Assurance habitation (CBC vs ING),assurance CBC,CBC,fr,2026-05-24,0
assurance_habitation_cbc,Assurance habitation (CBC vs ING),assurance CBC,CBC,fr,2026-05-31,55
assurance_habitation_cbc,Assurance habitation (CBC vs ING),assurance CBC,CBC,fr,2026-06-07,62
assurance_habitation_cbc,Assurance habitation (CBC vs ING),assurance CBC,CBC,fr,2026-06-14,0
assurance_habitation_cbc,Assurance habitation (CBC vs ING),assurance CBC,CBC,fr,2026-06-21,50
assurance_habitation_cbc,Assurance habitation (CBC vs ING),assurance CBC,CBC,fr,2026-06-28,0
assurance_habitation_cbc,Assurance habitation (CBC vs ING),assurance CBC,CBC,fr,2026-07-05,0
assurance_habitation_cbc,Assurance habitation (CBC vs ING),assurance CBC,CBC,fr,2026-07-12,0
assurance_habitation_cbc,Assurance habitation (CBC vs ING),assurance CBC,CBC,fr,2026-07-19,0
assurance_habitation_cbc,Assurance habitation (CBC vs ING),assurance CBC,CBC,fr,2026-07-26,0
assurance_habitation_cbc,Assurance habitation (CBC vs ING),assurance CBC,CBC,fr,2026-08-02,55
assurance_habitation_cbc,Assurance habitation (CBC vs ING),assurance CBC,CBC,fr,2026-08-09,0
assurance_habitation_cbc,Assurance habitation (CBC vs ING),assurance CBC,CBC,fr,2026-08-16,0
assurance_habitation_cbc,Assurance habitation (CBC vs ING),assurance CBC,CBC,fr,2026-08-23,0
assurance_habitation_cbc,Assurance habitation (CBC vs ING),assurance CBC,CBC,fr,2026-08-30,87
assurance_habitation_cbc,Assurance habitation (CBC vs ING),assurance CBC,CBC,fr,2026-09-06,42
assurance_habitation_cbc,Assurance habitation (CBC vs ING),assurance CBC,CBC,fr,2026-09-13,45
carte_credit_cbc,Carte de crédit (CBC vs ING),carte de crédit CBC,CBC,fr,2021-09-12,0
carte_credit_cbc,Carte de crédit (CBC vs ING),carte de crédit CBC,CBC,fr,2021-09-19,0
carte_credit_cbc,Carte de crédit (CBC vs ING),carte de crédit CBC,CBC,fr,2021-09-26,0
carte_credit_cbc,Carte de crédit (CBC vs ING),carte de crédit CBC,CBC,fr,2021-10-03,0
carte_credit_cbc,Carte de crédit (CBC vs ING),carte de crédit CBC,CBC,fr,2021-10-10,0
carte_credit_cbc,Carte de crédit (CBC vs ING),carte de crédit CBC,CBC,fr,2021-10-17,33
carte_credit_cbc,Carte de crédit (CBC vs ING),carte de crédit CBC,CBC,fr,2021-10-24,0
carte_credit_cbc,Carte de crédit (CBC vs ING),carte de crédit CBC,CBC,fr,2021-10-31,0
carte_credit_cbc,Carte de crédit (CBC vs ING),carte de crédit CBC,CBC,fr,2021-11-07,0
carte_credit_cbc,Carte de crédit (CBC vs ING),carte de crédit CBC,CBC,fr,2021-11-14,0
carte_credit_cbc,Carte de crédit (CBC vs ING),carte de crédit CBC,CBC,fr,2021-11-21,0
carte_credit_cbc,Carte de crédit (CBC vs ING),carte de crédit CBC,CBC,fr,2021-11-28,0
carte_credit_cbc,Carte de crédit (CBC vs ING),carte de crédit CBC,CBC,fr,2021-12-05,0
carte_credit_cbc,Carte de crédit (CBC vs ING),carte de crédit CBC,CBC,fr,2021-12-12,0
carte_credit_cbc,Carte de crédit (CBC vs ING),carte de crédit CBC,CBC,fr,2021-12-19,0
carte_credit_cbc,Carte de crédit (CBC vs ING),carte de crédit CBC,CBC,fr,2021-12-26,0
carte_credit_cbc,Carte de crédit (CBC vs ING),carte de crédit CBC,CBC,fr,2022-01-02,0
carte_credit_cbc,Carte de crédit (CBC vs ING),carte de crédit CBC,CBC,fr,2022-01-09,0
carte_credit_cbc,Carte de crédit (CBC vs ING),carte de crédit CBC,CBC,fr,2022-01-16,0
carte_credit_cbc,Carte de crédit (CBC vs ING),carte de crédit CBC,CBC,fr,2022-01-23,0
carte_credit_cbc,Carte de crédit (CBC vs ING),carte de crédit CBC,CBC,fr,2022-01-30,0
carte_credit_cbc,Carte de crédit (CBC vs ING),carte de crédit CBC,CBC,fr,2022-02-06,0
carte_credit_cbc,Carte de crédit (CBC vs ING),carte de crédit CBC,CBC,fr,2022-02-13,0
carte_credit_cbc,Carte de crédit (CBC vs ING),carte de crédit CBC,CBC,fr,2022-02-20,0
carte_credit_cbc,Carte de crédit (CBC vs ING),carte de crédit CBC,CBC,fr,2022-02-27,0
carte_credit_cbc,Carte de crédit (CBC vs ING),carte de crédit CBC,CBC,fr,2022-03-06,0
carte_credit_cbc,Carte de crédit (CBC vs ING),carte de crédit CBC,CBC,fr,2022-03-13,0
carte_credit_cbc,Carte de crédit (CBC vs ING),carte de crédit CBC,CBC,fr,2022-03-20,0
carte_credit_cbc,Carte de crédit (CBC vs ING),carte de crédit CBC,CBC,fr,2022-03-27,0
carte_credit_cbc,Carte de crédit (CBC vs ING),carte de crédit CBC,CBC,fr,2022-04-03,0
carte_credit_cbc,Carte de crédit (CBC vs ING),carte de crédit CBC,CBC,fr,2022-04-10,0
carte_credit_cbc,Carte de crédit (CBC vs ING),carte de crédit CBC,CBC,fr,2022-04-17,0
carte_credit_cbc,Carte de crédit (CBC vs ING),carte de crédit CBC,CBC,fr,2022-04-24,0
carte_credit_cbc,Carte de crédit (CBC vs ING),carte de crédit CBC,CBC,fr,2022-05-01,0
carte_credit_cbc,Carte de crédit (CBC vs ING),carte de crédit CBC,CBC,fr,2022-05-08,0
carte_credit_cbc,Carte de crédit (CBC vs ING),carte de crédit CBC,CBC,fr,2022-05-15,0
carte_credit_cbc,Carte de crédit (CBC vs ING),carte de crédit CBC,CBC,fr,2022-05-22,0
carte_credit_cbc,Carte de crédit (CBC vs ING),carte de crédit CBC,CBC,fr,2022-05-29,0
carte_credit_cbc,Carte de crédit (CBC vs ING),carte de crédit CBC,CBC,fr,2022-06-05,0
carte_credit_cbc,Carte de crédit (CBC vs ING),carte de crédit CBC,CBC,fr,2022-06-12,0
carte_credit_cbc,Carte de crédit (CBC vs ING),carte de crédit CBC,CBC,fr,2022-06-19,0
carte_credit_cbc,Carte de crédit (CBC vs ING),carte de crédit CBC,CBC,fr,2022-06-26,0
carte_credit_cbc,Carte de crédit (CBC vs ING),carte de crédit CBC,CBC,fr,2022-07-03,0
carte_credit_cbc,Carte de crédit (CBC vs ING),carte de crédit CBC,CBC,fr,2022-07-10,0
carte_credit_cbc,Carte de crédit (CBC vs ING),carte de crédit CBC,CBC,fr,2022-07-17,0
carte_credit_cbc,Carte de crédit (CBC vs ING),carte de crédit CBC,CBC,fr,2022-07-24,0
carte_credit_cbc,Carte de crédit (CBC vs ING),carte de crédit CBC,CBC,fr,2022-07-31,0
carte_credit_cbc,Carte de crédit (CBC vs ING),carte de crédit CBC,CBC,fr,2022-08-07,0
carte_credit_cbc,Carte de crédit (CBC vs ING),carte de crédit CBC,CBC,fr,2022-08-14,0
carte_credit_cbc,Carte de crédit (CBC vs ING),carte de crédit CBC,CBC,fr,2022-08-21,0
carte_credit_cbc,Carte de crédit (CBC vs ING),carte de crédit CBC,CBC,fr,2022-08-28,0
carte_credit_cbc,Carte de crédit (CBC vs ING),carte de crédit CBC,CBC,fr,2022-09-04,0
carte_credit_cbc,Carte de crédit (CBC vs ING),carte de crédit CBC,CBC,fr,2022-09-11,0
carte_credit_cbc,Carte de crédit (CBC vs ING),carte de crédit CBC,CBC,fr,2022-09-18,0
carte_credit_cbc,Carte de crédit (CBC vs ING),carte de crédit CBC,CBC,fr,2022-09-25,0
carte_credit_cbc,Carte de crédit (CBC vs ING),carte de crédit CBC,CBC,fr,2022-10-02,0
carte_credit_cbc,Carte de crédit (CBC vs ING),carte de crédit CBC,CBC,fr,2022-10-09,0
carte_credit_cbc,Carte de crédit (CBC vs ING),carte de crédit CBC,CBC,fr,2022-10-16,0
carte_credit_cbc,Carte de crédit (CBC vs ING),carte de crédit CBC,CBC,fr,2022-10-23,0
carte_credit_cbc,Carte de crédit (CBC vs ING),carte de crédit CBC,CBC,fr,2022-10-30,0
carte_credit_cbc,Carte de crédit (CBC vs ING),carte de crédit CBC,CBC,fr,2022-11-06,0
carte_credit_cbc,Carte de crédit (CBC vs ING),carte de crédit CBC,CBC,fr,2022-11-13,0
carte_credit_cbc,Carte de crédit (CBC vs ING),carte de crédit CBC,CBC,fr,2022-11-20,0
carte_credit_cbc,Carte de crédit (CBC vs ING),carte de crédit CBC,CBC,fr,2022-11-27,0
carte_credit_cbc,Carte de crédit (CBC vs ING),carte de crédit CBC,CBC,fr,2022-12-04,0
carte_credit_cbc,Carte de crédit (CBC vs ING),carte de crédit CBC,CBC,fr,2022-12-11,0
carte_credit_cbc,Carte de crédit (CBC vs ING),carte de crédit CBC,CBC,fr,2022-12-18,0
carte_credit_cbc,Carte de crédit (CBC vs ING),carte de crédit CBC,CBC,fr,2022-12-25,0
carte_credit_cbc,Carte de crédit (CBC vs ING),carte de crédit CBC,CBC,fr,2023-01-01,0
carte_credit_cbc,Carte de crédit (CBC vs ING),carte de crédit CBC,CBC,fr,2023-01-08,0
carte_credit_cbc,Carte de crédit (CBC vs ING),carte de crédit CBC,CBC,fr,2023-01-15,0
carte_credit_cbc,Carte de crédit (CBC vs ING),carte de crédit CBC,CBC,fr,2023-01-22,0
carte_credit_cbc,Carte de crédit (CBC vs ING),carte de crédit CBC,CBC,fr,2023-01-29,0
carte_credit_cbc,Carte de crédit (CBC vs ING),carte de crédit CBC,CBC,fr,2023-02-05,0
carte_credit_cbc,Carte de crédit (CBC vs ING),carte de crédit CBC,CBC,fr,2023-02-12,0
carte_credit_cbc,Carte de crédit (CBC vs ING),carte de crédit CBC,CBC,fr,2023-02-19,0
carte_credit_cbc,Carte de crédit (CBC vs ING),carte de crédit CBC,CBC,fr,2023-02-26,0
carte_credit_cbc,Carte de crédit (CBC vs ING),carte de crédit CBC,CBC,fr,2023-03-05,0
carte_credit_cbc,Carte de crédit (CBC vs ING),carte de crédit CBC,CBC,fr,2023-03-12,0
carte_credit_cbc,Carte de crédit (CBC vs ING),carte de crédit CBC,CBC,fr,2023-03-19,29
carte_credit_cbc,Carte de crédit (CBC vs ING),carte de crédit CBC,CBC,fr,2023-03-26,0
carte_credit_cbc,Carte de crédit (CBC vs ING),carte de crédit CBC,CBC,fr,2023-04-02,0
carte_credit_cbc,Carte de crédit (CBC vs ING),carte de crédit CBC,CBC,fr,2023-04-09,0
carte_credit_cbc,Carte de crédit (CBC vs ING),carte de crédit CBC,CBC,fr,2023-04-16,0
carte_credit_cbc,Carte de crédit (CBC vs ING),carte de crédit CBC,CBC,fr,2023-04-23,0
carte_credit_cbc,Carte de crédit (CBC vs ING),carte de crédit CBC,CBC,fr,2023-04-30,0
carte_credit_cbc,Carte de crédit (CBC vs ING),carte de crédit CBC,CBC,fr,2023-05-07,0
carte_credit_cbc,Carte de crédit (CBC vs ING),carte de crédit CBC,CBC,fr,2023-05-14,0
carte_credit_cbc,Carte de crédit (CBC vs ING),carte de crédit CBC,CBC,fr,2023-05-21,0
carte_credit_cbc,Carte de crédit (CBC vs ING),carte de crédit CBC,CBC,fr,2023-05-28,0
carte_credit_cbc,Carte de crédit (CBC vs ING),carte de crédit CBC,CBC,fr,2023-06-04,0
carte_credit_cbc,Carte de crédit (CBC vs ING),carte de crédit CBC,CBC,fr,2023-06-11,0
carte_credit_cbc,Carte de crédit (CBC vs ING),carte de crédit CBC,CBC,fr,2023-06-18,0
carte_credit_cbc,Carte de crédit (CBC vs ING),carte de crédit CBC,CBC,fr,2023-06-25,0
carte_credit_cbc,Carte de crédit (CBC vs ING),carte de crédit CBC,CBC,fr,2023-07-02,0
carte_credit_cbc,Carte de crédit (CBC vs ING),carte de crédit CBC,CBC,fr,2023-07-09,0
carte_credit_cbc,Carte de crédit (CBC vs ING),carte de crédit CBC,CBC,fr,2023-07-16,0
carte_credit_cbc,Carte de crédit (CBC vs ING),carte de crédit CBC,CBC,fr,2023-07-23,0
carte_credit_cbc,Carte de crédit (CBC vs ING),carte de crédit CBC,CBC,fr,2023-07-30,0
carte_credit_cbc,Carte de crédit (CBC vs ING),carte de crédit CBC,CBC,fr,2023-08-06,0
carte_credit_cbc,Carte de crédit (CBC vs ING),carte de crédit CBC,CBC,fr,2023-08-13,0
carte_credit_cbc,Carte de crédit (CBC vs ING),carte de crédit CBC,CBC,fr,2023-08-20,0
carte_credit_cbc,Carte de crédit (CBC vs ING),carte de crédit CBC,CBC,fr,2023-08-27,0
carte_credit_cbc,Carte de crédit (CBC vs ING),carte de crédit CBC,CBC,fr,2023-09-03,25
carte_credit_cbc,Carte de crédit (CBC vs ING),carte de crédit CBC,CBC,fr,2023-09-10,0
carte_credit_cbc,Carte de crédit (CBC vs ING),carte de crédit CBC,CBC,fr,2023-09-17,0
carte_credit_cbc,Carte de crédit (CBC vs ING),carte de crédit CBC,CBC,fr,2023-09-24,0
carte_credit_cbc,Carte de crédit (CBC vs ING),carte de crédit CBC,CBC,fr,2023-10-01,0
carte_credit_cbc,Carte de crédit (CBC vs ING),carte de crédit CBC,CBC,fr,2023-10-08,0
carte_credit_cbc,Carte de crédit (CBC vs ING),carte de crédit CBC,CBC,fr,2023-10-15,0
carte_credit_cbc,Carte de crédit (CBC vs ING),carte de crédit CBC,CBC,fr,2023-10-22,0
carte_credit_cbc,Carte de crédit (CBC vs ING),carte de crédit CBC,CBC,fr,2023-10-29,0
carte_credit_cbc,Carte de crédit (CBC vs ING),carte de crédit CBC,CBC,fr,2023-11-05,0
carte_credit_cbc,Carte de crédit (CBC vs ING),carte de crédit CBC,CBC,fr,2023-11-12,0
carte_credit_cbc,Carte de crédit (CBC vs ING),carte de crédit CBC,CBC,fr,2023-11-19,0
carte_credit_cbc,Carte de crédit (CBC vs ING),carte de crédit CBC,CBC,fr,2023-11-26,0
carte_credit_cbc,Carte de crédit (CBC vs ING),carte de crédit CBC,CBC,fr,2023-12-03,0
carte_credit_cbc,Carte de crédit (CBC vs ING),carte de crédit CBC,CBC,fr,2023-12-10,0
carte_credit_cbc,Carte de crédit (CBC vs ING),carte de crédit CBC,CBC,fr,2023-12-17,0
carte_credit_cbc,Carte de crédit (CBC vs ING),carte de crédit CBC,CBC,fr,2023-12-24,0
carte_credit_cbc,Carte de crédit (CBC vs ING),carte de crédit CBC,CBC,fr,2023-12-31,0
carte_credit_cbc,Carte de crédit (CBC vs ING),carte de crédit CBC,CBC,fr,2024-01-07,0
carte_credit_cbc,Carte de crédit (CBC vs ING),carte de crédit CBC,CBC,fr,2024-01-14,0
carte_credit_cbc,Carte de crédit (CBC vs ING),carte de crédit CBC,CBC,fr,2024-01-21,0
carte_credit_cbc,Carte de crédit (CBC vs ING),carte de crédit CBC,CBC,fr,2024-01-28,0
carte_credit_cbc,Carte de crédit (CBC vs ING),carte de crédit CBC,CBC,fr,2024-02-04,0
carte_credit_cbc,Carte de crédit (CBC vs ING),carte de crédit CBC,CBC,fr,2024-02-11,0
carte_credit_cbc,Carte de crédit (CBC vs ING),carte de crédit CBC,CBC,fr,2024-02-18,0
carte_credit_cbc,Carte de crédit (CBC vs ING),carte de crédit CBC,CBC,fr,2024-02-25,0
carte_credit_cbc,Carte de crédit (CBC vs ING),carte de crédit CBC,CBC,fr,2024-03-03,0
carte_credit_cbc,Carte de crédit (CBC vs ING),carte de crédit CBC,CBC,fr,2024-03-10,0
carte_credit_cbc,Carte de crédit (CBC vs ING),carte de crédit CBC,CBC,fr,2024-03-17,0
carte_credit_cbc,Carte de crédit (CBC vs ING),carte de crédit CBC,CBC,fr,2024-03-24,0
carte_credit_cbc,Carte de crédit (CBC vs ING),carte de crédit CBC,CBC,fr,2024-03-31,0
carte_credit_cbc,Carte de crédit (CBC vs ING),carte de crédit CBC,CBC,fr,2024-04-07,0
carte_credit_cbc,Carte de crédit (CBC vs ING),carte de crédit CBC,CBC,fr,2024-04-14,0
carte_credit_cbc,Carte de crédit (CBC vs ING),carte de crédit CBC,CBC,fr,2024-04-21,0
carte_credit_cbc,Carte de crédit (CBC vs ING),carte de crédit CBC,CBC,fr,2024-04-28,0
carte_credit_cbc,Carte de crédit (CBC vs ING),carte de crédit CBC,CBC,fr,2024-05-05,0
carte_credit_cbc,Carte de crédit (CBC vs ING),carte de crédit CBC,CBC,fr,2024-05-12,0
carte_credit_cbc,Carte de crédit (CBC vs ING),carte de crédit CBC,CBC,fr,2024-05-19,0
carte_credit_cbc,Carte de crédit (CBC vs ING),carte de crédit CBC,CBC,fr,2024-05-26,0
carte_credit_cbc,Carte de crédit (CBC vs ING),carte de crédit CBC,CBC,fr,2024-06-02,0
carte_credit_cbc,Carte de crédit (CBC vs ING),carte de crédit CBC,CBC,fr,2024-06-09,0
carte_credit_cbc,Carte de crédit (CBC vs ING),carte de crédit CBC,CBC,fr,2024-06-16,0
carte_credit_cbc,Carte de crédit (CBC vs ING),carte de crédit CBC,CBC,fr,2024-06-23,0
carte_credit_cbc,Carte de crédit (CBC vs ING),carte de crédit CBC,CBC,fr,2024-06-30,0
carte_credit_cbc,Carte de crédit (CBC vs ING),carte de crédit CBC,CBC,fr,2024-07-07,0
carte_credit_cbc,Carte de crédit (CBC vs ING),carte de crédit CBC,CBC,fr,2024-07-14,0
carte_credit_cbc,Carte de crédit (CBC vs ING),carte de crédit CBC,CBC,fr,2024-07-21,0
carte_credit_cbc,Carte de crédit (CBC vs ING),carte de crédit CBC,CBC,fr,2024-07-28,0
carte_credit_cbc,Carte de crédit (CBC vs ING),carte de crédit CBC,CBC,fr,2024-08-04,0
carte_credit_cbc,Carte de crédit (CBC vs ING),carte de crédit CBC,CBC,fr,2024-08-11,0
carte_credit_cbc,Carte de crédit (CBC vs ING),carte de crédit CBC,CBC,fr,2024-08-18,0
carte_credit_cbc,Carte de crédit (CBC vs ING),carte de crédit CBC,CBC,fr,2024-08-25,0
carte_credit_cbc,Carte de crédit (CBC vs ING),carte de crédit CBC,CBC,fr,2024-09-01,0
carte_credit_cbc,Carte de crédit (CBC vs ING),carte de crédit CBC,CBC,fr,2024-09-08,0
carte_credit_cbc,Carte de crédit (CBC vs ING),carte de crédit CBC,CBC,fr,2024-09-15,0
carte_credit_cbc,Carte de crédit (CBC vs ING),carte de crédit CBC,CBC,fr,2024-09-22,0
carte_credit_cbc,Carte de crédit (CBC vs ING),carte de crédit CBC,CBC,fr,2024-09-29,0
carte_credit_cbc,Carte de crédit (CBC vs ING),carte de crédit CBC,CBC,fr,2024-10-06,0
carte_credit_cbc,Carte de crédit (CBC vs ING),carte de crédit CBC,CBC,fr,2024-10-13,0
carte_credit_cbc,Carte de crédit (CBC vs ING),carte de crédit CBC,CBC,fr,2024-10-20,0
carte_credit_cbc,Carte de crédit (CBC vs ING),carte de crédit CBC,CBC,fr,2024-10-27,0
carte_credit_cbc,Carte de crédit (CBC vs ING),carte de crédit CBC,CBC,fr,2024-11-03,0
carte_credit_cbc,Carte de crédit (CBC vs ING),carte de crédit CBC,CBC,fr,2024-11-10,0
carte_credit_cbc,Carte de crédit (CBC vs ING),carte de crédit CBC,CBC,fr,2024-11-17,0
carte_credit_cbc,Carte de crédit (CBC vs ING),carte de crédit CBC,CBC,fr,2024-11-24,0
carte_credit_cbc,Carte de crédit (CBC vs ING),carte de crédit CBC,CBC,fr,2024-12-01,0
carte_credit_cbc,Carte de crédit (CBC vs ING),carte de crédit CBC,CBC,fr,2024-12-08,0
carte_credit_cbc,Carte de crédit (CBC vs ING),carte de crédit CBC,CBC,fr,2024-12-15,0
carte_credit_cbc,Carte de crédit (CBC vs ING),carte de crédit CBC,CBC,fr,2024-12-22,0
carte_credit_cbc,Carte de crédit (CBC vs ING),carte de crédit CBC,CBC,fr,2024-12-29,0
carte_credit_cbc,Carte de crédit (CBC vs ING),carte de crédit CBC,CBC,fr,2025-01-05,0
carte_credit_cbc,Carte de crédit (CBC vs ING),carte de crédit CBC,CBC,fr,2025-01-12,0
carte_credit_cbc,Carte de crédit (CBC vs ING),carte de crédit CBC,CBC,fr,2025-01-19,0
carte_credit_cbc,Carte de crédit (CBC vs ING),carte de crédit CBC,CBC,fr,2025-01-26,0
carte_credit_cbc,Carte de crédit (CBC vs ING),carte de crédit CBC,CBC,fr,2025-02-02,0
carte_credit_cbc,Carte de crédit (CBC vs ING),carte de crédit CBC,CBC,fr,2025-02-09,0
carte_credit_cbc,Carte de crédit (CBC vs ING),carte de crédit CBC,CBC,fr,2025-02-16,0
carte_credit_cbc,Carte de crédit (CBC vs ING),carte de crédit CBC,CBC,fr,2025-02-23,0
carte_credit_cbc,Carte de crédit (CBC vs ING),carte de crédit CBC,CBC,fr,2025-03-02,0
carte_credit_cbc,Carte de crédit (CBC vs ING),carte de crédit CBC,CBC,fr,2025-03-09,0
carte_credit_cbc,Carte de crédit (CBC vs ING),carte de crédit CBC,CBC,fr,2025-03-16,0
carte_credit_cbc,Carte de crédit (CBC vs ING),carte de crédit CBC,CBC,fr,2025-03-23,0
carte_credit_cbc,Carte de crédit (CBC vs ING),carte de crédit CBC,CBC,fr,2025-03-30,0
carte_credit_cbc,Carte de crédit (CBC vs ING),carte de crédit CBC,CBC,fr,2025-04-06,0
carte_credit_cbc,Carte de crédit (CBC vs ING),carte de crédit CBC,CBC,fr,2025-04-13,0
carte_credit_cbc,Carte de crédit (CBC vs ING),carte de crédit CBC,CBC,fr,2025-04-20,0
carte_credit_cbc,Carte de crédit (CBC vs ING),carte de crédit CBC,CBC,fr,2025-04-27,0
carte_credit_cbc,Carte de crédit (CBC vs ING),carte de crédit CBC,CBC,fr,2025-05-04,0
carte_credit_cbc,Carte de crédit (CBC vs ING),carte de crédit CBC,CBC,fr,2025-05-11,0
carte_credit_cbc,Carte de crédit (CBC vs ING),carte de crédit CBC,CBC,fr,2025-05-18,0
carte_credit_cbc,Carte de crédit (CBC vs ING),carte de crédit CBC,CBC,fr,2025-05-25,0
carte_credit_cbc,Carte de crédit (CBC vs ING),carte de crédit CBC,CBC,fr,2025-06-01,0
carte_credit_cbc,Carte de crédit (CBC vs ING),carte de crédit CBC,CBC,fr,2025-06-08,0
carte_credit_cbc,Carte de crédit (CBC vs ING),carte de crédit CBC,CBC,fr,2025-06-15,0
carte_credit_cbc,Carte de crédit (CBC vs ING),carte de crédit CBC,CBC,fr,2025-06-22,0
carte_credit_cbc,Carte de crédit (CBC vs ING),carte de crédit CBC,CBC,fr,2025-06-29,0
carte_credit_cbc,Carte de crédit (CBC vs ING),carte de crédit CBC,CBC,fr,2025-07-06,0
carte_credit_cbc,Carte de crédit (CBC vs ING),carte de crédit CBC,CBC,fr,2025-07-13,0
carte_credit_cbc,Carte de crédit (CBC vs ING),carte de crédit CBC,CBC,fr,2025-07-20,0
carte_credit_cbc,Carte de crédit (CBC vs ING),carte de crédit CBC,CBC,fr,2025-07-27,0
carte_credit_cbc,Carte de crédit (CBC vs ING),carte de crédit CBC,CBC,fr,2025-08-03,0
carte_credit_cbc,Carte de crédit (CBC vs ING),carte de crédit CBC,CBC,fr,2025-08-10,0
carte_credit_cbc,Carte de crédit (CBC vs ING),carte de crédit CBC,CBC,fr,2025-08-17,0
carte_credit_cbc,Carte de crédit (CBC vs ING),carte de crédit CBC,CBC,fr,2025-08-24,0
carte_credit_cbc,Carte de crédit (CBC vs ING),carte de crédit CBC,CBC,fr,2025-08-31,0
carte_credit_cbc,Carte de crédit (CBC vs ING),carte de crédit CBC,CBC,fr,2025-09-07,0
carte_credit_cbc,Carte de crédit (CBC vs ING),carte de crédit CBC,CBC,fr,2025-09-14,0
carte_credit_cbc,Carte de crédit (CBC vs ING),carte de crédit CBC,CBC,fr,2025-09-21,0
carte_credit_cbc,Carte de crédit (CBC vs ING),carte de crédit CBC,CBC,fr,2025-09-28,0
carte_credit_cbc,Carte de crédit (CBC vs ING),carte de crédit CBC,CBC,fr,2025-10-05,0
carte_credit_cbc,Carte de crédit (CBC vs ING),carte de crédit CBC,CBC,fr,2025-10-12,0
carte_credit_cbc,Carte de crédit (CBC vs ING),carte de crédit CBC,CBC,fr,2025-10-19,0
carte_credit_cbc,Carte de crédit (CBC vs ING),carte de crédit CBC,CBC,fr,2025-10-26,0
carte_credit_cbc,Carte de crédit (CBC vs ING),carte de crédit CBC,CBC,fr,2025-11-02,0
carte_credit_cbc,Carte de crédit (CBC vs ING),carte de crédit CBC,CBC,fr,2025-11-09,0
carte_credit_cbc,Carte de crédit (CBC vs ING),carte de crédit CBC,CBC,fr,2025-11-16,0
carte_credit_cbc,Carte de crédit (CBC vs ING),carte de crédit CBC,CBC,fr,2025-11-23,0
carte_credit_cbc,Carte de crédit (CBC vs ING),carte de crédit CBC,CBC,fr,2025-11-30,0
carte_credit_cbc,Carte de crédit (CBC vs ING),carte de crédit CBC,CBC,fr,2025-12-07,0
carte_credit_cbc,Carte de crédit (CBC vs ING),carte de crédit CBC,CBC,fr,2025-12-14,0
carte_credit_cbc,Carte de crédit (CBC vs ING),carte de crédit CBC,CBC,fr,2025-12-21,0
carte_credit_cbc,Carte de crédit (CBC vs ING),carte de crédit CBC,CBC,fr,2025-12-28,0
carte_credit_cbc,Carte de crédit (CBC vs ING),carte de crédit CBC,CBC,fr,2026-01-04,0
carte_credit_cbc,Carte de crédit (CBC vs ING),carte de crédit CBC,CBC,fr,2026-01-11,0
carte_credit_cbc,Carte de crédit (CBC vs ING),carte de crédit CBC,CBC,fr,2026-01-18,0
carte_credit_cbc,Carte de crédit (CBC vs ING),carte de crédit CBC,CBC,fr,2026-01-25,0
carte_credit_cbc,Carte de crédit (CBC vs ING),carte de crédit CBC,CBC,fr,2026-02-01,0
carte_credit_cbc,Carte de crédit (CBC vs ING),carte de crédit CBC,CBC,fr,2026-02-08,0
carte_credit_cbc,Carte de crédit (CBC vs ING),carte de crédit CBC,CBC,fr,2026-02-15,0
carte_credit_cbc,Carte de crédit (CBC vs ING),carte de crédit CBC,CBC,fr,2026-02-22,0
carte_credit_cbc,Carte de crédit (CBC vs ING),carte de crédit CBC,CBC,fr,2026-03-01,0
carte_credit_cbc,Carte de crédit (CBC vs ING),carte de crédit CBC,CBC,fr,2026-03-08,0
carte_credit_cbc,Carte de crédit (CBC vs ING),carte de crédit CBC,CBC,fr,2026-03-15,0
carte_credit_cbc,Carte de crédit (CBC vs ING),carte de crédit CBC,CBC,fr,2026-03-22,0
carte_credit_cbc,Carte de crédit (CBC vs ING),carte de crédit CBC,CBC,fr,2026-03-29,0
carte_credit_cbc,Carte de crédit (CBC vs ING),carte de crédit CBC,CBC,fr,2026-04-05,0
carte_credit_cbc,Carte de crédit (CBC vs ING),carte de crédit CBC,CBC,fr,2026-04-12,0
carte_credit_cbc,Carte de crédit (CBC vs ING),carte de crédit CBC,CBC,fr,2026-04-19,0
carte_credit_cbc,Carte de crédit (CBC vs ING),carte de crédit CBC,CBC,fr,2026-04-26,0
carte_credit_cbc,Carte de crédit (CBC vs ING),carte de crédit CBC,CBC,fr,2026-05-03,0
carte_credit_cbc,Carte de crédit (CBC vs ING),carte de crédit CBC,CBC,fr,2026-05-10,0
carte_credit_cbc,Carte de crédit (CBC vs ING),carte de crédit CBC,CBC,fr,2026-05-17,0
carte_credit_cbc,Carte de crédit (CBC vs ING),carte de crédit CBC,CBC,fr,2026-05-24,0
carte_credit_cbc,Carte de crédit (CBC vs ING),carte de crédit CBC,CBC,fr,2026-05-31,0
carte_credit_cbc,Carte de crédit (CBC vs ING),carte de crédit CBC,CBC,fr,2026-06-07,0
carte_credit_cbc,Carte de crédit (CBC vs ING),carte de crédit CBC,CBC,fr,2026-06-14,0
carte_credit_cbc,Carte de crédit (CBC vs ING),carte de crédit CBC,CBC,fr,2026-06-21,0
carte_credit_cbc,Carte de crédit (CBC vs ING),carte de crédit CBC,CBC,fr,2026-06-28,0
carte_credit_cbc,Carte de crédit (CBC vs ING),carte de crédit CBC,CBC,fr,2026-07-05,0
carte_credit_cbc,Carte de crédit (CBC vs ING),carte de crédit CBC,CBC,fr,2026-07-12,0
carte_credit_cbc,Carte de crédit (CBC vs ING),carte de crédit CBC,CBC,fr,2026-07-19,0
carte_credit_cbc,Carte de crédit (CBC vs ING),carte de crédit CBC,CBC,fr,2026-07-26,0
carte_credit_cbc,Carte de crédit (CBC vs ING),carte de crédit CBC,CBC,fr,2026-08-02,0
carte_credit_cbc,Carte de crédit (CBC vs ING),carte de crédit CBC,CBC,fr,2026-08-09,0
carte_credit_cbc,Carte de crédit (CBC vs ING),carte de crédit CBC,CBC,fr,2026-08-16,0
carte_credit_cbc,Carte de crédit (CBC vs ING),carte de crédit CBC,CBC,fr,2026-08-23,0
carte_credit_cbc,Carte de crédit (CBC vs ING),carte de crédit CBC,CBC,fr,2026-08-30,0
carte_credit_cbc,Carte de crédit (CBC vs ING),carte de crédit CBC,CBC,fr,2026-09-06,2
carte_credit_cbc,Carte de crédit (CBC vs ING),carte de crédit CBC,CBC,fr,2026-09-13,0
compte_a_vue_cbc,Compte à vue particulier (CBC vs ING),compte à vue CBC,CBC,fr,2021-09-12,0
compte_a_vue_cbc,Compte à vue particulier (CBC vs ING),compte à vue CBC,CBC,fr,2021-09-19,0
compte_a_vue_cbc,Compte à vue particulier (CBC vs ING),compte à vue CBC,CBC,fr,2021-09-26,0
compte_a_vue_cbc,Compte à vue particulier (CBC vs ING),compte à vue CBC,CBC,fr,2021-10-03,0
compte_a_vue_cbc,Compte à vue particulier (CBC vs ING),compte à vue CBC,CBC,fr,2021-10-10,0
compte_a_vue_cbc,Compte à vue particulier (CBC vs ING),compte à vue CBC,CBC,fr,2021-10-17,0
compte_a_vue_cbc,Compte à vue particulier (CBC vs ING),compte à vue CBC,CBC,fr,2021-10-24,0
compte_a_vue_cbc,Compte à vue particulier (CBC vs ING),compte à vue CBC,CBC,fr,2021-10-31,0
compte_a_vue_cbc,Compte à vue particulier (CBC vs ING),compte à vue CBC,CBC,fr,2021-11-07,0
compte_a_vue_cbc,Compte à vue particulier (CBC vs ING),compte à vue CBC,CBC,fr,2021-11-14,0
compte_a_vue_cbc,Compte à vue particulier (CBC vs ING),compte à vue CBC,CBC,fr,2021-11-21,0
compte_a_vue_cbc,Compte à vue particulier (CBC vs ING),compte à vue CBC,CBC,fr,2021-11-28,0
compte_a_vue_cbc,Compte à vue particulier (CBC vs ING),compte à vue CBC,CBC,fr,2021-12-05,0
compte_a_vue_cbc,Compte à vue particulier (CBC vs ING),compte à vue CBC,CBC,fr,2021-12-12,0
compte_a_vue_cbc,Compte à vue particulier (CBC vs ING),compte à vue CBC,CBC,fr,2021-12-19,0
compte_a_vue_cbc,Compte à vue particulier (CBC vs ING),compte à vue CBC,CBC,fr,2021-12-26,0
compte_a_vue_cbc,Compte à vue particulier (CBC vs ING),compte à vue CBC,CBC,fr,2022-01-02,0
compte_a_vue_cbc,Compte à vue particulier (CBC vs ING),compte à vue CBC,CBC,fr,2022-01-09,0
compte_a_vue_cbc,Compte à vue particulier (CBC vs ING),compte à vue CBC,CBC,fr,2022-01-16,0
compte_a_vue_cbc,Compte à vue particulier (CBC vs ING),compte à vue CBC,CBC,fr,2022-01-23,0
compte_a_vue_cbc,Compte à vue particulier (CBC vs ING),compte à vue CBC,CBC,fr,2022-01-30,0
compte_a_vue_cbc,Compte à vue particulier (CBC vs ING),compte à vue CBC,CBC,fr,2022-02-06,0
compte_a_vue_cbc,Compte à vue particulier (CBC vs ING),compte à vue CBC,CBC,fr,2022-02-13,0
compte_a_vue_cbc,Compte à vue particulier (CBC vs ING),compte à vue CBC,CBC,fr,2022-02-20,0
compte_a_vue_cbc,Compte à vue particulier (CBC vs ING),compte à vue CBC,CBC,fr,2022-02-27,0
compte_a_vue_cbc,Compte à vue particulier (CBC vs ING),compte à vue CBC,CBC,fr,2022-03-06,0
compte_a_vue_cbc,Compte à vue particulier (CBC vs ING),compte à vue CBC,CBC,fr,2022-03-13,0
compte_a_vue_cbc,Compte à vue particulier (CBC vs ING),compte à vue CBC,CBC,fr,2022-03-20,0
compte_a_vue_cbc,Compte à vue particulier (CBC vs ING),compte à vue CBC,CBC,fr,2022-03-27,0
compte_a_vue_cbc,Compte à vue particulier (CBC vs ING),compte à vue CBC,CBC,fr,2022-04-03,0
compte_a_vue_cbc,Compte à vue particulier (CBC vs ING),compte à vue CBC,CBC,fr,2022-04-10,0
compte_a_vue_cbc,Compte à vue particulier (CBC vs ING),compte à vue CBC,CBC,fr,2022-04-17,0
compte_a_vue_cbc,Compte à vue particulier (CBC vs ING),compte à vue CBC,CBC,fr,2022-04-24,0
compte_a_vue_cbc,Compte à vue particulier (CBC vs ING),compte à vue CBC,CBC,fr,2022-05-01,0
compte_a_vue_cbc,Compte à vue particulier (CBC vs ING),compte à vue CBC,CBC,fr,2022-05-08,0
compte_a_vue_cbc,Compte à vue particulier (CBC vs ING),compte à vue CBC,CBC,fr,2022-05-15,0
compte_a_vue_cbc,Compte à vue particulier (CBC vs ING),compte à vue CBC,CBC,fr,2022-05-22,0
compte_a_vue_cbc,Compte à vue particulier (CBC vs ING),compte à vue CBC,CBC,fr,2022-05-29,0
compte_a_vue_cbc,Compte à vue particulier (CBC vs ING),compte à vue CBC,CBC,fr,2022-06-05,0
compte_a_vue_cbc,Compte à vue particulier (CBC vs ING),compte à vue CBC,CBC,fr,2022-06-12,0
compte_a_vue_cbc,Compte à vue particulier (CBC vs ING),compte à vue CBC,CBC,fr,2022-06-19,0
compte_a_vue_cbc,Compte à vue particulier (CBC vs ING),compte à vue CBC,CBC,fr,2022-06-26,0
compte_a_vue_cbc,Compte à vue particulier (CBC vs ING),compte à vue CBC,CBC,fr,2022-07-03,0
compte_a_vue_cbc,Compte à vue particulier (CBC vs ING),compte à vue CBC,CBC,fr,2022-07-10,0
compte_a_vue_cbc,Compte à vue particulier (CBC vs ING),compte à vue CBC,CBC,fr,2022-07-17,0
compte_a_vue_cbc,Compte à vue particulier (CBC vs ING),compte à vue CBC,CBC,fr,2022-07-24,0
compte_a_vue_cbc,Compte à vue particulier (CBC vs ING),compte à vue CBC,CBC,fr,2022-07-31,0
compte_a_vue_cbc,Compte à vue particulier (CBC vs ING),compte à vue CBC,CBC,fr,2022-08-07,0
compte_a_vue_cbc,Compte à vue particulier (CBC vs ING),compte à vue CBC,CBC,fr,2022-08-14,0
compte_a_vue_cbc,Compte à vue particulier (CBC vs ING),compte à vue CBC,CBC,fr,2022-08-21,0
compte_a_vue_cbc,Compte à vue particulier (CBC vs ING),compte à vue CBC,CBC,fr,2022-08-28,0
compte_a_vue_cbc,Compte à vue particulier (CBC vs ING),compte à vue CBC,CBC,fr,2022-09-04,0
compte_a_vue_cbc,Compte à vue particulier (CBC vs ING),compte à vue CBC,CBC,fr,2022-09-11,0
compte_a_vue_cbc,Compte à vue particulier (CBC vs ING),compte à vue CBC,CBC,fr,2022-09-18,0
compte_a_vue_cbc,Compte à vue particulier (CBC vs ING),compte à vue CBC,CBC,fr,2022-09-25,0
compte_a_vue_cbc,Compte à vue particulier (CBC vs ING),compte à vue CBC,CBC,fr,2022-10-02,0
compte_a_vue_cbc,Compte à vue particulier (CBC vs ING),compte à vue CBC,CBC,fr,2022-10-09,0
compte_a_vue_cbc,Compte à vue particulier (CBC vs ING),compte à vue CBC,CBC,fr,2022-10-16,0
compte_a_vue_cbc,Compte à vue particulier (CBC vs ING),compte à vue CBC,CBC,fr,2022-10-23,0
compte_a_vue_cbc,Compte à vue particulier (CBC vs ING),compte à vue CBC,CBC,fr,2022-10-30,0
compte_a_vue_cbc,Compte à vue particulier (CBC vs ING),compte à vue CBC,CBC,fr,2022-11-06,0
compte_a_vue_cbc,Compte à vue particulier (CBC vs ING),compte à vue CBC,CBC,fr,2022-11-13,0
compte_a_vue_cbc,Compte à vue particulier (CBC vs ING),compte à vue CBC,CBC,fr,2022-11-20,0
compte_a_vue_cbc,Compte à vue particulier (CBC vs ING),compte à vue CBC,CBC,fr,2022-11-27,0
compte_a_vue_cbc,Compte à vue particulier (CBC vs ING),compte à vue CBC,CBC,fr,2022-12-04,0
compte_a_vue_cbc,Compte à vue particulier (CBC vs ING),compte à vue CBC,CBC,fr,2022-12-11,0
compte_a_vue_cbc,Compte à vue particulier (CBC vs ING),compte à vue CBC,CBC,fr,2022-12-18,0
compte_a_vue_cbc,Compte à vue particulier (CBC vs ING),compte à vue CBC,CBC,fr,2022-12-25,0
compte_a_vue_cbc,Compte à vue particulier (CBC vs ING),compte à vue CBC,CBC,fr,2023-01-01,0
compte_a_vue_cbc,Compte à vue particulier (CBC vs ING),compte à vue CBC,CBC,fr,2023-01-08,0
compte_a_vue_cbc,Compte à vue particulier (CBC vs ING),compte à vue CBC,CBC,fr,2023-01-15,0
compte_a_vue_cbc,Compte à vue particulier (CBC vs ING),compte à vue CBC,CBC,fr,2023-01-22,0
compte_a_vue_cbc,Compte à vue particulier (CBC vs ING),compte à vue CBC,CBC,fr,2023-01-29,0
compte_a_vue_cbc,Compte à vue particulier (CBC vs ING),compte à vue CBC,CBC,fr,2023-02-05,0
compte_a_vue_cbc,Compte à vue particulier (CBC vs ING),compte à vue CBC,CBC,fr,2023-02-12,0
compte_a_vue_cbc,Compte à vue particulier (CBC vs ING),compte à vue CBC,CBC,fr,2023-02-19,0
compte_a_vue_cbc,Compte à vue particulier (CBC vs ING),compte à vue CBC,CBC,fr,2023-02-26,0
compte_a_vue_cbc,Compte à vue particulier (CBC vs ING),compte à vue CBC,CBC,fr,2023-03-05,0
compte_a_vue_cbc,Compte à vue particulier (CBC vs ING),compte à vue CBC,CBC,fr,2023-03-12,0
compte_a_vue_cbc,Compte à vue particulier (CBC vs ING),compte à vue CBC,CBC,fr,2023-03-19,0
compte_a_vue_cbc,Compte à vue particulier (CBC vs ING),compte à vue CBC,CBC,fr,2023-03-26,0
compte_a_vue_cbc,Compte à vue particulier (CBC vs ING),compte à vue CBC,CBC,fr,2023-04-02,0
compte_a_vue_cbc,Compte à vue particulier (CBC vs ING),compte à vue CBC,CBC,fr,2023-04-09,0
compte_a_vue_cbc,Compte à vue particulier (CBC vs ING),compte à vue CBC,CBC,fr,2023-04-16,0
compte_a_vue_cbc,Compte à vue particulier (CBC vs ING),compte à vue CBC,CBC,fr,2023-04-23,0
compte_a_vue_cbc,Compte à vue particulier (CBC vs ING),compte à vue CBC,CBC,fr,2023-04-30,61
compte_a_vue_cbc,Compte à vue particulier (CBC vs ING),compte à vue CBC,CBC,fr,2023-05-07,0
compte_a_vue_cbc,Compte à vue particulier (CBC vs ING),compte à vue CBC,CBC,fr,2023-05-14,0
compte_a_vue_cbc,Compte à vue particulier (CBC vs ING),compte à vue CBC,CBC,fr,2023-05-21,0
compte_a_vue_cbc,Compte à vue particulier (CBC vs ING),compte à vue CBC,CBC,fr,2023-05-28,0
compte_a_vue_cbc,Compte à vue particulier (CBC vs ING),compte à vue CBC,CBC,fr,2023-06-04,0
compte_a_vue_cbc,Compte à vue particulier (CBC vs ING),compte à vue CBC,CBC,fr,2023-06-11,0
compte_a_vue_cbc,Compte à vue particulier (CBC vs ING),compte à vue CBC,CBC,fr,2023-06-18,0
compte_a_vue_cbc,Compte à vue particulier (CBC vs ING),compte à vue CBC,CBC,fr,2023-06-25,0
compte_a_vue_cbc,Compte à vue particulier (CBC vs ING),compte à vue CBC,CBC,fr,2023-07-02,0
compte_a_vue_cbc,Compte à vue particulier (CBC vs ING),compte à vue CBC,CBC,fr,2023-07-09,0
compte_a_vue_cbc,Compte à vue particulier (CBC vs ING),compte à vue CBC,CBC,fr,2023-07-16,0
compte_a_vue_cbc,Compte à vue particulier (CBC vs ING),compte à vue CBC,CBC,fr,2023-07-23,0
compte_a_vue_cbc,Compte à vue particulier (CBC vs ING),compte à vue CBC,CBC,fr,2023-07-30,0
compte_a_vue_cbc,Compte à vue particulier (CBC vs ING),compte à vue CBC,CBC,fr,2023-08-06,0
compte_a_vue_cbc,Compte à vue particulier (CBC vs ING),compte à vue CBC,CBC,fr,2023-08-13,0
compte_a_vue_cbc,Compte à vue particulier (CBC vs ING),compte à vue CBC,CBC,fr,2023-08-20,0
compte_a_vue_cbc,Compte à vue particulier (CBC vs ING),compte à vue CBC,CBC,fr,2023-08-27,0
compte_a_vue_cbc,Compte à vue particulier (CBC vs ING),compte à vue CBC,CBC,fr,2023-09-03,0
compte_a_vue_cbc,Compte à vue particulier (CBC vs ING),compte à vue CBC,CBC,fr,2023-09-10,0
compte_a_vue_cbc,Compte à vue particulier (CBC vs ING),compte à vue CBC,CBC,fr,2023-09-17,0
compte_a_vue_cbc,Compte à vue particulier (CBC vs ING),compte à vue CBC,CBC,fr,2023-09-24,0
compte_a_vue_cbc,Compte à vue particulier (CBC vs ING),compte à vue CBC,CBC,fr,2023-10-01,0
compte_a_vue_cbc,Compte à vue particulier (CBC vs ING),compte à vue CBC,CBC,fr,2023-10-08,0
compte_a_vue_cbc,Compte à vue particulier (CBC vs ING),compte à vue CBC,CBC,fr,2023-10-15,0
compte_a_vue_cbc,Compte à vue particulier (CBC vs ING),compte à vue CBC,CBC,fr,2023-10-22,0
compte_a_vue_cbc,Compte à vue particulier (CBC vs ING),compte à vue CBC,CBC,fr,2023-10-29,0
compte_a_vue_cbc,Compte à vue particulier (CBC vs ING),compte à vue CBC,CBC,fr,2023-11-05,0
compte_a_vue_cbc,Compte à vue particulier (CBC vs ING),compte à vue CBC,CBC,fr,2023-11-12,0
compte_a_vue_cbc,Compte à vue particulier (CBC vs ING),compte à vue CBC,CBC,fr,2023-11-19,0
compte_a_vue_cbc,Compte à vue particulier (CBC vs ING),compte à vue CBC,CBC,fr,2023-11-26,0
compte_a_vue_cbc,Compte à vue particulier (CBC vs ING),compte à vue CBC,CBC,fr,2023-12-03,0
compte_a_vue_cbc,Compte à vue particulier (CBC vs ING),compte à vue CBC,CBC,fr,2023-12-10,0
compte_a_vue_cbc,Compte à vue particulier (CBC vs ING),compte à vue CBC,CBC,fr,2023-12-17,0
compte_a_vue_cbc,Compte à vue particulier (CBC vs ING),compte à vue CBC,CBC,fr,2023-12-24,0
compte_a_vue_cbc,Compte à vue particulier (CBC vs ING),compte à vue CBC,CBC,fr,2023-12-31,0
compte_a_vue_cbc,Compte à vue particulier (CBC vs ING),compte à vue CBC,CBC,fr,2024-01-07,0
compte_a_vue_cbc,Compte à vue particulier (CBC vs ING),compte à vue CBC,CBC,fr,2024-01-14,0
compte_a_vue_cbc,Compte à vue particulier (CBC vs ING),compte à vue CBC,CBC,fr,2024-01-21,0
compte_a_vue_cbc,Compte à vue particulier (CBC vs ING),compte à vue CBC,CBC,fr,2024-01-28,0
compte_a_vue_cbc,Compte à vue particulier (CBC vs ING),compte à vue CBC,CBC,fr,2024-02-04,0
compte_a_vue_cbc,Compte à vue particulier (CBC vs ING),compte à vue CBC,CBC,fr,2024-02-11,0
compte_a_vue_cbc,Compte à vue particulier (CBC vs ING),compte à vue CBC,CBC,fr,2024-02-18,0
compte_a_vue_cbc,Compte à vue particulier (CBC vs ING),compte à vue CBC,CBC,fr,2024-02-25,0
compte_a_vue_cbc,Compte à vue particulier (CBC vs ING),compte à vue CBC,CBC,fr,2024-03-03,0
compte_a_vue_cbc,Compte à vue particulier (CBC vs ING),compte à vue CBC,CBC,fr,2024-03-10,0
compte_a_vue_cbc,Compte à vue particulier (CBC vs ING),compte à vue CBC,CBC,fr,2024-03-17,0
compte_a_vue_cbc,Compte à vue particulier (CBC vs ING),compte à vue CBC,CBC,fr,2024-03-24,0
compte_a_vue_cbc,Compte à vue particulier (CBC vs ING),compte à vue CBC,CBC,fr,2024-03-31,0
compte_a_vue_cbc,Compte à vue particulier (CBC vs ING),compte à vue CBC,CBC,fr,2024-04-07,0
compte_a_vue_cbc,Compte à vue particulier (CBC vs ING),compte à vue CBC,CBC,fr,2024-04-14,0
compte_a_vue_cbc,Compte à vue particulier (CBC vs ING),compte à vue CBC,CBC,fr,2024-04-21,0
compte_a_vue_cbc,Compte à vue particulier (CBC vs ING),compte à vue CBC,CBC,fr,2024-04-28,0
compte_a_vue_cbc,Compte à vue particulier (CBC vs ING),compte à vue CBC,CBC,fr,2024-05-05,0
compte_a_vue_cbc,Compte à vue particulier (CBC vs ING),compte à vue CBC,CBC,fr,2024-05-12,0
compte_a_vue_cbc,Compte à vue particulier (CBC vs ING),compte à vue CBC,CBC,fr,2024-05-19,0
compte_a_vue_cbc,Compte à vue particulier (CBC vs ING),compte à vue CBC,CBC,fr,2024-05-26,0
compte_a_vue_cbc,Compte à vue particulier (CBC vs ING),compte à vue CBC,CBC,fr,2024-06-02,0
compte_a_vue_cbc,Compte à vue particulier (CBC vs ING),compte à vue CBC,CBC,fr,2024-06-09,0
compte_a_vue_cbc,Compte à vue particulier (CBC vs ING),compte à vue CBC,CBC,fr,2024-06-16,0
compte_a_vue_cbc,Compte à vue particulier (CBC vs ING),compte à vue CBC,CBC,fr,2024-06-23,0
compte_a_vue_cbc,Compte à vue particulier (CBC vs ING),compte à vue CBC,CBC,fr,2024-06-30,0
compte_a_vue_cbc,Compte à vue particulier (CBC vs ING),compte à vue CBC,CBC,fr,2024-07-07,0
compte_a_vue_cbc,Compte à vue particulier (CBC vs ING),compte à vue CBC,CBC,fr,2024-07-14,0
compte_a_vue_cbc,Compte à vue particulier (CBC vs ING),compte à vue CBC,CBC,fr,2024-07-21,0
compte_a_vue_cbc,Compte à vue particulier (CBC vs ING),compte à vue CBC,CBC,fr,2024-07-28,0
compte_a_vue_cbc,Compte à vue particulier (CBC vs ING),compte à vue CBC,CBC,fr,2024-08-04,0
compte_a_vue_cbc,Compte à vue particulier (CBC vs ING),compte à vue CBC,CBC,fr,2024-08-11,0
compte_a_vue_cbc,Compte à vue particulier (CBC vs ING),compte à vue CBC,CBC,fr,2024-08-18,0
compte_a_vue_cbc,Compte à vue particulier (CBC vs ING),compte à vue CBC,CBC,fr,2024-08-25,0
compte_a_vue_cbc,Compte à vue particulier (CBC vs ING),compte à vue CBC,CBC,fr,2024-09-01,0
compte_a_vue_cbc,Compte à vue particulier (CBC vs ING),compte à vue CBC,CBC,fr,2024-09-08,0
compte_a_vue_cbc,Compte à vue particulier (CBC vs ING),compte à vue CBC,CBC,fr,2024-09-15,0
compte_a_vue_cbc,Compte à vue particulier (CBC vs ING),compte à vue CBC,CBC,fr,2024-09-22,0
compte_a_vue_cbc,Compte à vue particulier (CBC vs ING),compte à vue CBC,CBC,fr,2024-09-29,0
compte_a_vue_cbc,Compte à vue particulier (CBC vs ING),compte à vue CBC,CBC,fr,2024-10-06,0
compte_a_vue_cbc,Compte à vue particulier (CBC vs ING),compte à vue CBC,CBC,fr,2024-10-13,0
compte_a_vue_cbc,Compte à vue particulier (CBC vs ING),compte à vue CBC,CBC,fr,2024-10-20,0
compte_a_vue_cbc,Compte à vue particulier (CBC vs ING),compte à vue CBC,CBC,fr,2024-10-27,0
compte_a_vue_cbc,Compte à vue particulier (CBC vs ING),compte à vue CBC,CBC,fr,2024-11-03,0
compte_a_vue_cbc,Compte à vue particulier (CBC vs ING),compte à vue CBC,CBC,fr,2024-11-10,0
compte_a_vue_cbc,Compte à vue particulier (CBC vs ING),compte à vue CBC,CBC,fr,2024-11-17,0
compte_a_vue_cbc,Compte à vue particulier (CBC vs ING),compte à vue CBC,CBC,fr,2024-11-24,0
compte_a_vue_cbc,Compte à vue particulier (CBC vs ING),compte à vue CBC,CBC,fr,2024-12-01,0
compte_a_vue_cbc,Compte à vue particulier (CBC vs ING),compte à vue CBC,CBC,fr,2024-12-08,0
compte_a_vue_cbc,Compte à vue particulier (CBC vs ING),compte à vue CBC,CBC,fr,2024-12-15,0
compte_a_vue_cbc,Compte à vue particulier (CBC vs ING),compte à vue CBC,CBC,fr,2024-12-22,0
compte_a_vue_cbc,Compte à vue particulier (CBC vs ING),compte à vue CBC,CBC,fr,2024-12-29,0
compte_a_vue_cbc,Compte à vue particulier (CBC vs ING),compte à vue CBC,CBC,fr,2025-01-05,0
compte_a_vue_cbc,Compte à vue particulier (CBC vs ING),compte à vue CBC,CBC,fr,2025-01-12,0
compte_a_vue_cbc,Compte à vue particulier (CBC vs ING),compte à vue CBC,CBC,fr,2025-01-19,0
compte_a_vue_cbc,Compte à vue particulier (CBC vs ING),compte à vue CBC,CBC,fr,2025-01-26,0
compte_a_vue_cbc,Compte à vue particulier (CBC vs ING),compte à vue CBC,CBC,fr,2025-02-02,0
compte_a_vue_cbc,Compte à vue particulier (CBC vs ING),compte à vue CBC,CBC,fr,2025-02-09,0
compte_a_vue_cbc,Compte à vue particulier (CBC vs ING),compte à vue CBC,CBC,fr,2025-02-16,0
compte_a_vue_cbc,Compte à vue particulier (CBC vs ING),compte à vue CBC,CBC,fr,2025-02-23,0
compte_a_vue_cbc,Compte à vue particulier (CBC vs ING),compte à vue CBC,CBC,fr,2025-03-02,0
compte_a_vue_cbc,Compte à vue particulier (CBC vs ING),compte à vue CBC,CBC,fr,2025-03-09,0
compte_a_vue_cbc,Compte à vue particulier (CBC vs ING),compte à vue CBC,CBC,fr,2025-03-16,0
compte_a_vue_cbc,Compte à vue particulier (CBC vs ING),compte à vue CBC,CBC,fr,2025-03-23,0
compte_a_vue_cbc,Compte à vue particulier (CBC vs ING),compte à vue CBC,CBC,fr,2025-03-30,0
compte_a_vue_cbc,Compte à vue particulier (CBC vs ING),compte à vue CBC,CBC,fr,2025-04-06,0
compte_a_vue_cbc,Compte à vue particulier (CBC vs ING),compte à vue CBC,CBC,fr,2025-04-13,0
compte_a_vue_cbc,Compte à vue particulier (CBC vs ING),compte à vue CBC,CBC,fr,2025-04-20,0
compte_a_vue_cbc,Compte à vue particulier (CBC vs ING),compte à vue CBC,CBC,fr,2025-04-27,0
compte_a_vue_cbc,Compte à vue particulier (CBC vs ING),compte à vue CBC,CBC,fr,2025-05-04,0
compte_a_vue_cbc,Compte à vue particulier (CBC vs ING),compte à vue CBC,CBC,fr,2025-05-11,0
compte_a_vue_cbc,Compte à vue particulier (CBC vs ING),compte à vue CBC,CBC,fr,2025-05-18,0
compte_a_vue_cbc,Compte à vue particulier (CBC vs ING),compte à vue CBC,CBC,fr,2025-05-25,0
compte_a_vue_cbc,Compte à vue particulier (CBC vs ING),compte à vue CBC,CBC,fr,2025-06-01,0
compte_a_vue_cbc,Compte à vue particulier (CBC vs ING),compte à vue CBC,CBC,fr,2025-06-08,0
compte_a_vue_cbc,Compte à vue particulier (CBC vs ING),compte à vue CBC,CBC,fr,2025-06-15,0
compte_a_vue_cbc,Compte à vue particulier (CBC vs ING),compte à vue CBC,CBC,fr,2025-06-22,0
compte_a_vue_cbc,Compte à vue particulier (CBC vs ING),compte à vue CBC,CBC,fr,2025-06-29,0
compte_a_vue_cbc,Compte à vue particulier (CBC vs ING),compte à vue CBC,CBC,fr,2025-07-06,0
compte_a_vue_cbc,Compte à vue particulier (CBC vs ING),compte à vue CBC,CBC,fr,2025-07-13,0
compte_a_vue_cbc,Compte à vue particulier (CBC vs ING),compte à vue CBC,CBC,fr,2025-07-20,0
compte_a_vue_cbc,Compte à vue particulier (CBC vs ING),compte à vue CBC,CBC,fr,2025-07-27,0
compte_a_vue_cbc,Compte à vue particulier (CBC vs ING),compte à vue CBC,CBC,fr,2025-08-03,0
compte_a_vue_cbc,Compte à vue particulier (CBC vs ING),compte à vue CBC,CBC,fr,2025-08-10,0
compte_a_vue_cbc,Compte à vue particulier (CBC vs ING),compte à vue CBC,CBC,fr,2025-08-17,0
compte_a_vue_cbc,Compte à vue particulier (CBC vs ING),compte à vue CBC,CBC,fr,2025-08-24,0
compte_a_vue_cbc,Compte à vue particulier (CBC vs ING),compte à vue CBC,CBC,fr,2025-08-31,0
compte_a_vue_cbc,Compte à vue particulier (CBC vs ING),compte à vue CBC,CBC,fr,2025-09-07,0
compte_a_vue_cbc,Compte à vue particulier (CBC vs ING),compte à vue CBC,CBC,fr,2025-09-14,0
compte_a_vue_cbc,Compte à vue particulier (CBC vs ING),compte à vue CBC,CBC,fr,2025-09-21,0
compte_a_vue_cbc,Compte à vue particulier (CBC vs ING),compte à vue CBC,CBC,fr,2025-09-28,0
compte_a_vue_cbc,Compte à vue particulier (CBC vs ING),compte à vue CBC,CBC,fr,2025-10-05,0
compte_a_vue_cbc,Compte à vue particulier (CBC vs ING),compte à vue CBC,CBC,fr,2025-10-12,0
compte_a_vue_cbc,Compte à vue particulier (CBC vs ING),compte à vue CBC,CBC,fr,2025-10-19,0
compte_a_vue_cbc,Compte à vue particulier (CBC vs ING),compte à vue CBC,CBC,fr,2025-10-26,0
compte_a_vue_cbc,Compte à vue particulier (CBC vs ING),compte à vue CBC,CBC,fr,2025-11-02,0
compte_a_vue_cbc,Compte à vue particulier (CBC vs ING),compte à vue CBC,CBC,fr,2025-11-09,0
compte_a_vue_cbc,Compte à vue particulier (CBC vs ING),compte à vue CBC,CBC,fr,2025-11-16,0
compte_a_vue_cbc,Compte à vue particulier (CBC vs ING),compte à vue CBC,CBC,fr,2025-11-23,0
compte_a_vue_cbc,Compte à vue particulier (CBC vs ING),compte à vue CBC,CBC,fr,2025-11-30,0
compte_a_vue_cbc,Compte à vue particulier (CBC vs ING),compte à vue CBC,CBC,fr,2025-12-07,0
compte_a_vue_cbc,Compte à vue particulier (CBC vs ING),compte à vue CBC,CBC,fr,2025-12-14,0
compte_a_vue_cbc,Compte à vue particulier (CBC vs ING),compte à vue CBC,CBC,fr,2025-12-21,54
compte_a_vue_cbc,Compte à vue particulier (CBC vs ING),compte à vue CBC,CBC,fr,2025-12-28,0
compte_a_vue_cbc,Compte à vue particulier (CBC vs ING),compte à vue CBC,CBC,fr,2026-01-04,0
compte_a_vue_cbc,Compte à vue particulier (CBC vs ING),compte à vue CBC,CBC,fr,2026-01-11,0
compte_a_vue_cbc,Compte à vue particulier (CBC vs ING),compte à vue CBC,CBC,fr,2026-01-18,0
compte_a_vue_cbc,Compte à vue particulier (CBC vs ING),compte à vue CBC,CBC,fr,2026-01-25,0
compte_a_vue_cbc,Compte à vue particulier (CBC vs ING),compte à vue CBC,CBC,fr,2026-02-01,0
compte_a_vue_cbc,Compte à vue particulier (CBC vs ING),compte à vue CBC,CBC,fr,2026-02-08,0
compte_a_vue_cbc,Compte à vue particulier (CBC vs ING),compte à vue CBC,CBC,fr,2026-02-15,0
compte_a_vue_cbc,Compte à vue particulier (CBC vs ING),compte à vue CBC,CBC,fr,2026-02-22,0
compte_a_vue_cbc,Compte à vue particulier (CBC vs ING),compte à vue CBC,CBC,fr,2026-03-01,0
compte_a_vue_cbc,Compte à vue particulier (CBC vs ING),compte à vue CBC,CBC,fr,2026-03-08,0
compte_a_vue_cbc,Compte à vue particulier (CBC vs ING),compte à vue CBC,CBC,fr,2026-03-15,0
compte_a_vue_cbc,Compte à vue particulier (CBC vs ING),compte à vue CBC,CBC,fr,2026-03-22,0
compte_a_vue_cbc,Compte à vue particulier (CBC vs ING),compte à vue CBC,CBC,fr,2026-03-29,0
compte_a_vue_cbc,Compte à vue particulier (CBC vs ING),compte à vue CBC,CBC,fr,2026-04-05,0
compte_a_vue_cbc,Compte à vue particulier (CBC vs ING),compte à vue CBC,CBC,fr,2026-04-12,0
compte_a_vue_cbc,Compte à vue particulier (CBC vs ING),compte à vue CBC,CBC,fr,2026-04-19,0
compte_a_vue_cbc,Compte à vue particulier (CBC vs ING),compte à vue CBC,CBC,fr,2026-04-26,0
compte_a_vue_cbc,Compte à vue particulier (CBC vs ING),compte à vue CBC,CBC,fr,2026-05-03,0
compte_a_vue_cbc,Compte à vue particulier (CBC vs ING),compte à vue CBC,CBC,fr,2026-05-10,0
compte_a_vue_cbc,Compte à vue particulier (CBC vs ING),compte à vue CBC,CBC,fr,2026-05-17,0
compte_a_vue_cbc,Compte à vue particulier (CBC vs ING),compte à vue CBC,CBC,fr,2026-05-24,0
compte_a_vue_cbc,Compte à vue particulier (CBC vs ING),compte à vue CBC,CBC,fr,2026-05-31,0
compte_a_vue_cbc,Compte à vue particulier (CBC vs ING),compte à vue CBC,CBC,fr,2026-06-07,0
compte_a_vue_cbc,Compte à vue particulier (CBC vs ING),compte à vue CBC,CBC,fr,2026-06-14,0
compte_a_vue_cbc,Compte à vue particulier (CBC vs ING),compte à vue CBC,CBC,fr,2026-06-21,0
compte_a_vue_cbc,Compte à vue particulier (CBC vs ING),compte à vue CBC,CBC,fr,2026-06-28,0
compte_a_vue_cbc,Compte à vue particulier (CBC vs ING),compte à vue CBC,CBC,fr,2026-07-05,0
compte_a_vue_cbc,Compte à vue particulier (CBC vs ING),compte à vue CBC,CBC,fr,2026-07-12,0
compte_a_vue_cbc,Compte à vue particulier (CBC vs ING),compte à vue CBC,CBC,fr,2026-07-19,0
compte_a_vue_cbc,Compte à vue particulier (CBC vs ING),compte à vue CBC,CBC,fr,2026-07-26,0
compte_a_vue_cbc,Compte à vue particulier (CBC vs ING),compte à vue CBC,CBC,fr,2026-08-02,0
compte_a_vue_cbc,Compte à vue particulier (CBC vs ING),compte à vue CBC,CBC,fr,2026-08-09,0
compte_a_vue_cbc,Compte à vue particulier (CBC vs ING),compte à vue CBC,CBC,fr,2026-08-16,0
compte_a_vue_cbc,Compte à vue particulier (CBC vs ING),compte à vue CBC,CBC,fr,2026-08-23,0
compte_a_vue_cbc,Compte à vue particulier (CBC vs ING),compte à vue CBC,CBC,fr,2026-08-30,0
compte_a_vue_cbc,Compte à vue particulier (CBC vs ING),compte à vue CBC,CBC,fr,2026-09-06,0
compte_a_vue_cbc,Compte à vue particulier (CBC vs ING),compte à vue CBC,CBC,fr,2026-09-13,0
compte_epargne_cbc,Compte épargne particulier (CBC vs ING),compte épargne CBC,CBC,fr,2021-09-12,0
compte_epargne_cbc,Compte épargne particulier (CBC vs ING),compte épargne CBC,CBC,fr,2021-09-19,0
compte_epargne_cbc,Compte épargne particulier (CBC vs ING),compte épargne CBC,CBC,fr,2021-09-26,0
compte_epargne_cbc,Compte épargne particulier (CBC vs ING),compte épargne CBC,CBC,fr,2021-10-03,0
compte_epargne_cbc,Compte épargne particulier (CBC vs ING),compte épargne CBC,CBC,fr,2021-10-10,0
compte_epargne_cbc,Compte épargne particulier (CBC vs ING),compte épargne CBC,CBC,fr,2021-10-17,0
compte_epargne_cbc,Compte épargne particulier (CBC vs ING),compte épargne CBC,CBC,fr,2021-10-24,0
compte_epargne_cbc,Compte épargne particulier (CBC vs ING),compte épargne CBC,CBC,fr,2021-10-31,0
compte_epargne_cbc,Compte épargne particulier (CBC vs ING),compte épargne CBC,CBC,fr,2021-11-07,0
compte_epargne_cbc,Compte épargne particulier (CBC vs ING),compte épargne CBC,CBC,fr,2021-11-14,0
compte_epargne_cbc,Compte épargne particulier (CBC vs ING),compte épargne CBC,CBC,fr,2021-11-21,0
compte_epargne_cbc,Compte épargne particulier (CBC vs ING),compte épargne CBC,CBC,fr,2021-11-28,0
compte_epargne_cbc,Compte épargne particulier (CBC vs ING),compte épargne CBC,CBC,fr,2021-12-05,0
compte_epargne_cbc,Compte épargne particulier (CBC vs ING),compte épargne CBC,CBC,fr,2021-12-12,0
compte_epargne_cbc,Compte épargne particulier (CBC vs ING),compte épargne CBC,CBC,fr,2021-12-19,0
compte_epargne_cbc,Compte épargne particulier (CBC vs ING),compte épargne CBC,CBC,fr,2021-12-26,0
compte_epargne_cbc,Compte épargne particulier (CBC vs ING),compte épargne CBC,CBC,fr,2022-01-02,0
compte_epargne_cbc,Compte épargne particulier (CBC vs ING),compte épargne CBC,CBC,fr,2022-01-09,0
compte_epargne_cbc,Compte épargne particulier (CBC vs ING),compte épargne CBC,CBC,fr,2022-01-16,0
compte_epargne_cbc,Compte épargne particulier (CBC vs ING),compte épargne CBC,CBC,fr,2022-01-23,0
compte_epargne_cbc,Compte épargne particulier (CBC vs ING),compte épargne CBC,CBC,fr,2022-01-30,0
compte_epargne_cbc,Compte épargne particulier (CBC vs ING),compte épargne CBC,CBC,fr,2022-02-06,0
compte_epargne_cbc,Compte épargne particulier (CBC vs ING),compte épargne CBC,CBC,fr,2022-02-13,0
compte_epargne_cbc,Compte épargne particulier (CBC vs ING),compte épargne CBC,CBC,fr,2022-02-20,0
compte_epargne_cbc,Compte épargne particulier (CBC vs ING),compte épargne CBC,CBC,fr,2022-02-27,0
compte_epargne_cbc,Compte épargne particulier (CBC vs ING),compte épargne CBC,CBC,fr,2022-03-06,0
compte_epargne_cbc,Compte épargne particulier (CBC vs ING),compte épargne CBC,CBC,fr,2022-03-13,0
compte_epargne_cbc,Compte épargne particulier (CBC vs ING),compte épargne CBC,CBC,fr,2022-03-20,0
compte_epargne_cbc,Compte épargne particulier (CBC vs ING),compte épargne CBC,CBC,fr,2022-03-27,0
compte_epargne_cbc,Compte épargne particulier (CBC vs ING),compte épargne CBC,CBC,fr,2022-04-03,0
compte_epargne_cbc,Compte épargne particulier (CBC vs ING),compte épargne CBC,CBC,fr,2022-04-10,0
compte_epargne_cbc,Compte épargne particulier (CBC vs ING),compte épargne CBC,CBC,fr,2022-04-17,0
compte_epargne_cbc,Compte épargne particulier (CBC vs ING),compte épargne CBC,CBC,fr,2022-04-24,0
compte_epargne_cbc,Compte épargne particulier (CBC vs ING),compte épargne CBC,CBC,fr,2022-05-01,0
compte_epargne_cbc,Compte épargne particulier (CBC vs ING),compte épargne CBC,CBC,fr,2022-05-08,0
compte_epargne_cbc,Compte épargne particulier (CBC vs ING),compte épargne CBC,CBC,fr,2022-05-15,0
compte_epargne_cbc,Compte épargne particulier (CBC vs ING),compte épargne CBC,CBC,fr,2022-05-22,0
compte_epargne_cbc,Compte épargne particulier (CBC vs ING),compte épargne CBC,CBC,fr,2022-05-29,0
compte_epargne_cbc,Compte épargne particulier (CBC vs ING),compte épargne CBC,CBC,fr,2022-06-05,0
compte_epargne_cbc,Compte épargne particulier (CBC vs ING),compte épargne CBC,CBC,fr,2022-06-12,0
compte_epargne_cbc,Compte épargne particulier (CBC vs ING),compte épargne CBC,CBC,fr,2022-06-19,0
compte_epargne_cbc,Compte épargne particulier (CBC vs ING),compte épargne CBC,CBC,fr,2022-06-26,0
compte_epargne_cbc,Compte épargne particulier (CBC vs ING),compte épargne CBC,CBC,fr,2022-07-03,0
compte_epargne_cbc,Compte épargne particulier (CBC vs ING),compte épargne CBC,CBC,fr,2022-07-10,0
compte_epargne_cbc,Compte épargne particulier (CBC vs ING),compte épargne CBC,CBC,fr,2022-07-17,0
compte_epargne_cbc,Compte épargne particulier (CBC vs ING),compte épargne CBC,CBC,fr,2022-07-24,0
compte_epargne_cbc,Compte épargne particulier (CBC vs ING),compte épargne CBC,CBC,fr,2022-07-31,0
compte_epargne_cbc,Compte épargne particulier (CBC vs ING),compte épargne CBC,CBC,fr,2022-08-07,0
compte_epargne_cbc,Compte épargne particulier (CBC vs ING),compte épargne CBC,CBC,fr,2022-08-14,0
compte_epargne_cbc,Compte épargne particulier (CBC vs ING),compte épargne CBC,CBC,fr,2022-08-21,0
compte_epargne_cbc,Compte épargne particulier (CBC vs ING),compte épargne CBC,CBC,fr,2022-08-28,0
compte_epargne_cbc,Compte épargne particulier (CBC vs ING),compte épargne CBC,CBC,fr,2022-09-04,0
compte_epargne_cbc,Compte épargne particulier (CBC vs ING),compte épargne CBC,CBC,fr,2022-09-11,0
compte_epargne_cbc,Compte épargne particulier (CBC vs ING),compte épargne CBC,CBC,fr,2022-09-18,0
compte_epargne_cbc,Compte épargne particulier (CBC vs ING),compte épargne CBC,CBC,fr,2022-09-25,0
compte_epargne_cbc,Compte épargne particulier (CBC vs ING),compte épargne CBC,CBC,fr,2022-10-02,0
compte_epargne_cbc,Compte épargne particulier (CBC vs ING),compte épargne CBC,CBC,fr,2022-10-09,0
compte_epargne_cbc,Compte épargne particulier (CBC vs ING),compte épargne CBC,CBC,fr,2022-10-16,0
compte_epargne_cbc,Compte épargne particulier (CBC vs ING),compte épargne CBC,CBC,fr,2022-10-23,0
compte_epargne_cbc,Compte épargne particulier (CBC vs ING),compte épargne CBC,CBC,fr,2022-10-30,0
compte_epargne_cbc,Compte épargne particulier (CBC vs ING),compte épargne CBC,CBC,fr,2022-11-06,0
compte_epargne_cbc,Compte épargne particulier (CBC vs ING),compte épargne CBC,CBC,fr,2022-11-13,0
compte_epargne_cbc,Compte épargne particulier (CBC vs ING),compte épargne CBC,CBC,fr,2022-11-20,0
compte_epargne_cbc,Compte épargne particulier (CBC vs ING),compte épargne CBC,CBC,fr,2022-11-27,0
compte_epargne_cbc,Compte épargne particulier (CBC vs ING),compte épargne CBC,CBC,fr,2022-12-04,0
compte_epargne_cbc,Compte épargne particulier (CBC vs ING),compte épargne CBC,CBC,fr,2022-12-11,0
compte_epargne_cbc,Compte épargne particulier (CBC vs ING),compte épargne CBC,CBC,fr,2022-12-18,0
compte_epargne_cbc,Compte épargne particulier (CBC vs ING),compte épargne CBC,CBC,fr,2022-12-25,0
compte_epargne_cbc,Compte épargne particulier (CBC vs ING),compte épargne CBC,CBC,fr,2023-01-01,0
compte_epargne_cbc,Compte épargne particulier (CBC vs ING),compte épargne CBC,CBC,fr,2023-01-08,0
compte_epargne_cbc,Compte épargne particulier (CBC vs ING),compte épargne CBC,CBC,fr,2023-01-15,0
compte_epargne_cbc,Compte épargne particulier (CBC vs ING),compte épargne CBC,CBC,fr,2023-01-22,0
compte_epargne_cbc,Compte épargne particulier (CBC vs ING),compte épargne CBC,CBC,fr,2023-01-29,0
compte_epargne_cbc,Compte épargne particulier (CBC vs ING),compte épargne CBC,CBC,fr,2023-02-05,0
compte_epargne_cbc,Compte épargne particulier (CBC vs ING),compte épargne CBC,CBC,fr,2023-02-12,0
compte_epargne_cbc,Compte épargne particulier (CBC vs ING),compte épargne CBC,CBC,fr,2023-02-19,0
compte_epargne_cbc,Compte épargne particulier (CBC vs ING),compte épargne CBC,CBC,fr,2023-02-26,0
compte_epargne_cbc,Compte épargne particulier (CBC vs ING),compte épargne CBC,CBC,fr,2023-03-05,0
compte_epargne_cbc,Compte épargne particulier (CBC vs ING),compte épargne CBC,CBC,fr,2023-03-12,0
compte_epargne_cbc,Compte épargne particulier (CBC vs ING),compte épargne CBC,CBC,fr,2023-03-19,0
compte_epargne_cbc,Compte épargne particulier (CBC vs ING),compte épargne CBC,CBC,fr,2023-03-26,0
compte_epargne_cbc,Compte épargne particulier (CBC vs ING),compte épargne CBC,CBC,fr,2023-04-02,0
compte_epargne_cbc,Compte épargne particulier (CBC vs ING),compte épargne CBC,CBC,fr,2023-04-09,0
compte_epargne_cbc,Compte épargne particulier (CBC vs ING),compte épargne CBC,CBC,fr,2023-04-16,0
compte_epargne_cbc,Compte épargne particulier (CBC vs ING),compte épargne CBC,CBC,fr,2023-04-23,0
compte_epargne_cbc,Compte épargne particulier (CBC vs ING),compte épargne CBC,CBC,fr,2023-04-30,0
compte_epargne_cbc,Compte épargne particulier (CBC vs ING),compte épargne CBC,CBC,fr,2023-05-07,0
compte_epargne_cbc,Compte épargne particulier (CBC vs ING),compte épargne CBC,CBC,fr,2023-05-14,0
compte_epargne_cbc,Compte épargne particulier (CBC vs ING),compte épargne CBC,CBC,fr,2023-05-21,0
compte_epargne_cbc,Compte épargne particulier (CBC vs ING),compte épargne CBC,CBC,fr,2023-05-28,0
compte_epargne_cbc,Compte épargne particulier (CBC vs ING),compte épargne CBC,CBC,fr,2023-06-04,0
compte_epargne_cbc,Compte épargne particulier (CBC vs ING),compte épargne CBC,CBC,fr,2023-06-11,0
compte_epargne_cbc,Compte épargne particulier (CBC vs ING),compte épargne CBC,CBC,fr,2023-06-18,0
compte_epargne_cbc,Compte épargne particulier (CBC vs ING),compte épargne CBC,CBC,fr,2023-06-25,0
compte_epargne_cbc,Compte épargne particulier (CBC vs ING),compte épargne CBC,CBC,fr,2023-07-02,0
compte_epargne_cbc,Compte épargne particulier (CBC vs ING),compte épargne CBC,CBC,fr,2023-07-09,0
compte_epargne_cbc,Compte épargne particulier (CBC vs ING),compte épargne CBC,CBC,fr,2023-07-16,0
compte_epargne_cbc,Compte épargne particulier (CBC vs ING),compte épargne CBC,CBC,fr,2023-07-23,0
compte_epargne_cbc,Compte épargne particulier (CBC vs ING),compte épargne CBC,CBC,fr,2023-07-30,0
compte_epargne_cbc,Compte épargne particulier (CBC vs ING),compte épargne CBC,CBC,fr,2023-08-06,0
compte_epargne_cbc,Compte épargne particulier (CBC vs ING),compte épargne CBC,CBC,fr,2023-08-13,0
compte_epargne_cbc,Compte épargne particulier (CBC vs ING),compte épargne CBC,CBC,fr,2023-08-20,0
compte_epargne_cbc,Compte épargne particulier (CBC vs ING),compte épargne CBC,CBC,fr,2023-08-27,0
compte_epargne_cbc,Compte épargne particulier (CBC vs ING),compte épargne CBC,CBC,fr,2023-09-03,0
compte_epargne_cbc,Compte épargne particulier (CBC vs ING),compte épargne CBC,CBC,fr,2023-09-10,0
compte_epargne_cbc,Compte épargne particulier (CBC vs ING),compte épargne CBC,CBC,fr,2023-09-17,0
compte_epargne_cbc,Compte épargne particulier (CBC vs ING),compte épargne CBC,CBC,fr,2023-09-24,0
compte_epargne_cbc,Compte épargne particulier (CBC vs ING),compte épargne CBC,CBC,fr,2023-10-01,0
compte_epargne_cbc,Compte épargne particulier (CBC vs ING),compte épargne CBC,CBC,fr,2023-10-08,0
compte_epargne_cbc,Compte épargne particulier (CBC vs ING),compte épargne CBC,CBC,fr,2023-10-15,0
compte_epargne_cbc,Compte épargne particulier (CBC vs ING),compte épargne CBC,CBC,fr,2023-10-22,0
compte_epargne_cbc,Compte épargne particulier (CBC vs ING),compte épargne CBC,CBC,fr,2023-10-29,0
compte_epargne_cbc,Compte épargne particulier (CBC vs ING),compte épargne CBC,CBC,fr,2023-11-05,0
compte_epargne_cbc,Compte épargne particulier (CBC vs ING),compte épargne CBC,CBC,fr,2023-11-12,0
compte_epargne_cbc,Compte épargne particulier (CBC vs ING),compte épargne CBC,CBC,fr,2023-11-19,0
compte_epargne_cbc,Compte épargne particulier (CBC vs ING),compte épargne CBC,CBC,fr,2023-11-26,0
compte_epargne_cbc,Compte épargne particulier (CBC vs ING),compte épargne CBC,CBC,fr,2023-12-03,0
compte_epargne_cbc,Compte épargne particulier (CBC vs ING),compte épargne CBC,CBC,fr,2023-12-10,0
compte_epargne_cbc,Compte épargne particulier (CBC vs ING),compte épargne CBC,CBC,fr,2023-12-17,0
compte_epargne_cbc,Compte épargne particulier (CBC vs ING),compte épargne CBC,CBC,fr,2023-12-24,0
compte_epargne_cbc,Compte épargne particulier (CBC vs ING),compte épargne CBC,CBC,fr,2023-12-31,0
compte_epargne_cbc,Compte épargne particulier (CBC vs ING),compte épargne CBC,CBC,fr,2024-01-07,0
compte_epargne_cbc,Compte épargne particulier (CBC vs ING),compte épargne CBC,CBC,fr,2024-01-14,0
compte_epargne_cbc,Compte épargne particulier (CBC vs ING),compte épargne CBC,CBC,fr,2024-01-21,0
compte_epargne_cbc,Compte épargne particulier (CBC vs ING),compte épargne CBC,CBC,fr,2024-01-28,0
compte_epargne_cbc,Compte épargne particulier (CBC vs ING),compte épargne CBC,CBC,fr,2024-02-04,0
compte_epargne_cbc,Compte épargne particulier (CBC vs ING),compte épargne CBC,CBC,fr,2024-02-11,0
compte_epargne_cbc,Compte épargne particulier (CBC vs ING),compte épargne CBC,CBC,fr,2024-02-18,0
compte_epargne_cbc,Compte épargne particulier (CBC vs ING),compte épargne CBC,CBC,fr,2024-02-25,0
compte_epargne_cbc,Compte épargne particulier (CBC vs ING),compte épargne CBC,CBC,fr,2024-03-03,0
compte_epargne_cbc,Compte épargne particulier (CBC vs ING),compte épargne CBC,CBC,fr,2024-03-10,0
compte_epargne_cbc,Compte épargne particulier (CBC vs ING),compte épargne CBC,CBC,fr,2024-03-17,0
compte_epargne_cbc,Compte épargne particulier (CBC vs ING),compte épargne CBC,CBC,fr,2024-03-24,0
compte_epargne_cbc,Compte épargne particulier (CBC vs ING),compte épargne CBC,CBC,fr,2024-03-31,0
compte_epargne_cbc,Compte épargne particulier (CBC vs ING),compte épargne CBC,CBC,fr,2024-04-07,0
compte_epargne_cbc,Compte épargne particulier (CBC vs ING),compte épargne CBC,CBC,fr,2024-04-14,0
compte_epargne_cbc,Compte épargne particulier (CBC vs ING),compte épargne CBC,CBC,fr,2024-04-21,0
compte_epargne_cbc,Compte épargne particulier (CBC vs ING),compte épargne CBC,CBC,fr,2024-04-28,0
compte_epargne_cbc,Compte épargne particulier (CBC vs ING),compte épargne CBC,CBC,fr,2024-05-05,0
compte_epargne_cbc,Compte épargne particulier (CBC vs ING),compte épargne CBC,CBC,fr,2024-05-12,0
compte_epargne_cbc,Compte épargne particulier (CBC vs ING),compte épargne CBC,CBC,fr,2024-05-19,0
compte_epargne_cbc,Compte épargne particulier (CBC vs ING),compte épargne CBC,CBC,fr,2024-05-26,0
compte_epargne_cbc,Compte épargne particulier (CBC vs ING),compte épargne CBC,CBC,fr,2024-06-02,0
compte_epargne_cbc,Compte épargne particulier (CBC vs ING),compte épargne CBC,CBC,fr,2024-06-09,24
compte_epargne_cbc,Compte épargne particulier (CBC vs ING),compte épargne CBC,CBC,fr,2024-06-16,0
compte_epargne_cbc,Compte épargne particulier (CBC vs ING),compte épargne CBC,CBC,fr,2024-06-23,0
compte_epargne_cbc,Compte épargne particulier (CBC vs ING),compte épargne CBC,CBC,fr,2024-06-30,0
compte_epargne_cbc,Compte épargne particulier (CBC vs ING),compte épargne CBC,CBC,fr,2024-07-07,0
compte_epargne_cbc,Compte épargne particulier (CBC vs ING),compte épargne CBC,CBC,fr,2024-07-14,0
compte_epargne_cbc,Compte épargne particulier (CBC vs ING),compte épargne CBC,CBC,fr,2024-07-21,0
compte_epargne_cbc,Compte épargne particulier (CBC vs ING),compte épargne CBC,CBC,fr,2024-07-28,0
compte_epargne_cbc,Compte épargne particulier (CBC vs ING),compte épargne CBC,CBC,fr,2024-08-04,0
compte_epargne_cbc,Compte épargne particulier (CBC vs ING),compte épargne CBC,CBC,fr,2024-08-11,0
compte_epargne_cbc,Compte épargne particulier (CBC vs ING),compte épargne CBC,CBC,fr,2024-08-18,0
compte_epargne_cbc,Compte épargne particulier (CBC vs ING),compte épargne CBC,CBC,fr,2024-08-25,0
compte_epargne_cbc,Compte épargne particulier (CBC vs ING),compte épargne CBC,CBC,fr,2024-09-01,0
compte_epargne_cbc,Compte épargne particulier (CBC vs ING),compte épargne CBC,CBC,fr,2024-09-08,0
compte_epargne_cbc,Compte épargne particulier (CBC vs ING),compte épargne CBC,CBC,fr,2024-09-15,0
compte_epargne_cbc,Compte épargne particulier (CBC vs ING),compte épargne CBC,CBC,fr,2024-09-22,0
compte_epargne_cbc,Compte épargne particulier (CBC vs ING),compte épargne CBC,CBC,fr,2024-09-29,0
compte_epargne_cbc,Compte épargne particulier (CBC vs ING),compte épargne CBC,CBC,fr,2024-10-06,0
compte_epargne_cbc,Compte épargne particulier (CBC vs ING),compte épargne CBC,CBC,fr,2024-10-13,0
compte_epargne_cbc,Compte épargne particulier (CBC vs ING),compte épargne CBC,CBC,fr,2024-10-20,0
compte_epargne_cbc,Compte épargne particulier (CBC vs ING),compte épargne CBC,CBC,fr,2024-10-27,0
compte_epargne_cbc,Compte épargne particulier (CBC vs ING),compte épargne CBC,CBC,fr,2024-11-03,0
compte_epargne_cbc,Compte épargne particulier (CBC vs ING),compte épargne CBC,CBC,fr,2024-11-10,0
compte_epargne_cbc,Compte épargne particulier (CBC vs ING),compte épargne CBC,CBC,fr,2024-11-17,0
compte_epargne_cbc,Compte épargne particulier (CBC vs ING),compte épargne CBC,CBC,fr,2024-11-24,0
compte_epargne_cbc,Compte épargne particulier (CBC vs ING),compte épargne CBC,CBC,fr,2024-12-01,0
compte_epargne_cbc,Compte épargne particulier (CBC vs ING),compte épargne CBC,CBC,fr,2024-12-08,0
compte_epargne_cbc,Compte épargne particulier (CBC vs ING),compte épargne CBC,CBC,fr,2024-12-15,0
compte_epargne_cbc,Compte épargne particulier (CBC vs ING),compte épargne CBC,CBC,fr,2024-12-22,0
compte_epargne_cbc,Compte épargne particulier (CBC vs ING),compte épargne CBC,CBC,fr,2024-12-29,0
compte_epargne_cbc,Compte épargne particulier (CBC vs ING),compte épargne CBC,CBC,fr,2025-01-05,0
compte_epargne_cbc,Compte épargne particulier (CBC vs ING),compte épargne CBC,CBC,fr,2025-01-12,0
compte_epargne_cbc,Compte épargne particulier (CBC vs ING),compte épargne CBC,CBC,fr,2025-01-19,0
compte_epargne_cbc,Compte épargne particulier (CBC vs ING),compte épargne CBC,CBC,fr,2025-01-26,0
compte_epargne_cbc,Compte épargne particulier (CBC vs ING),compte épargne CBC,CBC,fr,2025-02-02,0
compte_epargne_cbc,Compte épargne particulier (CBC vs ING),compte épargne CBC,CBC,fr,2025-02-09,0
compte_epargne_cbc,Compte épargne particulier (CBC vs ING),compte épargne CBC,CBC,fr,2025-02-16,0
compte_epargne_cbc,Compte épargne particulier (CBC vs ING),compte épargne CBC,CBC,fr,2025-02-23,0
compte_epargne_cbc,Compte épargne particulier (CBC vs ING),compte épargne CBC,CBC,fr,2025-03-02,0
compte_epargne_cbc,Compte épargne particulier (CBC vs ING),compte épargne CBC,CBC,fr,2025-03-09,0
compte_epargne_cbc,Compte épargne particulier (CBC vs ING),compte épargne CBC,CBC,fr,2025-03-16,0
compte_epargne_cbc,Compte épargne particulier (CBC vs ING),compte épargne CBC,CBC,fr,2025-03-23,0
compte_epargne_cbc,Compte épargne particulier (CBC vs ING),compte épargne CBC,CBC,fr,2025-03-30,0
compte_epargne_cbc,Compte épargne particulier (CBC vs ING),compte épargne CBC,CBC,fr,2025-04-06,0
compte_epargne_cbc,Compte épargne particulier (CBC vs ING),compte épargne CBC,CBC,fr,2025-04-13,0
compte_epargne_cbc,Compte épargne particulier (CBC vs ING),compte épargne CBC,CBC,fr,2025-04-20,0
compte_epargne_cbc,Compte épargne particulier (CBC vs ING),compte épargne CBC,CBC,fr,2025-04-27,0
compte_epargne_cbc,Compte épargne particulier (CBC vs ING),compte épargne CBC,CBC,fr,2025-05-04,0
compte_epargne_cbc,Compte épargne particulier (CBC vs ING),compte épargne CBC,CBC,fr,2025-05-11,0
compte_epargne_cbc,Compte épargne particulier (CBC vs ING),compte épargne CBC,CBC,fr,2025-05-18,0
compte_epargne_cbc,Compte épargne particulier (CBC vs ING),compte épargne CBC,CBC,fr,2025-05-25,0
compte_epargne_cbc,Compte épargne particulier (CBC vs ING),compte épargne CBC,CBC,fr,2025-06-01,0
compte_epargne_cbc,Compte épargne particulier (CBC vs ING),compte épargne CBC,CBC,fr,2025-06-08,0
compte_epargne_cbc,Compte épargne particulier (CBC vs ING),compte épargne CBC,CBC,fr,2025-06-15,0
compte_epargne_cbc,Compte épargne particulier (CBC vs ING),compte épargne CBC,CBC,fr,2025-06-22,0
compte_epargne_cbc,Compte épargne particulier (CBC vs ING),compte épargne CBC,CBC,fr,2025-06-29,0
compte_epargne_cbc,Compte épargne particulier (CBC vs ING),compte épargne CBC,CBC,fr,2025-07-06,0
compte_epargne_cbc,Compte épargne particulier (CBC vs ING),compte épargne CBC,CBC,fr,2025-07-13,0
compte_epargne_cbc,Compte épargne particulier (CBC vs ING),compte épargne CBC,CBC,fr,2025-07-20,0
compte_epargne_cbc,Compte épargne particulier (CBC vs ING),compte épargne CBC,CBC,fr,2025-07-27,0
compte_epargne_cbc,Compte épargne particulier (CBC vs ING),compte épargne CBC,CBC,fr,2025-08-03,0
compte_epargne_cbc,Compte épargne particulier (CBC vs ING),compte épargne CBC,CBC,fr,2025-08-10,0
compte_epargne_cbc,Compte épargne particulier (CBC vs ING),compte épargne CBC,CBC,fr,2025-08-17,0
compte_epargne_cbc,Compte épargne particulier (CBC vs ING),compte épargne CBC,CBC,fr,2025-08-24,0
compte_epargne_cbc,Compte épargne particulier (CBC vs ING),compte épargne CBC,CBC,fr,2025-08-31,0
compte_epargne_cbc,Compte épargne particulier (CBC vs ING),compte épargne CBC,CBC,fr,2025-09-07,0
compte_epargne_cbc,Compte épargne particulier (CBC vs ING),compte épargne CBC,CBC,fr,2025-09-14,0
compte_epargne_cbc,Compte épargne particulier (CBC vs ING),compte épargne CBC,CBC,fr,2025-09-21,0
compte_epargne_cbc,Compte épargne particulier (CBC vs ING),compte épargne CBC,CBC,fr,2025-09-28,0
compte_epargne_cbc,Compte épargne particulier (CBC vs ING),compte épargne CBC,CBC,fr,2025-10-05,0
compte_epargne_cbc,Compte épargne particulier (CBC vs ING),compte épargne CBC,CBC,fr,2025-10-12,0
compte_epargne_cbc,Compte épargne particulier (CBC vs ING),compte épargne CBC,CBC,fr,2025-10-19,0
compte_epargne_cbc,Compte épargne particulier (CBC vs ING),compte épargne CBC,CBC,fr,2025-10-26,0
compte_epargne_cbc,Compte épargne particulier (CBC vs ING),compte épargne CBC,CBC,fr,2025-11-02,0
compte_epargne_cbc,Compte épargne particulier (CBC vs ING),compte épargne CBC,CBC,fr,2025-11-09,0
compte_epargne_cbc,Compte épargne particulier (CBC vs ING),compte épargne CBC,CBC,fr,2025-11-16,0
compte_epargne_cbc,Compte épargne particulier (CBC vs ING),compte épargne CBC,CBC,fr,2025-11-23,0
compte_epargne_cbc,Compte épargne particulier (CBC vs ING),compte épargne CBC,CBC,fr,2025-11-30,0
compte_epargne_cbc,Compte épargne particulier (CBC vs ING),compte épargne CBC,CBC,fr,2025-12-07,0
compte_epargne_cbc,Compte épargne particulier (CBC vs ING),compte épargne CBC,CBC,fr,2025-12-14,0
compte_epargne_cbc,Compte épargne particulier (CBC vs ING),compte épargne CBC,CBC,fr,2025-12-21,0
compte_epargne_cbc,Compte épargne particulier (CBC vs ING),compte épargne CBC,CBC,fr,2025-12-28,0
compte_epargne_cbc,Compte épargne particulier (CBC vs ING),compte épargne CBC,CBC,fr,2026-01-04,0
compte_epargne_cbc,Compte épargne particulier (CBC vs ING),compte épargne CBC,CBC,fr,2026-01-11,0
compte_epargne_cbc,Compte épargne particulier (CBC vs ING),compte épargne CBC,CBC,fr,2026-01-18,0
compte_epargne_cbc,Compte épargne particulier (CBC vs ING),compte épargne CBC,CBC,fr,2026-01-25,0
compte_epargne_cbc,Compte épargne particulier (CBC vs ING),compte épargne CBC,CBC,fr,2026-02-01,0
compte_epargne_cbc,Compte épargne particulier (CBC vs ING),compte épargne CBC,CBC,fr,2026-02-08,0
compte_epargne_cbc,Compte épargne particulier (CBC vs ING),compte épargne CBC,CBC,fr,2026-02-15,0
compte_epargne_cbc,Compte épargne particulier (CBC vs ING),compte épargne CBC,CBC,fr,2026-02-22,0
compte_epargne_cbc,Compte épargne particulier (CBC vs ING),compte épargne CBC,CBC,fr,2026-03-01,0
compte_epargne_cbc,Compte épargne particulier (CBC vs ING),compte épargne CBC,CBC,fr,2026-03-08,0
compte_epargne_cbc,Compte épargne particulier (CBC vs ING),compte épargne CBC,CBC,fr,2026-03-15,0
compte_epargne_cbc,Compte épargne particulier (CBC vs ING),compte épargne CBC,CBC,fr,2026-03-22,0
compte_epargne_cbc,Compte épargne particulier (CBC vs ING),compte épargne CBC,CBC,fr,2026-03-29,0
compte_epargne_cbc,Compte épargne particulier (CBC vs ING),compte épargne CBC,CBC,fr,2026-04-05,0
compte_epargne_cbc,Compte épargne particulier (CBC vs ING),compte épargne CBC,CBC,fr,2026-04-12,0
compte_epargne_cbc,Compte épargne particulier (CBC vs ING),compte épargne CBC,CBC,fr,2026-04-19,0
compte_epargne_cbc,Compte épargne particulier (CBC vs ING),compte épargne CBC,CBC,fr,2026-04-26,0
compte_epargne_cbc,Compte épargne particulier (CBC vs ING),compte épargne CBC,CBC,fr,2026-05-03,0
compte_epargne_cbc,Compte épargne particulier (CBC vs ING),compte épargne CBC,CBC,fr,2026-05-10,0
compte_epargne_cbc,Compte épargne particulier (CBC vs ING),compte épargne CBC,CBC,fr,2026-05-17,0
compte_epargne_cbc,Compte épargne particulier (CBC vs ING),compte épargne CBC,CBC,fr,2026-05-24,0
compte_epargne_cbc,Compte épargne particulier (CBC vs ING),compte épargne CBC,CBC,fr,2026-05-31,0
compte_epargne_cbc,Compte épargne particulier (CBC vs ING),compte épargne CBC,CBC,fr,2026-06-07,0
compte_epargne_cbc,Compte épargne particulier (CBC vs ING),compte épargne CBC,CBC,fr,2026-06-14,0
compte_epargne_cbc,Compte épargne particulier (CBC vs ING),compte épargne CBC,CBC,fr,2026-06-21,0
compte_epargne_cbc,Compte épargne particulier (CBC vs ING),compte épargne CBC,CBC,fr,2026-06-28,0
compte_epargne_cbc,Compte épargne particulier (CBC vs ING),compte épargne CBC,CBC,fr,2026-07-05,0
compte_epargne_cbc,Compte épargne particulier (CBC vs ING),compte épargne CBC,CBC,fr,2026-07-12,0
compte_epargne_cbc,Compte épargne particulier (CBC vs ING),compte épargne CBC,CBC,fr,2026-07-19,0
compte_epargne_cbc,Compte épargne particulier (CBC vs ING),compte épargne CBC,CBC,fr,2026-07-26,0
compte_epargne_cbc,Compte épargne particulier (CBC vs ING),compte épargne CBC,CBC,fr,2026-08-02,0
compte_epargne_cbc,Compte épargne particulier (CBC vs ING),compte épargne CBC,CBC,fr,2026-08-09,0
compte_epargne_cbc,Compte épargne particulier (CBC vs ING),compte épargne CBC,CBC,fr,2026-08-16,0
compte_epargne_cbc,Compte épargne particulier (CBC vs ING),compte épargne CBC,CBC,fr,2026-08-23,0
compte_epargne_cbc,Compte épargne particulier (CBC vs ING),compte épargne CBC,CBC,fr,2026-08-30,3
compte_epargne_cbc,Compte épargne particulier (CBC vs ING),compte épargne CBC,CBC,fr,2026-09-06,3
compte_epargne_cbc,Compte épargne particulier (CBC vs ING),compte épargne CBC,CBC,fr,2026-09-13,0
compte_professionnel_cbc,Compte professionnel / indépendant (CBC vs ING),KBC Business Pro,CBC,en,2021-09-12,0
compte_professionnel_cbc,Compte professionnel / indépendant (CBC vs ING),KBC Business Pro,CBC,en,2021-09-19,0
compte_professionnel_cbc,Compte professionnel / indépendant (CBC vs ING),KBC Business Pro,CBC,en,2021-09-26,0
compte_professionnel_cbc,Compte professionnel / indépendant (CBC vs ING),KBC Business Pro,CBC,en,2021-10-03,0
compte_professionnel_cbc,Compte professionnel / indépendant (CBC vs ING),KBC Business Pro,CBC,en,2021-10-10,0
compte_professionnel_cbc,Compte professionnel / indépendant (CBC vs ING),KBC Business Pro,CBC,en,2021-10-17,0
compte_professionnel_cbc,Compte professionnel / indépendant (CBC vs ING),KBC Business Pro,CBC,en,2021-10-24,0
compte_professionnel_cbc,Compte professionnel / indépendant (CBC vs ING),KBC Business Pro,CBC,en,2021-10-31,0
compte_professionnel_cbc,Compte professionnel / indépendant (CBC vs ING),KBC Business Pro,CBC,en,2021-11-07,0
compte_professionnel_cbc,Compte professionnel / indépendant (CBC vs ING),KBC Business Pro,CBC,en,2021-11-14,0
compte_professionnel_cbc,Compte professionnel / indépendant (CBC vs ING),KBC Business Pro,CBC,en,2021-11-21,0
compte_professionnel_cbc,Compte professionnel / indépendant (CBC vs ING),KBC Business Pro,CBC,en,2021-11-28,0
compte_professionnel_cbc,Compte professionnel / indépendant (CBC vs ING),KBC Business Pro,CBC,en,2021-12-05,0
compte_professionnel_cbc,Compte professionnel / indépendant (CBC vs ING),KBC Business Pro,CBC,en,2021-12-12,0
compte_professionnel_cbc,Compte professionnel / indépendant (CBC vs ING),KBC Business Pro,CBC,en,2021-12-19,0
compte_professionnel_cbc,Compte professionnel / indépendant (CBC vs ING),KBC Business Pro,CBC,en,2021-12-26,0
compte_professionnel_cbc,Compte professionnel / indépendant (CBC vs ING),KBC Business Pro,CBC,en,2022-01-02,0
compte_professionnel_cbc,Compte professionnel / indépendant (CBC vs ING),KBC Business Pro,CBC,en,2022-01-09,0
compte_professionnel_cbc,Compte professionnel / indépendant (CBC vs ING),KBC Business Pro,CBC,en,2022-01-16,0
compte_professionnel_cbc,Compte professionnel / indépendant (CBC vs ING),KBC Business Pro,CBC,en,2022-01-23,0
compte_professionnel_cbc,Compte professionnel / indépendant (CBC vs ING),KBC Business Pro,CBC,en,2022-01-30,0
compte_professionnel_cbc,Compte professionnel / indépendant (CBC vs ING),KBC Business Pro,CBC,en,2022-02-06,0
compte_professionnel_cbc,Compte professionnel / indépendant (CBC vs ING),KBC Business Pro,CBC,en,2022-02-13,0
compte_professionnel_cbc,Compte professionnel / indépendant (CBC vs ING),KBC Business Pro,CBC,en,2022-02-20,0
compte_professionnel_cbc,Compte professionnel / indépendant (CBC vs ING),KBC Business Pro,CBC,en,2022-02-27,0
compte_professionnel_cbc,Compte professionnel / indépendant (CBC vs ING),KBC Business Pro,CBC,en,2022-03-06,0
compte_professionnel_cbc,Compte professionnel / indépendant (CBC vs ING),KBC Business Pro,CBC,en,2022-03-13,0
compte_professionnel_cbc,Compte professionnel / indépendant (CBC vs ING),KBC Business Pro,CBC,en,2022-03-20,0
compte_professionnel_cbc,Compte professionnel / indépendant (CBC vs ING),KBC Business Pro,CBC,en,2022-03-27,0
compte_professionnel_cbc,Compte professionnel / indépendant (CBC vs ING),KBC Business Pro,CBC,en,2022-04-03,0
compte_professionnel_cbc,Compte professionnel / indépendant (CBC vs ING),KBC Business Pro,CBC,en,2022-04-10,0
compte_professionnel_cbc,Compte professionnel / indépendant (CBC vs ING),KBC Business Pro,CBC,en,2022-04-17,0
compte_professionnel_cbc,Compte professionnel / indépendant (CBC vs ING),KBC Business Pro,CBC,en,2022-04-24,0
compte_professionnel_cbc,Compte professionnel / indépendant (CBC vs ING),KBC Business Pro,CBC,en,2022-05-01,0
compte_professionnel_cbc,Compte professionnel / indépendant (CBC vs ING),KBC Business Pro,CBC,en,2022-05-08,0
compte_professionnel_cbc,Compte professionnel / indépendant (CBC vs ING),KBC Business Pro,CBC,en,2022-05-15,0
compte_professionnel_cbc,Compte professionnel / indépendant (CBC vs ING),KBC Business Pro,CBC,en,2022-05-22,0
compte_professionnel_cbc,Compte professionnel / indépendant (CBC vs ING),KBC Business Pro,CBC,en,2022-05-29,0
compte_professionnel_cbc,Compte professionnel / indépendant (CBC vs ING),KBC Business Pro,CBC,en,2022-06-05,0
compte_professionnel_cbc,Compte professionnel / indépendant (CBC vs ING),KBC Business Pro,CBC,en,2022-06-12,0
compte_professionnel_cbc,Compte professionnel / indépendant (CBC vs ING),KBC Business Pro,CBC,en,2022-06-19,0
compte_professionnel_cbc,Compte professionnel / indépendant (CBC vs ING),KBC Business Pro,CBC,en,2022-06-26,0
compte_professionnel_cbc,Compte professionnel / indépendant (CBC vs ING),KBC Business Pro,CBC,en,2022-07-03,0
compte_professionnel_cbc,Compte professionnel / indépendant (CBC vs ING),KBC Business Pro,CBC,en,2022-07-10,0
compte_professionnel_cbc,Compte professionnel / indépendant (CBC vs ING),KBC Business Pro,CBC,en,2022-07-17,0
compte_professionnel_cbc,Compte professionnel / indépendant (CBC vs ING),KBC Business Pro,CBC,en,2022-07-24,0
compte_professionnel_cbc,Compte professionnel / indépendant (CBC vs ING),KBC Business Pro,CBC,en,2022-07-31,0
compte_professionnel_cbc,Compte professionnel / indépendant (CBC vs ING),KBC Business Pro,CBC,en,2022-08-07,0
compte_professionnel_cbc,Compte professionnel / indépendant (CBC vs ING),KBC Business Pro,CBC,en,2022-08-14,0
compte_professionnel_cbc,Compte professionnel / indépendant (CBC vs ING),KBC Business Pro,CBC,en,2022-08-21,0
compte_professionnel_cbc,Compte professionnel / indépendant (CBC vs ING),KBC Business Pro,CBC,en,2022-08-28,0
compte_professionnel_cbc,Compte professionnel / indépendant (CBC vs ING),KBC Business Pro,CBC,en,2022-09-04,0
compte_professionnel_cbc,Compte professionnel / indépendant (CBC vs ING),KBC Business Pro,CBC,en,2022-09-11,0
compte_professionnel_cbc,Compte professionnel / indépendant (CBC vs ING),KBC Business Pro,CBC,en,2022-09-18,0
compte_professionnel_cbc,Compte professionnel / indépendant (CBC vs ING),KBC Business Pro,CBC,en,2022-09-25,0
compte_professionnel_cbc,Compte professionnel / indépendant (CBC vs ING),KBC Business Pro,CBC,en,2022-10-02,0
compte_professionnel_cbc,Compte professionnel / indépendant (CBC vs ING),KBC Business Pro,CBC,en,2022-10-09,0
compte_professionnel_cbc,Compte professionnel / indépendant (CBC vs ING),KBC Business Pro,CBC,en,2022-10-16,0
compte_professionnel_cbc,Compte professionnel / indépendant (CBC vs ING),KBC Business Pro,CBC,en,2022-10-23,0
compte_professionnel_cbc,Compte professionnel / indépendant (CBC vs ING),KBC Business Pro,CBC,en,2022-10-30,0
compte_professionnel_cbc,Compte professionnel / indépendant (CBC vs ING),KBC Business Pro,CBC,en,2022-11-06,0
compte_professionnel_cbc,Compte professionnel / indépendant (CBC vs ING),KBC Business Pro,CBC,en,2022-11-13,0
compte_professionnel_cbc,Compte professionnel / indépendant (CBC vs ING),KBC Business Pro,CBC,en,2022-11-20,0
compte_professionnel_cbc,Compte professionnel / indépendant (CBC vs ING),KBC Business Pro,CBC,en,2022-11-27,0
compte_professionnel_cbc,Compte professionnel / indépendant (CBC vs ING),KBC Business Pro,CBC,en,2022-12-04,0
compte_professionnel_cbc,Compte professionnel / indépendant (CBC vs ING),KBC Business Pro,CBC,en,2022-12-11,0
compte_professionnel_cbc,Compte professionnel / indépendant (CBC vs ING),KBC Business Pro,CBC,en,2022-12-18,0
compte_professionnel_cbc,Compte professionnel / indépendant (CBC vs ING),KBC Business Pro,CBC,en,2022-12-25,0
compte_professionnel_cbc,Compte professionnel / indépendant (CBC vs ING),KBC Business Pro,CBC,en,2023-01-01,0
compte_professionnel_cbc,Compte professionnel / indépendant (CBC vs ING),KBC Business Pro,CBC,en,2023-01-08,0
compte_professionnel_cbc,Compte professionnel / indépendant (CBC vs ING),KBC Business Pro,CBC,en,2023-01-15,0
compte_professionnel_cbc,Compte professionnel / indépendant (CBC vs ING),KBC Business Pro,CBC,en,2023-01-22,0
compte_professionnel_cbc,Compte professionnel / indépendant (CBC vs ING),KBC Business Pro,CBC,en,2023-01-29,0
compte_professionnel_cbc,Compte professionnel / indépendant (CBC vs ING),KBC Business Pro,CBC,en,2023-02-05,0
compte_professionnel_cbc,Compte professionnel / indépendant (CBC vs ING),KBC Business Pro,CBC,en,2023-02-12,0
compte_professionnel_cbc,Compte professionnel / indépendant (CBC vs ING),KBC Business Pro,CBC,en,2023-02-19,0
compte_professionnel_cbc,Compte professionnel / indépendant (CBC vs ING),KBC Business Pro,CBC,en,2023-02-26,0
compte_professionnel_cbc,Compte professionnel / indépendant (CBC vs ING),KBC Business Pro,CBC,en,2023-03-05,0
compte_professionnel_cbc,Compte professionnel / indépendant (CBC vs ING),KBC Business Pro,CBC,en,2023-03-12,0
compte_professionnel_cbc,Compte professionnel / indépendant (CBC vs ING),KBC Business Pro,CBC,en,2023-03-19,0
compte_professionnel_cbc,Compte professionnel / indépendant (CBC vs ING),KBC Business Pro,CBC,en,2023-03-26,0
compte_professionnel_cbc,Compte professionnel / indépendant (CBC vs ING),KBC Business Pro,CBC,en,2023-04-02,0
compte_professionnel_cbc,Compte professionnel / indépendant (CBC vs ING),KBC Business Pro,CBC,en,2023-04-09,0
compte_professionnel_cbc,Compte professionnel / indépendant (CBC vs ING),KBC Business Pro,CBC,en,2023-04-16,0
compte_professionnel_cbc,Compte professionnel / indépendant (CBC vs ING),KBC Business Pro,CBC,en,2023-04-23,0
compte_professionnel_cbc,Compte professionnel / indépendant (CBC vs ING),KBC Business Pro,CBC,en,2023-04-30,0
compte_professionnel_cbc,Compte professionnel / indépendant (CBC vs ING),KBC Business Pro,CBC,en,2023-05-07,0
compte_professionnel_cbc,Compte professionnel / indépendant (CBC vs ING),KBC Business Pro,CBC,en,2023-05-14,0
compte_professionnel_cbc,Compte professionnel / indépendant (CBC vs ING),KBC Business Pro,CBC,en,2023-05-21,0
compte_professionnel_cbc,Compte professionnel / indépendant (CBC vs ING),KBC Business Pro,CBC,en,2023-05-28,0
compte_professionnel_cbc,Compte professionnel / indépendant (CBC vs ING),KBC Business Pro,CBC,en,2023-06-04,0
compte_professionnel_cbc,Compte professionnel / indépendant (CBC vs ING),KBC Business Pro,CBC,en,2023-06-11,0
compte_professionnel_cbc,Compte professionnel / indépendant (CBC vs ING),KBC Business Pro,CBC,en,2023-06-18,0
compte_professionnel_cbc,Compte professionnel / indépendant (CBC vs ING),KBC Business Pro,CBC,en,2023-06-25,0
compte_professionnel_cbc,Compte professionnel / indépendant (CBC vs ING),KBC Business Pro,CBC,en,2023-07-02,0
compte_professionnel_cbc,Compte professionnel / indépendant (CBC vs ING),KBC Business Pro,CBC,en,2023-07-09,0
compte_professionnel_cbc,Compte professionnel / indépendant (CBC vs ING),KBC Business Pro,CBC,en,2023-07-16,0
compte_professionnel_cbc,Compte professionnel / indépendant (CBC vs ING),KBC Business Pro,CBC,en,2023-07-23,0
compte_professionnel_cbc,Compte professionnel / indépendant (CBC vs ING),KBC Business Pro,CBC,en,2023-07-30,0
compte_professionnel_cbc,Compte professionnel / indépendant (CBC vs ING),KBC Business Pro,CBC,en,2023-08-06,0
compte_professionnel_cbc,Compte professionnel / indépendant (CBC vs ING),KBC Business Pro,CBC,en,2023-08-13,0
compte_professionnel_cbc,Compte professionnel / indépendant (CBC vs ING),KBC Business Pro,CBC,en,2023-08-20,0
compte_professionnel_cbc,Compte professionnel / indépendant (CBC vs ING),KBC Business Pro,CBC,en,2023-08-27,0
compte_professionnel_cbc,Compte professionnel / indépendant (CBC vs ING),KBC Business Pro,CBC,en,2023-09-03,0
compte_professionnel_cbc,Compte professionnel / indépendant (CBC vs ING),KBC Business Pro,CBC,en,2023-09-10,0
compte_professionnel_cbc,Compte professionnel / indépendant (CBC vs ING),KBC Business Pro,CBC,en,2023-09-17,0
compte_professionnel_cbc,Compte professionnel / indépendant (CBC vs ING),KBC Business Pro,CBC,en,2023-09-24,0
compte_professionnel_cbc,Compte professionnel / indépendant (CBC vs ING),KBC Business Pro,CBC,en,2023-10-01,0
compte_professionnel_cbc,Compte professionnel / indépendant (CBC vs ING),KBC Business Pro,CBC,en,2023-10-08,0
compte_professionnel_cbc,Compte professionnel / indépendant (CBC vs ING),KBC Business Pro,CBC,en,2023-10-15,0
compte_professionnel_cbc,Compte professionnel / indépendant (CBC vs ING),KBC Business Pro,CBC,en,2023-10-22,0
compte_professionnel_cbc,Compte professionnel / indépendant (CBC vs ING),KBC Business Pro,CBC,en,2023-10-29,0
compte_professionnel_cbc,Compte professionnel / indépendant (CBC vs ING),KBC Business Pro,CBC,en,2023-11-05,0
compte_professionnel_cbc,Compte professionnel / indépendant (CBC vs ING),KBC Business Pro,CBC,en,2023-11-12,0
compte_professionnel_cbc,Compte professionnel / indépendant (CBC vs ING),KBC Business Pro,CBC,en,2023-11-19,0
compte_professionnel_cbc,Compte professionnel / indépendant (CBC vs ING),KBC Business Pro,CBC,en,2023-11-26,0
compte_professionnel_cbc,Compte professionnel / indépendant (CBC vs ING),KBC Business Pro,CBC,en,2023-12-03,0
compte_professionnel_cbc,Compte professionnel / indépendant (CBC vs ING),KBC Business Pro,CBC,en,2023-12-10,0
compte_professionnel_cbc,Compte professionnel / indépendant (CBC vs ING),KBC Business Pro,CBC,en,2023-12-17,0
compte_professionnel_cbc,Compte professionnel / indépendant (CBC vs ING),KBC Business Pro,CBC,en,2023-12-24,0
compte_professionnel_cbc,Compte professionnel / indépendant (CBC vs ING),KBC Business Pro,CBC,en,2023-12-31,0
compte_professionnel_cbc,Compte professionnel / indépendant (CBC vs ING),KBC Business Pro,CBC,en,2024-01-07,0
compte_professionnel_cbc,Compte professionnel / indépendant (CBC vs ING),KBC Business Pro,CBC,en,2024-01-14,0
compte_professionnel_cbc,Compte professionnel / indépendant (CBC vs ING),KBC Business Pro,CBC,en,2024-01-21,0
compte_professionnel_cbc,Compte professionnel / indépendant (CBC vs ING),KBC Business Pro,CBC,en,2024-01-28,0
compte_professionnel_cbc,Compte professionnel / indépendant (CBC vs ING),KBC Business Pro,CBC,en,2024-02-04,0
compte_professionnel_cbc,Compte professionnel / indépendant (CBC vs ING),KBC Business Pro,CBC,en,2024-02-11,0
compte_professionnel_cbc,Compte professionnel / indépendant (CBC vs ING),KBC Business Pro,CBC,en,2024-02-18,0
compte_professionnel_cbc,Compte professionnel / indépendant (CBC vs ING),KBC Business Pro,CBC,en,2024-02-25,0
compte_professionnel_cbc,Compte professionnel / indépendant (CBC vs ING),KBC Business Pro,CBC,en,2024-03-03,0
compte_professionnel_cbc,Compte professionnel / indépendant (CBC vs ING),KBC Business Pro,CBC,en,2024-03-10,0
compte_professionnel_cbc,Compte professionnel / indépendant (CBC vs ING),KBC Business Pro,CBC,en,2024-03-17,0
compte_professionnel_cbc,Compte professionnel / indépendant (CBC vs ING),KBC Business Pro,CBC,en,2024-03-24,0
compte_professionnel_cbc,Compte professionnel / indépendant (CBC vs ING),KBC Business Pro,CBC,en,2024-03-31,0
compte_professionnel_cbc,Compte professionnel / indépendant (CBC vs ING),KBC Business Pro,CBC,en,2024-04-07,0
compte_professionnel_cbc,Compte professionnel / indépendant (CBC vs ING),KBC Business Pro,CBC,en,2024-04-14,0
compte_professionnel_cbc,Compte professionnel / indépendant (CBC vs ING),KBC Business Pro,CBC,en,2024-04-21,0
compte_professionnel_cbc,Compte professionnel / indépendant (CBC vs ING),KBC Business Pro,CBC,en,2024-04-28,0
compte_professionnel_cbc,Compte professionnel / indépendant (CBC vs ING),KBC Business Pro,CBC,en,2024-05-05,0
compte_professionnel_cbc,Compte professionnel / indépendant (CBC vs ING),KBC Business Pro,CBC,en,2024-05-12,0
compte_professionnel_cbc,Compte professionnel / indépendant (CBC vs ING),KBC Business Pro,CBC,en,2024-05-19,0
compte_professionnel_cbc,Compte professionnel / indépendant (CBC vs ING),KBC Business Pro,CBC,en,2024-05-26,0
compte_professionnel_cbc,Compte professionnel / indépendant (CBC vs ING),KBC Business Pro,CBC,en,2024-06-02,0
compte_professionnel_cbc,Compte professionnel / indépendant (CBC vs ING),KBC Business Pro,CBC,en,2024-06-09,0
compte_professionnel_cbc,Compte professionnel / indépendant (CBC vs ING),KBC Business Pro,CBC,en,2024-06-16,0
compte_professionnel_cbc,Compte professionnel / indépendant (CBC vs ING),KBC Business Pro,CBC,en,2024-06-23,0
compte_professionnel_cbc,Compte professionnel / indépendant (CBC vs ING),KBC Business Pro,CBC,en,2024-06-30,0
compte_professionnel_cbc,Compte professionnel / indépendant (CBC vs ING),KBC Business Pro,CBC,en,2024-07-07,0
compte_professionnel_cbc,Compte professionnel / indépendant (CBC vs ING),KBC Business Pro,CBC,en,2024-07-14,0
compte_professionnel_cbc,Compte professionnel / indépendant (CBC vs ING),KBC Business Pro,CBC,en,2024-07-21,0
compte_professionnel_cbc,Compte professionnel / indépendant (CBC vs ING),KBC Business Pro,CBC,en,2024-07-28,0
compte_professionnel_cbc,Compte professionnel / indépendant (CBC vs ING),KBC Business Pro,CBC,en,2024-08-04,0
compte_professionnel_cbc,Compte professionnel / indépendant (CBC vs ING),KBC Business Pro,CBC,en,2024-08-11,0
compte_professionnel_cbc,Compte professionnel / indépendant (CBC vs ING),KBC Business Pro,CBC,en,2024-08-18,0
compte_professionnel_cbc,Compte professionnel / indépendant (CBC vs ING),KBC Business Pro,CBC,en,2024-08-25,0
compte_professionnel_cbc,Compte professionnel / indépendant (CBC vs ING),KBC Business Pro,CBC,en,2024-09-01,0
compte_professionnel_cbc,Compte professionnel / indépendant (CBC vs ING),KBC Business Pro,CBC,en,2024-09-08,0
compte_professionnel_cbc,Compte professionnel / indépendant (CBC vs ING),KBC Business Pro,CBC,en,2024-09-15,0
compte_professionnel_cbc,Compte professionnel / indépendant (CBC vs ING),KBC Business Pro,CBC,en,2024-09-22,0
compte_professionnel_cbc,Compte professionnel / indépendant (CBC vs ING),KBC Business Pro,CBC,en,2024-09-29,0
compte_professionnel_cbc,Compte professionnel / indépendant (CBC vs ING),KBC Business Pro,CBC,en,2024-10-06,0
compte_professionnel_cbc,Compte professionnel / indépendant (CBC vs ING),KBC Business Pro,CBC,en,2024-10-13,0
compte_professionnel_cbc,Compte professionnel / indépendant (CBC vs ING),KBC Business Pro,CBC,en,2024-10-20,0
compte_professionnel_cbc,Compte professionnel / indépendant (CBC vs ING),KBC Business Pro,CBC,en,2024-10-27,0
compte_professionnel_cbc,Compte professionnel / indépendant (CBC vs ING),KBC Business Pro,CBC,en,2024-11-03,0
compte_professionnel_cbc,Compte professionnel / indépendant (CBC vs ING),KBC Business Pro,CBC,en,2024-11-10,0
compte_professionnel_cbc,Compte professionnel / indépendant (CBC vs ING),KBC Business Pro,CBC,en,2024-11-17,0
compte_professionnel_cbc,Compte professionnel / indépendant (CBC vs ING),KBC Business Pro,CBC,en,2024-11-24,0
compte_professionnel_cbc,Compte professionnel / indépendant (CBC vs ING),KBC Business Pro,CBC,en,2024-12-01,0
compte_professionnel_cbc,Compte professionnel / indépendant (CBC vs ING),KBC Business Pro,CBC,en,2024-12-08,0
compte_professionnel_cbc,Compte professionnel / indépendant (CBC vs ING),KBC Business Pro,CBC,en,2024-12-15,0
compte_professionnel_cbc,Compte professionnel / indépendant (CBC vs ING),KBC Business Pro,CBC,en,2024-12-22,0
compte_professionnel_cbc,Compte professionnel / indépendant (CBC vs ING),KBC Business Pro,CBC,en,2024-12-29,0
compte_professionnel_cbc,Compte professionnel / indépendant (CBC vs ING),KBC Business Pro,CBC,en,2025-01-05,0
compte_professionnel_cbc,Compte professionnel / indépendant (CBC vs ING),KBC Business Pro,CBC,en,2025-01-12,0
compte_professionnel_cbc,Compte professionnel / indépendant (CBC vs ING),KBC Business Pro,CBC,en,2025-01-19,0
compte_professionnel_cbc,Compte professionnel / indépendant (CBC vs ING),KBC Business Pro,CBC,en,2025-01-26,0
compte_professionnel_cbc,Compte professionnel / indépendant (CBC vs ING),KBC Business Pro,CBC,en,2025-02-02,0
compte_professionnel_cbc,Compte professionnel / indépendant (CBC vs ING),KBC Business Pro,CBC,en,2025-02-09,0
compte_professionnel_cbc,Compte professionnel / indépendant (CBC vs ING),KBC Business Pro,CBC,en,2025-02-16,0
compte_professionnel_cbc,Compte professionnel / indépendant (CBC vs ING),KBC Business Pro,CBC,en,2025-02-23,0
compte_professionnel_cbc,Compte professionnel / indépendant (CBC vs ING),KBC Business Pro,CBC,en,2025-03-02,0
compte_professionnel_cbc,Compte professionnel / indépendant (CBC vs ING),KBC Business Pro,CBC,en,2025-03-09,0
compte_professionnel_cbc,Compte professionnel / indépendant (CBC vs ING),KBC Business Pro,CBC,en,2025-03-16,0
compte_professionnel_cbc,Compte professionnel / indépendant (CBC vs ING),KBC Business Pro,CBC,en,2025-03-23,0
compte_professionnel_cbc,Compte professionnel / indépendant (CBC vs ING),KBC Business Pro,CBC,en,2025-03-30,0
compte_professionnel_cbc,Compte professionnel / indépendant (CBC vs ING),KBC Business Pro,CBC,en,2025-04-06,0
compte_professionnel_cbc,Compte professionnel / indépendant (CBC vs ING),KBC Business Pro,CBC,en,2025-04-13,0
compte_professionnel_cbc,Compte professionnel / indépendant (CBC vs ING),KBC Business Pro,CBC,en,2025-04-20,0
compte_professionnel_cbc,Compte professionnel / indépendant (CBC vs ING),KBC Business Pro,CBC,en,2025-04-27,0
compte_professionnel_cbc,Compte professionnel / indépendant (CBC vs ING),KBC Business Pro,CBC,en,2025-05-04,0
compte_professionnel_cbc,Compte professionnel / indépendant (CBC vs ING),KBC Business Pro,CBC,en,2025-05-11,0
compte_professionnel_cbc,Compte professionnel / indépendant (CBC vs ING),KBC Business Pro,CBC,en,2025-05-18,0
compte_professionnel_cbc,Compte professionnel / indépendant (CBC vs ING),KBC Business Pro,CBC,en,2025-05-25,0
compte_professionnel_cbc,Compte professionnel / indépendant (CBC vs ING),KBC Business Pro,CBC,en,2025-06-01,0
compte_professionnel_cbc,Compte professionnel / indépendant (CBC vs ING),KBC Business Pro,CBC,en,2025-06-08,0
compte_professionnel_cbc,Compte professionnel / indépendant (CBC vs ING),KBC Business Pro,CBC,en,2025-06-15,0
compte_professionnel_cbc,Compte professionnel / indépendant (CBC vs ING),KBC Business Pro,CBC,en,2025-06-22,0
compte_professionnel_cbc,Compte professionnel / indépendant (CBC vs ING),KBC Business Pro,CBC,en,2025-06-29,0
compte_professionnel_cbc,Compte professionnel / indépendant (CBC vs ING),KBC Business Pro,CBC,en,2025-07-06,0
compte_professionnel_cbc,Compte professionnel / indépendant (CBC vs ING),KBC Business Pro,CBC,en,2025-07-13,0
compte_professionnel_cbc,Compte professionnel / indépendant (CBC vs ING),KBC Business Pro,CBC,en,2025-07-20,0
compte_professionnel_cbc,Compte professionnel / indépendant (CBC vs ING),KBC Business Pro,CBC,en,2025-07-27,0
compte_professionnel_cbc,Compte professionnel / indépendant (CBC vs ING),KBC Business Pro,CBC,en,2025-08-03,0
compte_professionnel_cbc,Compte professionnel / indépendant (CBC vs ING),KBC Business Pro,CBC,en,2025-08-10,0
compte_professionnel_cbc,Compte professionnel / indépendant (CBC vs ING),KBC Business Pro,CBC,en,2025-08-17,0
compte_professionnel_cbc,Compte professionnel / indépendant (CBC vs ING),KBC Business Pro,CBC,en,2025-08-24,0
compte_professionnel_cbc,Compte professionnel / indépendant (CBC vs ING),KBC Business Pro,CBC,en,2025-08-31,0
compte_professionnel_cbc,Compte professionnel / indépendant (CBC vs ING),KBC Business Pro,CBC,en,2025-09-07,0
compte_professionnel_cbc,Compte professionnel / indépendant (CBC vs ING),KBC Business Pro,CBC,en,2025-09-14,0
compte_professionnel_cbc,Compte professionnel / indépendant (CBC vs ING),KBC Business Pro,CBC,en,2025-09-21,0
compte_professionnel_cbc,Compte professionnel / indépendant (CBC vs ING),KBC Business Pro,CBC,en,2025-09-28,0
compte_professionnel_cbc,Compte professionnel / indépendant (CBC vs ING),KBC Business Pro,CBC,en,2025-10-05,0
compte_professionnel_cbc,Compte professionnel / indépendant (CBC vs ING),KBC Business Pro,CBC,en,2025-10-12,0
compte_professionnel_cbc,Compte professionnel / indépendant (CBC vs ING),KBC Business Pro,CBC,en,2025-10-19,0
compte_professionnel_cbc,Compte professionnel / indépendant (CBC vs ING),KBC Business Pro,CBC,en,2025-10-26,0
compte_professionnel_cbc,Compte professionnel / indépendant (CBC vs ING),KBC Business Pro,CBC,en,2025-11-02,0
compte_professionnel_cbc,Compte professionnel / indépendant (CBC vs ING),KBC Business Pro,CBC,en,2025-11-09,0
compte_professionnel_cbc,Compte professionnel / indépendant (CBC vs ING),KBC Business Pro,CBC,en,2025-11-16,0
compte_professionnel_cbc,Compte professionnel / indépendant (CBC vs ING),KBC Business Pro,CBC,en,2025-11-23,0
compte_professionnel_cbc,Compte professionnel / indépendant (CBC vs ING),KBC Business Pro,CBC,en,2025-11-30,0
compte_professionnel_cbc,Compte professionnel / indépendant (CBC vs ING),KBC Business Pro,CBC,en,2025-12-07,0
compte_professionnel_cbc,Compte professionnel / indépendant (CBC vs ING),KBC Business Pro,CBC,en,2025-12-14,0
compte_professionnel_cbc,Compte professionnel / indépendant (CBC vs ING),KBC Business Pro,CBC,en,2025-12-21,0
compte_professionnel_cbc,Compte professionnel / indépendant (CBC vs ING),KBC Business Pro,CBC,en,2025-12-28,0
compte_professionnel_cbc,Compte professionnel / indépendant (CBC vs ING),KBC Business Pro,CBC,en,2026-01-04,0
compte_professionnel_cbc,Compte professionnel / indépendant (CBC vs ING),KBC Business Pro,CBC,en,2026-01-11,0
compte_professionnel_cbc,Compte professionnel / indépendant (CBC vs ING),KBC Business Pro,CBC,en,2026-01-18,0
compte_professionnel_cbc,Compte professionnel / indépendant (CBC vs ING),KBC Business Pro,CBC,en,2026-01-25,0
compte_professionnel_cbc,Compte professionnel / indépendant (CBC vs ING),KBC Business Pro,CBC,en,2026-02-01,0
compte_professionnel_cbc,Compte professionnel / indépendant (CBC vs ING),KBC Business Pro,CBC,en,2026-02-08,0
compte_professionnel_cbc,Compte professionnel / indépendant (CBC vs ING),KBC Business Pro,CBC,en,2026-02-15,0
compte_professionnel_cbc,Compte professionnel / indépendant (CBC vs ING),KBC Business Pro,CBC,en,2026-02-22,0
compte_professionnel_cbc,Compte professionnel / indépendant (CBC vs ING),KBC Business Pro,CBC,en,2026-03-01,0
compte_professionnel_cbc,Compte professionnel / indépendant (CBC vs ING),KBC Business Pro,CBC,en,2026-03-08,0
compte_professionnel_cbc,Compte professionnel / indépendant (CBC vs ING),KBC Business Pro,CBC,en,2026-03-15,0
compte_professionnel_cbc,Compte professionnel / indépendant (CBC vs ING),KBC Business Pro,CBC,en,2026-03-22,0
compte_professionnel_cbc,Compte professionnel / indépendant (CBC vs ING),KBC Business Pro,CBC,en,2026-03-29,0
compte_professionnel_cbc,Compte professionnel / indépendant (CBC vs ING),KBC Business Pro,CBC,en,2026-04-05,0
compte_professionnel_cbc,Compte professionnel / indépendant (CBC vs ING),KBC Business Pro,CBC,en,2026-04-12,0
compte_professionnel_cbc,Compte professionnel / indépendant (CBC vs ING),KBC Business Pro,CBC,en,2026-04-19,0
compte_professionnel_cbc,Compte professionnel / indépendant (CBC vs ING),KBC Business Pro,CBC,en,2026-04-26,0
compte_professionnel_cbc,Compte professionnel / indépendant (CBC vs ING),KBC Business Pro,CBC,en,2026-05-03,0
compte_professionnel_cbc,Compte professionnel / indépendant (CBC vs ING),KBC Business Pro,CBC,en,2026-05-10,0
compte_professionnel_cbc,Compte professionnel / indépendant (CBC vs ING),KBC Business Pro,CBC,en,2026-05-17,0
compte_professionnel_cbc,Compte professionnel / indépendant (CBC vs ING),KBC Business Pro,CBC,en,2026-05-24,0
compte_professionnel_cbc,Compte professionnel / indépendant (CBC vs ING),KBC Business Pro,CBC,en,2026-05-31,0
compte_professionnel_cbc,Compte professionnel / indépendant (CBC vs ING),KBC Business Pro,CBC,en,2026-06-07,0
compte_professionnel_cbc,Compte professionnel / indépendant (CBC vs ING),KBC Business Pro,CBC,en,2026-06-14,0
compte_professionnel_cbc,Compte professionnel / indépendant (CBC vs ING),KBC Business Pro,CBC,en,2026-06-21,0
compte_professionnel_cbc,Compte professionnel / indépendant (CBC vs ING),KBC Business Pro,CBC,en,2026-06-28,0
compte_professionnel_cbc,Compte professionnel / indépendant (CBC vs ING),KBC Business Pro,CBC,en,2026-07-05,0
compte_professionnel_cbc,Compte professionnel / indépendant (CBC vs ING),KBC Business Pro,CBC,en,2026-07-12,0
compte_professionnel_cbc,Compte professionnel / indépendant (CBC vs ING),KBC Business Pro,CBC,en,2026-07-19,0
compte_professionnel_cbc,Compte professionnel / indépendant (CBC vs ING),KBC Business Pro,CBC,en,2026-07-26,0
compte_professionnel_cbc,Compte professionnel / indépendant (CBC vs ING),KBC Business Pro,CBC,en,2026-08-02,0
compte_professionnel_cbc,Compte professionnel / indépendant (CBC vs ING),KBC Business Pro,CBC,en,2026-08-09,0
compte_professionnel_cbc,Compte professionnel / indépendant (CBC vs ING),KBC Business Pro,CBC,en,2026-08-16,0
compte_professionnel_cbc,Compte professionnel / indépendant (CBC vs ING),KBC Business Pro,CBC,en,2026-08-23,0
compte_professionnel_cbc,Compte professionnel / indépendant (CBC vs ING),KBC Business Pro,CBC,en,2026-08-30,0
compte_professionnel_cbc,Compte professionnel / indépendant (CBC vs ING),KBC Business Pro,CBC,en,2026-09-06,8
compte_professionnel_cbc,Compte professionnel / indépendant (CBC vs ING),KBC Business Pro,CBC,en,2026-09-13,0
compte_professionnel_cbc,Compte professionnel / indépendant (CBC vs ING),compte professionnel CBC,CBC,fr,2021-09-12,0
compte_professionnel_cbc,Compte professionnel / indépendant (CBC vs ING),compte professionnel CBC,CBC,fr,2021-09-19,0
compte_professionnel_cbc,Compte professionnel / indépendant (CBC vs ING),compte professionnel CBC,CBC,fr,2021-09-26,0
compte_professionnel_cbc,Compte professionnel / indépendant (CBC vs ING),compte professionnel CBC,CBC,fr,2021-10-03,0
compte_professionnel_cbc,Compte professionnel / indépendant (CBC vs ING),compte professionnel CBC,CBC,fr,2021-10-10,0
compte_professionnel_cbc,Compte professionnel / indépendant (CBC vs ING),compte professionnel CBC,CBC,fr,2021-10-17,0
compte_professionnel_cbc,Compte professionnel / indépendant (CBC vs ING),compte professionnel CBC,CBC,fr,2021-10-24,0
compte_professionnel_cbc,Compte professionnel / indépendant (CBC vs ING),compte professionnel CBC,CBC,fr,2021-10-31,0
compte_professionnel_cbc,Compte professionnel / indépendant (CBC vs ING),compte professionnel CBC,CBC,fr,2021-11-07,0
compte_professionnel_cbc,Compte professionnel / indépendant (CBC vs ING),compte professionnel CBC,CBC,fr,2021-11-14,0
compte_professionnel_cbc,Compte professionnel / indépendant (CBC vs ING),compte professionnel CBC,CBC,fr,2021-11-21,0
compte_professionnel_cbc,Compte professionnel / indépendant (CBC vs ING),compte professionnel CBC,CBC,fr,2021-11-28,0
compte_professionnel_cbc,Compte professionnel / indépendant (CBC vs ING),compte professionnel CBC,CBC,fr,2021-12-05,0
compte_professionnel_cbc,Compte professionnel / indépendant (CBC vs ING),compte professionnel CBC,CBC,fr,2021-12-12,0
compte_professionnel_cbc,Compte professionnel / indépendant (CBC vs ING),compte professionnel CBC,CBC,fr,2021-12-19,0
compte_professionnel_cbc,Compte professionnel / indépendant (CBC vs ING),compte professionnel CBC,CBC,fr,2021-12-26,0
compte_professionnel_cbc,Compte professionnel / indépendant (CBC vs ING),compte professionnel CBC,CBC,fr,2022-01-02,0
compte_professionnel_cbc,Compte professionnel / indépendant (CBC vs ING),compte professionnel CBC,CBC,fr,2022-01-09,0
compte_professionnel_cbc,Compte professionnel / indépendant (CBC vs ING),compte professionnel CBC,CBC,fr,2022-01-16,0
compte_professionnel_cbc,Compte professionnel / indépendant (CBC vs ING),compte professionnel CBC,CBC,fr,2022-01-23,0
compte_professionnel_cbc,Compte professionnel / indépendant (CBC vs ING),compte professionnel CBC,CBC,fr,2022-01-30,0
compte_professionnel_cbc,Compte professionnel / indépendant (CBC vs ING),compte professionnel CBC,CBC,fr,2022-02-06,0
compte_professionnel_cbc,Compte professionnel / indépendant (CBC vs ING),compte professionnel CBC,CBC,fr,2022-02-13,0
compte_professionnel_cbc,Compte professionnel / indépendant (CBC vs ING),compte professionnel CBC,CBC,fr,2022-02-20,0
compte_professionnel_cbc,Compte professionnel / indépendant (CBC vs ING),compte professionnel CBC,CBC,fr,2022-02-27,0
compte_professionnel_cbc,Compte professionnel / indépendant (CBC vs ING),compte professionnel CBC,CBC,fr,2022-03-06,0
compte_professionnel_cbc,Compte professionnel / indépendant (CBC vs ING),compte professionnel CBC,CBC,fr,2022-03-13,0
compte_professionnel_cbc,Compte professionnel / indépendant (CBC vs ING),compte professionnel CBC,CBC,fr,2022-03-20,0
compte_professionnel_cbc,Compte professionnel / indépendant (CBC vs ING),compte professionnel CBC,CBC,fr,2022-03-27,0
compte_professionnel_cbc,Compte professionnel / indépendant (CBC vs ING),compte professionnel CBC,CBC,fr,2022-04-03,0
compte_professionnel_cbc,Compte professionnel / indépendant (CBC vs ING),compte professionnel CBC,CBC,fr,2022-04-10,0
compte_professionnel_cbc,Compte professionnel / indépendant (CBC vs ING),compte professionnel CBC,CBC,fr,2022-04-17,0
compte_professionnel_cbc,Compte professionnel / indépendant (CBC vs ING),compte professionnel CBC,CBC,fr,2022-04-24,0
compte_professionnel_cbc,Compte professionnel / indépendant (CBC vs ING),compte professionnel CBC,CBC,fr,2022-05-01,0
compte_professionnel_cbc,Compte professionnel / indépendant (CBC vs ING),compte professionnel CBC,CBC,fr,2022-05-08,0
compte_professionnel_cbc,Compte professionnel / indépendant (CBC vs ING),compte professionnel CBC,CBC,fr,2022-05-15,0
compte_professionnel_cbc,Compte professionnel / indépendant (CBC vs ING),compte professionnel CBC,CBC,fr,2022-05-22,0
compte_professionnel_cbc,Compte professionnel / indépendant (CBC vs ING),compte professionnel CBC,CBC,fr,2022-05-29,0
compte_professionnel_cbc,Compte professionnel / indépendant (CBC vs ING),compte professionnel CBC,CBC,fr,2022-06-05,0
compte_professionnel_cbc,Compte professionnel / indépendant (CBC vs ING),compte professionnel CBC,CBC,fr,2022-06-12,0
compte_professionnel_cbc,Compte professionnel / indépendant (CBC vs ING),compte professionnel CBC,CBC,fr,2022-06-19,0
compte_professionnel_cbc,Compte professionnel / indépendant (CBC vs ING),compte professionnel CBC,CBC,fr,2022-06-26,0
compte_professionnel_cbc,Compte professionnel / indépendant (CBC vs ING),compte professionnel CBC,CBC,fr,2022-07-03,0
compte_professionnel_cbc,Compte professionnel / indépendant (CBC vs ING),compte professionnel CBC,CBC,fr,2022-07-10,0
compte_professionnel_cbc,Compte professionnel / indépendant (CBC vs ING),compte professionnel CBC,CBC,fr,2022-07-17,0
compte_professionnel_cbc,Compte professionnel / indépendant (CBC vs ING),compte professionnel CBC,CBC,fr,2022-07-24,0
compte_professionnel_cbc,Compte professionnel / indépendant (CBC vs ING),compte professionnel CBC,CBC,fr,2022-07-31,0
compte_professionnel_cbc,Compte professionnel / indépendant (CBC vs ING),compte professionnel CBC,CBC,fr,2022-08-07,0
compte_professionnel_cbc,Compte professionnel / indépendant (CBC vs ING),compte professionnel CBC,CBC,fr,2022-08-14,0
compte_professionnel_cbc,Compte professionnel / indépendant (CBC vs ING),compte professionnel CBC,CBC,fr,2022-08-21,0
compte_professionnel_cbc,Compte professionnel / indépendant (CBC vs ING),compte professionnel CBC,CBC,fr,2022-08-28,0
compte_professionnel_cbc,Compte professionnel / indépendant (CBC vs ING),compte professionnel CBC,CBC,fr,2022-09-04,0
compte_professionnel_cbc,Compte professionnel / indépendant (CBC vs ING),compte professionnel CBC,CBC,fr,2022-09-11,0
compte_professionnel_cbc,Compte professionnel / indépendant (CBC vs ING),compte professionnel CBC,CBC,fr,2022-09-18,0
compte_professionnel_cbc,Compte professionnel / indépendant (CBC vs ING),compte professionnel CBC,CBC,fr,2022-09-25,0
compte_professionnel_cbc,Compte professionnel / indépendant (CBC vs ING),compte professionnel CBC,CBC,fr,2022-10-02,0
compte_professionnel_cbc,Compte professionnel / indépendant (CBC vs ING),compte professionnel CBC,CBC,fr,2022-10-09,0
compte_professionnel_cbc,Compte professionnel / indépendant (CBC vs ING),compte professionnel CBC,CBC,fr,2022-10-16,0
compte_professionnel_cbc,Compte professionnel / indépendant (CBC vs ING),compte professionnel CBC,CBC,fr,2022-10-23,0
compte_professionnel_cbc,Compte professionnel / indépendant (CBC vs ING),compte professionnel CBC,CBC,fr,2022-10-30,0
compte_professionnel_cbc,Compte professionnel / indépendant (CBC vs ING),compte professionnel CBC,CBC,fr,2022-11-06,0
compte_professionnel_cbc,Compte professionnel / indépendant (CBC vs ING),compte professionnel CBC,CBC,fr,2022-11-13,0
compte_professionnel_cbc,Compte professionnel / indépendant (CBC vs ING),compte professionnel CBC,CBC,fr,2022-11-20,0
compte_professionnel_cbc,Compte professionnel / indépendant (CBC vs ING),compte professionnel CBC,CBC,fr,2022-11-27,0
compte_professionnel_cbc,Compte professionnel / indépendant (CBC vs ING),compte professionnel CBC,CBC,fr,2022-12-04,0
compte_professionnel_cbc,Compte professionnel / indépendant (CBC vs ING),compte professionnel CBC,CBC,fr,2022-12-11,0
compte_professionnel_cbc,Compte professionnel / indépendant (CBC vs ING),compte professionnel CBC,CBC,fr,2022-12-18,0
compte_professionnel_cbc,Compte professionnel / indépendant (CBC vs ING),compte professionnel CBC,CBC,fr,2022-12-25,0
compte_professionnel_cbc,Compte professionnel / indépendant (CBC vs ING),compte professionnel CBC,CBC,fr,2023-01-01,0
compte_professionnel_cbc,Compte professionnel / indépendant (CBC vs ING),compte professionnel CBC,CBC,fr,2023-01-08,0
compte_professionnel_cbc,Compte professionnel / indépendant (CBC vs ING),compte professionnel CBC,CBC,fr,2023-01-15,0
compte_professionnel_cbc,Compte professionnel / indépendant (CBC vs ING),compte professionnel CBC,CBC,fr,2023-01-22,0
compte_professionnel_cbc,Compte professionnel / indépendant (CBC vs ING),compte professionnel CBC,CBC,fr,2023-01-29,0
compte_professionnel_cbc,Compte professionnel / indépendant (CBC vs ING),compte professionnel CBC,CBC,fr,2023-02-05,0
compte_professionnel_cbc,Compte professionnel / indépendant (CBC vs ING),compte professionnel CBC,CBC,fr,2023-02-12,0
compte_professionnel_cbc,Compte professionnel / indépendant (CBC vs ING),compte professionnel CBC,CBC,fr,2023-02-19,0
compte_professionnel_cbc,Compte professionnel / indépendant (CBC vs ING),compte professionnel CBC,CBC,fr,2023-02-26,0
compte_professionnel_cbc,Compte professionnel / indépendant (CBC vs ING),compte professionnel CBC,CBC,fr,2023-03-05,0
compte_professionnel_cbc,Compte professionnel / indépendant (CBC vs ING),compte professionnel CBC,CBC,fr,2023-03-12,0
compte_professionnel_cbc,Compte professionnel / indépendant (CBC vs ING),compte professionnel CBC,CBC,fr,2023-03-19,0
compte_professionnel_cbc,Compte professionnel / indépendant (CBC vs ING),compte professionnel CBC,CBC,fr,2023-03-26,0
compte_professionnel_cbc,Compte professionnel / indépendant (CBC vs ING),compte professionnel CBC,CBC,fr,2023-04-02,0
compte_professionnel_cbc,Compte professionnel / indépendant (CBC vs ING),compte professionnel CBC,CBC,fr,2023-04-09,0
compte_professionnel_cbc,Compte professionnel / indépendant (CBC vs ING),compte professionnel CBC,CBC,fr,2023-04-16,0
compte_professionnel_cbc,Compte professionnel / indépendant (CBC vs ING),compte professionnel CBC,CBC,fr,2023-04-23,0
compte_professionnel_cbc,Compte professionnel / indépendant (CBC vs ING),compte professionnel CBC,CBC,fr,2023-04-30,0
compte_professionnel_cbc,Compte professionnel / indépendant (CBC vs ING),compte professionnel CBC,CBC,fr,2023-05-07,0
compte_professionnel_cbc,Compte professionnel / indépendant (CBC vs ING),compte professionnel CBC,CBC,fr,2023-05-14,0
compte_professionnel_cbc,Compte professionnel / indépendant (CBC vs ING),compte professionnel CBC,CBC,fr,2023-05-21,0
compte_professionnel_cbc,Compte professionnel / indépendant (CBC vs ING),compte professionnel CBC,CBC,fr,2023-05-28,0
compte_professionnel_cbc,Compte professionnel / indépendant (CBC vs ING),compte professionnel CBC,CBC,fr,2023-06-04,0
compte_professionnel_cbc,Compte professionnel / indépendant (CBC vs ING),compte professionnel CBC,CBC,fr,2023-06-11,0
compte_professionnel_cbc,Compte professionnel / indépendant (CBC vs ING),compte professionnel CBC,CBC,fr,2023-06-18,0
compte_professionnel_cbc,Compte professionnel / indépendant (CBC vs ING),compte professionnel CBC,CBC,fr,2023-06-25,0
compte_professionnel_cbc,Compte professionnel / indépendant (CBC vs ING),compte professionnel CBC,CBC,fr,2023-07-02,0
compte_professionnel_cbc,Compte professionnel / indépendant (CBC vs ING),compte professionnel CBC,CBC,fr,2023-07-09,0
compte_professionnel_cbc,Compte professionnel / indépendant (CBC vs ING),compte professionnel CBC,CBC,fr,2023-07-16,0
compte_professionnel_cbc,Compte professionnel / indépendant (CBC vs ING),compte professionnel CBC,CBC,fr,2023-07-23,0
compte_professionnel_cbc,Compte professionnel / indépendant (CBC vs ING),compte professionnel CBC,CBC,fr,2023-07-30,0
compte_professionnel_cbc,Compte professionnel / indépendant (CBC vs ING),compte professionnel CBC,CBC,fr,2023-08-06,0
compte_professionnel_cbc,Compte professionnel / indépendant (CBC vs ING),compte professionnel CBC,CBC,fr,2023-08-13,0
compte_professionnel_cbc,Compte professionnel / indépendant (CBC vs ING),compte professionnel CBC,CBC,fr,2023-08-20,0
compte_professionnel_cbc,Compte professionnel / indépendant (CBC vs ING),compte professionnel CBC,CBC,fr,2023-08-27,0
compte_professionnel_cbc,Compte professionnel / indépendant (CBC vs ING),compte professionnel CBC,CBC,fr,2023-09-03,0
compte_professionnel_cbc,Compte professionnel / indépendant (CBC vs ING),compte professionnel CBC,CBC,fr,2023-09-10,0
compte_professionnel_cbc,Compte professionnel / indépendant (CBC vs ING),compte professionnel CBC,CBC,fr,2023-09-17,0
compte_professionnel_cbc,Compte professionnel / indépendant (CBC vs ING),compte professionnel CBC,CBC,fr,2023-09-24,0
compte_professionnel_cbc,Compte professionnel / indépendant (CBC vs ING),compte professionnel CBC,CBC,fr,2023-10-01,0
compte_professionnel_cbc,Compte professionnel / indépendant (CBC vs ING),compte professionnel CBC,CBC,fr,2023-10-08,0
compte_professionnel_cbc,Compte professionnel / indépendant (CBC vs ING),compte professionnel CBC,CBC,fr,2023-10-15,0
compte_professionnel_cbc,Compte professionnel / indépendant (CBC vs ING),compte professionnel CBC,CBC,fr,2023-10-22,0
compte_professionnel_cbc,Compte professionnel / indépendant (CBC vs ING),compte professionnel CBC,CBC,fr,2023-10-29,0
compte_professionnel_cbc,Compte professionnel / indépendant (CBC vs ING),compte professionnel CBC,CBC,fr,2023-11-05,0
compte_professionnel_cbc,Compte professionnel / indépendant (CBC vs ING),compte professionnel CBC,CBC,fr,2023-11-12,0
compte_professionnel_cbc,Compte professionnel / indépendant (CBC vs ING),compte professionnel CBC,CBC,fr,2023-11-19,0
compte_professionnel_cbc,Compte professionnel / indépendant (CBC vs ING),compte professionnel CBC,CBC,fr,2023-11-26,0
compte_professionnel_cbc,Compte professionnel / indépendant (CBC vs ING),compte professionnel CBC,CBC,fr,2023-12-03,0
compte_professionnel_cbc,Compte professionnel / indépendant (CBC vs ING),compte professionnel CBC,CBC,fr,2023-12-10,0
compte_professionnel_cbc,Compte professionnel / indépendant (CBC vs ING),compte professionnel CBC,CBC,fr,2023-12-17,0
compte_professionnel_cbc,Compte professionnel / indépendant (CBC vs ING),compte professionnel CBC,CBC,fr,2023-12-24,0
compte_professionnel_cbc,Compte professionnel / indépendant (CBC vs ING),compte professionnel CBC,CBC,fr,2023-12-31,0
compte_professionnel_cbc,Compte professionnel / indépendant (CBC vs ING),compte professionnel CBC,CBC,fr,2024-01-07,0
compte_professionnel_cbc,Compte professionnel / indépendant (CBC vs ING),compte professionnel CBC,CBC,fr,2024-01-14,0
compte_professionnel_cbc,Compte professionnel / indépendant (CBC vs ING),compte professionnel CBC,CBC,fr,2024-01-21,0
compte_professionnel_cbc,Compte professionnel / indépendant (CBC vs ING),compte professionnel CBC,CBC,fr,2024-01-28,0
compte_professionnel_cbc,Compte professionnel / indépendant (CBC vs ING),compte professionnel CBC,CBC,fr,2024-02-04,0
compte_professionnel_cbc,Compte professionnel / indépendant (CBC vs ING),compte professionnel CBC,CBC,fr,2024-02-11,0
compte_professionnel_cbc,Compte professionnel / indépendant (CBC vs ING),compte professionnel CBC,CBC,fr,2024-02-18,0
compte_professionnel_cbc,Compte professionnel / indépendant (CBC vs ING),compte professionnel CBC,CBC,fr,2024-02-25,0
compte_professionnel_cbc,Compte professionnel / indépendant (CBC vs ING),compte professionnel CBC,CBC,fr,2024-03-03,0
compte_professionnel_cbc,Compte professionnel / indépendant (CBC vs ING),compte professionnel CBC,CBC,fr,2024-03-10,0
compte_professionnel_cbc,Compte professionnel / indépendant (CBC vs ING),compte professionnel CBC,CBC,fr,2024-03-17,0
compte_professionnel_cbc,Compte professionnel / indépendant (CBC vs ING),compte professionnel CBC,CBC,fr,2024-03-24,0
compte_professionnel_cbc,Compte professionnel / indépendant (CBC vs ING),compte professionnel CBC,CBC,fr,2024-03-31,0
compte_professionnel_cbc,Compte professionnel / indépendant (CBC vs ING),compte professionnel CBC,CBC,fr,2024-04-07,0
compte_professionnel_cbc,Compte professionnel / indépendant (CBC vs ING),compte professionnel CBC,CBC,fr,2024-04-14,0
compte_professionnel_cbc,Compte professionnel / indépendant (CBC vs ING),compte professionnel CBC,CBC,fr,2024-04-21,0
compte_professionnel_cbc,Compte professionnel / indépendant (CBC vs ING),compte professionnel CBC,CBC,fr,2024-04-28,0
compte_professionnel_cbc,Compte professionnel / indépendant (CBC vs ING),compte professionnel CBC,CBC,fr,2024-05-05,0
compte_professionnel_cbc,Compte professionnel / indépendant (CBC vs ING),compte professionnel CBC,CBC,fr,2024-05-12,0
compte_professionnel_cbc,Compte professionnel / indépendant (CBC vs ING),compte professionnel CBC,CBC,fr,2024-05-19,0
compte_professionnel_cbc,Compte professionnel / indépendant (CBC vs ING),compte professionnel CBC,CBC,fr,2024-05-26,0
compte_professionnel_cbc,Compte professionnel / indépendant (CBC vs ING),compte professionnel CBC,CBC,fr,2024-06-02,0
compte_professionnel_cbc,Compte professionnel / indépendant (CBC vs ING),compte professionnel CBC,CBC,fr,2024-06-09,0
compte_professionnel_cbc,Compte professionnel / indépendant (CBC vs ING),compte professionnel CBC,CBC,fr,2024-06-16,0
compte_professionnel_cbc,Compte professionnel / indépendant (CBC vs ING),compte professionnel CBC,CBC,fr,2024-06-23,0
compte_professionnel_cbc,Compte professionnel / indépendant (CBC vs ING),compte professionnel CBC,CBC,fr,2024-06-30,0
compte_professionnel_cbc,Compte professionnel / indépendant (CBC vs ING),compte professionnel CBC,CBC,fr,2024-07-07,0
compte_professionnel_cbc,Compte professionnel / indépendant (CBC vs ING),compte professionnel CBC,CBC,fr,2024-07-14,0
compte_professionnel_cbc,Compte professionnel / indépendant (CBC vs ING),compte professionnel CBC,CBC,fr,2024-07-21,0
compte_professionnel_cbc,Compte professionnel / indépendant (CBC vs ING),compte professionnel CBC,CBC,fr,2024-07-28,0
compte_professionnel_cbc,Compte professionnel / indépendant (CBC vs ING),compte professionnel CBC,CBC,fr,2024-08-04,0
compte_professionnel_cbc,Compte professionnel / indépendant (CBC vs ING),compte professionnel CBC,CBC,fr,2024-08-11,0
compte_professionnel_cbc,Compte professionnel / indépendant (CBC vs ING),compte professionnel CBC,CBC,fr,2024-08-18,0
compte_professionnel_cbc,Compte professionnel / indépendant (CBC vs ING),compte professionnel CBC,CBC,fr,2024-08-25,0
compte_professionnel_cbc,Compte professionnel / indépendant (CBC vs ING),compte professionnel CBC,CBC,fr,2024-09-01,0
compte_professionnel_cbc,Compte professionnel / indépendant (CBC vs ING),compte professionnel CBC,CBC,fr,2024-09-08,0
compte_professionnel_cbc,Compte professionnel / indépendant (CBC vs ING),compte professionnel CBC,CBC,fr,2024-09-15,0
compte_professionnel_cbc,Compte professionnel / indépendant (CBC vs ING),compte professionnel CBC,CBC,fr,2024-09-22,0
compte_professionnel_cbc,Compte professionnel / indépendant (CBC vs ING),compte professionnel CBC,CBC,fr,2024-09-29,0
compte_professionnel_cbc,Compte professionnel / indépendant (CBC vs ING),compte professionnel CBC,CBC,fr,2024-10-06,0
compte_professionnel_cbc,Compte professionnel / indépendant (CBC vs ING),compte professionnel CBC,CBC,fr,2024-10-13,0
compte_professionnel_cbc,Compte professionnel / indépendant (CBC vs ING),compte professionnel CBC,CBC,fr,2024-10-20,0
compte_professionnel_cbc,Compte professionnel / indépendant (CBC vs ING),compte professionnel CBC,CBC,fr,2024-10-27,0
compte_professionnel_cbc,Compte professionnel / indépendant (CBC vs ING),compte professionnel CBC,CBC,fr,2024-11-03,100
compte_professionnel_cbc,Compte professionnel / indépendant (CBC vs ING),compte professionnel CBC,CBC,fr,2024-11-10,0
compte_professionnel_cbc,Compte professionnel / indépendant (CBC vs ING),compte professionnel CBC,CBC,fr,2024-11-17,0
compte_professionnel_cbc,Compte professionnel / indépendant (CBC vs ING),compte professionnel CBC,CBC,fr,2024-11-24,0
compte_professionnel_cbc,Compte professionnel / indépendant (CBC vs ING),compte professionnel CBC,CBC,fr,2024-12-01,0
compte_professionnel_cbc,Compte professionnel / indépendant (CBC vs ING),compte professionnel CBC,CBC,fr,2024-12-08,0
compte_professionnel_cbc,Compte professionnel / indépendant (CBC vs ING),compte professionnel CBC,CBC,fr,2024-12-15,0
compte_professionnel_cbc,Compte professionnel / indépendant (CBC vs ING),compte professionnel CBC,CBC,fr,2024-12-22,0
compte_professionnel_cbc,Compte professionnel / indépendant (CBC vs ING),compte professionnel CBC,CBC,fr,2024-12-29,0
compte_professionnel_cbc,Compte professionnel / indépendant (CBC vs ING),compte professionnel CBC,CBC,fr,2025-01-05,0
compte_professionnel_cbc,Compte professionnel / indépendant (CBC vs ING),compte professionnel CBC,CBC,fr,2025-01-12,0
compte_professionnel_cbc,Compte professionnel / indépendant (CBC vs ING),compte professionnel CBC,CBC,fr,2025-01-19,0
compte_professionnel_cbc,Compte professionnel / indépendant (CBC vs ING),compte professionnel CBC,CBC,fr,2025-01-26,0
compte_professionnel_cbc,Compte professionnel / indépendant (CBC vs ING),compte professionnel CBC,CBC,fr,2025-02-02,0
compte_professionnel_cbc,Compte professionnel / indépendant (CBC vs ING),compte professionnel CBC,CBC,fr,2025-02-09,0
compte_professionnel_cbc,Compte professionnel / indépendant (CBC vs ING),compte professionnel CBC,CBC,fr,2025-02-16,0
compte_professionnel_cbc,Compte professionnel / indépendant (CBC vs ING),compte professionnel CBC,CBC,fr,2025-02-23,0
compte_professionnel_cbc,Compte professionnel / indépendant (CBC vs ING),compte professionnel CBC,CBC,fr,2025-03-02,0
compte_professionnel_cbc,Compte professionnel / indépendant (CBC vs ING),compte professionnel CBC,CBC,fr,2025-03-09,0
compte_professionnel_cbc,Compte professionnel / indépendant (CBC vs ING),compte professionnel CBC,CBC,fr,2025-03-16,0
compte_professionnel_cbc,Compte professionnel / indépendant (CBC vs ING),compte professionnel CBC,CBC,fr,2025-03-23,0
compte_professionnel_cbc,Compte professionnel / indépendant (CBC vs ING),compte professionnel CBC,CBC,fr,2025-03-30,0
compte_professionnel_cbc,Compte professionnel / indépendant (CBC vs ING),compte professionnel CBC,CBC,fr,2025-04-06,0
compte_professionnel_cbc,Compte professionnel / indépendant (CBC vs ING),compte professionnel CBC,CBC,fr,2025-04-13,0
compte_professionnel_cbc,Compte professionnel / indépendant (CBC vs ING),compte professionnel CBC,CBC,fr,2025-04-20,0
compte_professionnel_cbc,Compte professionnel / indépendant (CBC vs ING),compte professionnel CBC,CBC,fr,2025-04-27,0
compte_professionnel_cbc,Compte professionnel / indépendant (CBC vs ING),compte professionnel CBC,CBC,fr,2025-05-04,0
compte_professionnel_cbc,Compte professionnel / indépendant (CBC vs ING),compte professionnel CBC,CBC,fr,2025-05-11,0
compte_professionnel_cbc,Compte professionnel / indépendant (CBC vs ING),compte professionnel CBC,CBC,fr,2025-05-18,0
compte_professionnel_cbc,Compte professionnel / indépendant (CBC vs ING),compte professionnel CBC,CBC,fr,2025-05-25,0
compte_professionnel_cbc,Compte professionnel / indépendant (CBC vs ING),compte professionnel CBC,CBC,fr,2025-06-01,0
compte_professionnel_cbc,Compte professionnel / indépendant (CBC vs ING),compte professionnel CBC,CBC,fr,2025-06-08,0
compte_professionnel_cbc,Compte professionnel / indépendant (CBC vs ING),compte professionnel CBC,CBC,fr,2025-06-15,0
compte_professionnel_cbc,Compte professionnel / indépendant (CBC vs ING),compte professionnel CBC,CBC,fr,2025-06-22,0
compte_professionnel_cbc,Compte professionnel / indépendant (CBC vs ING),compte professionnel CBC,CBC,fr,2025-06-29,0
compte_professionnel_cbc,Compte professionnel / indépendant (CBC vs ING),compte professionnel CBC,CBC,fr,2025-07-06,0
compte_professionnel_cbc,Compte professionnel / indépendant (CBC vs ING),compte professionnel CBC,CBC,fr,2025-07-13,0
compte_professionnel_cbc,Compte professionnel / indépendant (CBC vs ING),compte professionnel CBC,CBC,fr,2025-07-20,0
compte_professionnel_cbc,Compte professionnel / indépendant (CBC vs ING),compte professionnel CBC,CBC,fr,2025-07-27,0
compte_professionnel_cbc,Compte professionnel / indépendant (CBC vs ING),compte professionnel CBC,CBC,fr,2025-08-03,0
compte_professionnel_cbc,Compte professionnel / indépendant (CBC vs ING),compte professionnel CBC,CBC,fr,2025-08-10,0
compte_professionnel_cbc,Compte professionnel / indépendant (CBC vs ING),compte professionnel CBC,CBC,fr,2025-08-17,79
compte_professionnel_cbc,Compte professionnel / indépendant (CBC vs ING),compte professionnel CBC,CBC,fr,2025-08-24,0
compte_professionnel_cbc,Compte professionnel / indépendant (CBC vs ING),compte professionnel CBC,CBC,fr,2025-08-31,0
compte_professionnel_cbc,Compte professionnel / indépendant (CBC vs ING),compte professionnel CBC,CBC,fr,2025-09-07,0
compte_professionnel_cbc,Compte professionnel / indépendant (CBC vs ING),compte professionnel CBC,CBC,fr,2025-09-14,0
compte_professionnel_cbc,Compte professionnel / indépendant (CBC vs ING),compte professionnel CBC,CBC,fr,2025-09-21,0
compte_professionnel_cbc,Compte professionnel / indépendant (CBC vs ING),compte professionnel CBC,CBC,fr,2025-09-28,0
compte_professionnel_cbc,Compte professionnel / indépendant (CBC vs ING),compte professionnel CBC,CBC,fr,2025-10-05,0
compte_professionnel_cbc,Compte professionnel / indépendant (CBC vs ING),compte professionnel CBC,CBC,fr,2025-10-12,0
compte_professionnel_cbc,Compte professionnel / indépendant (CBC vs ING),compte professionnel CBC,CBC,fr,2025-10-19,0
compte_professionnel_cbc,Compte professionnel / indépendant (CBC vs ING),compte professionnel CBC,CBC,fr,2025-10-26,0
compte_professionnel_cbc,Compte professionnel / indépendant (CBC vs ING),compte professionnel CBC,CBC,fr,2025-11-02,0
compte_professionnel_cbc,Compte professionnel / indépendant (CBC vs ING),compte professionnel CBC,CBC,fr,2025-11-09,0
compte_professionnel_cbc,Compte professionnel / indépendant (CBC vs ING),compte professionnel CBC,CBC,fr,2025-11-16,0
compte_professionnel_cbc,Compte professionnel / indépendant (CBC vs ING),compte professionnel CBC,CBC,fr,2025-11-23,0
compte_professionnel_cbc,Compte professionnel / indépendant (CBC vs ING),compte professionnel CBC,CBC,fr,2025-11-30,0
compte_professionnel_cbc,Compte professionnel / indépendant (CBC vs ING),compte professionnel CBC,CBC,fr,2025-12-07,0
compte_professionnel_cbc,Compte professionnel / indépendant (CBC vs ING),compte professionnel CBC,CBC,fr,2025-12-14,0
compte_professionnel_cbc,Compte professionnel / indépendant (CBC vs ING),compte professionnel CBC,CBC,fr,2025-12-21,0
compte_professionnel_cbc,Compte professionnel / indépendant (CBC vs ING),compte professionnel CBC,CBC,fr,2025-12-28,0
compte_professionnel_cbc,Compte professionnel / indépendant (CBC vs ING),compte professionnel CBC,CBC,fr,2026-01-04,0
compte_professionnel_cbc,Compte professionnel / indépendant (CBC vs ING),compte professionnel CBC,CBC,fr,2026-01-11,0
compte_professionnel_cbc,Compte professionnel / indépendant (CBC vs ING),compte professionnel CBC,CBC,fr,2026-01-18,0
compte_professionnel_cbc,Compte professionnel / indépendant (CBC vs ING),compte professionnel CBC,CBC,fr,2026-01-25,0
compte_professionnel_cbc,Compte professionnel / indépendant (CBC vs ING),compte professionnel CBC,CBC,fr,2026-02-01,0
compte_professionnel_cbc,Compte professionnel / indépendant (CBC vs ING),compte professionnel CBC,CBC,fr,2026-02-08,0
compte_professionnel_cbc,Compte professionnel / indépendant (CBC vs ING),compte professionnel CBC,CBC,fr,2026-02-15,0
compte_professionnel_cbc,Compte professionnel / indépendant (CBC vs ING),compte professionnel CBC,CBC,fr,2026-02-22,0
compte_professionnel_cbc,Compte professionnel / indépendant (CBC vs ING),compte professionnel CBC,CBC,fr,2026-03-01,0
compte_professionnel_cbc,Compte professionnel / indépendant (CBC vs ING),compte professionnel CBC,CBC,fr,2026-03-08,0
compte_professionnel_cbc,Compte professionnel / indépendant (CBC vs ING),compte professionnel CBC,CBC,fr,2026-03-15,0
compte_professionnel_cbc,Compte professionnel / indépendant (CBC vs ING),compte professionnel CBC,CBC,fr,2026-03-22,0
compte_professionnel_cbc,Compte professionnel / indépendant (CBC vs ING),compte professionnel CBC,CBC,fr,2026-03-29,0
compte_professionnel_cbc,Compte professionnel / indépendant (CBC vs ING),compte professionnel CBC,CBC,fr,2026-04-05,0
compte_professionnel_cbc,Compte professionnel / indépendant (CBC vs ING),compte professionnel CBC,CBC,fr,2026-04-12,0
compte_professionnel_cbc,Compte professionnel / indépendant (CBC vs ING),compte professionnel CBC,CBC,fr,2026-04-19,0
compte_professionnel_cbc,Compte professionnel / indépendant (CBC vs ING),compte professionnel CBC,CBC,fr,2026-04-26,0
compte_professionnel_cbc,Compte professionnel / indépendant (CBC vs ING),compte professionnel CBC,CBC,fr,2026-05-03,0
compte_professionnel_cbc,Compte professionnel / indépendant (CBC vs ING),compte professionnel CBC,CBC,fr,2026-05-10,0
compte_professionnel_cbc,Compte professionnel / indépendant (CBC vs ING),compte professionnel CBC,CBC,fr,2026-05-17,0
compte_professionnel_cbc,Compte professionnel / indépendant (CBC vs ING),compte professionnel CBC,CBC,fr,2026-05-24,0
compte_professionnel_cbc,Compte professionnel / indépendant (CBC vs ING),compte professionnel CBC,CBC,fr,2026-05-31,0
compte_professionnel_cbc,Compte professionnel / indépendant (CBC vs ING),compte professionnel CBC,CBC,fr,2026-06-07,0
compte_professionnel_cbc,Compte professionnel / indépendant (CBC vs ING),compte professionnel CBC,CBC,fr,2026-06-14,0
compte_professionnel_cbc,Compte professionnel / indépendant (CBC vs ING),compte professionnel CBC,CBC,fr,2026-06-21,0
compte_professionnel_cbc,Compte professionnel / indépendant (CBC vs ING),compte professionnel CBC,CBC,fr,2026-06-28,0
compte_professionnel_cbc,Compte professionnel / indépendant (CBC vs ING),compte professionnel CBC,CBC,fr,2026-07-05,0
compte_professionnel_cbc,Compte professionnel / indépendant (CBC vs ING),compte professionnel CBC,CBC,fr,2026-07-12,0
compte_professionnel_cbc,Compte professionnel / indépendant (CBC vs ING),compte professionnel CBC,CBC,fr,2026-07-19,0
compte_professionnel_cbc,Compte professionnel / indépendant (CBC vs ING),compte professionnel CBC,CBC,fr,2026-07-26,0
compte_professionnel_cbc,Compte professionnel / indépendant (CBC vs ING),compte professionnel CBC,CBC,fr,2026-08-02,0
compte_professionnel_cbc,Compte professionnel / indépendant (CBC vs ING),compte professionnel CBC,CBC,fr,2026-08-09,0
compte_professionnel_cbc,Compte professionnel / indépendant (CBC vs ING),compte professionnel CBC,CBC,fr,2026-08-16,0
compte_professionnel_cbc,Compte professionnel / indépendant (CBC vs ING),compte professionnel CBC,CBC,fr,2026-08-23,0
compte_professionnel_cbc,Compte professionnel / indépendant (CBC vs ING),compte professionnel CBC,CBC,fr,2026-08-30,0
compte_professionnel_cbc,Compte professionnel / indépendant (CBC vs ING),compte professionnel CBC,CBC,fr,2026-09-06,7
compte_professionnel_cbc,Compte professionnel / indépendant (CBC vs ING),compte professionnel CBC,CBC,fr,2026-09-13,0
epargne_pension_cbc,Épargne-pension (CBC vs ING),épargne pension CBC,CBC,fr,2021-09-12,0
epargne_pension_cbc,Épargne-pension (CBC vs ING),épargne pension CBC,CBC,fr,2021-09-19,0
epargne_pension_cbc,Épargne-pension (CBC vs ING),épargne pension CBC,CBC,fr,2021-09-26,0
epargne_pension_cbc,Épargne-pension (CBC vs ING),épargne pension CBC,CBC,fr,2021-10-03,0
epargne_pension_cbc,Épargne-pension (CBC vs ING),épargne pension CBC,CBC,fr,2021-10-10,0
epargne_pension_cbc,Épargne-pension (CBC vs ING),épargne pension CBC,CBC,fr,2021-10-17,0
epargne_pension_cbc,Épargne-pension (CBC vs ING),épargne pension CBC,CBC,fr,2021-10-24,0
epargne_pension_cbc,Épargne-pension (CBC vs ING),épargne pension CBC,CBC,fr,2021-10-31,0
epargne_pension_cbc,Épargne-pension (CBC vs ING),épargne pension CBC,CBC,fr,2021-11-07,0
epargne_pension_cbc,Épargne-pension (CBC vs ING),épargne pension CBC,CBC,fr,2021-11-14,0
epargne_pension_cbc,Épargne-pension (CBC vs ING),épargne pension CBC,CBC,fr,2021-11-21,0
epargne_pension_cbc,Épargne-pension (CBC vs ING),épargne pension CBC,CBC,fr,2021-11-28,0
epargne_pension_cbc,Épargne-pension (CBC vs ING),épargne pension CBC,CBC,fr,2021-12-05,0
epargne_pension_cbc,Épargne-pension (CBC vs ING),épargne pension CBC,CBC,fr,2021-12-12,0
epargne_pension_cbc,Épargne-pension (CBC vs ING),épargne pension CBC,CBC,fr,2021-12-19,0
epargne_pension_cbc,Épargne-pension (CBC vs ING),épargne pension CBC,CBC,fr,2021-12-26,0
epargne_pension_cbc,Épargne-pension (CBC vs ING),épargne pension CBC,CBC,fr,2022-01-02,0
epargne_pension_cbc,Épargne-pension (CBC vs ING),épargne pension CBC,CBC,fr,2022-01-09,0
epargne_pension_cbc,Épargne-pension (CBC vs ING),épargne pension CBC,CBC,fr,2022-01-16,0
epargne_pension_cbc,Épargne-pension (CBC vs ING),épargne pension CBC,CBC,fr,2022-01-23,0
epargne_pension_cbc,Épargne-pension (CBC vs ING),épargne pension CBC,CBC,fr,2022-01-30,0
epargne_pension_cbc,Épargne-pension (CBC vs ING),épargne pension CBC,CBC,fr,2022-02-06,0
epargne_pension_cbc,Épargne-pension (CBC vs ING),épargne pension CBC,CBC,fr,2022-02-13,0
epargne_pension_cbc,Épargne-pension (CBC vs ING),épargne pension CBC,CBC,fr,2022-02-20,0
epargne_pension_cbc,Épargne-pension (CBC vs ING),épargne pension CBC,CBC,fr,2022-02-27,0
epargne_pension_cbc,Épargne-pension (CBC vs ING),épargne pension CBC,CBC,fr,2022-03-06,0
epargne_pension_cbc,Épargne-pension (CBC vs ING),épargne pension CBC,CBC,fr,2022-03-13,0
epargne_pension_cbc,Épargne-pension (CBC vs ING),épargne pension CBC,CBC,fr,2022-03-20,0
epargne_pension_cbc,Épargne-pension (CBC vs ING),épargne pension CBC,CBC,fr,2022-03-27,0
epargne_pension_cbc,Épargne-pension (CBC vs ING),épargne pension CBC,CBC,fr,2022-04-03,0
epargne_pension_cbc,Épargne-pension (CBC vs ING),épargne pension CBC,CBC,fr,2022-04-10,0
epargne_pension_cbc,Épargne-pension (CBC vs ING),épargne pension CBC,CBC,fr,2022-04-17,0
epargne_pension_cbc,Épargne-pension (CBC vs ING),épargne pension CBC,CBC,fr,2022-04-24,0
epargne_pension_cbc,Épargne-pension (CBC vs ING),épargne pension CBC,CBC,fr,2022-05-01,0
epargne_pension_cbc,Épargne-pension (CBC vs ING),épargne pension CBC,CBC,fr,2022-05-08,0
epargne_pension_cbc,Épargne-pension (CBC vs ING),épargne pension CBC,CBC,fr,2022-05-15,0
epargne_pension_cbc,Épargne-pension (CBC vs ING),épargne pension CBC,CBC,fr,2022-05-22,0
epargne_pension_cbc,Épargne-pension (CBC vs ING),épargne pension CBC,CBC,fr,2022-05-29,0
epargne_pension_cbc,Épargne-pension (CBC vs ING),épargne pension CBC,CBC,fr,2022-06-05,0
epargne_pension_cbc,Épargne-pension (CBC vs ING),épargne pension CBC,CBC,fr,2022-06-12,0
epargne_pension_cbc,Épargne-pension (CBC vs ING),épargne pension CBC,CBC,fr,2022-06-19,0
epargne_pension_cbc,Épargne-pension (CBC vs ING),épargne pension CBC,CBC,fr,2022-06-26,0
epargne_pension_cbc,Épargne-pension (CBC vs ING),épargne pension CBC,CBC,fr,2022-07-03,0
epargne_pension_cbc,Épargne-pension (CBC vs ING),épargne pension CBC,CBC,fr,2022-07-10,0
epargne_pension_cbc,Épargne-pension (CBC vs ING),épargne pension CBC,CBC,fr,2022-07-17,0
epargne_pension_cbc,Épargne-pension (CBC vs ING),épargne pension CBC,CBC,fr,2022-07-24,0
epargne_pension_cbc,Épargne-pension (CBC vs ING),épargne pension CBC,CBC,fr,2022-07-31,0
epargne_pension_cbc,Épargne-pension (CBC vs ING),épargne pension CBC,CBC,fr,2022-08-07,0
epargne_pension_cbc,Épargne-pension (CBC vs ING),épargne pension CBC,CBC,fr,2022-08-14,0
epargne_pension_cbc,Épargne-pension (CBC vs ING),épargne pension CBC,CBC,fr,2022-08-21,0
epargne_pension_cbc,Épargne-pension (CBC vs ING),épargne pension CBC,CBC,fr,2022-08-28,0
epargne_pension_cbc,Épargne-pension (CBC vs ING),épargne pension CBC,CBC,fr,2022-09-04,0
epargne_pension_cbc,Épargne-pension (CBC vs ING),épargne pension CBC,CBC,fr,2022-09-11,0
epargne_pension_cbc,Épargne-pension (CBC vs ING),épargne pension CBC,CBC,fr,2022-09-18,0
epargne_pension_cbc,Épargne-pension (CBC vs ING),épargne pension CBC,CBC,fr,2022-09-25,0
epargne_pension_cbc,Épargne-pension (CBC vs ING),épargne pension CBC,CBC,fr,2022-10-02,0
epargne_pension_cbc,Épargne-pension (CBC vs ING),épargne pension CBC,CBC,fr,2022-10-09,0
epargne_pension_cbc,Épargne-pension (CBC vs ING),épargne pension CBC,CBC,fr,2022-10-16,0
epargne_pension_cbc,Épargne-pension (CBC vs ING),épargne pension CBC,CBC,fr,2022-10-23,0
epargne_pension_cbc,Épargne-pension (CBC vs ING),épargne pension CBC,CBC,fr,2022-10-30,0
epargne_pension_cbc,Épargne-pension (CBC vs ING),épargne pension CBC,CBC,fr,2022-11-06,0
epargne_pension_cbc,Épargne-pension (CBC vs ING),épargne pension CBC,CBC,fr,2022-11-13,0
epargne_pension_cbc,Épargne-pension (CBC vs ING),épargne pension CBC,CBC,fr,2022-11-20,0
epargne_pension_cbc,Épargne-pension (CBC vs ING),épargne pension CBC,CBC,fr,2022-11-27,0
epargne_pension_cbc,Épargne-pension (CBC vs ING),épargne pension CBC,CBC,fr,2022-12-04,0
epargne_pension_cbc,Épargne-pension (CBC vs ING),épargne pension CBC,CBC,fr,2022-12-11,0
epargne_pension_cbc,Épargne-pension (CBC vs ING),épargne pension CBC,CBC,fr,2022-12-18,0
epargne_pension_cbc,Épargne-pension (CBC vs ING),épargne pension CBC,CBC,fr,2022-12-25,0
epargne_pension_cbc,Épargne-pension (CBC vs ING),épargne pension CBC,CBC,fr,2023-01-01,0
epargne_pension_cbc,Épargne-pension (CBC vs ING),épargne pension CBC,CBC,fr,2023-01-08,0
epargne_pension_cbc,Épargne-pension (CBC vs ING),épargne pension CBC,CBC,fr,2023-01-15,40
epargne_pension_cbc,Épargne-pension (CBC vs ING),épargne pension CBC,CBC,fr,2023-01-22,0
epargne_pension_cbc,Épargne-pension (CBC vs ING),épargne pension CBC,CBC,fr,2023-01-29,0
epargne_pension_cbc,Épargne-pension (CBC vs ING),épargne pension CBC,CBC,fr,2023-02-05,0
epargne_pension_cbc,Épargne-pension (CBC vs ING),épargne pension CBC,CBC,fr,2023-02-12,0
epargne_pension_cbc,Épargne-pension (CBC vs ING),épargne pension CBC,CBC,fr,2023-02-19,0
epargne_pension_cbc,Épargne-pension (CBC vs ING),épargne pension CBC,CBC,fr,2023-02-26,0
epargne_pension_cbc,Épargne-pension (CBC vs ING),épargne pension CBC,CBC,fr,2023-03-05,0
epargne_pension_cbc,Épargne-pension (CBC vs ING),épargne pension CBC,CBC,fr,2023-03-12,0
epargne_pension_cbc,Épargne-pension (CBC vs ING),épargne pension CBC,CBC,fr,2023-03-19,0
epargne_pension_cbc,Épargne-pension (CBC vs ING),épargne pension CBC,CBC,fr,2023-03-26,0
epargne_pension_cbc,Épargne-pension (CBC vs ING),épargne pension CBC,CBC,fr,2023-04-02,0
epargne_pension_cbc,Épargne-pension (CBC vs ING),épargne pension CBC,CBC,fr,2023-04-09,0
epargne_pension_cbc,Épargne-pension (CBC vs ING),épargne pension CBC,CBC,fr,2023-04-16,0
epargne_pension_cbc,Épargne-pension (CBC vs ING),épargne pension CBC,CBC,fr,2023-04-23,0
epargne_pension_cbc,Épargne-pension (CBC vs ING),épargne pension CBC,CBC,fr,2023-04-30,0
epargne_pension_cbc,Épargne-pension (CBC vs ING),épargne pension CBC,CBC,fr,2023-05-07,0
epargne_pension_cbc,Épargne-pension (CBC vs ING),épargne pension CBC,CBC,fr,2023-05-14,0
epargne_pension_cbc,Épargne-pension (CBC vs ING),épargne pension CBC,CBC,fr,2023-05-21,0
epargne_pension_cbc,Épargne-pension (CBC vs ING),épargne pension CBC,CBC,fr,2023-05-28,0
epargne_pension_cbc,Épargne-pension (CBC vs ING),épargne pension CBC,CBC,fr,2023-06-04,0
epargne_pension_cbc,Épargne-pension (CBC vs ING),épargne pension CBC,CBC,fr,2023-06-11,0
epargne_pension_cbc,Épargne-pension (CBC vs ING),épargne pension CBC,CBC,fr,2023-06-18,0
epargne_pension_cbc,Épargne-pension (CBC vs ING),épargne pension CBC,CBC,fr,2023-06-25,0
epargne_pension_cbc,Épargne-pension (CBC vs ING),épargne pension CBC,CBC,fr,2023-07-02,0
epargne_pension_cbc,Épargne-pension (CBC vs ING),épargne pension CBC,CBC,fr,2023-07-09,0
epargne_pension_cbc,Épargne-pension (CBC vs ING),épargne pension CBC,CBC,fr,2023-07-16,0
epargne_pension_cbc,Épargne-pension (CBC vs ING),épargne pension CBC,CBC,fr,2023-07-23,0
epargne_pension_cbc,Épargne-pension (CBC vs ING),épargne pension CBC,CBC,fr,2023-07-30,0
epargne_pension_cbc,Épargne-pension (CBC vs ING),épargne pension CBC,CBC,fr,2023-08-06,0
epargne_pension_cbc,Épargne-pension (CBC vs ING),épargne pension CBC,CBC,fr,2023-08-13,0
epargne_pension_cbc,Épargne-pension (CBC vs ING),épargne pension CBC,CBC,fr,2023-08-20,0
epargne_pension_cbc,Épargne-pension (CBC vs ING),épargne pension CBC,CBC,fr,2023-08-27,0
epargne_pension_cbc,Épargne-pension (CBC vs ING),épargne pension CBC,CBC,fr,2023-09-03,0
epargne_pension_cbc,Épargne-pension (CBC vs ING),épargne pension CBC,CBC,fr,2023-09-10,0
epargne_pension_cbc,Épargne-pension (CBC vs ING),épargne pension CBC,CBC,fr,2023-09-17,0
epargne_pension_cbc,Épargne-pension (CBC vs ING),épargne pension CBC,CBC,fr,2023-09-24,0
epargne_pension_cbc,Épargne-pension (CBC vs ING),épargne pension CBC,CBC,fr,2023-10-01,0
epargne_pension_cbc,Épargne-pension (CBC vs ING),épargne pension CBC,CBC,fr,2023-10-08,0
epargne_pension_cbc,Épargne-pension (CBC vs ING),épargne pension CBC,CBC,fr,2023-10-15,0
epargne_pension_cbc,Épargne-pension (CBC vs ING),épargne pension CBC,CBC,fr,2023-10-22,0
epargne_pension_cbc,Épargne-pension (CBC vs ING),épargne pension CBC,CBC,fr,2023-10-29,0
epargne_pension_cbc,Épargne-pension (CBC vs ING),épargne pension CBC,CBC,fr,2023-11-05,0
epargne_pension_cbc,Épargne-pension (CBC vs ING),épargne pension CBC,CBC,fr,2023-11-12,0
epargne_pension_cbc,Épargne-pension (CBC vs ING),épargne pension CBC,CBC,fr,2023-11-19,0
epargne_pension_cbc,Épargne-pension (CBC vs ING),épargne pension CBC,CBC,fr,2023-11-26,0
epargne_pension_cbc,Épargne-pension (CBC vs ING),épargne pension CBC,CBC,fr,2023-12-03,0
epargne_pension_cbc,Épargne-pension (CBC vs ING),épargne pension CBC,CBC,fr,2023-12-10,0
epargne_pension_cbc,Épargne-pension (CBC vs ING),épargne pension CBC,CBC,fr,2023-12-17,0
epargne_pension_cbc,Épargne-pension (CBC vs ING),épargne pension CBC,CBC,fr,2023-12-24,0
epargne_pension_cbc,Épargne-pension (CBC vs ING),épargne pension CBC,CBC,fr,2023-12-31,0
epargne_pension_cbc,Épargne-pension (CBC vs ING),épargne pension CBC,CBC,fr,2024-01-07,0
epargne_pension_cbc,Épargne-pension (CBC vs ING),épargne pension CBC,CBC,fr,2024-01-14,0
epargne_pension_cbc,Épargne-pension (CBC vs ING),épargne pension CBC,CBC,fr,2024-01-21,0
epargne_pension_cbc,Épargne-pension (CBC vs ING),épargne pension CBC,CBC,fr,2024-01-28,0
epargne_pension_cbc,Épargne-pension (CBC vs ING),épargne pension CBC,CBC,fr,2024-02-04,0
epargne_pension_cbc,Épargne-pension (CBC vs ING),épargne pension CBC,CBC,fr,2024-02-11,0
epargne_pension_cbc,Épargne-pension (CBC vs ING),épargne pension CBC,CBC,fr,2024-02-18,0
epargne_pension_cbc,Épargne-pension (CBC vs ING),épargne pension CBC,CBC,fr,2024-02-25,0
epargne_pension_cbc,Épargne-pension (CBC vs ING),épargne pension CBC,CBC,fr,2024-03-03,0
epargne_pension_cbc,Épargne-pension (CBC vs ING),épargne pension CBC,CBC,fr,2024-03-10,0
epargne_pension_cbc,Épargne-pension (CBC vs ING),épargne pension CBC,CBC,fr,2024-03-17,0
epargne_pension_cbc,Épargne-pension (CBC vs ING),épargne pension CBC,CBC,fr,2024-03-24,0
epargne_pension_cbc,Épargne-pension (CBC vs ING),épargne pension CBC,CBC,fr,2024-03-31,0
epargne_pension_cbc,Épargne-pension (CBC vs ING),épargne pension CBC,CBC,fr,2024-04-07,0
epargne_pension_cbc,Épargne-pension (CBC vs ING),épargne pension CBC,CBC,fr,2024-04-14,0
epargne_pension_cbc,Épargne-pension (CBC vs ING),épargne pension CBC,CBC,fr,2024-04-21,0
epargne_pension_cbc,Épargne-pension (CBC vs ING),épargne pension CBC,CBC,fr,2024-04-28,0
epargne_pension_cbc,Épargne-pension (CBC vs ING),épargne pension CBC,CBC,fr,2024-05-05,0
epargne_pension_cbc,Épargne-pension (CBC vs ING),épargne pension CBC,CBC,fr,2024-05-12,0
epargne_pension_cbc,Épargne-pension (CBC vs ING),épargne pension CBC,CBC,fr,2024-05-19,0
epargne_pension_cbc,Épargne-pension (CBC vs ING),épargne pension CBC,CBC,fr,2024-05-26,0
epargne_pension_cbc,Épargne-pension (CBC vs ING),épargne pension CBC,CBC,fr,2024-06-02,0
epargne_pension_cbc,Épargne-pension (CBC vs ING),épargne pension CBC,CBC,fr,2024-06-09,0
epargne_pension_cbc,Épargne-pension (CBC vs ING),épargne pension CBC,CBC,fr,2024-06-16,0
epargne_pension_cbc,Épargne-pension (CBC vs ING),épargne pension CBC,CBC,fr,2024-06-23,0
epargne_pension_cbc,Épargne-pension (CBC vs ING),épargne pension CBC,CBC,fr,2024-06-30,0
epargne_pension_cbc,Épargne-pension (CBC vs ING),épargne pension CBC,CBC,fr,2024-07-07,0
epargne_pension_cbc,Épargne-pension (CBC vs ING),épargne pension CBC,CBC,fr,2024-07-14,0
epargne_pension_cbc,Épargne-pension (CBC vs ING),épargne pension CBC,CBC,fr,2024-07-21,0
epargne_pension_cbc,Épargne-pension (CBC vs ING),épargne pension CBC,CBC,fr,2024-07-28,0
epargne_pension_cbc,Épargne-pension (CBC vs ING),épargne pension CBC,CBC,fr,2024-08-04,0
epargne_pension_cbc,Épargne-pension (CBC vs ING),épargne pension CBC,CBC,fr,2024-08-11,0
epargne_pension_cbc,Épargne-pension (CBC vs ING),épargne pension CBC,CBC,fr,2024-08-18,0
epargne_pension_cbc,Épargne-pension (CBC vs ING),épargne pension CBC,CBC,fr,2024-08-25,0
epargne_pension_cbc,Épargne-pension (CBC vs ING),épargne pension CBC,CBC,fr,2024-09-01,0
epargne_pension_cbc,Épargne-pension (CBC vs ING),épargne pension CBC,CBC,fr,2024-09-08,0
epargne_pension_cbc,Épargne-pension (CBC vs ING),épargne pension CBC,CBC,fr,2024-09-15,0
epargne_pension_cbc,Épargne-pension (CBC vs ING),épargne pension CBC,CBC,fr,2024-09-22,0
epargne_pension_cbc,Épargne-pension (CBC vs ING),épargne pension CBC,CBC,fr,2024-09-29,0
epargne_pension_cbc,Épargne-pension (CBC vs ING),épargne pension CBC,CBC,fr,2024-10-06,0
epargne_pension_cbc,Épargne-pension (CBC vs ING),épargne pension CBC,CBC,fr,2024-10-13,0
epargne_pension_cbc,Épargne-pension (CBC vs ING),épargne pension CBC,CBC,fr,2024-10-20,0
epargne_pension_cbc,Épargne-pension (CBC vs ING),épargne pension CBC,CBC,fr,2024-10-27,0
epargne_pension_cbc,Épargne-pension (CBC vs ING),épargne pension CBC,CBC,fr,2024-11-03,0
epargne_pension_cbc,Épargne-pension (CBC vs ING),épargne pension CBC,CBC,fr,2024-11-10,0
epargne_pension_cbc,Épargne-pension (CBC vs ING),épargne pension CBC,CBC,fr,2024-11-17,0
epargne_pension_cbc,Épargne-pension (CBC vs ING),épargne pension CBC,CBC,fr,2024-11-24,0
epargne_pension_cbc,Épargne-pension (CBC vs ING),épargne pension CBC,CBC,fr,2024-12-01,0
epargne_pension_cbc,Épargne-pension (CBC vs ING),épargne pension CBC,CBC,fr,2024-12-08,0
epargne_pension_cbc,Épargne-pension (CBC vs ING),épargne pension CBC,CBC,fr,2024-12-15,0
epargne_pension_cbc,Épargne-pension (CBC vs ING),épargne pension CBC,CBC,fr,2024-12-22,0
epargne_pension_cbc,Épargne-pension (CBC vs ING),épargne pension CBC,CBC,fr,2024-12-29,0
epargne_pension_cbc,Épargne-pension (CBC vs ING),épargne pension CBC,CBC,fr,2025-01-05,0
epargne_pension_cbc,Épargne-pension (CBC vs ING),épargne pension CBC,CBC,fr,2025-01-12,0
epargne_pension_cbc,Épargne-pension (CBC vs ING),épargne pension CBC,CBC,fr,2025-01-19,0
epargne_pension_cbc,Épargne-pension (CBC vs ING),épargne pension CBC,CBC,fr,2025-01-26,0
epargne_pension_cbc,Épargne-pension (CBC vs ING),épargne pension CBC,CBC,fr,2025-02-02,0
epargne_pension_cbc,Épargne-pension (CBC vs ING),épargne pension CBC,CBC,fr,2025-02-09,0
epargne_pension_cbc,Épargne-pension (CBC vs ING),épargne pension CBC,CBC,fr,2025-02-16,0
epargne_pension_cbc,Épargne-pension (CBC vs ING),épargne pension CBC,CBC,fr,2025-02-23,0
epargne_pension_cbc,Épargne-pension (CBC vs ING),épargne pension CBC,CBC,fr,2025-03-02,0
epargne_pension_cbc,Épargne-pension (CBC vs ING),épargne pension CBC,CBC,fr,2025-03-09,0
epargne_pension_cbc,Épargne-pension (CBC vs ING),épargne pension CBC,CBC,fr,2025-03-16,0
epargne_pension_cbc,Épargne-pension (CBC vs ING),épargne pension CBC,CBC,fr,2025-03-23,0
epargne_pension_cbc,Épargne-pension (CBC vs ING),épargne pension CBC,CBC,fr,2025-03-30,0
epargne_pension_cbc,Épargne-pension (CBC vs ING),épargne pension CBC,CBC,fr,2025-04-06,0
epargne_pension_cbc,Épargne-pension (CBC vs ING),épargne pension CBC,CBC,fr,2025-04-13,0
epargne_pension_cbc,Épargne-pension (CBC vs ING),épargne pension CBC,CBC,fr,2025-04-20,0
epargne_pension_cbc,Épargne-pension (CBC vs ING),épargne pension CBC,CBC,fr,2025-04-27,0
epargne_pension_cbc,Épargne-pension (CBC vs ING),épargne pension CBC,CBC,fr,2025-05-04,0
epargne_pension_cbc,Épargne-pension (CBC vs ING),épargne pension CBC,CBC,fr,2025-05-11,0
epargne_pension_cbc,Épargne-pension (CBC vs ING),épargne pension CBC,CBC,fr,2025-05-18,0
epargne_pension_cbc,Épargne-pension (CBC vs ING),épargne pension CBC,CBC,fr,2025-05-25,0
epargne_pension_cbc,Épargne-pension (CBC vs ING),épargne pension CBC,CBC,fr,2025-06-01,0
epargne_pension_cbc,Épargne-pension (CBC vs ING),épargne pension CBC,CBC,fr,2025-06-08,0
epargne_pension_cbc,Épargne-pension (CBC vs ING),épargne pension CBC,CBC,fr,2025-06-15,0
epargne_pension_cbc,Épargne-pension (CBC vs ING),épargne pension CBC,CBC,fr,2025-06-22,0
epargne_pension_cbc,Épargne-pension (CBC vs ING),épargne pension CBC,CBC,fr,2025-06-29,0
epargne_pension_cbc,Épargne-pension (CBC vs ING),épargne pension CBC,CBC,fr,2025-07-06,0
epargne_pension_cbc,Épargne-pension (CBC vs ING),épargne pension CBC,CBC,fr,2025-07-13,0
epargne_pension_cbc,Épargne-pension (CBC vs ING),épargne pension CBC,CBC,fr,2025-07-20,0
epargne_pension_cbc,Épargne-pension (CBC vs ING),épargne pension CBC,CBC,fr,2025-07-27,0
epargne_pension_cbc,Épargne-pension (CBC vs ING),épargne pension CBC,CBC,fr,2025-08-03,0
epargne_pension_cbc,Épargne-pension (CBC vs ING),épargne pension CBC,CBC,fr,2025-08-10,0
epargne_pension_cbc,Épargne-pension (CBC vs ING),épargne pension CBC,CBC,fr,2025-08-17,0
epargne_pension_cbc,Épargne-pension (CBC vs ING),épargne pension CBC,CBC,fr,2025-08-24,0
epargne_pension_cbc,Épargne-pension (CBC vs ING),épargne pension CBC,CBC,fr,2025-08-31,0
epargne_pension_cbc,Épargne-pension (CBC vs ING),épargne pension CBC,CBC,fr,2025-09-07,0
epargne_pension_cbc,Épargne-pension (CBC vs ING),épargne pension CBC,CBC,fr,2025-09-14,0
epargne_pension_cbc,Épargne-pension (CBC vs ING),épargne pension CBC,CBC,fr,2025-09-21,0
epargne_pension_cbc,Épargne-pension (CBC vs ING),épargne pension CBC,CBC,fr,2025-09-28,0
epargne_pension_cbc,Épargne-pension (CBC vs ING),épargne pension CBC,CBC,fr,2025-10-05,0
epargne_pension_cbc,Épargne-pension (CBC vs ING),épargne pension CBC,CBC,fr,2025-10-12,0
epargne_pension_cbc,Épargne-pension (CBC vs ING),épargne pension CBC,CBC,fr,2025-10-19,0
epargne_pension_cbc,Épargne-pension (CBC vs ING),épargne pension CBC,CBC,fr,2025-10-26,0
epargne_pension_cbc,Épargne-pension (CBC vs ING),épargne pension CBC,CBC,fr,2025-11-02,0
epargne_pension_cbc,Épargne-pension (CBC vs ING),épargne pension CBC,CBC,fr,2025-11-09,0
epargne_pension_cbc,Épargne-pension (CBC vs ING),épargne pension CBC,CBC,fr,2025-11-16,0
epargne_pension_cbc,Épargne-pension (CBC vs ING),épargne pension CBC,CBC,fr,2025-11-23,0
epargne_pension_cbc,Épargne-pension (CBC vs ING),épargne pension CBC,CBC,fr,2025-11-30,0
epargne_pension_cbc,Épargne-pension (CBC vs ING),épargne pension CBC,CBC,fr,2025-12-07,0
epargne_pension_cbc,Épargne-pension (CBC vs ING),épargne pension CBC,CBC,fr,2025-12-14,0
epargne_pension_cbc,Épargne-pension (CBC vs ING),épargne pension CBC,CBC,fr,2025-12-21,0
epargne_pension_cbc,Épargne-pension (CBC vs ING),épargne pension CBC,CBC,fr,2025-12-28,0
epargne_pension_cbc,Épargne-pension (CBC vs ING),épargne pension CBC,CBC,fr,2026-01-04,0
epargne_pension_cbc,Épargne-pension (CBC vs ING),épargne pension CBC,CBC,fr,2026-01-11,0
epargne_pension_cbc,Épargne-pension (CBC vs ING),épargne pension CBC,CBC,fr,2026-01-18,0
epargne_pension_cbc,Épargne-pension (CBC vs ING),épargne pension CBC,CBC,fr,2026-01-25,0
epargne_pension_cbc,Épargne-pension (CBC vs ING),épargne pension CBC,CBC,fr,2026-02-01,0
epargne_pension_cbc,Épargne-pension (CBC vs ING),épargne pension CBC,CBC,fr,2026-02-08,0
epargne_pension_cbc,Épargne-pension (CBC vs ING),épargne pension CBC,CBC,fr,2026-02-15,0
epargne_pension_cbc,Épargne-pension (CBC vs ING),épargne pension CBC,CBC,fr,2026-02-22,0
epargne_pension_cbc,Épargne-pension (CBC vs ING),épargne pension CBC,CBC,fr,2026-03-01,0
epargne_pension_cbc,Épargne-pension (CBC vs ING),épargne pension CBC,CBC,fr,2026-03-08,0
epargne_pension_cbc,Épargne-pension (CBC vs ING),épargne pension CBC,CBC,fr,2026-03-15,0
epargne_pension_cbc,Épargne-pension (CBC vs ING),épargne pension CBC,CBC,fr,2026-03-22,0
epargne_pension_cbc,Épargne-pension (CBC vs ING),épargne pension CBC,CBC,fr,2026-03-29,0
epargne_pension_cbc,Épargne-pension (CBC vs ING),épargne pension CBC,CBC,fr,2026-04-05,0
epargne_pension_cbc,Épargne-pension (CBC vs ING),épargne pension CBC,CBC,fr,2026-04-12,0
epargne_pension_cbc,Épargne-pension (CBC vs ING),épargne pension CBC,CBC,fr,2026-04-19,0
epargne_pension_cbc,Épargne-pension (CBC vs ING),épargne pension CBC,CBC,fr,2026-04-26,0
epargne_pension_cbc,Épargne-pension (CBC vs ING),épargne pension CBC,CBC,fr,2026-05-03,0
epargne_pension_cbc,Épargne-pension (CBC vs ING),épargne pension CBC,CBC,fr,2026-05-10,0
epargne_pension_cbc,Épargne-pension (CBC vs ING),épargne pension CBC,CBC,fr,2026-05-17,0
epargne_pension_cbc,Épargne-pension (CBC vs ING),épargne pension CBC,CBC,fr,2026-05-24,0
epargne_pension_cbc,Épargne-pension (CBC vs ING),épargne pension CBC,CBC,fr,2026-05-31,0
epargne_pension_cbc,Épargne-pension (CBC vs ING),épargne pension CBC,CBC,fr,2026-06-07,0
epargne_pension_cbc,Épargne-pension (CBC vs ING),épargne pension CBC,CBC,fr,2026-06-14,0
epargne_pension_cbc,Épargne-pension (CBC vs ING),épargne pension CBC,CBC,fr,2026-06-21,0
epargne_pension_cbc,Épargne-pension (CBC vs ING),épargne pension CBC,CBC,fr,2026-06-28,0
epargne_pension_cbc,Épargne-pension (CBC vs ING),épargne pension CBC,CBC,fr,2026-07-05,0
epargne_pension_cbc,Épargne-pension (CBC vs ING),épargne pension CBC,CBC,fr,2026-07-12,0
epargne_pension_cbc,Épargne-pension (CBC vs ING),épargne pension CBC,CBC,fr,2026-07-19,0
epargne_pension_cbc,Épargne-pension (CBC vs ING),épargne pension CBC,CBC,fr,2026-07-26,0
epargne_pension_cbc,Épargne-pension (CBC vs ING),épargne pension CBC,CBC,fr,2026-08-02,0
epargne_pension_cbc,Épargne-pension (CBC vs ING),épargne pension CBC,CBC,fr,2026-08-09,0
epargne_pension_cbc,Épargne-pension (CBC vs ING),épargne pension CBC,CBC,fr,2026-08-16,0
epargne_pension_cbc,Épargne-pension (CBC vs ING),épargne pension CBC,CBC,fr,2026-08-23,0
epargne_pension_cbc,Épargne-pension (CBC vs ING),épargne pension CBC,CBC,fr,2026-08-30,0
epargne_pension_cbc,Épargne-pension (CBC vs ING),épargne pension CBC,CBC,fr,2026-09-06,0
epargne_pension_cbc,Épargne-pension (CBC vs ING),épargne pension CBC,CBC,fr,2026-09-13,0
marque_generique,Marque (recherche générique),/g/1z3t2x3c8,CBC,en,2021-09-12,7
marque_generique,Marque (recherche générique),/g/1z3t2x3c8,CBC,en,2021-09-19,6
marque_generique,Marque (recherche générique),/g/1z3t2x3c8,CBC,en,2021-09-26,6
marque_generique,Marque (recherche générique),/g/1z3t2x3c8,CBC,en,2021-10-03,6
marque_generique,Marque (recherche générique),/g/1z3t2x3c8,CBC,en,2021-10-10,6
marque_generique,Marque (recherche générique),/g/1z3t2x3c8,CBC,en,2021-10-17,8
marque_generique,Marque (recherche générique),/g/1z3t2x3c8,CBC,en,2021-10-24,7
marque_generique,Marque (recherche générique),/g/1z3t2x3c8,CBC,en,2021-10-31,8
marque_generique,Marque (recherche générique),/g/1z3t2x3c8,CBC,en,2021-11-07,7
marque_generique,Marque (recherche générique),/g/1z3t2x3c8,CBC,en,2021-11-14,7
marque_generique,Marque (recherche générique),/g/1z3t2x3c8,CBC,en,2021-11-21,7
marque_generique,Marque (recherche générique),/g/1z3t2x3c8,CBC,en,2021-11-28,8
marque_generique,Marque (recherche générique),/g/1z3t2x3c8,CBC,en,2021-12-05,7
marque_generique,Marque (recherche générique),/g/1z3t2x3c8,CBC,en,2021-12-12,8
marque_generique,Marque (recherche générique),/g/1z3t2x3c8,CBC,en,2021-12-19,8
marque_generique,Marque (recherche générique),/g/1z3t2x3c8,CBC,en,2021-12-26,8
marque_generique,Marque (recherche générique),/g/1z3t2x3c8,CBC,en,2022-01-02,8
marque_generique,Marque (recherche générique),/g/1z3t2x3c8,CBC,en,2022-01-09,9
marque_generique,Marque (recherche générique),/g/1z3t2x3c8,CBC,en,2022-01-16,9
marque_generique,Marque (recherche générique),/g/1z3t2x3c8,CBC,en,2022-01-23,8
marque_generique,Marque (recherche générique),/g/1z3t2x3c8,CBC,en,2022-01-30,9
marque_generique,Marque (recherche générique),/g/1z3t2x3c8,CBC,en,2022-02-06,8
marque_generique,Marque (recherche générique),/g/1z3t2x3c8,CBC,en,2022-02-13,7
marque_generique,Marque (recherche générique),/g/1z3t2x3c8,CBC,en,2022-02-20,8
marque_generique,Marque (recherche générique),/g/1z3t2x3c8,CBC,en,2022-02-27,8
marque_generique,Marque (recherche générique),/g/1z3t2x3c8,CBC,en,2022-03-06,8
marque_generique,Marque (recherche générique),/g/1z3t2x3c8,CBC,en,2022-03-13,7
marque_generique,Marque (recherche générique),/g/1z3t2x3c8,CBC,en,2022-03-20,8
marque_generique,Marque (recherche générique),/g/1z3t2x3c8,CBC,en,2022-03-27,8
marque_generique,Marque (recherche générique),/g/1z3t2x3c8,CBC,en,2022-04-03,8
marque_generique,Marque (recherche générique),/g/1z3t2x3c8,CBC,en,2022-04-10,7
marque_generique,Marque (recherche générique),/g/1z3t2x3c8,CBC,en,2022-04-17,7
marque_generique,Marque (recherche générique),/g/1z3t2x3c8,CBC,en,2022-04-24,7
marque_generique,Marque (recherche générique),/g/1z3t2x3c8,CBC,en,2022-05-01,8
marque_generique,Marque (recherche générique),/g/1z3t2x3c8,CBC,en,2022-05-08,7
marque_generique,Marque (recherche générique),/g/1z3t2x3c8,CBC,en,2022-05-15,7
marque_generique,Marque (recherche générique),/g/1z3t2x3c8,CBC,en,2022-05-22,7
marque_generique,Marque (recherche générique),/g/1z3t2x3c8,CBC,en,2022-05-29,7
marque_generique,Marque (recherche générique),/g/1z3t2x3c8,CBC,en,2022-06-05,7
marque_generique,Marque (recherche générique),/g/1z3t2x3c8,CBC,en,2022-06-12,8
marque_generique,Marque (recherche générique),/g/1z3t2x3c8,CBC,en,2022-06-19,7
marque_generique,Marque (recherche générique),/g/1z3t2x3c8,CBC,en,2022-06-26,8
marque_generique,Marque (recherche générique),/g/1z3t2x3c8,CBC,en,2022-07-03,8
marque_generique,Marque (recherche générique),/g/1z3t2x3c8,CBC,en,2022-07-10,8
marque_generique,Marque (recherche générique),/g/1z3t2x3c8,CBC,en,2022-07-17,7
marque_generique,Marque (recherche générique),/g/1z3t2x3c8,CBC,en,2022-07-24,7
marque_generique,Marque (recherche générique),/g/1z3t2x3c8,CBC,en,2022-07-31,8
marque_generique,Marque (recherche générique),/g/1z3t2x3c8,CBC,en,2022-08-07,7
marque_generique,Marque (recherche générique),/g/1z3t2x3c8,CBC,en,2022-08-14,4
marque_generique,Marque (recherche générique),/g/1z3t2x3c8,CBC,en,2022-08-21,5
marque_generique,Marque (recherche générique),/g/1z3t2x3c8,CBC,en,2022-08-28,7
marque_generique,Marque (recherche générique),/g/1z3t2x3c8,CBC,en,2022-09-04,6
marque_generique,Marque (recherche générique),/g/1z3t2x3c8,CBC,en,2022-09-11,6
marque_generique,Marque (recherche générique),/g/1z3t2x3c8,CBC,en,2022-09-18,6
marque_generique,Marque (recherche générique),/g/1z3t2x3c8,CBC,en,2022-09-25,6
marque_generique,Marque (recherche générique),/g/1z3t2x3c8,CBC,en,2022-10-02,6
marque_generique,Marque (recherche générique),/g/1z3t2x3c8,CBC,en,2022-10-09,6
marque_generique,Marque (recherche générique),/g/1z3t2x3c8,CBC,en,2022-10-16,6
marque_generique,Marque (recherche générique),/g/1z3t2x3c8,CBC,en,2022-10-23,6
marque_generique,Marque (recherche générique),/g/1z3t2x3c8,CBC,en,2022-10-30,5
marque_generique,Marque (recherche générique),/g/1z3t2x3c8,CBC,en,2022-11-06,5
marque_generique,Marque (recherche générique),/g/1z3t2x3c8,CBC,en,2022-11-13,5
marque_generique,Marque (recherche générique),/g/1z3t2x3c8,CBC,en,2022-11-20,5
marque_generique,Marque (recherche générique),/g/1z3t2x3c8,CBC,en,2022-11-27,5
marque_generique,Marque (recherche générique),/g/1z3t2x3c8,CBC,en,2022-12-04,5
marque_generique,Marque (recherche générique),/g/1z3t2x3c8,CBC,en,2022-12-11,6
marque_generique,Marque (recherche générique),/g/1z3t2x3c8,CBC,en,2022-12-18,6
marque_generique,Marque (recherche générique),/g/1z3t2x3c8,CBC,en,2022-12-25,6
marque_generique,Marque (recherche générique),/g/1z3t2x3c8,CBC,en,2023-01-01,6
marque_generique,Marque (recherche générique),/g/1z3t2x3c8,CBC,en,2023-01-08,6
marque_generique,Marque (recherche générique),/g/1z3t2x3c8,CBC,en,2023-01-15,6
marque_generique,Marque (recherche générique),/g/1z3t2x3c8,CBC,en,2023-01-22,6
marque_generique,Marque (recherche générique),/g/1z3t2x3c8,CBC,en,2023-01-29,6
marque_generique,Marque (recherche générique),/g/1z3t2x3c8,CBC,en,2023-02-05,6
marque_generique,Marque (recherche générique),/g/1z3t2x3c8,CBC,en,2023-02-12,6
marque_generique,Marque (recherche générique),/g/1z3t2x3c8,CBC,en,2023-02-19,7
marque_generique,Marque (recherche générique),/g/1z3t2x3c8,CBC,en,2023-02-26,6
marque_generique,Marque (recherche générique),/g/1z3t2x3c8,CBC,en,2023-03-05,6
marque_generique,Marque (recherche générique),/g/1z3t2x3c8,CBC,en,2023-03-12,6
marque_generique,Marque (recherche générique),/g/1z3t2x3c8,CBC,en,2023-03-19,6
marque_generique,Marque (recherche générique),/g/1z3t2x3c8,CBC,en,2023-03-26,6
marque_generique,Marque (recherche générique),/g/1z3t2x3c8,CBC,en,2023-04-02,6
marque_generique,Marque (recherche générique),/g/1z3t2x3c8,CBC,en,2023-04-09,5
marque_generique,Marque (recherche générique),/g/1z3t2x3c8,CBC,en,2023-04-16,6
marque_generique,Marque (recherche générique),/g/1z3t2x3c8,CBC,en,2023-04-23,6
marque_generique,Marque (recherche générique),/g/1z3t2x3c8,CBC,en,2023-04-30,5
marque_generique,Marque (recherche générique),/g/1z3t2x3c8,CBC,en,2023-05-07,5
marque_generique,Marque (recherche générique),/g/1z3t2x3c8,CBC,en,2023-05-14,4
marque_generique,Marque (recherche générique),/g/1z3t2x3c8,CBC,en,2023-05-21,6
marque_generique,Marque (recherche générique),/g/1z3t2x3c8,CBC,en,2023-05-28,5
marque_generique,Marque (recherche générique),/g/1z3t2x3c8,CBC,en,2023-06-04,5
marque_generique,Marque (recherche générique),/g/1z3t2x3c8,CBC,en,2023-06-11,5
marque_generique,Marque (recherche générique),/g/1z3t2x3c8,CBC,en,2023-06-18,6
marque_generique,Marque (recherche générique),/g/1z3t2x3c8,CBC,en,2023-06-25,6
marque_generique,Marque (recherche générique),/g/1z3t2x3c8,CBC,en,2023-07-02,6
marque_generique,Marque (recherche générique),/g/1z3t2x3c8,CBC,en,2023-07-09,6
marque_generique,Marque (recherche générique),/g/1z3t2x3c8,CBC,en,2023-07-16,5
marque_generique,Marque (recherche générique),/g/1z3t2x3c8,CBC,en,2023-07-23,5
marque_generique,Marque (recherche générique),/g/1z3t2x3c8,CBC,en,2023-07-30,5
marque_generique,Marque (recherche générique),/g/1z3t2x3c8,CBC,en,2023-08-06,6
marque_generique,Marque (recherche générique),/g/1z3t2x3c8,CBC,en,2023-08-13,5
marque_generique,Marque (recherche générique),/g/1z3t2x3c8,CBC,en,2023-08-20,7
marque_generique,Marque (recherche générique),/g/1z3t2x3c8,CBC,en,2023-08-27,7
marque_generique,Marque (recherche générique),/g/1z3t2x3c8,CBC,en,2023-09-03,6
marque_generique,Marque (recherche générique),/g/1z3t2x3c8,CBC,en,2023-09-10,6
marque_generique,Marque (recherche générique),/g/1z3t2x3c8,CBC,en,2023-09-17,6
marque_generique,Marque (recherche générique),/g/1z3t2x3c8,CBC,en,2023-09-24,6
marque_generique,Marque (recherche générique),/g/1z3t2x3c8,CBC,en,2023-10-01,7
marque_generique,Marque (recherche générique),/g/1z3t2x3c8,CBC,en,2023-10-08,6
marque_generique,Marque (recherche générique),/g/1z3t2x3c8,CBC,en,2023-10-15,6
marque_generique,Marque (recherche générique),/g/1z3t2x3c8,CBC,en,2023-10-22,5
marque_generique,Marque (recherche générique),/g/1z3t2x3c8,CBC,en,2023-10-29,5
marque_generique,Marque (recherche générique),/g/1z3t2x3c8,CBC,en,2023-11-05,6
marque_generique,Marque (recherche générique),/g/1z3t2x3c8,CBC,en,2023-11-12,5
marque_generique,Marque (recherche générique),/g/1z3t2x3c8,CBC,en,2023-11-19,6
marque_generique,Marque (recherche générique),/g/1z3t2x3c8,CBC,en,2023-11-26,5
marque_generique,Marque (recherche générique),/g/1z3t2x3c8,CBC,en,2023-12-03,5
marque_generique,Marque (recherche générique),/g/1z3t2x3c8,CBC,en,2023-12-10,6
marque_generique,Marque (recherche générique),/g/1z3t2x3c8,CBC,en,2023-12-17,6
marque_generique,Marque (recherche générique),/g/1z3t2x3c8,CBC,en,2023-12-24,6
marque_generique,Marque (recherche générique),/g/1z3t2x3c8,CBC,en,2023-12-31,5
marque_generique,Marque (recherche générique),/g/1z3t2x3c8,CBC,en,2024-01-07,6
marque_generique,Marque (recherche générique),/g/1z3t2x3c8,CBC,en,2024-01-14,6
marque_generique,Marque (recherche générique),/g/1z3t2x3c8,CBC,en,2024-01-21,6
marque_generique,Marque (recherche générique),/g/1z3t2x3c8,CBC,en,2024-01-28,6
marque_generique,Marque (recherche générique),/g/1z3t2x3c8,CBC,en,2024-02-04,6
marque_generique,Marque (recherche générique),/g/1z3t2x3c8,CBC,en,2024-02-11,6
marque_generique,Marque (recherche générique),/g/1z3t2x3c8,CBC,en,2024-02-18,6
marque_generique,Marque (recherche générique),/g/1z3t2x3c8,CBC,en,2024-02-25,6
marque_generique,Marque (recherche générique),/g/1z3t2x3c8,CBC,en,2024-03-03,6
marque_generique,Marque (recherche générique),/g/1z3t2x3c8,CBC,en,2024-03-10,6
marque_generique,Marque (recherche générique),/g/1z3t2x3c8,CBC,en,2024-03-17,5
marque_generique,Marque (recherche générique),/g/1z3t2x3c8,CBC,en,2024-03-24,6
marque_generique,Marque (recherche générique),/g/1z3t2x3c8,CBC,en,2024-03-31,6
marque_generique,Marque (recherche générique),/g/1z3t2x3c8,CBC,en,2024-04-07,6
marque_generique,Marque (recherche générique),/g/1z3t2x3c8,CBC,en,2024-04-14,6
marque_generique,Marque (recherche générique),/g/1z3t2x3c8,CBC,en,2024-04-21,6
marque_generique,Marque (recherche générique),/g/1z3t2x3c8,CBC,en,2024-04-28,5
marque_generique,Marque (recherche générique),/g/1z3t2x3c8,CBC,en,2024-05-05,5
marque_generique,Marque (recherche générique),/g/1z3t2x3c8,CBC,en,2024-05-12,6
marque_generique,Marque (recherche générique),/g/1z3t2x3c8,CBC,en,2024-05-19,5
marque_generique,Marque (recherche générique),/g/1z3t2x3c8,CBC,en,2024-05-26,6
marque_generique,Marque (recherche générique),/g/1z3t2x3c8,CBC,en,2024-06-02,5
marque_generique,Marque (recherche générique),/g/1z3t2x3c8,CBC,en,2024-06-09,5
marque_generique,Marque (recherche générique),/g/1z3t2x3c8,CBC,en,2024-06-16,5
marque_generique,Marque (recherche générique),/g/1z3t2x3c8,CBC,en,2024-06-23,6
marque_generique,Marque (recherche générique),/g/1z3t2x3c8,CBC,en,2024-06-30,6
marque_generique,Marque (recherche générique),/g/1z3t2x3c8,CBC,en,2024-07-07,6
marque_generique,Marque (recherche générique),/g/1z3t2x3c8,CBC,en,2024-07-14,6
marque_generique,Marque (recherche générique),/g/1z3t2x3c8,CBC,en,2024-07-21,6
marque_generique,Marque (recherche générique),/g/1z3t2x3c8,CBC,en,2024-07-28,6
marque_generique,Marque (recherche générique),/g/1z3t2x3c8,CBC,en,2024-08-04,5
marque_generique,Marque (recherche générique),/g/1z3t2x3c8,CBC,en,2024-08-11,4
marque_generique,Marque (recherche générique),/g/1z3t2x3c8,CBC,en,2024-08-18,6
marque_generique,Marque (recherche générique),/g/1z3t2x3c8,CBC,en,2024-08-25,6
marque_generique,Marque (recherche générique),/g/1z3t2x3c8,CBC,en,2024-09-01,9
marque_generique,Marque (recherche générique),/g/1z3t2x3c8,CBC,en,2024-09-08,7
marque_generique,Marque (recherche générique),/g/1z3t2x3c8,CBC,en,2024-09-15,7
marque_generique,Marque (recherche générique),/g/1z3t2x3c8,CBC,en,2024-09-22,5
marque_generique,Marque (recherche générique),/g/1z3t2x3c8,CBC,en,2024-09-29,6
marque_generique,Marque (recherche générique),/g/1z3t2x3c8,CBC,en,2024-10-06,6
marque_generique,Marque (recherche générique),/g/1z3t2x3c8,CBC,en,2024-10-13,6
marque_generique,Marque (recherche générique),/g/1z3t2x3c8,CBC,en,2024-10-20,5
marque_generique,Marque (recherche générique),/g/1z3t2x3c8,CBC,en,2024-10-27,6
marque_generique,Marque (recherche générique),/g/1z3t2x3c8,CBC,en,2024-11-03,6
marque_generique,Marque (recherche générique),/g/1z3t2x3c8,CBC,en,2024-11-10,5
marque_generique,Marque (recherche générique),/g/1z3t2x3c8,CBC,en,2024-11-17,5
marque_generique,Marque (recherche générique),/g/1z3t2x3c8,CBC,en,2024-11-24,5
marque_generique,Marque (recherche générique),/g/1z3t2x3c8,CBC,en,2024-12-01,6
marque_generique,Marque (recherche générique),/g/1z3t2x3c8,CBC,en,2024-12-08,6
marque_generique,Marque (recherche générique),/g/1z3t2x3c8,CBC,en,2024-12-15,6
marque_generique,Marque (recherche générique),/g/1z3t2x3c8,CBC,en,2024-12-22,5
marque_generique,Marque (recherche générique),/g/1z3t2x3c8,CBC,en,2024-12-29,6
marque_generique,Marque (recherche générique),/g/1z3t2x3c8,CBC,en,2025-01-05,6
marque_generique,Marque (recherche générique),/g/1z3t2x3c8,CBC,en,2025-01-12,5
marque_generique,Marque (recherche générique),/g/1z3t2x3c8,CBC,en,2025-01-19,6
marque_generique,Marque (recherche générique),/g/1z3t2x3c8,CBC,en,2025-01-26,6
marque_generique,Marque (recherche générique),/g/1z3t2x3c8,CBC,en,2025-02-02,7
marque_generique,Marque (recherche générique),/g/1z3t2x3c8,CBC,en,2025-02-09,6
marque_generique,Marque (recherche générique),/g/1z3t2x3c8,CBC,en,2025-02-16,6
marque_generique,Marque (recherche générique),/g/1z3t2x3c8,CBC,en,2025-02-23,6
marque_generique,Marque (recherche générique),/g/1z3t2x3c8,CBC,en,2025-03-02,6
marque_generique,Marque (recherche générique),/g/1z3t2x3c8,CBC,en,2025-03-09,6
marque_generique,Marque (recherche générique),/g/1z3t2x3c8,CBC,en,2025-03-16,6
marque_generique,Marque (recherche générique),/g/1z3t2x3c8,CBC,en,2025-03-23,6
marque_generique,Marque (recherche générique),/g/1z3t2x3c8,CBC,en,2025-03-30,7
marque_generique,Marque (recherche générique),/g/1z3t2x3c8,CBC,en,2025-04-06,6
marque_generique,Marque (recherche générique),/g/1z3t2x3c8,CBC,en,2025-04-13,6
marque_generique,Marque (recherche générique),/g/1z3t2x3c8,CBC,en,2025-04-20,6
marque_generique,Marque (recherche générique),/g/1z3t2x3c8,CBC,en,2025-04-27,5
marque_generique,Marque (recherche générique),/g/1z3t2x3c8,CBC,en,2025-05-04,5
marque_generique,Marque (recherche générique),/g/1z3t2x3c8,CBC,en,2025-05-11,6
marque_generique,Marque (recherche générique),/g/1z3t2x3c8,CBC,en,2025-05-18,6
marque_generique,Marque (recherche générique),/g/1z3t2x3c8,CBC,en,2025-05-25,5
marque_generique,Marque (recherche générique),/g/1z3t2x3c8,CBC,en,2025-06-01,6
marque_generique,Marque (recherche générique),/g/1z3t2x3c8,CBC,en,2025-06-08,5
marque_generique,Marque (recherche générique),/g/1z3t2x3c8,CBC,en,2025-06-15,6
marque_generique,Marque (recherche générique),/g/1z3t2x3c8,CBC,en,2025-06-22,6
marque_generique,Marque (recherche générique),/g/1z3t2x3c8,CBC,en,2025-06-29,6
marque_generique,Marque (recherche générique),/g/1z3t2x3c8,CBC,en,2025-07-06,6
marque_generique,Marque (recherche générique),/g/1z3t2x3c8,CBC,en,2025-07-13,6
marque_generique,Marque (recherche générique),/g/1z3t2x3c8,CBC,en,2025-07-20,5
marque_generique,Marque (recherche générique),/g/1z3t2x3c8,CBC,en,2025-07-27,6
marque_generique,Marque (recherche générique),/g/1z3t2x3c8,CBC,en,2025-08-03,6
marque_generique,Marque (recherche générique),/g/1z3t2x3c8,CBC,en,2025-08-10,5
marque_generique,Marque (recherche générique),/g/1z3t2x3c8,CBC,en,2025-08-17,6
marque_generique,Marque (recherche générique),/g/1z3t2x3c8,CBC,en,2025-08-24,6
marque_generique,Marque (recherche générique),/g/1z3t2x3c8,CBC,en,2025-08-31,6
marque_generique,Marque (recherche générique),/g/1z3t2x3c8,CBC,en,2025-09-07,6
marque_generique,Marque (recherche générique),/g/1z3t2x3c8,CBC,en,2025-09-14,6
marque_generique,Marque (recherche générique),/g/1z3t2x3c8,CBC,en,2025-09-21,6
marque_generique,Marque (recherche générique),/g/1z3t2x3c8,CBC,en,2025-09-28,7
marque_generique,Marque (recherche générique),/g/1z3t2x3c8,CBC,en,2025-10-05,6
marque_generique,Marque (recherche générique),/g/1z3t2x3c8,CBC,en,2025-10-12,6
marque_generique,Marque (recherche générique),/g/1z3t2x3c8,CBC,en,2025-10-19,6
marque_generique,Marque (recherche générique),/g/1z3t2x3c8,CBC,en,2025-10-26,6
marque_generique,Marque (recherche générique),/g/1z3t2x3c8,CBC,en,2025-11-02,6
marque_generique,Marque (recherche générique),/g/1z3t2x3c8,CBC,en,2025-11-09,6
marque_generique,Marque (recherche générique),/g/1z3t2x3c8,CBC,en,2025-11-16,5
marque_generique,Marque (recherche générique),/g/1z3t2x3c8,CBC,en,2025-11-23,6
marque_generique,Marque (recherche générique),/g/1z3t2x3c8,CBC,en,2025-11-30,6
marque_generique,Marque (recherche générique),/g/1z3t2x3c8,CBC,en,2025-12-07,6
marque_generique,Marque (recherche générique),/g/1z3t2x3c8,CBC,en,2025-12-14,7
marque_generique,Marque (recherche générique),/g/1z3t2x3c8,CBC,en,2025-12-21,5
marque_generique,Marque (recherche générique),/g/1z3t2x3c8,CBC,en,2025-12-28,5
marque_generique,Marque (recherche générique),/g/1z3t2x3c8,CBC,en,2026-01-04,6
marque_generique,Marque (recherche générique),/g/1z3t2x3c8,CBC,en,2026-01-11,7
marque_generique,Marque (recherche générique),/g/1z3t2x3c8,CBC,en,2026-01-18,7
marque_generique,Marque (recherche générique),/g/1z3t2x3c8,CBC,en,2026-01-25,7
marque_generique,Marque (recherche générique),/g/1z3t2x3c8,CBC,en,2026-02-01,6
marque_generique,Marque (recherche générique),/g/1z3t2x3c8,CBC,en,2026-02-08,5
marque_generique,Marque (recherche générique),/g/1z3t2x3c8,CBC,en,2026-02-15,6
marque_generique,Marque (recherche générique),/g/1z3t2x3c8,CBC,en,2026-02-22,6
marque_generique,Marque (recherche générique),/g/1z3t2x3c8,CBC,en,2026-03-01,6
marque_generique,Marque (recherche générique),/g/1z3t2x3c8,CBC,en,2026-03-08,6
marque_generique,Marque (recherche générique),/g/1z3t2x3c8,CBC,en,2026-03-15,6
marque_generique,Marque (recherche générique),/g/1z3t2x3c8,CBC,en,2026-03-22,6
marque_generique,Marque (recherche générique),/g/1z3t2x3c8,CBC,en,2026-03-29,6
marque_generique,Marque (recherche générique),/g/1z3t2x3c8,CBC,en,2026-04-05,5
marque_generique,Marque (recherche générique),/g/1z3t2x3c8,CBC,en,2026-04-12,6
marque_generique,Marque (recherche générique),/g/1z3t2x3c8,CBC,en,2026-04-19,6
marque_generique,Marque (recherche générique),/g/1z3t2x3c8,CBC,en,2026-04-26,5
marque_generique,Marque (recherche générique),/g/1z3t2x3c8,CBC,en,2026-05-03,5
marque_generique,Marque (recherche générique),/g/1z3t2x3c8,CBC,en,2026-05-10,5
marque_generique,Marque (recherche générique),/g/1z3t2x3c8,CBC,en,2026-05-17,5
marque_generique,Marque (recherche générique),/g/1z3t2x3c8,CBC,en,2026-05-24,4
marque_generique,Marque (recherche générique),/g/1z3t2x3c8,CBC,en,2026-05-31,6
marque_generique,Marque (recherche générique),/g/1z3t2x3c8,CBC,en,2026-06-07,7
marque_generique,Marque (recherche générique),/g/1z3t2x3c8,CBC,en,2026-06-14,6
marque_generique,Marque (recherche générique),/g/1z3t2x3c8,CBC,en,2026-06-21,6
marque_generique,Marque (recherche générique),/g/1z3t2x3c8,CBC,en,2026-06-28,7
marque_generique,Marque (recherche générique),/g/1z3t2x3c8,CBC,en,2026-07-05,7
marque_generique,Marque (recherche générique),/g/1z3t2x3c8,CBC,en,2026-07-12,7
marque_generique,Marque (recherche générique),/g/1z3t2x3c8,CBC,en,2026-07-19,6
marque_generique,Marque (recherche générique),/g/1z3t2x3c8,CBC,en,2026-07-26,7
marque_generique,Marque (recherche générique),/g/1z3t2x3c8,CBC,en,2026-08-02,7
marque_generique,Marque (recherche générique),/g/1z3t2x3c8,CBC,en,2026-08-09,6
marque_generique,Marque (recherche générique),/g/1z3t2x3c8,CBC,en,2026-08-16,6
marque_generique,Marque (recherche générique),/g/1z3t2x3c8,CBC,en,2026-08-23,7
marque_generique,Marque (recherche générique),/g/1z3t2x3c8,CBC,en,2026-08-30,7
marque_generique,Marque (recherche générique),/g/1z3t2x3c8,CBC,en,2026-09-06,6
marque_generique,Marque (recherche générique),/g/1z3t2x3c8,CBC,en,2026-09-13,6
pret_hypothecaire_cbc,Prêt hypothécaire (CBC vs ING),prêt hypothécaire CBC,CBC,fr,2021-09-12,0
pret_hypothecaire_cbc,Prêt hypothécaire (CBC vs ING),prêt hypothécaire CBC,CBC,fr,2021-09-19,0
pret_hypothecaire_cbc,Prêt hypothécaire (CBC vs ING),prêt hypothécaire CBC,CBC,fr,2021-09-26,0
pret_hypothecaire_cbc,Prêt hypothécaire (CBC vs ING),prêt hypothécaire CBC,CBC,fr,2021-10-03,0
pret_hypothecaire_cbc,Prêt hypothécaire (CBC vs ING),prêt hypothécaire CBC,CBC,fr,2021-10-10,0
pret_hypothecaire_cbc,Prêt hypothécaire (CBC vs ING),prêt hypothécaire CBC,CBC,fr,2021-10-17,0
pret_hypothecaire_cbc,Prêt hypothécaire (CBC vs ING),prêt hypothécaire CBC,CBC,fr,2021-10-24,0
pret_hypothecaire_cbc,Prêt hypothécaire (CBC vs ING),prêt hypothécaire CBC,CBC,fr,2021-10-31,0
pret_hypothecaire_cbc,Prêt hypothécaire (CBC vs ING),prêt hypothécaire CBC,CBC,fr,2021-11-07,0
pret_hypothecaire_cbc,Prêt hypothécaire (CBC vs ING),prêt hypothécaire CBC,CBC,fr,2021-11-14,0
pret_hypothecaire_cbc,Prêt hypothécaire (CBC vs ING),prêt hypothécaire CBC,CBC,fr,2021-11-21,0
pret_hypothecaire_cbc,Prêt hypothécaire (CBC vs ING),prêt hypothécaire CBC,CBC,fr,2021-11-28,0
pret_hypothecaire_cbc,Prêt hypothécaire (CBC vs ING),prêt hypothécaire CBC,CBC,fr,2021-12-05,0
pret_hypothecaire_cbc,Prêt hypothécaire (CBC vs ING),prêt hypothécaire CBC,CBC,fr,2021-12-12,0
pret_hypothecaire_cbc,Prêt hypothécaire (CBC vs ING),prêt hypothécaire CBC,CBC,fr,2021-12-19,0
pret_hypothecaire_cbc,Prêt hypothécaire (CBC vs ING),prêt hypothécaire CBC,CBC,fr,2021-12-26,0
pret_hypothecaire_cbc,Prêt hypothécaire (CBC vs ING),prêt hypothécaire CBC,CBC,fr,2022-01-02,0
pret_hypothecaire_cbc,Prêt hypothécaire (CBC vs ING),prêt hypothécaire CBC,CBC,fr,2022-01-09,0
pret_hypothecaire_cbc,Prêt hypothécaire (CBC vs ING),prêt hypothécaire CBC,CBC,fr,2022-01-16,0
pret_hypothecaire_cbc,Prêt hypothécaire (CBC vs ING),prêt hypothécaire CBC,CBC,fr,2022-01-23,0
pret_hypothecaire_cbc,Prêt hypothécaire (CBC vs ING),prêt hypothécaire CBC,CBC,fr,2022-01-30,0
pret_hypothecaire_cbc,Prêt hypothécaire (CBC vs ING),prêt hypothécaire CBC,CBC,fr,2022-02-06,0
pret_hypothecaire_cbc,Prêt hypothécaire (CBC vs ING),prêt hypothécaire CBC,CBC,fr,2022-02-13,0
pret_hypothecaire_cbc,Prêt hypothécaire (CBC vs ING),prêt hypothécaire CBC,CBC,fr,2022-02-20,0
pret_hypothecaire_cbc,Prêt hypothécaire (CBC vs ING),prêt hypothécaire CBC,CBC,fr,2022-02-27,0
pret_hypothecaire_cbc,Prêt hypothécaire (CBC vs ING),prêt hypothécaire CBC,CBC,fr,2022-03-06,0
pret_hypothecaire_cbc,Prêt hypothécaire (CBC vs ING),prêt hypothécaire CBC,CBC,fr,2022-03-13,0
pret_hypothecaire_cbc,Prêt hypothécaire (CBC vs ING),prêt hypothécaire CBC,CBC,fr,2022-03-20,0
pret_hypothecaire_cbc,Prêt hypothécaire (CBC vs ING),prêt hypothécaire CBC,CBC,fr,2022-03-27,0
pret_hypothecaire_cbc,Prêt hypothécaire (CBC vs ING),prêt hypothécaire CBC,CBC,fr,2022-04-03,0
pret_hypothecaire_cbc,Prêt hypothécaire (CBC vs ING),prêt hypothécaire CBC,CBC,fr,2022-04-10,0
pret_hypothecaire_cbc,Prêt hypothécaire (CBC vs ING),prêt hypothécaire CBC,CBC,fr,2022-04-17,0
pret_hypothecaire_cbc,Prêt hypothécaire (CBC vs ING),prêt hypothécaire CBC,CBC,fr,2022-04-24,0
pret_hypothecaire_cbc,Prêt hypothécaire (CBC vs ING),prêt hypothécaire CBC,CBC,fr,2022-05-01,0
pret_hypothecaire_cbc,Prêt hypothécaire (CBC vs ING),prêt hypothécaire CBC,CBC,fr,2022-05-08,0
pret_hypothecaire_cbc,Prêt hypothécaire (CBC vs ING),prêt hypothécaire CBC,CBC,fr,2022-05-15,0
pret_hypothecaire_cbc,Prêt hypothécaire (CBC vs ING),prêt hypothécaire CBC,CBC,fr,2022-05-22,0
pret_hypothecaire_cbc,Prêt hypothécaire (CBC vs ING),prêt hypothécaire CBC,CBC,fr,2022-05-29,0
pret_hypothecaire_cbc,Prêt hypothécaire (CBC vs ING),prêt hypothécaire CBC,CBC,fr,2022-06-05,0
pret_hypothecaire_cbc,Prêt hypothécaire (CBC vs ING),prêt hypothécaire CBC,CBC,fr,2022-06-12,0
pret_hypothecaire_cbc,Prêt hypothécaire (CBC vs ING),prêt hypothécaire CBC,CBC,fr,2022-06-19,0
pret_hypothecaire_cbc,Prêt hypothécaire (CBC vs ING),prêt hypothécaire CBC,CBC,fr,2022-06-26,0
pret_hypothecaire_cbc,Prêt hypothécaire (CBC vs ING),prêt hypothécaire CBC,CBC,fr,2022-07-03,0
pret_hypothecaire_cbc,Prêt hypothécaire (CBC vs ING),prêt hypothécaire CBC,CBC,fr,2022-07-10,0
pret_hypothecaire_cbc,Prêt hypothécaire (CBC vs ING),prêt hypothécaire CBC,CBC,fr,2022-07-17,0
pret_hypothecaire_cbc,Prêt hypothécaire (CBC vs ING),prêt hypothécaire CBC,CBC,fr,2022-07-24,0
pret_hypothecaire_cbc,Prêt hypothécaire (CBC vs ING),prêt hypothécaire CBC,CBC,fr,2022-07-31,0
pret_hypothecaire_cbc,Prêt hypothécaire (CBC vs ING),prêt hypothécaire CBC,CBC,fr,2022-08-07,0
pret_hypothecaire_cbc,Prêt hypothécaire (CBC vs ING),prêt hypothécaire CBC,CBC,fr,2022-08-14,0
pret_hypothecaire_cbc,Prêt hypothécaire (CBC vs ING),prêt hypothécaire CBC,CBC,fr,2022-08-21,0
pret_hypothecaire_cbc,Prêt hypothécaire (CBC vs ING),prêt hypothécaire CBC,CBC,fr,2022-08-28,0
pret_hypothecaire_cbc,Prêt hypothécaire (CBC vs ING),prêt hypothécaire CBC,CBC,fr,2022-09-04,0
pret_hypothecaire_cbc,Prêt hypothécaire (CBC vs ING),prêt hypothécaire CBC,CBC,fr,2022-09-11,0
pret_hypothecaire_cbc,Prêt hypothécaire (CBC vs ING),prêt hypothécaire CBC,CBC,fr,2022-09-18,0
pret_hypothecaire_cbc,Prêt hypothécaire (CBC vs ING),prêt hypothécaire CBC,CBC,fr,2022-09-25,0
pret_hypothecaire_cbc,Prêt hypothécaire (CBC vs ING),prêt hypothécaire CBC,CBC,fr,2022-10-02,0
pret_hypothecaire_cbc,Prêt hypothécaire (CBC vs ING),prêt hypothécaire CBC,CBC,fr,2022-10-09,0
pret_hypothecaire_cbc,Prêt hypothécaire (CBC vs ING),prêt hypothécaire CBC,CBC,fr,2022-10-16,0
pret_hypothecaire_cbc,Prêt hypothécaire (CBC vs ING),prêt hypothécaire CBC,CBC,fr,2022-10-23,0
pret_hypothecaire_cbc,Prêt hypothécaire (CBC vs ING),prêt hypothécaire CBC,CBC,fr,2022-10-30,0
pret_hypothecaire_cbc,Prêt hypothécaire (CBC vs ING),prêt hypothécaire CBC,CBC,fr,2022-11-06,0
pret_hypothecaire_cbc,Prêt hypothécaire (CBC vs ING),prêt hypothécaire CBC,CBC,fr,2022-11-13,0
pret_hypothecaire_cbc,Prêt hypothécaire (CBC vs ING),prêt hypothécaire CBC,CBC,fr,2022-11-20,0
pret_hypothecaire_cbc,Prêt hypothécaire (CBC vs ING),prêt hypothécaire CBC,CBC,fr,2022-11-27,0
pret_hypothecaire_cbc,Prêt hypothécaire (CBC vs ING),prêt hypothécaire CBC,CBC,fr,2022-12-04,0
pret_hypothecaire_cbc,Prêt hypothécaire (CBC vs ING),prêt hypothécaire CBC,CBC,fr,2022-12-11,0
pret_hypothecaire_cbc,Prêt hypothécaire (CBC vs ING),prêt hypothécaire CBC,CBC,fr,2022-12-18,0
pret_hypothecaire_cbc,Prêt hypothécaire (CBC vs ING),prêt hypothécaire CBC,CBC,fr,2022-12-25,0
pret_hypothecaire_cbc,Prêt hypothécaire (CBC vs ING),prêt hypothécaire CBC,CBC,fr,2023-01-01,0
pret_hypothecaire_cbc,Prêt hypothécaire (CBC vs ING),prêt hypothécaire CBC,CBC,fr,2023-01-08,0
pret_hypothecaire_cbc,Prêt hypothécaire (CBC vs ING),prêt hypothécaire CBC,CBC,fr,2023-01-15,0
pret_hypothecaire_cbc,Prêt hypothécaire (CBC vs ING),prêt hypothécaire CBC,CBC,fr,2023-01-22,0
pret_hypothecaire_cbc,Prêt hypothécaire (CBC vs ING),prêt hypothécaire CBC,CBC,fr,2023-01-29,0
pret_hypothecaire_cbc,Prêt hypothécaire (CBC vs ING),prêt hypothécaire CBC,CBC,fr,2023-02-05,0
pret_hypothecaire_cbc,Prêt hypothécaire (CBC vs ING),prêt hypothécaire CBC,CBC,fr,2023-02-12,0
pret_hypothecaire_cbc,Prêt hypothécaire (CBC vs ING),prêt hypothécaire CBC,CBC,fr,2023-02-19,0
pret_hypothecaire_cbc,Prêt hypothécaire (CBC vs ING),prêt hypothécaire CBC,CBC,fr,2023-02-26,0
pret_hypothecaire_cbc,Prêt hypothécaire (CBC vs ING),prêt hypothécaire CBC,CBC,fr,2023-03-05,0
pret_hypothecaire_cbc,Prêt hypothécaire (CBC vs ING),prêt hypothécaire CBC,CBC,fr,2023-03-12,0
pret_hypothecaire_cbc,Prêt hypothécaire (CBC vs ING),prêt hypothécaire CBC,CBC,fr,2023-03-19,0
pret_hypothecaire_cbc,Prêt hypothécaire (CBC vs ING),prêt hypothécaire CBC,CBC,fr,2023-03-26,0
pret_hypothecaire_cbc,Prêt hypothécaire (CBC vs ING),prêt hypothécaire CBC,CBC,fr,2023-04-02,0
pret_hypothecaire_cbc,Prêt hypothécaire (CBC vs ING),prêt hypothécaire CBC,CBC,fr,2023-04-09,0
pret_hypothecaire_cbc,Prêt hypothécaire (CBC vs ING),prêt hypothécaire CBC,CBC,fr,2023-04-16,0
pret_hypothecaire_cbc,Prêt hypothécaire (CBC vs ING),prêt hypothécaire CBC,CBC,fr,2023-04-23,0
pret_hypothecaire_cbc,Prêt hypothécaire (CBC vs ING),prêt hypothécaire CBC,CBC,fr,2023-04-30,0
pret_hypothecaire_cbc,Prêt hypothécaire (CBC vs ING),prêt hypothécaire CBC,CBC,fr,2023-05-07,0
pret_hypothecaire_cbc,Prêt hypothécaire (CBC vs ING),prêt hypothécaire CBC,CBC,fr,2023-05-14,0
pret_hypothecaire_cbc,Prêt hypothécaire (CBC vs ING),prêt hypothécaire CBC,CBC,fr,2023-05-21,0
pret_hypothecaire_cbc,Prêt hypothécaire (CBC vs ING),prêt hypothécaire CBC,CBC,fr,2023-05-28,0
pret_hypothecaire_cbc,Prêt hypothécaire (CBC vs ING),prêt hypothécaire CBC,CBC,fr,2023-06-04,0
pret_hypothecaire_cbc,Prêt hypothécaire (CBC vs ING),prêt hypothécaire CBC,CBC,fr,2023-06-11,0
pret_hypothecaire_cbc,Prêt hypothécaire (CBC vs ING),prêt hypothécaire CBC,CBC,fr,2023-06-18,0
pret_hypothecaire_cbc,Prêt hypothécaire (CBC vs ING),prêt hypothécaire CBC,CBC,fr,2023-06-25,0
pret_hypothecaire_cbc,Prêt hypothécaire (CBC vs ING),prêt hypothécaire CBC,CBC,fr,2023-07-02,0
pret_hypothecaire_cbc,Prêt hypothécaire (CBC vs ING),prêt hypothécaire CBC,CBC,fr,2023-07-09,0
pret_hypothecaire_cbc,Prêt hypothécaire (CBC vs ING),prêt hypothécaire CBC,CBC,fr,2023-07-16,0
pret_hypothecaire_cbc,Prêt hypothécaire (CBC vs ING),prêt hypothécaire CBC,CBC,fr,2023-07-23,0
pret_hypothecaire_cbc,Prêt hypothécaire (CBC vs ING),prêt hypothécaire CBC,CBC,fr,2023-07-30,0
pret_hypothecaire_cbc,Prêt hypothécaire (CBC vs ING),prêt hypothécaire CBC,CBC,fr,2023-08-06,0
pret_hypothecaire_cbc,Prêt hypothécaire (CBC vs ING),prêt hypothécaire CBC,CBC,fr,2023-08-13,0
pret_hypothecaire_cbc,Prêt hypothécaire (CBC vs ING),prêt hypothécaire CBC,CBC,fr,2023-08-20,0
pret_hypothecaire_cbc,Prêt hypothécaire (CBC vs ING),prêt hypothécaire CBC,CBC,fr,2023-08-27,0
pret_hypothecaire_cbc,Prêt hypothécaire (CBC vs ING),prêt hypothécaire CBC,CBC,fr,2023-09-03,0
pret_hypothecaire_cbc,Prêt hypothécaire (CBC vs ING),prêt hypothécaire CBC,CBC,fr,2023-09-10,0
pret_hypothecaire_cbc,Prêt hypothécaire (CBC vs ING),prêt hypothécaire CBC,CBC,fr,2023-09-17,0
pret_hypothecaire_cbc,Prêt hypothécaire (CBC vs ING),prêt hypothécaire CBC,CBC,fr,2023-09-24,0
pret_hypothecaire_cbc,Prêt hypothécaire (CBC vs ING),prêt hypothécaire CBC,CBC,fr,2023-10-01,0
pret_hypothecaire_cbc,Prêt hypothécaire (CBC vs ING),prêt hypothécaire CBC,CBC,fr,2023-10-08,0
pret_hypothecaire_cbc,Prêt hypothécaire (CBC vs ING),prêt hypothécaire CBC,CBC,fr,2023-10-15,0
pret_hypothecaire_cbc,Prêt hypothécaire (CBC vs ING),prêt hypothécaire CBC,CBC,fr,2023-10-22,0
pret_hypothecaire_cbc,Prêt hypothécaire (CBC vs ING),prêt hypothécaire CBC,CBC,fr,2023-10-29,0
pret_hypothecaire_cbc,Prêt hypothécaire (CBC vs ING),prêt hypothécaire CBC,CBC,fr,2023-11-05,0
pret_hypothecaire_cbc,Prêt hypothécaire (CBC vs ING),prêt hypothécaire CBC,CBC,fr,2023-11-12,0
pret_hypothecaire_cbc,Prêt hypothécaire (CBC vs ING),prêt hypothécaire CBC,CBC,fr,2023-11-19,0
pret_hypothecaire_cbc,Prêt hypothécaire (CBC vs ING),prêt hypothécaire CBC,CBC,fr,2023-11-26,0
pret_hypothecaire_cbc,Prêt hypothécaire (CBC vs ING),prêt hypothécaire CBC,CBC,fr,2023-12-03,0
pret_hypothecaire_cbc,Prêt hypothécaire (CBC vs ING),prêt hypothécaire CBC,CBC,fr,2023-12-10,0
pret_hypothecaire_cbc,Prêt hypothécaire (CBC vs ING),prêt hypothécaire CBC,CBC,fr,2023-12-17,0
pret_hypothecaire_cbc,Prêt hypothécaire (CBC vs ING),prêt hypothécaire CBC,CBC,fr,2023-12-24,0
pret_hypothecaire_cbc,Prêt hypothécaire (CBC vs ING),prêt hypothécaire CBC,CBC,fr,2023-12-31,0
pret_hypothecaire_cbc,Prêt hypothécaire (CBC vs ING),prêt hypothécaire CBC,CBC,fr,2024-01-07,0
pret_hypothecaire_cbc,Prêt hypothécaire (CBC vs ING),prêt hypothécaire CBC,CBC,fr,2024-01-14,0
pret_hypothecaire_cbc,Prêt hypothécaire (CBC vs ING),prêt hypothécaire CBC,CBC,fr,2024-01-21,0
pret_hypothecaire_cbc,Prêt hypothécaire (CBC vs ING),prêt hypothécaire CBC,CBC,fr,2024-01-28,0
pret_hypothecaire_cbc,Prêt hypothécaire (CBC vs ING),prêt hypothécaire CBC,CBC,fr,2024-02-04,0
pret_hypothecaire_cbc,Prêt hypothécaire (CBC vs ING),prêt hypothécaire CBC,CBC,fr,2024-02-11,0
pret_hypothecaire_cbc,Prêt hypothécaire (CBC vs ING),prêt hypothécaire CBC,CBC,fr,2024-02-18,0
pret_hypothecaire_cbc,Prêt hypothécaire (CBC vs ING),prêt hypothécaire CBC,CBC,fr,2024-02-25,0
pret_hypothecaire_cbc,Prêt hypothécaire (CBC vs ING),prêt hypothécaire CBC,CBC,fr,2024-03-03,0
pret_hypothecaire_cbc,Prêt hypothécaire (CBC vs ING),prêt hypothécaire CBC,CBC,fr,2024-03-10,0
pret_hypothecaire_cbc,Prêt hypothécaire (CBC vs ING),prêt hypothécaire CBC,CBC,fr,2024-03-17,0
pret_hypothecaire_cbc,Prêt hypothécaire (CBC vs ING),prêt hypothécaire CBC,CBC,fr,2024-03-24,0
pret_hypothecaire_cbc,Prêt hypothécaire (CBC vs ING),prêt hypothécaire CBC,CBC,fr,2024-03-31,0
pret_hypothecaire_cbc,Prêt hypothécaire (CBC vs ING),prêt hypothécaire CBC,CBC,fr,2024-04-07,0
pret_hypothecaire_cbc,Prêt hypothécaire (CBC vs ING),prêt hypothécaire CBC,CBC,fr,2024-04-14,100
pret_hypothecaire_cbc,Prêt hypothécaire (CBC vs ING),prêt hypothécaire CBC,CBC,fr,2024-04-21,0
pret_hypothecaire_cbc,Prêt hypothécaire (CBC vs ING),prêt hypothécaire CBC,CBC,fr,2024-04-28,0
pret_hypothecaire_cbc,Prêt hypothécaire (CBC vs ING),prêt hypothécaire CBC,CBC,fr,2024-05-05,0
pret_hypothecaire_cbc,Prêt hypothécaire (CBC vs ING),prêt hypothécaire CBC,CBC,fr,2024-05-12,0
pret_hypothecaire_cbc,Prêt hypothécaire (CBC vs ING),prêt hypothécaire CBC,CBC,fr,2024-05-19,0
pret_hypothecaire_cbc,Prêt hypothécaire (CBC vs ING),prêt hypothécaire CBC,CBC,fr,2024-05-26,0
pret_hypothecaire_cbc,Prêt hypothécaire (CBC vs ING),prêt hypothécaire CBC,CBC,fr,2024-06-02,0
pret_hypothecaire_cbc,Prêt hypothécaire (CBC vs ING),prêt hypothécaire CBC,CBC,fr,2024-06-09,0
pret_hypothecaire_cbc,Prêt hypothécaire (CBC vs ING),prêt hypothécaire CBC,CBC,fr,2024-06-16,0
pret_hypothecaire_cbc,Prêt hypothécaire (CBC vs ING),prêt hypothécaire CBC,CBC,fr,2024-06-23,0
pret_hypothecaire_cbc,Prêt hypothécaire (CBC vs ING),prêt hypothécaire CBC,CBC,fr,2024-06-30,0
pret_hypothecaire_cbc,Prêt hypothécaire (CBC vs ING),prêt hypothécaire CBC,CBC,fr,2024-07-07,0
pret_hypothecaire_cbc,Prêt hypothécaire (CBC vs ING),prêt hypothécaire CBC,CBC,fr,2024-07-14,0
pret_hypothecaire_cbc,Prêt hypothécaire (CBC vs ING),prêt hypothécaire CBC,CBC,fr,2024-07-21,0
pret_hypothecaire_cbc,Prêt hypothécaire (CBC vs ING),prêt hypothécaire CBC,CBC,fr,2024-07-28,0
pret_hypothecaire_cbc,Prêt hypothécaire (CBC vs ING),prêt hypothécaire CBC,CBC,fr,2024-08-04,0
pret_hypothecaire_cbc,Prêt hypothécaire (CBC vs ING),prêt hypothécaire CBC,CBC,fr,2024-08-11,0
pret_hypothecaire_cbc,Prêt hypothécaire (CBC vs ING),prêt hypothécaire CBC,CBC,fr,2024-08-18,0
pret_hypothecaire_cbc,Prêt hypothécaire (CBC vs ING),prêt hypothécaire CBC,CBC,fr,2024-08-25,59
pret_hypothecaire_cbc,Prêt hypothécaire (CBC vs ING),prêt hypothécaire CBC,CBC,fr,2024-09-01,0
pret_hypothecaire_cbc,Prêt hypothécaire (CBC vs ING),prêt hypothécaire CBC,CBC,fr,2024-09-08,0
pret_hypothecaire_cbc,Prêt hypothécaire (CBC vs ING),prêt hypothécaire CBC,CBC,fr,2024-09-15,0
pret_hypothecaire_cbc,Prêt hypothécaire (CBC vs ING),prêt hypothécaire CBC,CBC,fr,2024-09-22,0
pret_hypothecaire_cbc,Prêt hypothécaire (CBC vs ING),prêt hypothécaire CBC,CBC,fr,2024-09-29,0
pret_hypothecaire_cbc,Prêt hypothécaire (CBC vs ING),prêt hypothécaire CBC,CBC,fr,2024-10-06,0
pret_hypothecaire_cbc,Prêt hypothécaire (CBC vs ING),prêt hypothécaire CBC,CBC,fr,2024-10-13,0
pret_hypothecaire_cbc,Prêt hypothécaire (CBC vs ING),prêt hypothécaire CBC,CBC,fr,2024-10-20,0
pret_hypothecaire_cbc,Prêt hypothécaire (CBC vs ING),prêt hypothécaire CBC,CBC,fr,2024-10-27,0
pret_hypothecaire_cbc,Prêt hypothécaire (CBC vs ING),prêt hypothécaire CBC,CBC,fr,2024-11-03,0
pret_hypothecaire_cbc,Prêt hypothécaire (CBC vs ING),prêt hypothécaire CBC,CBC,fr,2024-11-10,0
pret_hypothecaire_cbc,Prêt hypothécaire (CBC vs ING),prêt hypothécaire CBC,CBC,fr,2024-11-17,0
pret_hypothecaire_cbc,Prêt hypothécaire (CBC vs ING),prêt hypothécaire CBC,CBC,fr,2024-11-24,0
pret_hypothecaire_cbc,Prêt hypothécaire (CBC vs ING),prêt hypothécaire CBC,CBC,fr,2024-12-01,0
pret_hypothecaire_cbc,Prêt hypothécaire (CBC vs ING),prêt hypothécaire CBC,CBC,fr,2024-12-08,0
pret_hypothecaire_cbc,Prêt hypothécaire (CBC vs ING),prêt hypothécaire CBC,CBC,fr,2024-12-15,0
pret_hypothecaire_cbc,Prêt hypothécaire (CBC vs ING),prêt hypothécaire CBC,CBC,fr,2024-12-22,0
pret_hypothecaire_cbc,Prêt hypothécaire (CBC vs ING),prêt hypothécaire CBC,CBC,fr,2024-12-29,0
pret_hypothecaire_cbc,Prêt hypothécaire (CBC vs ING),prêt hypothécaire CBC,CBC,fr,2025-01-05,0
pret_hypothecaire_cbc,Prêt hypothécaire (CBC vs ING),prêt hypothécaire CBC,CBC,fr,2025-01-12,0
pret_hypothecaire_cbc,Prêt hypothécaire (CBC vs ING),prêt hypothécaire CBC,CBC,fr,2025-01-19,0
pret_hypothecaire_cbc,Prêt hypothécaire (CBC vs ING),prêt hypothécaire CBC,CBC,fr,2025-01-26,0
pret_hypothecaire_cbc,Prêt hypothécaire (CBC vs ING),prêt hypothécaire CBC,CBC,fr,2025-02-02,0
pret_hypothecaire_cbc,Prêt hypothécaire (CBC vs ING),prêt hypothécaire CBC,CBC,fr,2025-02-09,0
pret_hypothecaire_cbc,Prêt hypothécaire (CBC vs ING),prêt hypothécaire CBC,CBC,fr,2025-02-16,0
pret_hypothecaire_cbc,Prêt hypothécaire (CBC vs ING),prêt hypothécaire CBC,CBC,fr,2025-02-23,0
pret_hypothecaire_cbc,Prêt hypothécaire (CBC vs ING),prêt hypothécaire CBC,CBC,fr,2025-03-02,0
pret_hypothecaire_cbc,Prêt hypothécaire (CBC vs ING),prêt hypothécaire CBC,CBC,fr,2025-03-09,0
pret_hypothecaire_cbc,Prêt hypothécaire (CBC vs ING),prêt hypothécaire CBC,CBC,fr,2025-03-16,0
pret_hypothecaire_cbc,Prêt hypothécaire (CBC vs ING),prêt hypothécaire CBC,CBC,fr,2025-03-23,0
pret_hypothecaire_cbc,Prêt hypothécaire (CBC vs ING),prêt hypothécaire CBC,CBC,fr,2025-03-30,0
pret_hypothecaire_cbc,Prêt hypothécaire (CBC vs ING),prêt hypothécaire CBC,CBC,fr,2025-04-06,0
pret_hypothecaire_cbc,Prêt hypothécaire (CBC vs ING),prêt hypothécaire CBC,CBC,fr,2025-04-13,0
pret_hypothecaire_cbc,Prêt hypothécaire (CBC vs ING),prêt hypothécaire CBC,CBC,fr,2025-04-20,0
pret_hypothecaire_cbc,Prêt hypothécaire (CBC vs ING),prêt hypothécaire CBC,CBC,fr,2025-04-27,0
pret_hypothecaire_cbc,Prêt hypothécaire (CBC vs ING),prêt hypothécaire CBC,CBC,fr,2025-05-04,0
pret_hypothecaire_cbc,Prêt hypothécaire (CBC vs ING),prêt hypothécaire CBC,CBC,fr,2025-05-11,0
pret_hypothecaire_cbc,Prêt hypothécaire (CBC vs ING),prêt hypothécaire CBC,CBC,fr,2025-05-18,0
pret_hypothecaire_cbc,Prêt hypothécaire (CBC vs ING),prêt hypothécaire CBC,CBC,fr,2025-05-25,0
pret_hypothecaire_cbc,Prêt hypothécaire (CBC vs ING),prêt hypothécaire CBC,CBC,fr,2025-06-01,0
pret_hypothecaire_cbc,Prêt hypothécaire (CBC vs ING),prêt hypothécaire CBC,CBC,fr,2025-06-08,0
pret_hypothecaire_cbc,Prêt hypothécaire (CBC vs ING),prêt hypothécaire CBC,CBC,fr,2025-06-15,0
pret_hypothecaire_cbc,Prêt hypothécaire (CBC vs ING),prêt hypothécaire CBC,CBC,fr,2025-06-22,0
pret_hypothecaire_cbc,Prêt hypothécaire (CBC vs ING),prêt hypothécaire CBC,CBC,fr,2025-06-29,0
pret_hypothecaire_cbc,Prêt hypothécaire (CBC vs ING),prêt hypothécaire CBC,CBC,fr,2025-07-06,0
pret_hypothecaire_cbc,Prêt hypothécaire (CBC vs ING),prêt hypothécaire CBC,CBC,fr,2025-07-13,0
pret_hypothecaire_cbc,Prêt hypothécaire (CBC vs ING),prêt hypothécaire CBC,CBC,fr,2025-07-20,0
pret_hypothecaire_cbc,Prêt hypothécaire (CBC vs ING),prêt hypothécaire CBC,CBC,fr,2025-07-27,0
pret_hypothecaire_cbc,Prêt hypothécaire (CBC vs ING),prêt hypothécaire CBC,CBC,fr,2025-08-03,0
pret_hypothecaire_cbc,Prêt hypothécaire (CBC vs ING),prêt hypothécaire CBC,CBC,fr,2025-08-10,0
pret_hypothecaire_cbc,Prêt hypothécaire (CBC vs ING),prêt hypothécaire CBC,CBC,fr,2025-08-17,0
pret_hypothecaire_cbc,Prêt hypothécaire (CBC vs ING),prêt hypothécaire CBC,CBC,fr,2025-08-24,0
pret_hypothecaire_cbc,Prêt hypothécaire (CBC vs ING),prêt hypothécaire CBC,CBC,fr,2025-08-31,0
pret_hypothecaire_cbc,Prêt hypothécaire (CBC vs ING),prêt hypothécaire CBC,CBC,fr,2025-09-07,0
pret_hypothecaire_cbc,Prêt hypothécaire (CBC vs ING),prêt hypothécaire CBC,CBC,fr,2025-09-14,0
pret_hypothecaire_cbc,Prêt hypothécaire (CBC vs ING),prêt hypothécaire CBC,CBC,fr,2025-09-21,0
pret_hypothecaire_cbc,Prêt hypothécaire (CBC vs ING),prêt hypothécaire CBC,CBC,fr,2025-09-28,0
pret_hypothecaire_cbc,Prêt hypothécaire (CBC vs ING),prêt hypothécaire CBC,CBC,fr,2025-10-05,0
pret_hypothecaire_cbc,Prêt hypothécaire (CBC vs ING),prêt hypothécaire CBC,CBC,fr,2025-10-12,0
pret_hypothecaire_cbc,Prêt hypothécaire (CBC vs ING),prêt hypothécaire CBC,CBC,fr,2025-10-19,0
pret_hypothecaire_cbc,Prêt hypothécaire (CBC vs ING),prêt hypothécaire CBC,CBC,fr,2025-10-26,0
pret_hypothecaire_cbc,Prêt hypothécaire (CBC vs ING),prêt hypothécaire CBC,CBC,fr,2025-11-02,0
pret_hypothecaire_cbc,Prêt hypothécaire (CBC vs ING),prêt hypothécaire CBC,CBC,fr,2025-11-09,0
pret_hypothecaire_cbc,Prêt hypothécaire (CBC vs ING),prêt hypothécaire CBC,CBC,fr,2025-11-16,0
pret_hypothecaire_cbc,Prêt hypothécaire (CBC vs ING),prêt hypothécaire CBC,CBC,fr,2025-11-23,0
pret_hypothecaire_cbc,Prêt hypothécaire (CBC vs ING),prêt hypothécaire CBC,CBC,fr,2025-11-30,0
pret_hypothecaire_cbc,Prêt hypothécaire (CBC vs ING),prêt hypothécaire CBC,CBC,fr,2025-12-07,0
pret_hypothecaire_cbc,Prêt hypothécaire (CBC vs ING),prêt hypothécaire CBC,CBC,fr,2025-12-14,0
pret_hypothecaire_cbc,Prêt hypothécaire (CBC vs ING),prêt hypothécaire CBC,CBC,fr,2025-12-21,0
pret_hypothecaire_cbc,Prêt hypothécaire (CBC vs ING),prêt hypothécaire CBC,CBC,fr,2025-12-28,0
pret_hypothecaire_cbc,Prêt hypothécaire (CBC vs ING),prêt hypothécaire CBC,CBC,fr,2026-01-04,0
pret_hypothecaire_cbc,Prêt hypothécaire (CBC vs ING),prêt hypothécaire CBC,CBC,fr,2026-01-11,0
pret_hypothecaire_cbc,Prêt hypothécaire (CBC vs ING),prêt hypothécaire CBC,CBC,fr,2026-01-18,0
pret_hypothecaire_cbc,Prêt hypothécaire (CBC vs ING),prêt hypothécaire CBC,CBC,fr,2026-01-25,0
pret_hypothecaire_cbc,Prêt hypothécaire (CBC vs ING),prêt hypothécaire CBC,CBC,fr,2026-02-01,0
pret_hypothecaire_cbc,Prêt hypothécaire (CBC vs ING),prêt hypothécaire CBC,CBC,fr,2026-02-08,0
pret_hypothecaire_cbc,Prêt hypothécaire (CBC vs ING),prêt hypothécaire CBC,CBC,fr,2026-02-15,0
pret_hypothecaire_cbc,Prêt hypothécaire (CBC vs ING),prêt hypothécaire CBC,CBC,fr,2026-02-22,0
pret_hypothecaire_cbc,Prêt hypothécaire (CBC vs ING),prêt hypothécaire CBC,CBC,fr,2026-03-01,0
pret_hypothecaire_cbc,Prêt hypothécaire (CBC vs ING),prêt hypothécaire CBC,CBC,fr,2026-03-08,0
pret_hypothecaire_cbc,Prêt hypothécaire (CBC vs ING),prêt hypothécaire CBC,CBC,fr,2026-03-15,0
pret_hypothecaire_cbc,Prêt hypothécaire (CBC vs ING),prêt hypothécaire CBC,CBC,fr,2026-03-22,0
pret_hypothecaire_cbc,Prêt hypothécaire (CBC vs ING),prêt hypothécaire CBC,CBC,fr,2026-03-29,0
pret_hypothecaire_cbc,Prêt hypothécaire (CBC vs ING),prêt hypothécaire CBC,CBC,fr,2026-04-05,0
pret_hypothecaire_cbc,Prêt hypothécaire (CBC vs ING),prêt hypothécaire CBC,CBC,fr,2026-04-12,0
pret_hypothecaire_cbc,Prêt hypothécaire (CBC vs ING),prêt hypothécaire CBC,CBC,fr,2026-04-19,0
pret_hypothecaire_cbc,Prêt hypothécaire (CBC vs ING),prêt hypothécaire CBC,CBC,fr,2026-04-26,0
pret_hypothecaire_cbc,Prêt hypothécaire (CBC vs ING),prêt hypothécaire CBC,CBC,fr,2026-05-03,0
pret_hypothecaire_cbc,Prêt hypothécaire (CBC vs ING),prêt hypothécaire CBC,CBC,fr,2026-05-10,0
pret_hypothecaire_cbc,Prêt hypothécaire (CBC vs ING),prêt hypothécaire CBC,CBC,fr,2026-05-17,0
pret_hypothecaire_cbc,Prêt hypothécaire (CBC vs ING),prêt hypothécaire CBC,CBC,fr,2026-05-24,0
pret_hypothecaire_cbc,Prêt hypothécaire (CBC vs ING),prêt hypothécaire CBC,CBC,fr,2026-05-31,0
pret_hypothecaire_cbc,Prêt hypothécaire (CBC vs ING),prêt hypothécaire CBC,CBC,fr,2026-06-07,0
pret_hypothecaire_cbc,Prêt hypothécaire (CBC vs ING),prêt hypothécaire CBC,CBC,fr,2026-06-14,0
pret_hypothecaire_cbc,Prêt hypothécaire (CBC vs ING),prêt hypothécaire CBC,CBC,fr,2026-06-21,0
pret_hypothecaire_cbc,Prêt hypothécaire (CBC vs ING),prêt hypothécaire CBC,CBC,fr,2026-06-28,0
pret_hypothecaire_cbc,Prêt hypothécaire (CBC vs ING),prêt hypothécaire CBC,CBC,fr,2026-07-05,0
pret_hypothecaire_cbc,Prêt hypothécaire (CBC vs ING),prêt hypothécaire CBC,CBC,fr,2026-07-12,0
pret_hypothecaire_cbc,Prêt hypothécaire (CBC vs ING),prêt hypothécaire CBC,CBC,fr,2026-07-19,0
pret_hypothecaire_cbc,Prêt hypothécaire (CBC vs ING),prêt hypothécaire CBC,CBC,fr,2026-07-26,0
pret_hypothecaire_cbc,Prêt hypothécaire (CBC vs ING),prêt hypothécaire CBC,CBC,fr,2026-08-02,0
pret_hypothecaire_cbc,Prêt hypothécaire (CBC vs ING),prêt hypothécaire CBC,CBC,fr,2026-08-09,0
pret_hypothecaire_cbc,Prêt hypothécaire (CBC vs ING),prêt hypothécaire CBC,CBC,fr,2026-08-16,0
pret_hypothecaire_cbc,Prêt hypothécaire (CBC vs ING),prêt hypothécaire CBC,CBC,fr,2026-08-23,0
pret_hypothecaire_cbc,Prêt hypothécaire (CBC vs ING),prêt hypothécaire CBC,CBC,fr,2026-08-30,0
pret_hypothecaire_cbc,Prêt hypothécaire (CBC vs ING),prêt hypothécaire CBC,CBC,fr,2026-09-06,0
pret_hypothecaire_cbc,Prêt hypothécaire (CBC vs ING),prêt hypothécaire CBC,CBC,fr,2026-09-13,0
