product_id,product_label,term,bank,language,date,value
app_mobile,Application mobile bancaire,ING Banking,ING,en,2021-09-12,13
app_mobile,Application mobile bancaire,ING Banking,ING,en,2021-09-19,15
app_mobile,Application mobile bancaire,ING Banking,ING,en,2021-09-26,15
app_mobile,Application mobile bancaire,ING Banking,ING,en,2021-10-03,17
app_mobile,Application mobile bancaire,ING Banking,ING,en,2021-10-10,16
app_mobile,Application mobile bancaire,ING Banking,ING,en,2021-10-17,15
app_mobile,Application mobile bancaire,ING Banking,ING,en,2021-10-24,16
app_mobile,Application mobile bancaire,ING Banking,ING,en,2021-10-31,15
app_mobile,Application mobile bancaire,ING Banking,ING,en,2021-11-07,19
app_mobile,Application mobile bancaire,ING Banking,ING,en,2021-11-14,14
app_mobile,Application mobile bancaire,ING Banking,ING,en,2021-11-21,15
app_mobile,Application mobile bancaire,ING Banking,ING,en,2021-11-28,15
app_mobile,Application mobile bancaire,ING Banking,ING,en,2021-12-05,14
app_mobile,Application mobile bancaire,ING Banking,ING,en,2021-12-12,16
app_mobile,Application mobile bancaire,ING Banking,ING,en,2021-12-19,16
app_mobile,Application mobile bancaire,ING Banking,ING,en,2021-12-26,15
app_mobile,Application mobile bancaire,ING Banking,ING,en,2022-01-02,15
app_mobile,Application mobile bancaire,ING Banking,ING,en,2022-01-09,14
app_mobile,Application mobile bancaire,ING Banking,ING,en,2022-01-16,15
app_mobile,Application mobile bancaire,ING Banking,ING,en,2022-01-23,14
app_mobile,Application mobile bancaire,ING Banking,ING,en,2022-01-30,17
app_mobile,Application mobile bancaire,ING Banking,ING,en,2022-02-06,14
app_mobile,Application mobile bancaire,ING Banking,ING,en,2022-02-13,14
app_mobile,Application mobile bancaire,ING Banking,ING,en,2022-02-20,12
app_mobile,Application mobile bancaire,ING Banking,ING,en,2022-02-27,14
app_mobile,Application mobile bancaire,ING Banking,ING,en,2022-03-06,14
app_mobile,Application mobile bancaire,ING Banking,ING,en,2022-03-13,13
app_mobile,Application mobile bancaire,ING Banking,ING,en,2022-03-20,14
app_mobile,Application mobile bancaire,ING Banking,ING,en,2022-03-27,12
app_mobile,Application mobile bancaire,ING Banking,ING,en,2022-04-03,12
app_mobile,Application mobile bancaire,ING Banking,ING,en,2022-04-10,10
app_mobile,Application mobile bancaire,ING Banking,ING,en,2022-04-17,10
app_mobile,Application mobile bancaire,ING Banking,ING,en,2022-04-24,11
app_mobile,Application mobile bancaire,ING Banking,ING,en,2022-05-01,13
app_mobile,Application mobile bancaire,ING Banking,ING,en,2022-05-08,12
app_mobile,Application mobile bancaire,ING Banking,ING,en,2022-05-15,12
app_mobile,Application mobile bancaire,ING Banking,ING,en,2022-05-22,12
app_mobile,Application mobile bancaire,ING Banking,ING,en,2022-05-29,11
app_mobile,Application mobile bancaire,ING Banking,ING,en,2022-06-05,12
app_mobile,Application mobile bancaire,ING Banking,ING,en,2022-06-12,10
app_mobile,Application mobile bancaire,ING Banking,ING,en,2022-06-19,9
app_mobile,Application mobile bancaire,ING Banking,ING,en,2022-06-26,12
app_mobile,Application mobile bancaire,ING Banking,ING,en,2022-07-03,13
app_mobile,Application mobile bancaire,ING Banking,ING,en,2022-07-10,11
app_mobile,Application mobile bancaire,ING Banking,ING,en,2022-07-17,12
app_mobile,Application mobile bancaire,ING Banking,ING,en,2022-07-24,12
app_mobile,Application mobile bancaire,ING Banking,ING,en,2022-07-31,12
app_mobile,Application mobile bancaire,ING Banking,ING,en,2022-08-07,11
app_mobile,Application mobile bancaire,ING Banking,ING,en,2022-08-14,11
app_mobile,Application mobile bancaire,ING Banking,ING,en,2022-08-21,10
app_mobile,Application mobile bancaire,ING Banking,ING,en,2022-08-28,11
app_mobile,Application mobile bancaire,ING Banking,ING,en,2022-09-04,11
app_mobile,Application mobile bancaire,ING Banking,ING,en,2022-09-11,10
app_mobile,Application mobile bancaire,ING Banking,ING,en,2022-09-18,11
app_mobile,Application mobile bancaire,ING Banking,ING,en,2022-09-25,12
app_mobile,Application mobile bancaire,ING Banking,ING,en,2022-10-02,11
app_mobile,Application mobile bancaire,ING Banking,ING,en,2022-10-09,11
app_mobile,Application mobile bancaire,ING Banking,ING,en,2022-10-16,9
app_mobile,Application mobile bancaire,ING Banking,ING,en,2022-10-23,9
app_mobile,Application mobile bancaire,ING Banking,ING,en,2022-10-30,11
app_mobile,Application mobile bancaire,ING Banking,ING,en,2022-11-06,10
app_mobile,Application mobile bancaire,ING Banking,ING,en,2022-11-13,11
app_mobile,Application mobile bancaire,ING Banking,ING,en,2022-11-20,10
app_mobile,Application mobile bancaire,ING Banking,ING,en,2022-11-27,10
app_mobile,Application mobile bancaire,ING Banking,ING,en,2022-12-04,11
app_mobile,Application mobile bancaire,ING Banking,ING,en,2022-12-11,11
app_mobile,Application mobile bancaire,ING Banking,ING,en,2022-12-18,11
app_mobile,Application mobile bancaire,ING Banking,ING,en,2022-12-25,10
app_mobile,Application mobile bancaire,ING Banking,ING,en,2023-01-01,10
app_mobile,Application mobile bancaire,ING Banking,ING,en,2023-01-08,10
app_mobile,Application mobile bancaire,ING Banking,ING,en,2023-01-15,9
app_mobile,Application mobile bancaire,ING Banking,ING,en,2023-01-22,9
app_mobile,Application mobile bancaire,ING Banking,ING,en,2023-01-29,10
app_mobile,Application mobile bancaire,ING Banking,ING,en,2023-02-05,11
app_mobile,Application mobile bancaire,ING Banking,ING,en,2023-02-12,9
app_mobile,Application mobile bancaire,ING Banking,ING,en,2023-02-19,10
app_mobile,Application mobile bancaire,ING Banking,ING,en,2023-02-26,10
app_mobile,Application mobile bancaire,ING Banking,ING,en,2023-03-05,9
app_mobile,Application mobile bancaire,ING Banking,ING,en,2023-03-12,10
app_mobile,Application mobile bancaire,ING Banking,ING,en,2023-03-19,13
app_mobile,Application mobile bancaire,ING Banking,ING,en,2023-03-26,11
app_mobile,Application mobile bancaire,ING Banking,ING,en,2023-04-02,11
app_mobile,Application mobile bancaire,ING Banking,ING,en,2023-04-09,9
app_mobile,Application mobile bancaire,ING Banking,ING,en,2023-04-16,10
app_mobile,Application mobile bancaire,ING Banking,ING,en,2023-04-23,11
app_mobile,Application mobile bancaire,ING Banking,ING,en,2023-04-30,9
app_mobile,Application mobile bancaire,ING Banking,ING,en,2023-05-07,9
app_mobile,Application mobile bancaire,ING Banking,ING,en,2023-05-14,8
app_mobile,Application mobile bancaire,ING Banking,ING,en,2023-05-21,11
app_mobile,Application mobile bancaire,ING Banking,ING,en,2023-05-28,9
app_mobile,Application mobile bancaire,ING Banking,ING,en,2023-06-04,9
app_mobile,Application mobile bancaire,ING Banking,ING,en,2023-06-11,8
app_mobile,Application mobile bancaire,ING Banking,ING,en,2023-06-18,9
app_mobile,Application mobile bancaire,ING Banking,ING,en,2023-06-25,10
app_mobile,Application mobile bancaire,ING Banking,ING,en,2023-07-02,13
app_mobile,Application mobile bancaire,ING Banking,ING,en,2023-07-09,10
app_mobile,Application mobile bancaire,ING Banking,ING,en,2023-07-16,9
app_mobile,Application mobile bancaire,ING Banking,ING,en,2023-07-23,9
app_mobile,Application mobile bancaire,ING Banking,ING,en,2023-07-30,13
app_mobile,Application mobile bancaire,ING Banking,ING,en,2023-08-06,11
app_mobile,Application mobile bancaire,ING Banking,ING,en,2023-08-13,11
app_mobile,Application mobile bancaire,ING Banking,ING,en,2023-08-20,11
app_mobile,Application mobile bancaire,ING Banking,ING,en,2023-08-27,12
app_mobile,Application mobile bancaire,ING Banking,ING,en,2023-09-03,11
app_mobile,Application mobile bancaire,ING Banking,ING,en,2023-09-10,10
app_mobile,Application mobile bancaire,ING Banking,ING,en,2023-09-17,11
app_mobile,Application mobile bancaire,ING Banking,ING,en,2023-09-24,10
app_mobile,Application mobile bancaire,ING Banking,ING,en,2023-10-01,12
app_mobile,Application mobile bancaire,ING Banking,ING,en,2023-10-08,9
app_mobile,Application mobile bancaire,ING Banking,ING,en,2023-10-15,10
app_mobile,Application mobile bancaire,ING Banking,ING,en,2023-10-22,11
app_mobile,Application mobile bancaire,ING Banking,ING,en,2023-10-29,10
app_mobile,Application mobile bancaire,ING Banking,ING,en,2023-11-05,12
app_mobile,Application mobile bancaire,ING Banking,ING,en,2023-11-12,11
app_mobile,Application mobile bancaire,ING Banking,ING,en,2023-11-19,10
app_mobile,Application mobile bancaire,ING Banking,ING,en,2023-11-26,10
app_mobile,Application mobile bancaire,ING Banking,ING,en,2023-12-03,10
app_mobile,Application mobile bancaire,ING Banking,ING,en,2023-12-10,10
app_mobile,Application mobile bancaire,ING Banking,ING,en,2023-12-17,12
app_mobile,Application mobile bancaire,ING Banking,ING,en,2023-12-24,11
app_mobile,Application mobile bancaire,ING Banking,ING,en,2023-12-31,12
app_mobile,Application mobile bancaire,ING Banking,ING,en,2024-01-07,9
app_mobile,Application mobile bancaire,ING Banking,ING,en,2024-01-14,10
app_mobile,Application mobile bancaire,ING Banking,ING,en,2024-01-21,11
app_mobile,Application mobile bancaire,ING Banking,ING,en,2024-01-28,9
app_mobile,Application mobile bancaire,ING Banking,ING,en,2024-02-04,10
app_mobile,Application mobile bancaire,ING Banking,ING,en,2024-02-11,9
app_mobile,Application mobile bancaire,ING Banking,ING,en,2024-02-18,10
app_mobile,Application mobile bancaire,ING Banking,ING,en,2024-02-25,10
app_mobile,Application mobile bancaire,ING Banking,ING,en,2024-03-03,7
app_mobile,Application mobile bancaire,ING Banking,ING,en,2024-03-10,10
app_mobile,Application mobile bancaire,ING Banking,ING,en,2024-03-17,9
app_mobile,Application mobile bancaire,ING Banking,ING,en,2024-03-24,26
app_mobile,Application mobile bancaire,ING Banking,ING,en,2024-03-31,10
app_mobile,Application mobile bancaire,ING Banking,ING,en,2024-04-07,9
app_mobile,Application mobile bancaire,ING Banking,ING,en,2024-04-14,8
app_mobile,Application mobile bancaire,ING Banking,ING,en,2024-04-21,7
app_mobile,Application mobile bancaire,ING Banking,ING,en,2024-04-28,9
app_mobile,Application mobile bancaire,ING Banking,ING,en,2024-05-05,6
app_mobile,Application mobile bancaire,ING Banking,ING,en,2024-05-12,8
app_mobile,Application mobile bancaire,ING Banking,ING,en,2024-05-19,9
app_mobile,Application mobile bancaire,ING Banking,ING,en,2024-05-26,8
app_mobile,Application mobile bancaire,ING Banking,ING,en,2024-06-02,9
app_mobile,Application mobile bancaire,ING Banking,ING,en,2024-06-09,8
app_mobile,Application mobile bancaire,ING Banking,ING,en,2024-06-16,7
app_mobile,Application mobile bancaire,ING Banking,ING,en,2024-06-23,8
app_mobile,Application mobile bancaire,ING Banking,ING,en,2024-06-30,10
app_mobile,Application mobile bancaire,ING Banking,ING,en,2024-07-07,8
app_mobile,Application mobile bancaire,ING Banking,ING,en,2024-07-14,8
app_mobile,Application mobile bancaire,ING Banking,ING,en,2024-07-21,7
app_mobile,Application mobile bancaire,ING Banking,ING,en,2024-07-28,9
app_mobile,Application mobile bancaire,ING Banking,ING,en,2024-08-04,8
app_mobile,Application mobile bancaire,ING Banking,ING,en,2024-08-11,7
app_mobile,Application mobile bancaire,ING Banking,ING,en,2024-08-18,9
app_mobile,Application mobile bancaire,ING Banking,ING,en,2024-08-25,8
app_mobile,Application mobile bancaire,ING Banking,ING,en,2024-09-01,8
app_mobile,Application mobile bancaire,ING Banking,ING,en,2024-09-08,9
app_mobile,Application mobile bancaire,ING Banking,ING,en,2024-09-15,9
app_mobile,Application mobile bancaire,ING Banking,ING,en,2024-09-22,8
app_mobile,Application mobile bancaire,ING Banking,ING,en,2024-09-29,9
app_mobile,Application mobile bancaire,ING Banking,ING,en,2024-10-06,9
app_mobile,Application mobile bancaire,ING Banking,ING,en,2024-10-13,7
app_mobile,Application mobile bancaire,ING Banking,ING,en,2024-10-20,8
app_mobile,Application mobile bancaire,ING Banking,ING,en,2024-10-27,9
app_mobile,Application mobile bancaire,ING Banking,ING,en,2024-11-03,9
app_mobile,Application mobile bancaire,ING Banking,ING,en,2024-11-10,8
app_mobile,Application mobile bancaire,ING Banking,ING,en,2024-11-17,9
app_mobile,Application mobile bancaire,ING Banking,ING,en,2024-11-24,9
app_mobile,Application mobile bancaire,ING Banking,ING,en,2024-12-01,8
app_mobile,Application mobile bancaire,ING Banking,ING,en,2024-12-08,9
app_mobile,Application mobile bancaire,ING Banking,ING,en,2024-12-15,8
app_mobile,Application mobile bancaire,ING Banking,ING,en,2024-12-22,8
app_mobile,Application mobile bancaire,ING Banking,ING,en,2024-12-29,9
app_mobile,Application mobile bancaire,ING Banking,ING,en,2025-01-05,10
app_mobile,Application mobile bancaire,ING Banking,ING,en,2025-01-12,10
app_mobile,Application mobile bancaire,ING Banking,ING,en,2025-01-19,10
app_mobile,Application mobile bancaire,ING Banking,ING,en,2025-01-26,13
app_mobile,Application mobile bancaire,ING Banking,ING,en,2025-02-02,11
app_mobile,Application mobile bancaire,ING Banking,ING,en,2025-02-09,9
app_mobile,Application mobile bancaire,ING Banking,ING,en,2025-02-16,9
app_mobile,Application mobile bancaire,ING Banking,ING,en,2025-02-23,10
app_mobile,Application mobile bancaire,ING Banking,ING,en,2025-03-02,9
app_mobile,Application mobile bancaire,ING Banking,ING,en,2025-03-09,8
app_mobile,Application mobile bancaire,ING Banking,ING,en,2025-03-16,11
app_mobile,Application mobile bancaire,ING Banking,ING,en,2025-03-23,9
app_mobile,Application mobile bancaire,ING Banking,ING,en,2025-03-30,10
app_mobile,Application mobile bancaire,ING Banking,ING,en,2025-04-06,11
app_mobile,Application mobile bancaire,ING Banking,ING,en,2025-04-13,9
app_mobile,Application mobile bancaire,ING Banking,ING,en,2025-04-20,8
app_mobile,Application mobile bancaire,ING Banking,ING,en,2025-04-27,8
app_mobile,Application mobile bancaire,ING Banking,ING,en,2025-05-04,9
app_mobile,Application mobile bancaire,ING Banking,ING,en,2025-05-11,8
app_mobile,Application mobile bancaire,ING Banking,ING,en,2025-05-18,9
app_mobile,Application mobile bancaire,ING Banking,ING,en,2025-05-25,8
app_mobile,Application mobile bancaire,ING Banking,ING,en,2025-06-01,9
app_mobile,Application mobile bancaire,ING Banking,ING,en,2025-06-08,6
app_mobile,Application mobile bancaire,ING Banking,ING,en,2025-06-15,9
app_mobile,Application mobile bancaire,ING Banking,ING,en,2025-06-22,11
app_mobile,Application mobile bancaire,ING Banking,ING,en,2025-06-29,10
app_mobile,Application mobile bancaire,ING Banking,ING,en,2025-07-06,9
app_mobile,Application mobile bancaire,ING Banking,ING,en,2025-07-13,9
app_mobile,Application mobile bancaire,ING Banking,ING,en,2025-07-20,9
app_mobile,Application mobile bancaire,ING Banking,ING,en,2025-07-27,11
app_mobile,Application mobile bancaire,ING Banking,ING,en,2025-08-03,8
app_mobile,Application mobile bancaire,ING Banking,ING,en,2025-08-10,8
app_mobile,Application mobile bancaire,ING Banking,ING,en,2025-08-17,8
app_mobile,Application mobile bancaire,ING Banking,ING,en,2025-08-24,9
app_mobile,Application mobile bancaire,ING Banking,ING,en,2025-08-31,9
app_mobile,Application mobile bancaire,ING Banking,ING,en,2025-09-07,8
app_mobile,Application mobile bancaire,ING Banking,ING,en,2025-09-14,7
app_mobile,Application mobile bancaire,ING Banking,ING,en,2025-09-21,10
app_mobile,Application mobile bancaire,ING Banking,ING,en,2025-09-28,9
app_mobile,Application mobile bancaire,ING Banking,ING,en,2025-10-05,10
app_mobile,Application mobile bancaire,ING Banking,ING,en,2025-10-12,10
app_mobile,Application mobile bancaire,ING Banking,ING,en,2025-10-19,8
app_mobile,Application mobile bancaire,ING Banking,ING,en,2025-10-26,9
app_mobile,Application mobile bancaire,ING Banking,ING,en,2025-11-02,11
app_mobile,Application mobile bancaire,ING Banking,ING,en,2025-11-09,7
app_mobile,Application mobile bancaire,ING Banking,ING,en,2025-11-16,9
app_mobile,Application mobile bancaire,ING Banking,ING,en,2025-11-23,9
app_mobile,Application mobile bancaire,ING Banking,ING,en,2025-11-30,10
app_mobile,Application mobile bancaire,ING Banking,ING,en,2025-12-07,8
app_mobile,Application mobile bancaire,ING Banking,ING,en,2025-12-14,11
app_mobile,Application mobile bancaire,ING Banking,ING,en,2025-12-21,9
app_mobile,Application mobile bancaire,ING Banking,ING,en,2025-12-28,9
app_mobile,Application mobile bancaire,ING Banking,ING,en,2026-01-04,9
app_mobile,Application mobile bancaire,ING Banking,ING,en,2026-01-11,8
app_mobile,Application mobile bancaire,ING Banking,ING,en,2026-01-18,10
app_mobile,Application mobile bancaire,ING Banking,ING,en,2026-01-25,10
app_mobile,Application mobile bancaire,ING Banking,ING,en,2026-02-01,9
app_mobile,Application mobile bancaire,ING Banking,ING,en,2026-02-08,8
app_mobile,Application mobile bancaire,ING Banking,ING,en,2026-02-15,7
app_mobile,Application mobile bancaire,ING Banking,ING,en,2026-02-22,8
app_mobile,Application mobile bancaire,ING Banking,ING,en,2026-03-01,10
app_mobile,Application mobile bancaire,ING Banking,ING,en,2026-03-08,10
app_mobile,Application mobile bancaire,ING Banking,ING,en,2026-03-15,9
app_mobile,Application mobile bancaire,ING Banking,ING,en,2026-03-22,8
app_mobile,Application mobile bancaire,ING Banking,ING,en,2026-03-29,9
app_mobile,Application mobile bancaire,ING Banking,ING,en,2026-04-05,8
app_mobile,Application mobile bancaire,ING Banking,ING,en,2026-04-12,7
app_mobile,Application mobile bancaire,ING Banking,ING,en,2026-04-19,7
app_mobile,Application mobile bancaire,ING Banking,ING,en,2026-04-26,7
app_mobile,Application mobile bancaire,ING Banking,ING,en,2026-05-03,12
app_mobile,Application mobile bancaire,ING Banking,ING,en,2026-05-10,11
app_mobile,Application mobile bancaire,ING Banking,ING,en,2026-05-17,10
app_mobile,Application mobile bancaire,ING Banking,ING,en,2026-05-24,8
app_mobile,Application mobile bancaire,ING Banking,ING,en,2026-05-31,10
app_mobile,Application mobile bancaire,ING Banking,ING,en,2026-06-07,9
app_mobile,Application mobile bancaire,ING Banking,ING,en,2026-06-14,9
app_mobile,Application mobile bancaire,ING Banking,ING,en,2026-06-21,8
app_mobile,Application mobile bancaire,ING Banking,ING,en,2026-06-28,10
app_mobile,Application mobile bancaire,ING Banking,ING,en,2026-07-05,9
app_mobile,Application mobile bancaire,ING Banking,ING,en,2026-07-12,8
app_mobile,Application mobile bancaire,ING Banking,ING,en,2026-07-19,9
app_mobile,Application mobile bancaire,ING Banking,ING,en,2026-07-26,7
app_mobile,Application mobile bancaire,ING Banking,ING,en,2026-08-02,8
app_mobile,Application mobile bancaire,ING Banking,ING,en,2026-08-09,6
app_mobile,Application mobile bancaire,ING Banking,ING,en,2026-08-16,6
app_mobile,Application mobile bancaire,ING Banking,ING,en,2026-08-23,8
app_mobile,Application mobile bancaire,ING Banking,ING,en,2026-08-30,8
app_mobile,Application mobile bancaire,ING Banking,ING,en,2026-09-06,6
app_mobile,Application mobile bancaire,ING Banking,ING,en,2026-09-13,4
app_mobile,Application mobile bancaire,ING Smart Banking,ING,en,2021-09-12,0
app_mobile,Application mobile bancaire,ING Smart Banking,ING,en,2021-09-19,0
app_mobile,Application mobile bancaire,ING Smart Banking,ING,en,2021-09-26,0
app_mobile,Application mobile bancaire,ING Smart Banking,ING,en,2021-10-03,0
app_mobile,Application mobile bancaire,ING Smart Banking,ING,en,2021-10-10,0
app_mobile,Application mobile bancaire,ING Smart Banking,ING,en,2021-10-17,0
app_mobile,Application mobile bancaire,ING Smart Banking,ING,en,2021-10-24,1
app_mobile,Application mobile bancaire,ING Smart Banking,ING,en,2021-10-31,0
app_mobile,Application mobile bancaire,ING Smart Banking,ING,en,2021-11-07,0
app_mobile,Application mobile bancaire,ING Smart Banking,ING,en,2021-11-14,0
app_mobile,Application mobile bancaire,ING Smart Banking,ING,en,2021-11-21,0
app_mobile,Application mobile bancaire,ING Smart Banking,ING,en,2021-11-28,0
app_mobile,Application mobile bancaire,ING Smart Banking,ING,en,2021-12-05,0
app_mobile,Application mobile bancaire,ING Smart Banking,ING,en,2021-12-12,0
app_mobile,Application mobile bancaire,ING Smart Banking,ING,en,2021-12-19,0
app_mobile,Application mobile bancaire,ING Smart Banking,ING,en,2021-12-26,0
app_mobile,Application mobile bancaire,ING Smart Banking,ING,en,2022-01-02,0
app_mobile,Application mobile bancaire,ING Smart Banking,ING,en,2022-01-09,0
app_mobile,Application mobile bancaire,ING Smart Banking,ING,en,2022-01-16,0
app_mobile,Application mobile bancaire,ING Smart Banking,ING,en,2022-01-23,0
app_mobile,Application mobile bancaire,ING Smart Banking,ING,en,2022-01-30,0
app_mobile,Application mobile bancaire,ING Smart Banking,ING,en,2022-02-06,0
app_mobile,Application mobile bancaire,ING Smart Banking,ING,en,2022-02-13,0
app_mobile,Application mobile bancaire,ING Smart Banking,ING,en,2022-02-20,0
app_mobile,Application mobile bancaire,ING Smart Banking,ING,en,2022-02-27,0
app_mobile,Application mobile bancaire,ING Smart Banking,ING,en,2022-03-06,0
app_mobile,Application mobile bancaire,ING Smart Banking,ING,en,2022-03-13,0
app_mobile,Application mobile bancaire,ING Smart Banking,ING,en,2022-03-20,0
app_mobile,Application mobile bancaire,ING Smart Banking,ING,en,2022-03-27,0
app_mobile,Application mobile bancaire,ING Smart Banking,ING,en,2022-04-03,0
app_mobile,Application mobile bancaire,ING Smart Banking,ING,en,2022-04-10,0
app_mobile,Application mobile bancaire,ING Smart Banking,ING,en,2022-04-17,0
app_mobile,Application mobile bancaire,ING Smart Banking,ING,en,2022-04-24,0
app_mobile,Application mobile bancaire,ING Smart Banking,ING,en,2022-05-01,0
app_mobile,Application mobile bancaire,ING Smart Banking,ING,en,2022-05-08,0
app_mobile,Application mobile bancaire,ING Smart Banking,ING,en,2022-05-15,0
app_mobile,Application mobile bancaire,ING Smart Banking,ING,en,2022-05-22,0
app_mobile,Application mobile bancaire,ING Smart Banking,ING,en,2022-05-29,0
app_mobile,Application mobile bancaire,ING Smart Banking,ING,en,2022-06-05,0
app_mobile,Application mobile bancaire,ING Smart Banking,ING,en,2022-06-12,0
app_mobile,Application mobile bancaire,ING Smart Banking,ING,en,2022-06-19,0
app_mobile,Application mobile bancaire,ING Smart Banking,ING,en,2022-06-26,0
app_mobile,Application mobile bancaire,ING Smart Banking,ING,en,2022-07-03,0
app_mobile,Application mobile bancaire,ING Smart Banking,ING,en,2022-07-10,0
app_mobile,Application mobile bancaire,ING Smart Banking,ING,en,2022-07-17,0
app_mobile,Application mobile bancaire,ING Smart Banking,ING,en,2022-07-24,0
app_mobile,Application mobile bancaire,ING Smart Banking,ING,en,2022-07-31,0
app_mobile,Application mobile bancaire,ING Smart Banking,ING,en,2022-08-07,0
app_mobile,Application mobile bancaire,ING Smart Banking,ING,en,2022-08-14,0
app_mobile,Application mobile bancaire,ING Smart Banking,ING,en,2022-08-21,0
app_mobile,Application mobile bancaire,ING Smart Banking,ING,en,2022-08-28,0
app_mobile,Application mobile bancaire,ING Smart Banking,ING,en,2022-09-04,0
app_mobile,Application mobile bancaire,ING Smart Banking,ING,en,2022-09-11,0
app_mobile,Application mobile bancaire,ING Smart Banking,ING,en,2022-09-18,0
app_mobile,Application mobile bancaire,ING Smart Banking,ING,en,2022-09-25,0
app_mobile,Application mobile bancaire,ING Smart Banking,ING,en,2022-10-02,0
app_mobile,Application mobile bancaire,ING Smart Banking,ING,en,2022-10-09,0
app_mobile,Application mobile bancaire,ING Smart Banking,ING,en,2022-10-16,0
app_mobile,Application mobile bancaire,ING Smart Banking,ING,en,2022-10-23,0
app_mobile,Application mobile bancaire,ING Smart Banking,ING,en,2022-10-30,0
app_mobile,Application mobile bancaire,ING Smart Banking,ING,en,2022-11-06,0
app_mobile,Application mobile bancaire,ING Smart Banking,ING,en,2022-11-13,0
app_mobile,Application mobile bancaire,ING Smart Banking,ING,en,2022-11-20,0
app_mobile,Application mobile bancaire,ING Smart Banking,ING,en,2022-11-27,0
app_mobile,Application mobile bancaire,ING Smart Banking,ING,en,2022-12-04,0
app_mobile,Application mobile bancaire,ING Smart Banking,ING,en,2022-12-11,0
app_mobile,Application mobile bancaire,ING Smart Banking,ING,en,2022-12-18,0
app_mobile,Application mobile bancaire,ING Smart Banking,ING,en,2022-12-25,0
app_mobile,Application mobile bancaire,ING Smart Banking,ING,en,2023-01-01,0
app_mobile,Application mobile bancaire,ING Smart Banking,ING,en,2023-01-08,0
app_mobile,Application mobile bancaire,ING Smart Banking,ING,en,2023-01-15,0
app_mobile,Application mobile bancaire,ING Smart Banking,ING,en,2023-01-22,0
app_mobile,Application mobile bancaire,ING Smart Banking,ING,en,2023-01-29,0
app_mobile,Application mobile bancaire,ING Smart Banking,ING,en,2023-02-05,0
app_mobile,Application mobile bancaire,ING Smart Banking,ING,en,2023-02-12,0
app_mobile,Application mobile bancaire,ING Smart Banking,ING,en,2023-02-19,0
app_mobile,Application mobile bancaire,ING Smart Banking,ING,en,2023-02-26,0
app_mobile,Application mobile bancaire,ING Smart Banking,ING,en,2023-03-05,0
app_mobile,Application mobile bancaire,ING Smart Banking,ING,en,2023-03-12,0
app_mobile,Application mobile bancaire,ING Smart Banking,ING,en,2023-03-19,0
app_mobile,Application mobile bancaire,ING Smart Banking,ING,en,2023-03-26,0
app_mobile,Application mobile bancaire,ING Smart Banking,ING,en,2023-04-02,0
app_mobile,Application mobile bancaire,ING Smart Banking,ING,en,2023-04-09,0
app_mobile,Application mobile bancaire,ING Smart Banking,ING,en,2023-04-16,0
app_mobile,Application mobile bancaire,ING Smart Banking,ING,en,2023-04-23,0
app_mobile,Application mobile bancaire,ING Smart Banking,ING,en,2023-04-30,0
app_mobile,Application mobile bancaire,ING Smart Banking,ING,en,2023-05-07,0
app_mobile,Application mobile bancaire,ING Smart Banking,ING,en,2023-05-14,0
app_mobile,Application mobile bancaire,ING Smart Banking,ING,en,2023-05-21,0
app_mobile,Application mobile bancaire,ING Smart Banking,ING,en,2023-05-28,0
app_mobile,Application mobile bancaire,ING Smart Banking,ING,en,2023-06-04,0
app_mobile,Application mobile bancaire,ING Smart Banking,ING,en,2023-06-11,0
app_mobile,Application mobile bancaire,ING Smart Banking,ING,en,2023-06-18,0
app_mobile,Application mobile bancaire,ING Smart Banking,ING,en,2023-06-25,0
app_mobile,Application mobile bancaire,ING Smart Banking,ING,en,2023-07-02,0
app_mobile,Application mobile bancaire,ING Smart Banking,ING,en,2023-07-09,0
app_mobile,Application mobile bancaire,ING Smart Banking,ING,en,2023-07-16,0
app_mobile,Application mobile bancaire,ING Smart Banking,ING,en,2023-07-23,0
app_mobile,Application mobile bancaire,ING Smart Banking,ING,en,2023-07-30,0
app_mobile,Application mobile bancaire,ING Smart Banking,ING,en,2023-08-06,0
app_mobile,Application mobile bancaire,ING Smart Banking,ING,en,2023-08-13,0
app_mobile,Application mobile bancaire,ING Smart Banking,ING,en,2023-08-20,0
app_mobile,Application mobile bancaire,ING Smart Banking,ING,en,2023-08-27,0
app_mobile,Application mobile bancaire,ING Smart Banking,ING,en,2023-09-03,0
app_mobile,Application mobile bancaire,ING Smart Banking,ING,en,2023-09-10,0
app_mobile,Application mobile bancaire,ING Smart Banking,ING,en,2023-09-17,0
app_mobile,Application mobile bancaire,ING Smart Banking,ING,en,2023-09-24,0
app_mobile,Application mobile bancaire,ING Smart Banking,ING,en,2023-10-01,0
app_mobile,Application mobile bancaire,ING Smart Banking,ING,en,2023-10-08,0
app_mobile,Application mobile bancaire,ING Smart Banking,ING,en,2023-10-15,0
app_mobile,Application mobile bancaire,ING Smart Banking,ING,en,2023-10-22,0
app_mobile,Application mobile bancaire,ING Smart Banking,ING,en,2023-10-29,0
app_mobile,Application mobile bancaire,ING Smart Banking,ING,en,2023-11-05,0
app_mobile,Application mobile bancaire,ING Smart Banking,ING,en,2023-11-12,0
app_mobile,Application mobile bancaire,ING Smart Banking,ING,en,2023-11-19,0
app_mobile,Application mobile bancaire,ING Smart Banking,ING,en,2023-11-26,0
app_mobile,Application mobile bancaire,ING Smart Banking,ING,en,2023-12-03,0
app_mobile,Application mobile bancaire,ING Smart Banking,ING,en,2023-12-10,0
app_mobile,Application mobile bancaire,ING Smart Banking,ING,en,2023-12-17,0
app_mobile,Application mobile bancaire,ING Smart Banking,ING,en,2023-12-24,0
app_mobile,Application mobile bancaire,ING Smart Banking,ING,en,2023-12-31,0
app_mobile,Application mobile bancaire,ING Smart Banking,ING,en,2024-01-07,0
app_mobile,Application mobile bancaire,ING Smart Banking,ING,en,2024-01-14,0
app_mobile,Application mobile bancaire,ING Smart Banking,ING,en,2024-01-21,0
app_mobile,Application mobile bancaire,ING Smart Banking,ING,en,2024-01-28,0
app_mobile,Application mobile bancaire,ING Smart Banking,ING,en,2024-02-04,0
app_mobile,Application mobile bancaire,ING Smart Banking,ING,en,2024-02-11,0
app_mobile,Application mobile bancaire,ING Smart Banking,ING,en,2024-02-18,0
app_mobile,Application mobile bancaire,ING Smart Banking,ING,en,2024-02-25,0
app_mobile,Application mobile bancaire,ING Smart Banking,ING,en,2024-03-03,0
app_mobile,Application mobile bancaire,ING Smart Banking,ING,en,2024-03-10,0
app_mobile,Application mobile bancaire,ING Smart Banking,ING,en,2024-03-17,0
app_mobile,Application mobile bancaire,ING Smart Banking,ING,en,2024-03-24,0
app_mobile,Application mobile bancaire,ING Smart Banking,ING,en,2024-03-31,0
app_mobile,Application mobile bancaire,ING Smart Banking,ING,en,2024-04-07,0
app_mobile,Application mobile bancaire,ING Smart Banking,ING,en,2024-04-14,0
app_mobile,Application mobile bancaire,ING Smart Banking,ING,en,2024-04-21,0
app_mobile,Application mobile bancaire,ING Smart Banking,ING,en,2024-04-28,0
app_mobile,Application mobile bancaire,ING Smart Banking,ING,en,2024-05-05,0
app_mobile,Application mobile bancaire,ING Smart Banking,ING,en,2024-05-12,0
app_mobile,Application mobile bancaire,ING Smart Banking,ING,en,2024-05-19,0
app_mobile,Application mobile bancaire,ING Smart Banking,ING,en,2024-05-26,0
app_mobile,Application mobile bancaire,ING Smart Banking,ING,en,2024-06-02,0
app_mobile,Application mobile bancaire,ING Smart Banking,ING,en,2024-06-09,0
app_mobile,Application mobile bancaire,ING Smart Banking,ING,en,2024-06-16,0
app_mobile,Application mobile bancaire,ING Smart Banking,ING,en,2024-06-23,0
app_mobile,Application mobile bancaire,ING Smart Banking,ING,en,2024-06-30,0
app_mobile,Application mobile bancaire,ING Smart Banking,ING,en,2024-07-07,0
app_mobile,Application mobile bancaire,ING Smart Banking,ING,en,2024-07-14,0
app_mobile,Application mobile bancaire,ING Smart Banking,ING,en,2024-07-21,0
app_mobile,Application mobile bancaire,ING Smart Banking,ING,en,2024-07-28,0
app_mobile,Application mobile bancaire,ING Smart Banking,ING,en,2024-08-04,0
app_mobile,Application mobile bancaire,ING Smart Banking,ING,en,2024-08-11,0
app_mobile,Application mobile bancaire,ING Smart Banking,ING,en,2024-08-18,0
app_mobile,Application mobile bancaire,ING Smart Banking,ING,en,2024-08-25,0
app_mobile,Application mobile bancaire,ING Smart Banking,ING,en,2024-09-01,0
app_mobile,Application mobile bancaire,ING Smart Banking,ING,en,2024-09-08,0
app_mobile,Application mobile bancaire,ING Smart Banking,ING,en,2024-09-15,0
app_mobile,Application mobile bancaire,ING Smart Banking,ING,en,2024-09-22,0
app_mobile,Application mobile bancaire,ING Smart Banking,ING,en,2024-09-29,0
app_mobile,Application mobile bancaire,ING Smart Banking,ING,en,2024-10-06,0
app_mobile,Application mobile bancaire,ING Smart Banking,ING,en,2024-10-13,0
app_mobile,Application mobile bancaire,ING Smart Banking,ING,en,2024-10-20,0
app_mobile,Application mobile bancaire,ING Smart Banking,ING,en,2024-10-27,0
app_mobile,Application mobile bancaire,ING Smart Banking,ING,en,2024-11-03,0
app_mobile,Application mobile bancaire,ING Smart Banking,ING,en,2024-11-10,0
app_mobile,Application mobile bancaire,ING Smart Banking,ING,en,2024-11-17,0
app_mobile,Application mobile bancaire,ING Smart Banking,ING,en,2024-11-24,0
app_mobile,Application mobile bancaire,ING Smart Banking,ING,en,2024-12-01,0
app_mobile,Application mobile bancaire,ING Smart Banking,ING,en,2024-12-08,0
app_mobile,Application mobile bancaire,ING Smart Banking,ING,en,2024-12-15,0
app_mobile,Application mobile bancaire,ING Smart Banking,ING,en,2024-12-22,0
app_mobile,Application mobile bancaire,ING Smart Banking,ING,en,2024-12-29,0
app_mobile,Application mobile bancaire,ING Smart Banking,ING,en,2025-01-05,0
app_mobile,Application mobile bancaire,ING Smart Banking,ING,en,2025-01-12,0
app_mobile,Application mobile bancaire,ING Smart Banking,ING,en,2025-01-19,0
app_mobile,Application mobile bancaire,ING Smart Banking,ING,en,2025-01-26,0
app_mobile,Application mobile bancaire,ING Smart Banking,ING,en,2025-02-02,0
app_mobile,Application mobile bancaire,ING Smart Banking,ING,en,2025-02-09,0
app_mobile,Application mobile bancaire,ING Smart Banking,ING,en,2025-02-16,0
app_mobile,Application mobile bancaire,ING Smart Banking,ING,en,2025-02-23,0
app_mobile,Application mobile bancaire,ING Smart Banking,ING,en,2025-03-02,0
app_mobile,Application mobile bancaire,ING Smart Banking,ING,en,2025-03-09,0
app_mobile,Application mobile bancaire,ING Smart Banking,ING,en,2025-03-16,0
app_mobile,Application mobile bancaire,ING Smart Banking,ING,en,2025-03-23,0
app_mobile,Application mobile bancaire,ING Smart Banking,ING,en,2025-03-30,0
app_mobile,Application mobile bancaire,ING Smart Banking,ING,en,2025-04-06,0
app_mobile,Application mobile bancaire,ING Smart Banking,ING,en,2025-04-13,0
app_mobile,Application mobile bancaire,ING Smart Banking,ING,en,2025-04-20,0
app_mobile,Application mobile bancaire,ING Smart Banking,ING,en,2025-04-27,0
app_mobile,Application mobile bancaire,ING Smart Banking,ING,en,2025-05-04,0
app_mobile,Application mobile bancaire,ING Smart Banking,ING,en,2025-05-11,0
app_mobile,Application mobile bancaire,ING Smart Banking,ING,en,2025-05-18,0
app_mobile,Application mobile bancaire,ING Smart Banking,ING,en,2025-05-25,0
app_mobile,Application mobile bancaire,ING Smart Banking,ING,en,2025-06-01,0
app_mobile,Application mobile bancaire,ING Smart Banking,ING,en,2025-06-08,0
app_mobile,Application mobile bancaire,ING Smart Banking,ING,en,2025-06-15,0
app_mobile,Application mobile bancaire,ING Smart Banking,ING,en,2025-06-22,0
app_mobile,Application mobile bancaire,ING Smart Banking,ING,en,2025-06-29,0
app_mobile,Application mobile bancaire,ING Smart Banking,ING,en,2025-07-06,0
app_mobile,Application mobile bancaire,ING Smart Banking,ING,en,2025-07-13,0
app_mobile,Application mobile bancaire,ING Smart Banking,ING,en,2025-07-20,0
app_mobile,Application mobile bancaire,ING Smart Banking,ING,en,2025-07-27,0
app_mobile,Application mobile bancaire,ING Smart Banking,ING,en,2025-08-03,0
app_mobile,Application mobile bancaire,ING Smart Banking,ING,en,2025-08-10,0
app_mobile,Application mobile bancaire,ING Smart Banking,ING,en,2025-08-17,0
app_mobile,Application mobile bancaire,ING Smart Banking,ING,en,2025-08-24,0
app_mobile,Application mobile bancaire,ING Smart Banking,ING,en,2025-08-31,0
app_mobile,Application mobile bancaire,ING Smart Banking,ING,en,2025-09-07,0
app_mobile,Application mobile bancaire,ING Smart Banking,ING,en,2025-09-14,0
app_mobile,Application mobile bancaire,ING Smart Banking,ING,en,2025-09-21,0
app_mobile,Application mobile bancaire,ING Smart Banking,ING,en,2025-09-28,0
app_mobile,Application mobile bancaire,ING Smart Banking,ING,en,2025-10-05,0
app_mobile,Application mobile bancaire,ING Smart Banking,ING,en,2025-10-12,0
app_mobile,Application mobile bancaire,ING Smart Banking,ING,en,2025-10-19,0
app_mobile,Application mobile bancaire,ING Smart Banking,ING,en,2025-10-26,0
app_mobile,Application mobile bancaire,ING Smart Banking,ING,en,2025-11-02,0
app_mobile,Application mobile bancaire,ING Smart Banking,ING,en,2025-11-09,0
app_mobile,Application mobile bancaire,ING Smart Banking,ING,en,2025-11-16,0
app_mobile,Application mobile bancaire,ING Smart Banking,ING,en,2025-11-23,0
app_mobile,Application mobile bancaire,ING Smart Banking,ING,en,2025-11-30,0
app_mobile,Application mobile bancaire,ING Smart Banking,ING,en,2025-12-07,0
app_mobile,Application mobile bancaire,ING Smart Banking,ING,en,2025-12-14,0
app_mobile,Application mobile bancaire,ING Smart Banking,ING,en,2025-12-21,0
app_mobile,Application mobile bancaire,ING Smart Banking,ING,en,2025-12-28,0
app_mobile,Application mobile bancaire,ING Smart Banking,ING,en,2026-01-04,0
app_mobile,Application mobile bancaire,ING Smart Banking,ING,en,2026-01-11,0
app_mobile,Application mobile bancaire,ING Smart Banking,ING,en,2026-01-18,0
app_mobile,Application mobile bancaire,ING Smart Banking,ING,en,2026-01-25,0
app_mobile,Application mobile bancaire,ING Smart Banking,ING,en,2026-02-01,0
app_mobile,Application mobile bancaire,ING Smart Banking,ING,en,2026-02-08,0
app_mobile,Application mobile bancaire,ING Smart Banking,ING,en,2026-02-15,0
app_mobile,Application mobile bancaire,ING Smart Banking,ING,en,2026-02-22,0
app_mobile,Application mobile bancaire,ING Smart Banking,ING,en,2026-03-01,0
app_mobile,Application mobile bancaire,ING Smart Banking,ING,en,2026-03-08,0
app_mobile,Application mobile bancaire,ING Smart Banking,ING,en,2026-03-15,0
app_mobile,Application mobile bancaire,ING Smart Banking,ING,en,2026-03-22,0
app_mobile,Application mobile bancaire,ING Smart Banking,ING,en,2026-03-29,0
app_mobile,Application mobile bancaire,ING Smart Banking,ING,en,2026-04-05,0
app_mobile,Application mobile bancaire,ING Smart Banking,ING,en,2026-04-12,0
app_mobile,Application mobile bancaire,ING Smart Banking,ING,en,2026-04-19,0
app_mobile,Application mobile bancaire,ING Smart Banking,ING,en,2026-04-26,0
app_mobile,Application mobile bancaire,ING Smart Banking,ING,en,2026-05-03,0
app_mobile,Application mobile bancaire,ING Smart Banking,ING,en,2026-05-10,0
app_mobile,Application mobile bancaire,ING Smart Banking,ING,en,2026-05-17,1
app_mobile,Application mobile bancaire,ING Smart Banking,ING,en,2026-05-24,0
app_mobile,Application mobile bancaire,ING Smart Banking,ING,en,2026-05-31,0
app_mobile,Application mobile bancaire,ING Smart Banking,ING,en,2026-06-07,0
app_mobile,Application mobile bancaire,ING Smart Banking,ING,en,2026-06-14,0
app_mobile,Application mobile bancaire,ING Smart Banking,ING,en,2026-06-21,0
app_mobile,Application mobile bancaire,ING Smart Banking,ING,en,2026-06-28,0
app_mobile,Application mobile bancaire,ING Smart Banking,ING,en,2026-07-05,0
app_mobile,Application mobile bancaire,ING Smart Banking,ING,en,2026-07-12,0
app_mobile,Application mobile bancaire,ING Smart Banking,ING,en,2026-07-19,0
app_mobile,Application mobile bancaire,ING Smart Banking,ING,en,2026-07-26,0
app_mobile,Application mobile bancaire,ING Smart Banking,ING,en,2026-08-02,0
app_mobile,Application mobile bancaire,ING Smart Banking,ING,en,2026-08-09,0
app_mobile,Application mobile bancaire,ING Smart Banking,ING,en,2026-08-16,0
app_mobile,Application mobile bancaire,ING Smart Banking,ING,en,2026-08-23,0
app_mobile,Application mobile bancaire,ING Smart Banking,ING,en,2026-08-30,0
app_mobile,Application mobile bancaire,ING Smart Banking,ING,en,2026-09-06,0
app_mobile,Application mobile bancaire,ING Smart Banking,ING,en,2026-09-13,0
assurance_habitation,Assurance habitation,ING Home Insurance,ING,en,2021-09-12,0
assurance_habitation,Assurance habitation,ING Home Insurance,ING,en,2021-09-19,0
assurance_habitation,Assurance habitation,ING Home Insurance,ING,en,2021-09-26,0
assurance_habitation,Assurance habitation,ING Home Insurance,ING,en,2021-10-03,0
assurance_habitation,Assurance habitation,ING Home Insurance,ING,en,2021-10-10,0
assurance_habitation,Assurance habitation,ING Home Insurance,ING,en,2021-10-17,0
assurance_habitation,Assurance habitation,ING Home Insurance,ING,en,2021-10-24,0
assurance_habitation,Assurance habitation,ING Home Insurance,ING,en,2021-10-31,0
assurance_habitation,Assurance habitation,ING Home Insurance,ING,en,2021-11-07,0
assurance_habitation,Assurance habitation,ING Home Insurance,ING,en,2021-11-14,0
assurance_habitation,Assurance habitation,ING Home Insurance,ING,en,2021-11-21,0
assurance_habitation,Assurance habitation,ING Home Insurance,ING,en,2021-11-28,0
assurance_habitation,Assurance habitation,ING Home Insurance,ING,en,2021-12-05,0
assurance_habitation,Assurance habitation,ING Home Insurance,ING,en,2021-12-12,0
assurance_habitation,Assurance habitation,ING Home Insurance,ING,en,2021-12-19,0
assurance_habitation,Assurance habitation,ING Home Insurance,ING,en,2021-12-26,0
assurance_habitation,Assurance habitation,ING Home Insurance,ING,en,2022-01-02,0
assurance_habitation,Assurance habitation,ING Home Insurance,ING,en,2022-01-09,0
assurance_habitation,Assurance habitation,ING Home Insurance,ING,en,2022-01-16,0
assurance_habitation,Assurance habitation,ING Home Insurance,ING,en,2022-01-23,0
assurance_habitation,Assurance habitation,ING Home Insurance,ING,en,2022-01-30,0
assurance_habitation,Assurance habitation,ING Home Insurance,ING,en,2022-02-06,0
assurance_habitation,Assurance habitation,ING Home Insurance,ING,en,2022-02-13,0
assurance_habitation,Assurance habitation,ING Home Insurance,ING,en,2022-02-20,0
assurance_habitation,Assurance habitation,ING Home Insurance,ING,en,2022-02-27,0
assurance_habitation,Assurance habitation,ING Home Insurance,ING,en,2022-03-06,0
assurance_habitation,Assurance habitation,ING Home Insurance,ING,en,2022-03-13,0
assurance_habitation,Assurance habitation,ING Home Insurance,ING,en,2022-03-20,0
assurance_habitation,Assurance habitation,ING Home Insurance,ING,en,2022-03-27,0
assurance_habitation,Assurance habitation,ING Home Insurance,ING,en,2022-04-03,0
assurance_habitation,Assurance habitation,ING Home Insurance,ING,en,2022-04-10,0
assurance_habitation,Assurance habitation,ING Home Insurance,ING,en,2022-04-17,0
assurance_habitation,Assurance habitation,ING Home Insurance,ING,en,2022-04-24,0
assurance_habitation,Assurance habitation,ING Home Insurance,ING,en,2022-05-01,0
assurance_habitation,Assurance habitation,ING Home Insurance,ING,en,2022-05-08,0
assurance_habitation,Assurance habitation,ING Home Insurance,ING,en,2022-05-15,0
assurance_habitation,Assurance habitation,ING Home Insurance,ING,en,2022-05-22,0
assurance_habitation,Assurance habitation,ING Home Insurance,ING,en,2022-05-29,0
assurance_habitation,Assurance habitation,ING Home Insurance,ING,en,2022-06-05,0
assurance_habitation,Assurance habitation,ING Home Insurance,ING,en,2022-06-12,0
assurance_habitation,Assurance habitation,ING Home Insurance,ING,en,2022-06-19,0
assurance_habitation,Assurance habitation,ING Home Insurance,ING,en,2022-06-26,0
assurance_habitation,Assurance habitation,ING Home Insurance,ING,en,2022-07-03,0
assurance_habitation,Assurance habitation,ING Home Insurance,ING,en,2022-07-10,0
assurance_habitation,Assurance habitation,ING Home Insurance,ING,en,2022-07-17,0
assurance_habitation,Assurance habitation,ING Home Insurance,ING,en,2022-07-24,0
assurance_habitation,Assurance habitation,ING Home Insurance,ING,en,2022-07-31,0
assurance_habitation,Assurance habitation,ING Home Insurance,ING,en,2022-08-07,0
assurance_habitation,Assurance habitation,ING Home Insurance,ING,en,2022-08-14,0
assurance_habitation,Assurance habitation,ING Home Insurance,ING,en,2022-08-21,0
assurance_habitation,Assurance habitation,ING Home Insurance,ING,en,2022-08-28,0
assurance_habitation,Assurance habitation,ING Home Insurance,ING,en,2022-09-04,0
assurance_habitation,Assurance habitation,ING Home Insurance,ING,en,2022-09-11,0
assurance_habitation,Assurance habitation,ING Home Insurance,ING,en,2022-09-18,0
assurance_habitation,Assurance habitation,ING Home Insurance,ING,en,2022-09-25,0
assurance_habitation,Assurance habitation,ING Home Insurance,ING,en,2022-10-02,0
assurance_habitation,Assurance habitation,ING Home Insurance,ING,en,2022-10-09,0
assurance_habitation,Assurance habitation,ING Home Insurance,ING,en,2022-10-16,0
assurance_habitation,Assurance habitation,ING Home Insurance,ING,en,2022-10-23,0
assurance_habitation,Assurance habitation,ING Home Insurance,ING,en,2022-10-30,0
assurance_habitation,Assurance habitation,ING Home Insurance,ING,en,2022-11-06,0
assurance_habitation,Assurance habitation,ING Home Insurance,ING,en,2022-11-13,0
assurance_habitation,Assurance habitation,ING Home Insurance,ING,en,2022-11-20,0
assurance_habitation,Assurance habitation,ING Home Insurance,ING,en,2022-11-27,0
assurance_habitation,Assurance habitation,ING Home Insurance,ING,en,2022-12-04,0
assurance_habitation,Assurance habitation,ING Home Insurance,ING,en,2022-12-11,0
assurance_habitation,Assurance habitation,ING Home Insurance,ING,en,2022-12-18,0
assurance_habitation,Assurance habitation,ING Home Insurance,ING,en,2022-12-25,0
assurance_habitation,Assurance habitation,ING Home Insurance,ING,en,2023-01-01,0
assurance_habitation,Assurance habitation,ING Home Insurance,ING,en,2023-01-08,0
assurance_habitation,Assurance habitation,ING Home Insurance,ING,en,2023-01-15,0
assurance_habitation,Assurance habitation,ING Home Insurance,ING,en,2023-01-22,0
assurance_habitation,Assurance habitation,ING Home Insurance,ING,en,2023-01-29,0
assurance_habitation,Assurance habitation,ING Home Insurance,ING,en,2023-02-05,0
assurance_habitation,Assurance habitation,ING Home Insurance,ING,en,2023-02-12,0
assurance_habitation,Assurance habitation,ING Home Insurance,ING,en,2023-02-19,0
assurance_habitation,Assurance habitation,ING Home Insurance,ING,en,2023-02-26,0
assurance_habitation,Assurance habitation,ING Home Insurance,ING,en,2023-03-05,0
assurance_habitation,Assurance habitation,ING Home Insurance,ING,en,2023-03-12,0
assurance_habitation,Assurance habitation,ING Home Insurance,ING,en,2023-03-19,0
assurance_habitation,Assurance habitation,ING Home Insurance,ING,en,2023-03-26,0
assurance_habitation,Assurance habitation,ING Home Insurance,ING,en,2023-04-02,0
assurance_habitation,Assurance habitation,ING Home Insurance,ING,en,2023-04-09,0
assurance_habitation,Assurance habitation,ING Home Insurance,ING,en,2023-04-16,0
assurance_habitation,Assurance habitation,ING Home Insurance,ING,en,2023-04-23,0
assurance_habitation,Assurance habitation,ING Home Insurance,ING,en,2023-04-30,0
assurance_habitation,Assurance habitation,ING Home Insurance,ING,en,2023-05-07,0
assurance_habitation,Assurance habitation,ING Home Insurance,ING,en,2023-05-14,0
assurance_habitation,Assurance habitation,ING Home Insurance,ING,en,2023-05-21,0
assurance_habitation,Assurance habitation,ING Home Insurance,ING,en,2023-05-28,0
assurance_habitation,Assurance habitation,ING Home Insurance,ING,en,2023-06-04,0
assurance_habitation,Assurance habitation,ING Home Insurance,ING,en,2023-06-11,0
assurance_habitation,Assurance habitation,ING Home Insurance,ING,en,2023-06-18,0
assurance_habitation,Assurance habitation,ING Home Insurance,ING,en,2023-06-25,0
assurance_habitation,Assurance habitation,ING Home Insurance,ING,en,2023-07-02,0
assurance_habitation,Assurance habitation,ING Home Insurance,ING,en,2023-07-09,0
assurance_habitation,Assurance habitation,ING Home Insurance,ING,en,2023-07-16,0
assurance_habitation,Assurance habitation,ING Home Insurance,ING,en,2023-07-23,0
assurance_habitation,Assurance habitation,ING Home Insurance,ING,en,2023-07-30,0
assurance_habitation,Assurance habitation,ING Home Insurance,ING,en,2023-08-06,0
assurance_habitation,Assurance habitation,ING Home Insurance,ING,en,2023-08-13,0
assurance_habitation,Assurance habitation,ING Home Insurance,ING,en,2023-08-20,0
assurance_habitation,Assurance habitation,ING Home Insurance,ING,en,2023-08-27,0
assurance_habitation,Assurance habitation,ING Home Insurance,ING,en,2023-09-03,0
assurance_habitation,Assurance habitation,ING Home Insurance,ING,en,2023-09-10,0
assurance_habitation,Assurance habitation,ING Home Insurance,ING,en,2023-09-17,0
assurance_habitation,Assurance habitation,ING Home Insurance,ING,en,2023-09-24,0
assurance_habitation,Assurance habitation,ING Home Insurance,ING,en,2023-10-01,0
assurance_habitation,Assurance habitation,ING Home Insurance,ING,en,2023-10-08,0
assurance_habitation,Assurance habitation,ING Home Insurance,ING,en,2023-10-15,0
assurance_habitation,Assurance habitation,ING Home Insurance,ING,en,2023-10-22,0
assurance_habitation,Assurance habitation,ING Home Insurance,ING,en,2023-10-29,0
assurance_habitation,Assurance habitation,ING Home Insurance,ING,en,2023-11-05,0
assurance_habitation,Assurance habitation,ING Home Insurance,ING,en,2023-11-12,0
assurance_habitation,Assurance habitation,ING Home Insurance,ING,en,2023-11-19,0
assurance_habitation,Assurance habitation,ING Home Insurance,ING,en,2023-11-26,0
assurance_habitation,Assurance habitation,ING Home Insurance,ING,en,2023-12-03,0
assurance_habitation,Assurance habitation,ING Home Insurance,ING,en,2023-12-10,0
assurance_habitation,Assurance habitation,ING Home Insurance,ING,en,2023-12-17,0
assurance_habitation,Assurance habitation,ING Home Insurance,ING,en,2023-12-24,0
assurance_habitation,Assurance habitation,ING Home Insurance,ING,en,2023-12-31,0
assurance_habitation,Assurance habitation,ING Home Insurance,ING,en,2024-01-07,0
assurance_habitation,Assurance habitation,ING Home Insurance,ING,en,2024-01-14,0
assurance_habitation,Assurance habitation,ING Home Insurance,ING,en,2024-01-21,0
assurance_habitation,Assurance habitation,ING Home Insurance,ING,en,2024-01-28,0
assurance_habitation,Assurance habitation,ING Home Insurance,ING,en,2024-02-04,0
assurance_habitation,Assurance habitation,ING Home Insurance,ING,en,2024-02-11,0
assurance_habitation,Assurance habitation,ING Home Insurance,ING,en,2024-02-18,0
assurance_habitation,Assurance habitation,ING Home Insurance,ING,en,2024-02-25,0
assurance_habitation,Assurance habitation,ING Home Insurance,ING,en,2024-03-03,0
assurance_habitation,Assurance habitation,ING Home Insurance,ING,en,2024-03-10,0
assurance_habitation,Assurance habitation,ING Home Insurance,ING,en,2024-03-17,0
assurance_habitation,Assurance habitation,ING Home Insurance,ING,en,2024-03-24,0
assurance_habitation,Assurance habitation,ING Home Insurance,ING,en,2024-03-31,0
assurance_habitation,Assurance habitation,ING Home Insurance,ING,en,2024-04-07,0
assurance_habitation,Assurance habitation,ING Home Insurance,ING,en,2024-04-14,0
assurance_habitation,Assurance habitation,ING Home Insurance,ING,en,2024-04-21,0
assurance_habitation,Assurance habitation,ING Home Insurance,ING,en,2024-04-28,0
assurance_habitation,Assurance habitation,ING Home Insurance,ING,en,2024-05-05,0
assurance_habitation,Assurance habitation,ING Home Insurance,ING,en,2024-05-12,0
assurance_habitation,Assurance habitation,ING Home Insurance,ING,en,2024-05-19,0
assurance_habitation,Assurance habitation,ING Home Insurance,ING,en,2024-05-26,0
assurance_habitation,Assurance habitation,ING Home Insurance,ING,en,2024-06-02,0
assurance_habitation,Assurance habitation,ING Home Insurance,ING,en,2024-06-09,0
assurance_habitation,Assurance habitation,ING Home Insurance,ING,en,2024-06-16,0
assurance_habitation,Assurance habitation,ING Home Insurance,ING,en,2024-06-23,0
assurance_habitation,Assurance habitation,ING Home Insurance,ING,en,2024-06-30,0
assurance_habitation,Assurance habitation,ING Home Insurance,ING,en,2024-07-07,0
assurance_habitation,Assurance habitation,ING Home Insurance,ING,en,2024-07-14,0
assurance_habitation,Assurance habitation,ING Home Insurance,ING,en,2024-07-21,0
assurance_habitation,Assurance habitation,ING Home Insurance,ING,en,2024-07-28,0
assurance_habitation,Assurance habitation,ING Home Insurance,ING,en,2024-08-04,0
assurance_habitation,Assurance habitation,ING Home Insurance,ING,en,2024-08-11,0
assurance_habitation,Assurance habitation,ING Home Insurance,ING,en,2024-08-18,0
assurance_habitation,Assurance habitation,ING Home Insurance,ING,en,2024-08-25,0
assurance_habitation,Assurance habitation,ING Home Insurance,ING,en,2024-09-01,0
assurance_habitation,Assurance habitation,ING Home Insurance,ING,en,2024-09-08,0
assurance_habitation,Assurance habitation,ING Home Insurance,ING,en,2024-09-15,0
assurance_habitation,Assurance habitation,ING Home Insurance,ING,en,2024-09-22,0
assurance_habitation,Assurance habitation,ING Home Insurance,ING,en,2024-09-29,0
assurance_habitation,Assurance habitation,ING Home Insurance,ING,en,2024-10-06,0
assurance_habitation,Assurance habitation,ING Home Insurance,ING,en,2024-10-13,0
assurance_habitation,Assurance habitation,ING Home Insurance,ING,en,2024-10-20,0
assurance_habitation,Assurance habitation,ING Home Insurance,ING,en,2024-10-27,0
assurance_habitation,Assurance habitation,ING Home Insurance,ING,en,2024-11-03,0
assurance_habitation,Assurance habitation,ING Home Insurance,ING,en,2024-11-10,0
assurance_habitation,Assurance habitation,ING Home Insurance,ING,en,2024-11-17,0
assurance_habitation,Assurance habitation,ING Home Insurance,ING,en,2024-11-24,0
assurance_habitation,Assurance habitation,ING Home Insurance,ING,en,2024-12-01,0
assurance_habitation,Assurance habitation,ING Home Insurance,ING,en,2024-12-08,0
assurance_habitation,Assurance habitation,ING Home Insurance,ING,en,2024-12-15,0
assurance_habitation,Assurance habitation,ING Home Insurance,ING,en,2024-12-22,0
assurance_habitation,Assurance habitation,ING Home Insurance,ING,en,2024-12-29,0
assurance_habitation,Assurance habitation,ING Home Insurance,ING,en,2025-01-05,0
assurance_habitation,Assurance habitation,ING Home Insurance,ING,en,2025-01-12,0
assurance_habitation,Assurance habitation,ING Home Insurance,ING,en,2025-01-19,0
assurance_habitation,Assurance habitation,ING Home Insurance,ING,en,2025-01-26,0
assurance_habitation,Assurance habitation,ING Home Insurance,ING,en,2025-02-02,0
assurance_habitation,Assurance habitation,ING Home Insurance,ING,en,2025-02-09,0
assurance_habitation,Assurance habitation,ING Home Insurance,ING,en,2025-02-16,0
assurance_habitation,Assurance habitation,ING Home Insurance,ING,en,2025-02-23,0
assurance_habitation,Assurance habitation,ING Home Insurance,ING,en,2025-03-02,0
assurance_habitation,Assurance habitation,ING Home Insurance,ING,en,2025-03-09,0
assurance_habitation,Assurance habitation,ING Home Insurance,ING,en,2025-03-16,0
assurance_habitation,Assurance habitation,ING Home Insurance,ING,en,2025-03-23,0
assurance_habitation,Assurance habitation,ING Home Insurance,ING,en,2025-03-30,0
assurance_habitation,Assurance habitation,ING Home Insurance,ING,en,2025-04-06,0
assurance_habitation,Assurance habitation,ING Home Insurance,ING,en,2025-04-13,0
assurance_habitation,Assurance habitation,ING Home Insurance,ING,en,2025-04-20,0
assurance_habitation,Assurance habitation,ING Home Insurance,ING,en,2025-04-27,0
assurance_habitation,Assurance habitation,ING Home Insurance,ING,en,2025-05-04,0
assurance_habitation,Assurance habitation,ING Home Insurance,ING,en,2025-05-11,0
assurance_habitation,Assurance habitation,ING Home Insurance,ING,en,2025-05-18,0
assurance_habitation,Assurance habitation,ING Home Insurance,ING,en,2025-05-25,0
assurance_habitation,Assurance habitation,ING Home Insurance,ING,en,2025-06-01,0
assurance_habitation,Assurance habitation,ING Home Insurance,ING,en,2025-06-08,79
assurance_habitation,Assurance habitation,ING Home Insurance,ING,en,2025-06-15,0
assurance_habitation,Assurance habitation,ING Home Insurance,ING,en,2025-06-22,0
assurance_habitation,Assurance habitation,ING Home Insurance,ING,en,2025-06-29,0
assurance_habitation,Assurance habitation,ING Home Insurance,ING,en,2025-07-06,0
assurance_habitation,Assurance habitation,ING Home Insurance,ING,en,2025-07-13,0
assurance_habitation,Assurance habitation,ING Home Insurance,ING,en,2025-07-20,0
assurance_habitation,Assurance habitation,ING Home Insurance,ING,en,2025-07-27,0
assurance_habitation,Assurance habitation,ING Home Insurance,ING,en,2025-08-03,0
assurance_habitation,Assurance habitation,ING Home Insurance,ING,en,2025-08-10,0
assurance_habitation,Assurance habitation,ING Home Insurance,ING,en,2025-08-17,0
assurance_habitation,Assurance habitation,ING Home Insurance,ING,en,2025-08-24,0
assurance_habitation,Assurance habitation,ING Home Insurance,ING,en,2025-08-31,0
assurance_habitation,Assurance habitation,ING Home Insurance,ING,en,2025-09-07,0
assurance_habitation,Assurance habitation,ING Home Insurance,ING,en,2025-09-14,0
assurance_habitation,Assurance habitation,ING Home Insurance,ING,en,2025-09-21,0
assurance_habitation,Assurance habitation,ING Home Insurance,ING,en,2025-09-28,0
assurance_habitation,Assurance habitation,ING Home Insurance,ING,en,2025-10-05,0
assurance_habitation,Assurance habitation,ING Home Insurance,ING,en,2025-10-12,0
assurance_habitation,Assurance habitation,ING Home Insurance,ING,en,2025-10-19,0
assurance_habitation,Assurance habitation,ING Home Insurance,ING,en,2025-10-26,0
assurance_habitation,Assurance habitation,ING Home Insurance,ING,en,2025-11-02,0
assurance_habitation,Assurance habitation,ING Home Insurance,ING,en,2025-11-09,0
assurance_habitation,Assurance habitation,ING Home Insurance,ING,en,2025-11-16,0
assurance_habitation,Assurance habitation,ING Home Insurance,ING,en,2025-11-23,0
assurance_habitation,Assurance habitation,ING Home Insurance,ING,en,2025-11-30,0
assurance_habitation,Assurance habitation,ING Home Insurance,ING,en,2025-12-07,0
assurance_habitation,Assurance habitation,ING Home Insurance,ING,en,2025-12-14,0
assurance_habitation,Assurance habitation,ING Home Insurance,ING,en,2025-12-21,0
assurance_habitation,Assurance habitation,ING Home Insurance,ING,en,2025-12-28,0
assurance_habitation,Assurance habitation,ING Home Insurance,ING,en,2026-01-04,0
assurance_habitation,Assurance habitation,ING Home Insurance,ING,en,2026-01-11,0
assurance_habitation,Assurance habitation,ING Home Insurance,ING,en,2026-01-18,0
assurance_habitation,Assurance habitation,ING Home Insurance,ING,en,2026-01-25,0
assurance_habitation,Assurance habitation,ING Home Insurance,ING,en,2026-02-01,0
assurance_habitation,Assurance habitation,ING Home Insurance,ING,en,2026-02-08,0
assurance_habitation,Assurance habitation,ING Home Insurance,ING,en,2026-02-15,0
assurance_habitation,Assurance habitation,ING Home Insurance,ING,en,2026-02-22,0
assurance_habitation,Assurance habitation,ING Home Insurance,ING,en,2026-03-01,0
assurance_habitation,Assurance habitation,ING Home Insurance,ING,en,2026-03-08,0
assurance_habitation,Assurance habitation,ING Home Insurance,ING,en,2026-03-15,0
assurance_habitation,Assurance habitation,ING Home Insurance,ING,en,2026-03-22,0
assurance_habitation,Assurance habitation,ING Home Insurance,ING,en,2026-03-29,0
assurance_habitation,Assurance habitation,ING Home Insurance,ING,en,2026-04-05,0
assurance_habitation,Assurance habitation,ING Home Insurance,ING,en,2026-04-12,0
assurance_habitation,Assurance habitation,ING Home Insurance,ING,en,2026-04-19,0
assurance_habitation,Assurance habitation,ING Home Insurance,ING,en,2026-04-26,0
assurance_habitation,Assurance habitation,ING Home Insurance,ING,en,2026-05-03,0
assurance_habitation,Assurance habitation,ING Home Insurance,ING,en,2026-05-10,0
assurance_habitation,Assurance habitation,ING Home Insurance,ING,en,2026-05-17,0
assurance_habitation,Assurance habitation,ING Home Insurance,ING,en,2026-05-24,0
assurance_habitation,Assurance habitation,ING Home Insurance,ING,en,2026-05-31,0
assurance_habitation,Assurance habitation,ING Home Insurance,ING,en,2026-06-07,0
assurance_habitation,Assurance habitation,ING Home Insurance,ING,en,2026-06-14,0
assurance_habitation,Assurance habitation,ING Home Insurance,ING,en,2026-06-21,0
assurance_habitation,Assurance habitation,ING Home Insurance,ING,en,2026-06-28,0
assurance_habitation,Assurance habitation,ING Home Insurance,ING,en,2026-07-05,0
assurance_habitation,Assurance habitation,ING Home Insurance,ING,en,2026-07-12,0
assurance_habitation,Assurance habitation,ING Home Insurance,ING,en,2026-07-19,0
assurance_habitation,Assurance habitation,ING Home Insurance,ING,en,2026-07-26,0
assurance_habitation,Assurance habitation,ING Home Insurance,ING,en,2026-08-02,0
assurance_habitation,Assurance habitation,ING Home Insurance,ING,en,2026-08-09,0
assurance_habitation,Assurance habitation,ING Home Insurance,ING,en,2026-08-16,0
assurance_habitation,Assurance habitation,ING Home Insurance,ING,en,2026-08-23,0
assurance_habitation,Assurance habitation,ING Home Insurance,ING,en,2026-08-30,0
assurance_habitation,Assurance habitation,ING Home Insurance,ING,en,2026-09-06,0
assurance_habitation,Assurance habitation,ING Home Insurance,ING,en,2026-09-13,0
assurance_habitation,Assurance habitation,assurance habitation ING,ING,fr,2021-09-12,0
assurance_habitation,Assurance habitation,assurance habitation ING,ING,fr,2021-09-19,0
assurance_habitation,Assurance habitation,assurance habitation ING,ING,fr,2021-09-26,0
assurance_habitation,Assurance habitation,assurance habitation ING,ING,fr,2021-10-03,0
assurance_habitation,Assurance habitation,assurance habitation ING,ING,fr,2021-10-10,0
assurance_habitation,Assurance habitation,assurance habitation ING,ING,fr,2021-10-17,0
assurance_habitation,Assurance habitation,assurance habitation ING,ING,fr,2021-10-24,0
assurance_habitation,Assurance habitation,assurance habitation ING,ING,fr,2021-10-31,0
assurance_habitation,Assurance habitation,assurance habitation ING,ING,fr,2021-11-07,0
assurance_habitation,Assurance habitation,assurance habitation ING,ING,fr,2021-11-14,0
assurance_habitation,Assurance habitation,assurance habitation ING,ING,fr,2021-11-21,0
assurance_habitation,Assurance habitation,assurance habitation ING,ING,fr,2021-11-28,0
assurance_habitation,Assurance habitation,assurance habitation ING,ING,fr,2021-12-05,0
assurance_habitation,Assurance habitation,assurance habitation ING,ING,fr,2021-12-12,0
assurance_habitation,Assurance habitation,assurance habitation ING,ING,fr,2021-12-19,0
assurance_habitation,Assurance habitation,assurance habitation ING,ING,fr,2021-12-26,0
assurance_habitation,Assurance habitation,assurance habitation ING,ING,fr,2022-01-02,0
assurance_habitation,Assurance habitation,assurance habitation ING,ING,fr,2022-01-09,0
assurance_habitation,Assurance habitation,assurance habitation ING,ING,fr,2022-01-16,0
assurance_habitation,Assurance habitation,assurance habitation ING,ING,fr,2022-01-23,0
assurance_habitation,Assurance habitation,assurance habitation ING,ING,fr,2022-01-30,0
assurance_habitation,Assurance habitation,assurance habitation ING,ING,fr,2022-02-06,0
assurance_habitation,Assurance habitation,assurance habitation ING,ING,fr,2022-02-13,0
assurance_habitation,Assurance habitation,assurance habitation ING,ING,fr,2022-02-20,0
assurance_habitation,Assurance habitation,assurance habitation ING,ING,fr,2022-02-27,0
assurance_habitation,Assurance habitation,assurance habitation ING,ING,fr,2022-03-06,0
assurance_habitation,Assurance habitation,assurance habitation ING,ING,fr,2022-03-13,0
assurance_habitation,Assurance habitation,assurance habitation ING,ING,fr,2022-03-20,0
assurance_habitation,Assurance habitation,assurance habitation ING,ING,fr,2022-03-27,0
assurance_habitation,Assurance habitation,assurance habitation ING,ING,fr,2022-04-03,0
assurance_habitation,Assurance habitation,assurance habitation ING,ING,fr,2022-04-10,0
assurance_habitation,Assurance habitation,assurance habitation ING,ING,fr,2022-04-17,0
assurance_habitation,Assurance habitation,assurance habitation ING,ING,fr,2022-04-24,0
assurance_habitation,Assurance habitation,assurance habitation ING,ING,fr,2022-05-01,0
assurance_habitation,Assurance habitation,assurance habitation ING,ING,fr,2022-05-08,0
assurance_habitation,Assurance habitation,assurance habitation ING,ING,fr,2022-05-15,0
assurance_habitation,Assurance habitation,assurance habitation ING,ING,fr,2022-05-22,0
assurance_habitation,Assurance habitation,assurance habitation ING,ING,fr,2022-05-29,0
assurance_habitation,Assurance habitation,assurance habitation ING,ING,fr,2022-06-05,0
assurance_habitation,Assurance habitation,assurance habitation ING,ING,fr,2022-06-12,0
assurance_habitation,Assurance habitation,assurance habitation ING,ING,fr,2022-06-19,0
assurance_habitation,Assurance habitation,assurance habitation ING,ING,fr,2022-06-26,0
assurance_habitation,Assurance habitation,assurance habitation ING,ING,fr,2022-07-03,0
assurance_habitation,Assurance habitation,assurance habitation ING,ING,fr,2022-07-10,0
assurance_habitation,Assurance habitation,assurance habitation ING,ING,fr,2022-07-17,0
assurance_habitation,Assurance habitation,assurance habitation ING,ING,fr,2022-07-24,0
assurance_habitation,Assurance habitation,assurance habitation ING,ING,fr,2022-07-31,0
assurance_habitation,Assurance habitation,assurance habitation ING,ING,fr,2022-08-07,0
assurance_habitation,Assurance habitation,assurance habitation ING,ING,fr,2022-08-14,0
assurance_habitation,Assurance habitation,assurance habitation ING,ING,fr,2022-08-21,0
assurance_habitation,Assurance habitation,assurance habitation ING,ING,fr,2022-08-28,0
assurance_habitation,Assurance habitation,assurance habitation ING,ING,fr,2022-09-04,0
assurance_habitation,Assurance habitation,assurance habitation ING,ING,fr,2022-09-11,0
assurance_habitation,Assurance habitation,assurance habitation ING,ING,fr,2022-09-18,0
assurance_habitation,Assurance habitation,assurance habitation ING,ING,fr,2022-09-25,0
assurance_habitation,Assurance habitation,assurance habitation ING,ING,fr,2022-10-02,0
assurance_habitation,Assurance habitation,assurance habitation ING,ING,fr,2022-10-09,0
assurance_habitation,Assurance habitation,assurance habitation ING,ING,fr,2022-10-16,0
assurance_habitation,Assurance habitation,assurance habitation ING,ING,fr,2022-10-23,0
assurance_habitation,Assurance habitation,assurance habitation ING,ING,fr,2022-10-30,0
assurance_habitation,Assurance habitation,assurance habitation ING,ING,fr,2022-11-06,0
assurance_habitation,Assurance habitation,assurance habitation ING,ING,fr,2022-11-13,0
assurance_habitation,Assurance habitation,assurance habitation ING,ING,fr,2022-11-20,0
assurance_habitation,Assurance habitation,assurance habitation ING,ING,fr,2022-11-27,0
assurance_habitation,Assurance habitation,assurance habitation ING,ING,fr,2022-12-04,0
assurance_habitation,Assurance habitation,assurance habitation ING,ING,fr,2022-12-11,0
assurance_habitation,Assurance habitation,assurance habitation ING,ING,fr,2022-12-18,0
assurance_habitation,Assurance habitation,assurance habitation ING,ING,fr,2022-12-25,0
assurance_habitation,Assurance habitation,assurance habitation ING,ING,fr,2023-01-01,0
assurance_habitation,Assurance habitation,assurance habitation ING,ING,fr,2023-01-08,0
assurance_habitation,Assurance habitation,assurance habitation ING,ING,fr,2023-01-15,0
assurance_habitation,Assurance habitation,assurance habitation ING,ING,fr,2023-01-22,0
assurance_habitation,Assurance habitation,assurance habitation ING,ING,fr,2023-01-29,0
assurance_habitation,Assurance habitation,assurance habitation ING,ING,fr,2023-02-05,0
assurance_habitation,Assurance habitation,assurance habitation ING,ING,fr,2023-02-12,0
assurance_habitation,Assurance habitation,assurance habitation ING,ING,fr,2023-02-19,0
assurance_habitation,Assurance habitation,assurance habitation ING,ING,fr,2023-02-26,0
assurance_habitation,Assurance habitation,assurance habitation ING,ING,fr,2023-03-05,0
assurance_habitation,Assurance habitation,assurance habitation ING,ING,fr,2023-03-12,0
assurance_habitation,Assurance habitation,assurance habitation ING,ING,fr,2023-03-19,0
assurance_habitation,Assurance habitation,assurance habitation ING,ING,fr,2023-03-26,0
assurance_habitation,Assurance habitation,assurance habitation ING,ING,fr,2023-04-02,0
assurance_habitation,Assurance habitation,assurance habitation ING,ING,fr,2023-04-09,0
assurance_habitation,Assurance habitation,assurance habitation ING,ING,fr,2023-04-16,0
assurance_habitation,Assurance habitation,assurance habitation ING,ING,fr,2023-04-23,0
assurance_habitation,Assurance habitation,assurance habitation ING,ING,fr,2023-04-30,0
assurance_habitation,Assurance habitation,assurance habitation ING,ING,fr,2023-05-07,0
assurance_habitation,Assurance habitation,assurance habitation ING,ING,fr,2023-05-14,0
assurance_habitation,Assurance habitation,assurance habitation ING,ING,fr,2023-05-21,0
assurance_habitation,Assurance habitation,assurance habitation ING,ING,fr,2023-05-28,0
assurance_habitation,Assurance habitation,assurance habitation ING,ING,fr,2023-06-04,0
assurance_habitation,Assurance habitation,assurance habitation ING,ING,fr,2023-06-11,0
assurance_habitation,Assurance habitation,assurance habitation ING,ING,fr,2023-06-18,0
assurance_habitation,Assurance habitation,assurance habitation ING,ING,fr,2023-06-25,0
assurance_habitation,Assurance habitation,assurance habitation ING,ING,fr,2023-07-02,0
assurance_habitation,Assurance habitation,assurance habitation ING,ING,fr,2023-07-09,0
assurance_habitation,Assurance habitation,assurance habitation ING,ING,fr,2023-07-16,0
assurance_habitation,Assurance habitation,assurance habitation ING,ING,fr,2023-07-23,0
assurance_habitation,Assurance habitation,assurance habitation ING,ING,fr,2023-07-30,0
assurance_habitation,Assurance habitation,assurance habitation ING,ING,fr,2023-08-06,0
assurance_habitation,Assurance habitation,assurance habitation ING,ING,fr,2023-08-13,0
assurance_habitation,Assurance habitation,assurance habitation ING,ING,fr,2023-08-20,0
assurance_habitation,Assurance habitation,assurance habitation ING,ING,fr,2023-08-27,0
assurance_habitation,Assurance habitation,assurance habitation ING,ING,fr,2023-09-03,0
assurance_habitation,Assurance habitation,assurance habitation ING,ING,fr,2023-09-10,0
assurance_habitation,Assurance habitation,assurance habitation ING,ING,fr,2023-09-17,0
assurance_habitation,Assurance habitation,assurance habitation ING,ING,fr,2023-09-24,0
assurance_habitation,Assurance habitation,assurance habitation ING,ING,fr,2023-10-01,0
assurance_habitation,Assurance habitation,assurance habitation ING,ING,fr,2023-10-08,0
assurance_habitation,Assurance habitation,assurance habitation ING,ING,fr,2023-10-15,0
assurance_habitation,Assurance habitation,assurance habitation ING,ING,fr,2023-10-22,0
assurance_habitation,Assurance habitation,assurance habitation ING,ING,fr,2023-10-29,0
assurance_habitation,Assurance habitation,assurance habitation ING,ING,fr,2023-11-05,0
assurance_habitation,Assurance habitation,assurance habitation ING,ING,fr,2023-11-12,0
assurance_habitation,Assurance habitation,assurance habitation ING,ING,fr,2023-11-19,0
assurance_habitation,Assurance habitation,assurance habitation ING,ING,fr,2023-11-26,0
assurance_habitation,Assurance habitation,assurance habitation ING,ING,fr,2023-12-03,0
assurance_habitation,Assurance habitation,assurance habitation ING,ING,fr,2023-12-10,0
assurance_habitation,Assurance habitation,assurance habitation ING,ING,fr,2023-12-17,0
assurance_habitation,Assurance habitation,assurance habitation ING,ING,fr,2023-12-24,0
assurance_habitation,Assurance habitation,assurance habitation ING,ING,fr,2023-12-31,0
assurance_habitation,Assurance habitation,assurance habitation ING,ING,fr,2024-01-07,0
assurance_habitation,Assurance habitation,assurance habitation ING,ING,fr,2024-01-14,0
assurance_habitation,Assurance habitation,assurance habitation ING,ING,fr,2024-01-21,0
assurance_habitation,Assurance habitation,assurance habitation ING,ING,fr,2024-01-28,0
assurance_habitation,Assurance habitation,assurance habitation ING,ING,fr,2024-02-04,0
assurance_habitation,Assurance habitation,assurance habitation ING,ING,fr,2024-02-11,0
assurance_habitation,Assurance habitation,assurance habitation ING,ING,fr,2024-02-18,0
assurance_habitation,Assurance habitation,assurance habitation ING,ING,fr,2024-02-25,0
assurance_habitation,Assurance habitation,assurance habitation ING,ING,fr,2024-03-03,0
assurance_habitation,Assurance habitation,assurance habitation ING,ING,fr,2024-03-10,0
assurance_habitation,Assurance habitation,assurance habitation ING,ING,fr,2024-03-17,0
assurance_habitation,Assurance habitation,assurance habitation ING,ING,fr,2024-03-24,0
assurance_habitation,Assurance habitation,assurance habitation ING,ING,fr,2024-03-31,0
assurance_habitation,Assurance habitation,assurance habitation ING,ING,fr,2024-04-07,0
assurance_habitation,Assurance habitation,assurance habitation ING,ING,fr,2024-04-14,0
assurance_habitation,Assurance habitation,assurance habitation ING,ING,fr,2024-04-21,0
assurance_habitation,Assurance habitation,assurance habitation ING,ING,fr,2024-04-28,0
assurance_habitation,Assurance habitation,assurance habitation ING,ING,fr,2024-05-05,0
assurance_habitation,Assurance habitation,assurance habitation ING,ING,fr,2024-05-12,0
assurance_habitation,Assurance habitation,assurance habitation ING,ING,fr,2024-05-19,0
assurance_habitation,Assurance habitation,assurance habitation ING,ING,fr,2024-05-26,0
assurance_habitation,Assurance habitation,assurance habitation ING,ING,fr,2024-06-02,0
assurance_habitation,Assurance habitation,assurance habitation ING,ING,fr,2024-06-09,0
assurance_habitation,Assurance habitation,assurance habitation ING,ING,fr,2024-06-16,0
assurance_habitation,Assurance habitation,assurance habitation ING,ING,fr,2024-06-23,0
assurance_habitation,Assurance habitation,assurance habitation ING,ING,fr,2024-06-30,0
assurance_habitation,Assurance habitation,assurance habitation ING,ING,fr,2024-07-07,0
assurance_habitation,Assurance habitation,assurance habitation ING,ING,fr,2024-07-14,0
assurance_habitation,Assurance habitation,assurance habitation ING,ING,fr,2024-07-21,0
assurance_habitation,Assurance habitation,assurance habitation ING,ING,fr,2024-07-28,0
assurance_habitation,Assurance habitation,assurance habitation ING,ING,fr,2024-08-04,0
assurance_habitation,Assurance habitation,assurance habitation ING,ING,fr,2024-08-11,0
assurance_habitation,Assurance habitation,assurance habitation ING,ING,fr,2024-08-18,0
assurance_habitation,Assurance habitation,assurance habitation ING,ING,fr,2024-08-25,0
assurance_habitation,Assurance habitation,assurance habitation ING,ING,fr,2024-09-01,0
assurance_habitation,Assurance habitation,assurance habitation ING,ING,fr,2024-09-08,0
assurance_habitation,Assurance habitation,assurance habitation ING,ING,fr,2024-09-15,0
assurance_habitation,Assurance habitation,assurance habitation ING,ING,fr,2024-09-22,0
assurance_habitation,Assurance habitation,assurance habitation ING,ING,fr,2024-09-29,0
assurance_habitation,Assurance habitation,assurance habitation ING,ING,fr,2024-10-06,0
assurance_habitation,Assurance habitation,assurance habitation ING,ING,fr,2024-10-13,0
assurance_habitation,Assurance habitation,assurance habitation ING,ING,fr,2024-10-20,0
assurance_habitation,Assurance habitation,assurance habitation ING,ING,fr,2024-10-27,0
assurance_habitation,Assurance habitation,assurance habitation ING,ING,fr,2024-11-03,0
assurance_habitation,Assurance habitation,assurance habitation ING,ING,fr,2024-11-10,0
assurance_habitation,Assurance habitation,assurance habitation ING,ING,fr,2024-11-17,0
assurance_habitation,Assurance habitation,assurance habitation ING,ING,fr,2024-11-24,0
assurance_habitation,Assurance habitation,assurance habitation ING,ING,fr,2024-12-01,0
assurance_habitation,Assurance habitation,assurance habitation ING,ING,fr,2024-12-08,0
assurance_habitation,Assurance habitation,assurance habitation ING,ING,fr,2024-12-15,0
assurance_habitation,Assurance habitation,assurance habitation ING,ING,fr,2024-12-22,0
assurance_habitation,Assurance habitation,assurance habitation ING,ING,fr,2024-12-29,0
assurance_habitation,Assurance habitation,assurance habitation ING,ING,fr,2025-01-05,0
assurance_habitation,Assurance habitation,assurance habitation ING,ING,fr,2025-01-12,0
assurance_habitation,Assurance habitation,assurance habitation ING,ING,fr,2025-01-19,0
assurance_habitation,Assurance habitation,assurance habitation ING,ING,fr,2025-01-26,0
assurance_habitation,Assurance habitation,assurance habitation ING,ING,fr,2025-02-02,0
assurance_habitation,Assurance habitation,assurance habitation ING,ING,fr,2025-02-09,0
assurance_habitation,Assurance habitation,assurance habitation ING,ING,fr,2025-02-16,0
assurance_habitation,Assurance habitation,assurance habitation ING,ING,fr,2025-02-23,0
assurance_habitation,Assurance habitation,assurance habitation ING,ING,fr,2025-03-02,0
assurance_habitation,Assurance habitation,assurance habitation ING,ING,fr,2025-03-09,0
assurance_habitation,Assurance habitation,assurance habitation ING,ING,fr,2025-03-16,0
assurance_habitation,Assurance habitation,assurance habitation ING,ING,fr,2025-03-23,0
assurance_habitation,Assurance habitation,assurance habitation ING,ING,fr,2025-03-30,0
assurance_habitation,Assurance habitation,assurance habitation ING,ING,fr,2025-04-06,0
assurance_habitation,Assurance habitation,assurance habitation ING,ING,fr,2025-04-13,0
assurance_habitation,Assurance habitation,assurance habitation ING,ING,fr,2025-04-20,0
assurance_habitation,Assurance habitation,assurance habitation ING,ING,fr,2025-04-27,0
assurance_habitation,Assurance habitation,assurance habitation ING,ING,fr,2025-05-04,0
assurance_habitation,Assurance habitation,assurance habitation ING,ING,fr,2025-05-11,0
assurance_habitation,Assurance habitation,assurance habitation ING,ING,fr,2025-05-18,0
assurance_habitation,Assurance habitation,assurance habitation ING,ING,fr,2025-05-25,0
assurance_habitation,Assurance habitation,assurance habitation ING,ING,fr,2025-06-01,0
assurance_habitation,Assurance habitation,assurance habitation ING,ING,fr,2025-06-08,0
assurance_habitation,Assurance habitation,assurance habitation ING,ING,fr,2025-06-15,0
assurance_habitation,Assurance habitation,assurance habitation ING,ING,fr,2025-06-22,0
assurance_habitation,Assurance habitation,assurance habitation ING,ING,fr,2025-06-29,0
assurance_habitation,Assurance habitation,assurance habitation ING,ING,fr,2025-07-06,0
assurance_habitation,Assurance habitation,assurance habitation ING,ING,fr,2025-07-13,0
assurance_habitation,Assurance habitation,assurance habitation ING,ING,fr,2025-07-20,0
assurance_habitation,Assurance habitation,assurance habitation ING,ING,fr,2025-07-27,0
assurance_habitation,Assurance habitation,assurance habitation ING,ING,fr,2025-08-03,0
assurance_habitation,Assurance habitation,assurance habitation ING,ING,fr,2025-08-10,0
assurance_habitation,Assurance habitation,assurance habitation ING,ING,fr,2025-08-17,0
assurance_habitation,Assurance habitation,assurance habitation ING,ING,fr,2025-08-24,0
assurance_habitation,Assurance habitation,assurance habitation ING,ING,fr,2025-08-31,0
assurance_habitation,Assurance habitation,assurance habitation ING,ING,fr,2025-09-07,0
assurance_habitation,Assurance habitation,assurance habitation ING,ING,fr,2025-09-14,0
assurance_habitation,Assurance habitation,assurance habitation ING,ING,fr,2025-09-21,0
assurance_habitation,Assurance habitation,assurance habitation ING,ING,fr,2025-09-28,0
assurance_habitation,Assurance habitation,assurance habitation ING,ING,fr,2025-10-05,0
assurance_habitation,Assurance habitation,assurance habitation ING,ING,fr,2025-10-12,0
assurance_habitation,Assurance habitation,assurance habitation ING,ING,fr,2025-10-19,0
assurance_habitation,Assurance habitation,assurance habitation ING,ING,fr,2025-10-26,0
assurance_habitation,Assurance habitation,assurance habitation ING,ING,fr,2025-11-02,0
assurance_habitation,Assurance habitation,assurance habitation ING,ING,fr,2025-11-09,0
assurance_habitation,Assurance habitation,assurance habitation ING,ING,fr,2025-11-16,0
assurance_habitation,Assurance habitation,assurance habitation ING,ING,fr,2025-11-23,0
assurance_habitation,Assurance habitation,assurance habitation ING,ING,fr,2025-11-30,0
assurance_habitation,Assurance habitation,assurance habitation ING,ING,fr,2025-12-07,0
assurance_habitation,Assurance habitation,assurance habitation ING,ING,fr,2025-12-14,0
assurance_habitation,Assurance habitation,assurance habitation ING,ING,fr,2025-12-21,0
assurance_habitation,Assurance habitation,assurance habitation ING,ING,fr,2025-12-28,0
assurance_habitation,Assurance habitation,assurance habitation ING,ING,fr,2026-01-04,0
assurance_habitation,Assurance habitation,assurance habitation ING,ING,fr,2026-01-11,0
assurance_habitation,Assurance habitation,assurance habitation ING,ING,fr,2026-01-18,0
assurance_habitation,Assurance habitation,assurance habitation ING,ING,fr,2026-01-25,0
assurance_habitation,Assurance habitation,assurance habitation ING,ING,fr,2026-02-01,0
assurance_habitation,Assurance habitation,assurance habitation ING,ING,fr,2026-02-08,0
assurance_habitation,Assurance habitation,assurance habitation ING,ING,fr,2026-02-15,0
assurance_habitation,Assurance habitation,assurance habitation ING,ING,fr,2026-02-22,0
assurance_habitation,Assurance habitation,assurance habitation ING,ING,fr,2026-03-01,0
assurance_habitation,Assurance habitation,assurance habitation ING,ING,fr,2026-03-08,0
assurance_habitation,Assurance habitation,assurance habitation ING,ING,fr,2026-03-15,0
assurance_habitation,Assurance habitation,assurance habitation ING,ING,fr,2026-03-22,0
assurance_habitation,Assurance habitation,assurance habitation ING,ING,fr,2026-03-29,0
assurance_habitation,Assurance habitation,assurance habitation ING,ING,fr,2026-04-05,0
assurance_habitation,Assurance habitation,assurance habitation ING,ING,fr,2026-04-12,0
assurance_habitation,Assurance habitation,assurance habitation ING,ING,fr,2026-04-19,0
assurance_habitation,Assurance habitation,assurance habitation ING,ING,fr,2026-04-26,0
assurance_habitation,Assurance habitation,assurance habitation ING,ING,fr,2026-05-03,0
assurance_habitation,Assurance habitation,assurance habitation ING,ING,fr,2026-05-10,0
assurance_habitation,Assurance habitation,assurance habitation ING,ING,fr,2026-05-17,0
assurance_habitation,Assurance habitation,assurance habitation ING,ING,fr,2026-05-24,0
assurance_habitation,Assurance habitation,assurance habitation ING,ING,fr,2026-05-31,0
assurance_habitation,Assurance habitation,assurance habitation ING,ING,fr,2026-06-07,0
assurance_habitation,Assurance habitation,assurance habitation ING,ING,fr,2026-06-14,0
assurance_habitation,Assurance habitation,assurance habitation ING,ING,fr,2026-06-21,0
assurance_habitation,Assurance habitation,assurance habitation ING,ING,fr,2026-06-28,0
assurance_habitation,Assurance habitation,assurance habitation ING,ING,fr,2026-07-05,0
assurance_habitation,Assurance habitation,assurance habitation ING,ING,fr,2026-07-12,0
assurance_habitation,Assurance habitation,assurance habitation ING,ING,fr,2026-07-19,0
assurance_habitation,Assurance habitation,assurance habitation ING,ING,fr,2026-07-26,0
assurance_habitation,Assurance habitation,assurance habitation ING,ING,fr,2026-08-02,0
assurance_habitation,Assurance habitation,assurance habitation ING,ING,fr,2026-08-09,0
assurance_habitation,Assurance habitation,assurance habitation ING,ING,fr,2026-08-16,0
assurance_habitation,Assurance habitation,assurance habitation ING,ING,fr,2026-08-23,0
assurance_habitation,Assurance habitation,assurance habitation ING,ING,fr,2026-08-30,4
assurance_habitation,Assurance habitation,assurance habitation ING,ING,fr,2026-09-06,8
assurance_habitation,Assurance habitation,assurance habitation ING,ING,fr,2026-09-13,0
carte_credit,Carte de crédit,ING Card,ING,en,2021-09-12,65
carte_credit,Carte de crédit,ING Card,ING,en,2021-09-19,68
carte_credit,Carte de crédit,ING Card,ING,en,2021-09-26,65
carte_credit,Carte de crédit,ING Card,ING,en,2021-10-03,59
carte_credit,Carte de crédit,ING Card,ING,en,2021-10-10,55
carte_credit,Carte de crédit,ING Card,ING,en,2021-10-17,72
carte_credit,Carte de crédit,ING Card,ING,en,2021-10-24,80
carte_credit,Carte de crédit,ING Card,ING,en,2021-10-31,73
carte_credit,Carte de crédit,ING Card,ING,en,2021-11-07,63
carte_credit,Carte de crédit,ING Card,ING,en,2021-11-14,49
carte_credit,Carte de crédit,ING Card,ING,en,2021-11-21,71
carte_credit,Carte de crédit,ING Card,ING,en,2021-11-28,50
carte_credit,Carte de crédit,ING Card,ING,en,2021-12-05,70
carte_credit,Carte de crédit,ING Card,ING,en,2021-12-12,57
carte_credit,Carte de crédit,ING Card,ING,en,2021-12-19,50
carte_credit,Carte de crédit,ING Card,ING,en,2021-12-26,48
carte_credit,Carte de crédit,ING Card,ING,en,2022-01-02,55
carte_credit,Carte de crédit,ING Card,ING,en,2022-01-09,81
carte_credit,Carte de crédit,ING Card,ING,en,2022-01-16,58
carte_credit,Carte de crédit,ING Card,ING,en,2022-01-23,57
carte_credit,Carte de crédit,ING Card,ING,en,2022-01-30,77
carte_credit,Carte de crédit,ING Card,ING,en,2022-02-06,76
carte_credit,Carte de crédit,ING Card,ING,en,2022-02-13,61
carte_credit,Carte de crédit,ING Card,ING,en,2022-02-20,49
carte_credit,Carte de crédit,ING Card,ING,en,2022-02-27,71
carte_credit,Carte de crédit,ING Card,ING,en,2022-03-06,53
carte_credit,Carte de crédit,ING Card,ING,en,2022-03-13,49
carte_credit,Carte de crédit,ING Card,ING,en,2022-03-20,63
carte_credit,Carte de crédit,ING Card,ING,en,2022-03-27,58
carte_credit,Carte de crédit,ING Card,ING,en,2022-04-03,63
carte_credit,Carte de crédit,ING Card,ING,en,2022-04-10,42
carte_credit,Carte de crédit,ING Card,ING,en,2022-04-17,52
carte_credit,Carte de crédit,ING Card,ING,en,2022-04-24,55
carte_credit,Carte de crédit,ING Card,ING,en,2022-05-01,64
carte_credit,Carte de crédit,ING Card,ING,en,2022-05-08,59
carte_credit,Carte de crédit,ING Card,ING,en,2022-05-15,51
carte_credit,Carte de crédit,ING Card,ING,en,2022-05-22,83
carte_credit,Carte de crédit,ING Card,ING,en,2022-05-29,67
carte_credit,Carte de crédit,ING Card,ING,en,2022-06-05,46
carte_credit,Carte de crédit,ING Card,ING,en,2022-06-12,62
carte_credit,Carte de crédit,ING Card,ING,en,2022-06-19,57
carte_credit,Carte de crédit,ING Card,ING,en,2022-06-26,61
carte_credit,Carte de crédit,ING Card,ING,en,2022-07-03,79
carte_credit,Carte de crédit,ING Card,ING,en,2022-07-10,71
carte_credit,Carte de crédit,ING Card,ING,en,2022-07-17,55
carte_credit,Carte de crédit,ING Card,ING,en,2022-07-24,55
carte_credit,Carte de crédit,ING Card,ING,en,2022-07-31,51
carte_credit,Carte de crédit,ING Card,ING,en,2022-08-07,77
carte_credit,Carte de crédit,ING Card,ING,en,2022-08-14,51
carte_credit,Carte de crédit,ING Card,ING,en,2022-08-21,42
carte_credit,Carte de crédit,ING Card,ING,en,2022-08-28,58
carte_credit,Carte de crédit,ING Card,ING,en,2022-09-04,55
carte_credit,Carte de crédit,ING Card,ING,en,2022-09-11,71
carte_credit,Carte de crédit,ING Card,ING,en,2022-09-18,0
carte_credit,Carte de crédit,ING Card,ING,en,2022-09-25,46
carte_credit,Carte de crédit,ING Card,ING,en,2022-10-02,69
carte_credit,Carte de crédit,ING Card,ING,en,2022-10-09,63
carte_credit,Carte de crédit,ING Card,ING,en,2022-10-16,69
carte_credit,Carte de crédit,ING Card,ING,en,2022-10-23,49
carte_credit,Carte de crédit,ING Card,ING,en,2022-10-30,58
carte_credit,Carte de crédit,ING Card,ING,en,2022-11-06,61
carte_credit,Carte de crédit,ING Card,ING,en,2022-11-13,56
carte_credit,Carte de crédit,ING Card,ING,en,2022-11-20,51
carte_credit,Carte de crédit,ING Card,ING,en,2022-11-27,67
carte_credit,Carte de crédit,ING Card,ING,en,2022-12-04,50
carte_credit,Carte de crédit,ING Card,ING,en,2022-12-11,40
carte_credit,Carte de crédit,ING Card,ING,en,2022-12-18,62
carte_credit,Carte de crédit,ING Card,ING,en,2022-12-25,43
carte_credit,Carte de crédit,ING Card,ING,en,2023-01-01,57
carte_credit,Carte de crédit,ING Card,ING,en,2023-01-08,48
carte_credit,Carte de crédit,ING Card,ING,en,2023-01-15,29
carte_credit,Carte de crédit,ING Card,ING,en,2023-01-22,64
carte_credit,Carte de crédit,ING Card,ING,en,2023-01-29,57
carte_credit,Carte de crédit,ING Card,ING,en,2023-02-05,80
carte_credit,Carte de crédit,ING Card,ING,en,2023-02-12,53
carte_credit,Carte de crédit,ING Card,ING,en,2023-02-19,50
carte_credit,Carte de crédit,ING Card,ING,en,2023-02-26,63
carte_credit,Carte de crédit,ING Card,ING,en,2023-03-05,56
carte_credit,Carte de crédit,ING Card,ING,en,2023-03-12,40
carte_credit,Carte de crédit,ING Card,ING,en,2023-03-19,50
carte_credit,Carte de crédit,ING Card,ING,en,2023-03-26,46
carte_credit,Carte de crédit,ING Card,ING,en,2023-04-02,60
carte_credit,Carte de crédit,ING Card,ING,en,2023-04-09,60
carte_credit,Carte de crédit,ING Card,ING,en,2023-04-16,68
carte_credit,Carte de crédit,ING Card,ING,en,2023-04-23,47
carte_credit,Carte de crédit,ING Card,ING,en,2023-04-30,50
carte_credit,Carte de crédit,ING Card,ING,en,2023-05-07,61
carte_credit,Carte de crédit,ING Card,ING,en,2023-05-14,49
carte_credit,Carte de crédit,ING Card,ING,en,2023-05-21,63
carte_credit,Carte de crédit,ING Card,ING,en,2023-05-28,48
carte_credit,Carte de crédit,ING Card,ING,en,2023-06-04,66
carte_credit,Carte de crédit,ING Card,ING,en,2023-06-11,29
carte_credit,Carte de crédit,ING Card,ING,en,2023-06-18,52
carte_credit,Carte de crédit,ING Card,ING,en,2023-06-25,53
carte_credit,Carte de crédit,ING Card,ING,en,2023-07-02,51
carte_credit,Carte de crédit,ING Card,ING,en,2023-07-09,73
carte_credit,Carte de crédit,ING Card,ING,en,2023-07-16,69
carte_credit,Carte de crédit,ING Card,ING,en,2023-07-23,66
carte_credit,Carte de crédit,ING Card,ING,en,2023-07-30,50
carte_credit,Carte de crédit,ING Card,ING,en,2023-08-06,75
carte_credit,Carte de crédit,ING Card,ING,en,2023-08-13,49
carte_credit,Carte de crédit,ING Card,ING,en,2023-08-20,60
carte_credit,Carte de crédit,ING Card,ING,en,2023-08-27,59
carte_credit,Carte de crédit,ING Card,ING,en,2023-09-03,54
carte_credit,Carte de crédit,ING Card,ING,en,2023-09-10,40
carte_credit,Carte de crédit,ING Card,ING,en,2023-09-17,38
carte_credit,Carte de crédit,ING Card,ING,en,2023-09-24,31
carte_credit,Carte de crédit,ING Card,ING,en,2023-10-01,50
carte_credit,Carte de crédit,ING Card,ING,en,2023-10-08,52
carte_credit,Carte de crédit,ING Card,ING,en,2023-10-15,64
carte_credit,Carte de crédit,ING Card,ING,en,2023-10-22,51
carte_credit,Carte de crédit,ING Card,ING,en,2023-10-29,62
carte_credit,Carte de crédit,ING Card,ING,en,2023-11-05,55
carte_credit,Carte de crédit,ING Card,ING,en,2023-11-12,41
carte_credit,Carte de crédit,ING Card,ING,en,2023-11-19,42
carte_credit,Carte de crédit,ING Card,ING,en,2023-11-26,51
carte_credit,Carte de crédit,ING Card,ING,en,2023-12-03,40
carte_credit,Carte de crédit,ING Card,ING,en,2023-12-10,58
carte_credit,Carte de crédit,ING Card,ING,en,2023-12-17,54
carte_credit,Carte de crédit,ING Card,ING,en,2023-12-24,63
carte_credit,Carte de crédit,ING Card,ING,en,2023-12-31,65
carte_credit,Carte de crédit,ING Card,ING,en,2024-01-07,66
carte_credit,Carte de crédit,ING Card,ING,en,2024-01-14,62
carte_credit,Carte de crédit,ING Card,ING,en,2024-01-21,39
carte_credit,Carte de crédit,ING Card,ING,en,2024-01-28,63
carte_credit,Carte de crédit,ING Card,ING,en,2024-02-04,40
carte_credit,Carte de crédit,ING Card,ING,en,2024-02-11,47
carte_credit,Carte de crédit,ING Card,ING,en,2024-02-18,60
carte_credit,Carte de crédit,ING Card,ING,en,2024-02-25,42
carte_credit,Carte de crédit,ING Card,ING,en,2024-03-03,60
carte_credit,Carte de crédit,ING Card,ING,en,2024-03-10,43
carte_credit,Carte de crédit,ING Card,ING,en,2024-03-17,57
carte_credit,Carte de crédit,ING Card,ING,en,2024-03-24,100
carte_credit,Carte de crédit,ING Card,ING,en,2024-03-31,45
carte_credit,Carte de crédit,ING Card,ING,en,2024-04-07,63
carte_credit,Carte de crédit,ING Card,ING,en,2024-04-14,39
carte_credit,Carte de crédit,ING Card,ING,en,2024-04-21,28
carte_credit,Carte de crédit,ING Card,ING,en,2024-04-28,43
carte_credit,Carte de crédit,ING Card,ING,en,2024-05-05,68
carte_credit,Carte de crédit,ING Card,ING,en,2024-05-12,49
carte_credit,Carte de crédit,ING Card,ING,en,2024-05-19,51
carte_credit,Carte de crédit,ING Card,ING,en,2024-05-26,53
carte_credit,Carte de crédit,ING Card,ING,en,2024-06-02,60
carte_credit,Carte de crédit,ING Card,ING,en,2024-06-09,37
carte_credit,Carte de crédit,ING Card,ING,en,2024-06-16,0
carte_credit,Carte de crédit,ING Card,ING,en,2024-06-23,35
carte_credit,Carte de crédit,ING Card,ING,en,2024-06-30,31
carte_credit,Carte de crédit,ING Card,ING,en,2024-07-07,58
carte_credit,Carte de crédit,ING Card,ING,en,2024-07-14,0
carte_credit,Carte de crédit,ING Card,ING,en,2024-07-21,49
carte_credit,Carte de crédit,ING Card,ING,en,2024-07-28,47
carte_credit,Carte de crédit,ING Card,ING,en,2024-08-04,35
carte_credit,Carte de crédit,ING Card,ING,en,2024-08-11,37
carte_credit,Carte de crédit,ING Card,ING,en,2024-08-18,39
carte_credit,Carte de crédit,ING Card,ING,en,2024-08-25,41
carte_credit,Carte de crédit,ING Card,ING,en,2024-09-01,53
carte_credit,Carte de crédit,ING Card,ING,en,2024-09-08,47
carte_credit,Carte de crédit,ING Card,ING,en,2024-09-15,46
carte_credit,Carte de crédit,ING Card,ING,en,2024-09-22,49
carte_credit,Carte de crédit,ING Card,ING,en,2024-09-29,32
carte_credit,Carte de crédit,ING Card,ING,en,2024-10-06,62
carte_credit,Carte de crédit,ING Card,ING,en,2024-10-13,40
carte_credit,Carte de crédit,ING Card,ING,en,2024-10-20,45
carte_credit,Carte de crédit,ING Card,ING,en,2024-10-27,44
carte_credit,Carte de crédit,ING Card,ING,en,2024-11-03,59
carte_credit,Carte de crédit,ING Card,ING,en,2024-11-10,52
carte_credit,Carte de crédit,ING Card,ING,en,2024-11-17,44
carte_credit,Carte de crédit,ING Card,ING,en,2024-11-24,68
carte_credit,Carte de crédit,ING Card,ING,en,2024-12-01,57
carte_credit,Carte de crédit,ING Card,ING,en,2024-12-08,46
carte_credit,Carte de crédit,ING Card,ING,en,2024-12-15,40
carte_credit,Carte de crédit,ING Card,ING,en,2024-12-22,30
carte_credit,Carte de crédit,ING Card,ING,en,2024-12-29,35
carte_credit,Carte de crédit,ING Card,ING,en,2025-01-05,49
carte_credit,Carte de crédit,ING Card,ING,en,2025-01-12,41
carte_credit,Carte de crédit,ING Card,ING,en,2025-01-19,35
carte_credit,Carte de crédit,ING Card,ING,en,2025-01-26,44
carte_credit,Carte de crédit,ING Card,ING,en,2025-02-02,0
carte_credit,Carte de crédit,ING Card,ING,en,2025-02-09,41
carte_credit,Carte de crédit,ING Card,ING,en,2025-02-16,52
carte_credit,Carte de crédit,ING Card,ING,en,2025-02-23,34
carte_credit,Carte de crédit,ING Card,ING,en,2025-03-02,27
carte_credit,Carte de crédit,ING Card,ING,en,2025-03-09,47
carte_credit,Carte de crédit,ING Card,ING,en,2025-03-16,47
carte_credit,Carte de crédit,ING Card,ING,en,2025-03-23,49
carte_credit,Carte de crédit,ING Card,ING,en,2025-03-30,37
carte_credit,Carte de crédit,ING Card,ING,en,2025-04-06,49
carte_credit,Carte de crédit,ING Card,ING,en,2025-04-13,52
carte_credit,Carte de crédit,ING Card,ING,en,2025-04-20,26
carte_credit,Carte de crédit,ING Card,ING,en,2025-04-27,43
carte_credit,Carte de crédit,ING Card,ING,en,2025-05-04,47
carte_credit,Carte de crédit,ING Card,ING,en,2025-05-11,46
carte_credit,Carte de crédit,ING Card,ING,en,2025-05-18,25
carte_credit,Carte de crédit,ING Card,ING,en,2025-05-25,0
carte_credit,Carte de crédit,ING Card,ING,en,2025-06-01,25
carte_credit,Carte de crédit,ING Card,ING,en,2025-06-08,28
carte_credit,Carte de crédit,ING Card,ING,en,2025-06-15,31
carte_credit,Carte de crédit,ING Card,ING,en,2025-06-22,48
carte_credit,Carte de crédit,ING Card,ING,en,2025-06-29,52
carte_credit,Carte de crédit,ING Card,ING,en,2025-07-06,33
carte_credit,Carte de crédit,ING Card,ING,en,2025-07-13,0
carte_credit,Carte de crédit,ING Card,ING,en,2025-07-20,32
carte_credit,Carte de crédit,ING Card,ING,en,2025-07-27,0
carte_credit,Carte de crédit,ING Card,ING,en,2025-08-03,55
carte_credit,Carte de crédit,ING Card,ING,en,2025-08-10,31
carte_credit,Carte de crédit,ING Card,ING,en,2025-08-17,29
carte_credit,Carte de crédit,ING Card,ING,en,2025-08-24,39
carte_credit,Carte de crédit,ING Card,ING,en,2025-08-31,0
carte_credit,Carte de crédit,ING Card,ING,en,2025-09-07,32
carte_credit,Carte de crédit,ING Card,ING,en,2025-09-14,0
carte_credit,Carte de crédit,ING Card,ING,en,2025-09-21,52
carte_credit,Carte de crédit,ING Card,ING,en,2025-09-28,54
carte_credit,Carte de crédit,ING Card,ING,en,2025-10-05,39
carte_credit,Carte de crédit,ING Card,ING,en,2025-10-12,49
carte_credit,Carte de crédit,ING Card,ING,en,2025-10-19,43
carte_credit,Carte de crédit,ING Card,ING,en,2025-10-26,0
carte_credit,Carte de crédit,ING Card,ING,en,2025-11-02,46
carte_credit,Carte de crédit,ING Card,ING,en,2025-11-09,43
carte_credit,Carte de crédit,ING Card,ING,en,2025-11-16,43
carte_credit,Carte de crédit,ING Card,ING,en,2025-11-23,56
carte_credit,Carte de crédit,ING Card,ING,en,2025-11-30,64
carte_credit,Carte de crédit,ING Card,ING,en,2025-12-07,42
carte_credit,Carte de crédit,ING Card,ING,en,2025-12-14,55
carte_credit,Carte de crédit,ING Card,ING,en,2025-12-21,0
carte_credit,Carte de crédit,ING Card,ING,en,2025-12-28,36
carte_credit,Carte de crédit,ING Card,ING,en,2026-01-04,0
carte_credit,Carte de crédit,ING Card,ING,en,2026-01-11,32
carte_credit,Carte de crédit,ING Card,ING,en,2026-01-18,0
carte_credit,Carte de crédit,ING Card,ING,en,2026-01-25,37
carte_credit,Carte de crédit,ING Card,ING,en,2026-02-01,46
carte_credit,Carte de crédit,ING Card,ING,en,2026-02-08,38
carte_credit,Carte de crédit,ING Card,ING,en,2026-02-15,36
carte_credit,Carte de crédit,ING Card,ING,en,2026-02-22,34
carte_credit,Carte de crédit,ING Card,ING,en,2026-03-01,0
carte_credit,Carte de crédit,ING Card,ING,en,2026-03-08,56
carte_credit,Carte de crédit,ING Card,ING,en,2026-03-15,35
carte_credit,Carte de crédit,ING Card,ING,en,2026-03-22,35
carte_credit,Carte de crédit,ING Card,ING,en,2026-03-29,57
carte_credit,Carte de crédit,ING Card,ING,en,2026-04-05,28
carte_credit,Carte de crédit,ING Card,ING,en,2026-04-12,27
carte_credit,Carte de crédit,ING Card,ING,en,2026-04-19,0
carte_credit,Carte de crédit,ING Card,ING,en,2026-04-26,44
carte_credit,Carte de crédit,ING Card,ING,en,2026-05-03,29
carte_credit,Carte de crédit,ING Card,ING,en,2026-05-10,53
carte_credit,Carte de crédit,ING Card,ING,en,2026-05-17,42
carte_credit,Carte de crédit,ING Card,ING,en,2026-05-24,38
carte_credit,Carte de crédit,ING Card,ING,en,2026-05-31,45
carte_credit,Carte de crédit,ING Card,ING,en,2026-06-07,0
carte_credit,Carte de crédit,ING Card,ING,en,2026-06-14,28
carte_credit,Carte de crédit,ING Card,ING,en,2026-06-21,37
carte_credit,Carte de crédit,ING Card,ING,en,2026-06-28,34
carte_credit,Carte de crédit,ING Card,ING,en,2026-07-05,0
carte_credit,Carte de crédit,ING Card,ING,en,2026-07-12,35
carte_credit,Carte de crédit,ING Card,ING,en,2026-07-19,0
carte_credit,Carte de crédit,ING Card,ING,en,2026-07-26,0
carte_credit,Carte de crédit,ING Card,ING,en,2026-08-02,32
carte_credit,Carte de crédit,ING Card,ING,en,2026-08-09,42
carte_credit,Carte de crédit,ING Card,ING,en,2026-08-16,0
carte_credit,Carte de crédit,ING Card,ING,en,2026-08-23,32
carte_credit,Carte de crédit,ING Card,ING,en,2026-08-30,26
carte_credit,Carte de crédit,ING Card,ING,en,2026-09-06,31
carte_credit,Carte de crédit,ING Card,ING,en,2026-09-13,24
carte_credit,Carte de crédit,ING kredietkaart,ING,nl,2021-09-12,0
carte_credit,Carte de crédit,ING kredietkaart,ING,nl,2021-09-19,0
carte_credit,Carte de crédit,ING kredietkaart,ING,nl,2021-09-26,0
carte_credit,Carte de crédit,ING kredietkaart,ING,nl,2021-10-03,0
carte_credit,Carte de crédit,ING kredietkaart,ING,nl,2021-10-10,0
carte_credit,Carte de crédit,ING kredietkaart,ING,nl,2021-10-17,0
carte_credit,Carte de crédit,ING kredietkaart,ING,nl,2021-10-24,0
carte_credit,Carte de crédit,ING kredietkaart,ING,nl,2021-10-31,0
carte_credit,Carte de crédit,ING kredietkaart,ING,nl,2021-11-07,0
carte_credit,Carte de crédit,ING kredietkaart,ING,nl,2021-11-14,0
carte_credit,Carte de crédit,ING kredietkaart,ING,nl,2021-11-21,0
carte_credit,Carte de crédit,ING kredietkaart,ING,nl,2021-11-28,25
carte_credit,Carte de crédit,ING kredietkaart,ING,nl,2021-12-05,0
carte_credit,Carte de crédit,ING kredietkaart,ING,nl,2021-12-12,0
carte_credit,Carte de crédit,ING kredietkaart,ING,nl,2021-12-19,0
carte_credit,Carte de crédit,ING kredietkaart,ING,nl,2021-12-26,0
carte_credit,Carte de crédit,ING kredietkaart,ING,nl,2022-01-02,0
carte_credit,Carte de crédit,ING kredietkaart,ING,nl,2022-01-09,0
carte_credit,Carte de crédit,ING kredietkaart,ING,nl,2022-01-16,0
carte_credit,Carte de crédit,ING kredietkaart,ING,nl,2022-01-23,0
carte_credit,Carte de crédit,ING kredietkaart,ING,nl,2022-01-30,0
carte_credit,Carte de crédit,ING kredietkaart,ING,nl,2022-02-06,0
carte_credit,Carte de crédit,ING kredietkaart,ING,nl,2022-02-13,0
carte_credit,Carte de crédit,ING kredietkaart,ING,nl,2022-02-20,0
carte_credit,Carte de crédit,ING kredietkaart,ING,nl,2022-02-27,0
carte_credit,Carte de crédit,ING kredietkaart,ING,nl,2022-03-06,0
carte_credit,Carte de crédit,ING kredietkaart,ING,nl,2022-03-13,0
carte_credit,Carte de crédit,ING kredietkaart,ING,nl,2022-03-20,0
carte_credit,Carte de crédit,ING kredietkaart,ING,nl,2022-03-27,0
carte_credit,Carte de crédit,ING kredietkaart,ING,nl,2022-04-03,0
carte_credit,Carte de crédit,ING kredietkaart,ING,nl,2022-04-10,0
carte_credit,Carte de crédit,ING kredietkaart,ING,nl,2022-04-17,0
carte_credit,Carte de crédit,ING kredietkaart,ING,nl,2022-04-24,0
carte_credit,Carte de crédit,ING kredietkaart,ING,nl,2022-05-01,0
carte_credit,Carte de crédit,ING kredietkaart,ING,nl,2022-05-08,0
carte_credit,Carte de crédit,ING kredietkaart,ING,nl,2022-05-15,0
carte_credit,Carte de crédit,ING kredietkaart,ING,nl,2022-05-22,0
carte_credit,Carte de crédit,ING kredietkaart,ING,nl,2022-05-29,0
carte_credit,Carte de crédit,ING kredietkaart,ING,nl,2022-06-05,0
carte_credit,Carte de crédit,ING kredietkaart,ING,nl,2022-06-12,0
carte_credit,Carte de crédit,ING kredietkaart,ING,nl,2022-06-19,0
carte_credit,Carte de crédit,ING kredietkaart,ING,nl,2022-06-26,0
carte_credit,Carte de crédit,ING kredietkaart,ING,nl,2022-07-03,0
carte_credit,Carte de crédit,ING kredietkaart,ING,nl,2022-07-10,0
carte_credit,Carte de crédit,ING kredietkaart,ING,nl,2022-07-17,0
carte_credit,Carte de crédit,ING kredietkaart,ING,nl,2022-07-24,0
carte_credit,Carte de crédit,ING kredietkaart,ING,nl,2022-07-31,0
carte_credit,Carte de crédit,ING kredietkaart,ING,nl,2022-08-07,0
carte_credit,Carte de crédit,ING kredietkaart,ING,nl,2022-08-14,0
carte_credit,Carte de crédit,ING kredietkaart,ING,nl,2022-08-21,0
carte_credit,Carte de crédit,ING kredietkaart,ING,nl,2022-08-28,0
carte_credit,Carte de crédit,ING kredietkaart,ING,nl,2022-09-04,0
carte_credit,Carte de crédit,ING kredietkaart,ING,nl,2022-09-11,0
carte_credit,Carte de crédit,ING kredietkaart,ING,nl,2022-09-18,0
carte_credit,Carte de crédit,ING kredietkaart,ING,nl,2022-09-25,0
carte_credit,Carte de crédit,ING kredietkaart,ING,nl,2022-10-02,0
carte_credit,Carte de crédit,ING kredietkaart,ING,nl,2022-10-09,0
carte_credit,Carte de crédit,ING kredietkaart,ING,nl,2022-10-16,0
carte_credit,Carte de crédit,ING kredietkaart,ING,nl,2022-10-23,0
carte_credit,Carte de crédit,ING kredietkaart,ING,nl,2022-10-30,0
carte_credit,Carte de crédit,ING kredietkaart,ING,nl,2022-11-06,0
carte_credit,Carte de crédit,ING kredietkaart,ING,nl,2022-11-13,25
carte_credit,Carte de crédit,ING kredietkaart,ING,nl,2022-11-20,0
carte_credit,Carte de crédit,ING kredietkaart,ING,nl,2022-11-27,0
carte_credit,Carte de crédit,ING kredietkaart,ING,nl,2022-12-04,0
carte_credit,Carte de crédit,ING kredietkaart,ING,nl,2022-12-11,0
carte_credit,Carte de crédit,ING kredietkaart,ING,nl,2022-12-18,0
carte_credit,Carte de crédit,ING kredietkaart,ING,nl,2022-12-25,0
carte_credit,Carte de crédit,ING kredietkaart,ING,nl,2023-01-01,0
carte_credit,Carte de crédit,ING kredietkaart,ING,nl,2023-01-08,0
carte_credit,Carte de crédit,ING kredietkaart,ING,nl,2023-01-15,0
carte_credit,Carte de crédit,ING kredietkaart,ING,nl,2023-01-22,0
carte_credit,Carte de crédit,ING kredietkaart,ING,nl,2023-01-29,0
carte_credit,Carte de crédit,ING kredietkaart,ING,nl,2023-02-05,26
carte_credit,Carte de crédit,ING kredietkaart,ING,nl,2023-02-12,0
carte_credit,Carte de crédit,ING kredietkaart,ING,nl,2023-02-19,0
carte_credit,Carte de crédit,ING kredietkaart,ING,nl,2023-02-26,0
carte_credit,Carte de crédit,ING kredietkaart,ING,nl,2023-03-05,0
carte_credit,Carte de crédit,ING kredietkaart,ING,nl,2023-03-12,0
carte_credit,Carte de crédit,ING kredietkaart,ING,nl,2023-03-19,0
carte_credit,Carte de crédit,ING kredietkaart,ING,nl,2023-03-26,0
carte_credit,Carte de crédit,ING kredietkaart,ING,nl,2023-04-02,0
carte_credit,Carte de crédit,ING kredietkaart,ING,nl,2023-04-09,0
carte_credit,Carte de crédit,ING kredietkaart,ING,nl,2023-04-16,0
carte_credit,Carte de crédit,ING kredietkaart,ING,nl,2023-04-23,0
carte_credit,Carte de crédit,ING kredietkaart,ING,nl,2023-04-30,0
carte_credit,Carte de crédit,ING kredietkaart,ING,nl,2023-05-07,0
carte_credit,Carte de crédit,ING kredietkaart,ING,nl,2023-05-14,0
carte_credit,Carte de crédit,ING kredietkaart,ING,nl,2023-05-21,0
carte_credit,Carte de crédit,ING kredietkaart,ING,nl,2023-05-28,0
carte_credit,Carte de crédit,ING kredietkaart,ING,nl,2023-06-04,0
carte_credit,Carte de crédit,ING kredietkaart,ING,nl,2023-06-11,0
carte_credit,Carte de crédit,ING kredietkaart,ING,nl,2023-06-18,0
carte_credit,Carte de crédit,ING kredietkaart,ING,nl,2023-06-25,0
carte_credit,Carte de crédit,ING kredietkaart,ING,nl,2023-07-02,0
carte_credit,Carte de crédit,ING kredietkaart,ING,nl,2023-07-09,0
carte_credit,Carte de crédit,ING kredietkaart,ING,nl,2023-07-16,0
carte_credit,Carte de crédit,ING kredietkaart,ING,nl,2023-07-23,0
carte_credit,Carte de crédit,ING kredietkaart,ING,nl,2023-07-30,0
carte_credit,Carte de crédit,ING kredietkaart,ING,nl,2023-08-06,0
carte_credit,Carte de crédit,ING kredietkaart,ING,nl,2023-08-13,0
carte_credit,Carte de crédit,ING kredietkaart,ING,nl,2023-08-20,0
carte_credit,Carte de crédit,ING kredietkaart,ING,nl,2023-08-27,0
carte_credit,Carte de crédit,ING kredietkaart,ING,nl,2023-09-03,0
carte_credit,Carte de crédit,ING kredietkaart,ING,nl,2023-09-10,0
carte_credit,Carte de crédit,ING kredietkaart,ING,nl,2023-09-17,0
carte_credit,Carte de crédit,ING kredietkaart,ING,nl,2023-09-24,0
carte_credit,Carte de crédit,ING kredietkaart,ING,nl,2023-10-01,0
carte_credit,Carte de crédit,ING kredietkaart,ING,nl,2023-10-08,0
carte_credit,Carte de crédit,ING kredietkaart,ING,nl,2023-10-15,0
carte_credit,Carte de crédit,ING kredietkaart,ING,nl,2023-10-22,0
carte_credit,Carte de crédit,ING kredietkaart,ING,nl,2023-10-29,0
carte_credit,Carte de crédit,ING kredietkaart,ING,nl,2023-11-05,0
carte_credit,Carte de crédit,ING kredietkaart,ING,nl,2023-11-12,0
carte_credit,Carte de crédit,ING kredietkaart,ING,nl,2023-11-19,0
carte_credit,Carte de crédit,ING kredietkaart,ING,nl,2023-11-26,0
carte_credit,Carte de crédit,ING kredietkaart,ING,nl,2023-12-03,0
carte_credit,Carte de crédit,ING kredietkaart,ING,nl,2023-12-10,0
carte_credit,Carte de crédit,ING kredietkaart,ING,nl,2023-12-17,0
carte_credit,Carte de crédit,ING kredietkaart,ING,nl,2023-12-24,0
carte_credit,Carte de crédit,ING kredietkaart,ING,nl,2023-12-31,0
carte_credit,Carte de crédit,ING kredietkaart,ING,nl,2024-01-07,0
carte_credit,Carte de crédit,ING kredietkaart,ING,nl,2024-01-14,0
carte_credit,Carte de crédit,ING kredietkaart,ING,nl,2024-01-21,0
carte_credit,Carte de crédit,ING kredietkaart,ING,nl,2024-01-28,0
carte_credit,Carte de crédit,ING kredietkaart,ING,nl,2024-02-04,0
carte_credit,Carte de crédit,ING kredietkaart,ING,nl,2024-02-11,0
carte_credit,Carte de crédit,ING kredietkaart,ING,nl,2024-02-18,0
carte_credit,Carte de crédit,ING kredietkaart,ING,nl,2024-02-25,0
carte_credit,Carte de crédit,ING kredietkaart,ING,nl,2024-03-03,0
carte_credit,Carte de crédit,ING kredietkaart,ING,nl,2024-03-10,0
carte_credit,Carte de crédit,ING kredietkaart,ING,nl,2024-03-17,0
carte_credit,Carte de crédit,ING kredietkaart,ING,nl,2024-03-24,0
carte_credit,Carte de crédit,ING kredietkaart,ING,nl,2024-03-31,0
carte_credit,Carte de crédit,ING kredietkaart,ING,nl,2024-04-07,0
carte_credit,Carte de crédit,ING kredietkaart,ING,nl,2024-04-14,0
carte_credit,Carte de crédit,ING kredietkaart,ING,nl,2024-04-21,0
carte_credit,Carte de crédit,ING kredietkaart,ING,nl,2024-04-28,24
carte_credit,Carte de crédit,ING kredietkaart,ING,nl,2024-05-05,0
carte_credit,Carte de crédit,ING kredietkaart,ING,nl,2024-05-12,0
carte_credit,Carte de crédit,ING kredietkaart,ING,nl,2024-05-19,0
carte_credit,Carte de crédit,ING kredietkaart,ING,nl,2024-05-26,0
carte_credit,Carte de crédit,ING kredietkaart,ING,nl,2024-06-02,0
carte_credit,Carte de crédit,ING kredietkaart,ING,nl,2024-06-09,0
carte_credit,Carte de crédit,ING kredietkaart,ING,nl,2024-06-16,0
carte_credit,Carte de crédit,ING kredietkaart,ING,nl,2024-06-23,0
carte_credit,Carte de crédit,ING kredietkaart,ING,nl,2024-06-30,0
carte_credit,Carte de crédit,ING kredietkaart,ING,nl,2024-07-07,0
carte_credit,Carte de crédit,ING kredietkaart,ING,nl,2024-07-14,0
carte_credit,Carte de crédit,ING kredietkaart,ING,nl,2024-07-21,0
carte_credit,Carte de crédit,ING kredietkaart,ING,nl,2024-07-28,0
carte_credit,Carte de crédit,ING kredietkaart,ING,nl,2024-08-04,0
carte_credit,Carte de crédit,ING kredietkaart,ING,nl,2024-08-11,0
carte_credit,Carte de crédit,ING kredietkaart,ING,nl,2024-08-18,0
carte_credit,Carte de crédit,ING kredietkaart,ING,nl,2024-08-25,0
carte_credit,Carte de crédit,ING kredietkaart,ING,nl,2024-09-01,0
carte_credit,Carte de crédit,ING kredietkaart,ING,nl,2024-09-08,26
carte_credit,Carte de crédit,ING kredietkaart,ING,nl,2024-09-15,0
carte_credit,Carte de crédit,ING kredietkaart,ING,nl,2024-09-22,0
carte_credit,Carte de crédit,ING kredietkaart,ING,nl,2024-09-29,0
carte_credit,Carte de crédit,ING kredietkaart,ING,nl,2024-10-06,0
carte_credit,Carte de crédit,ING kredietkaart,ING,nl,2024-10-13,0
carte_credit,Carte de crédit,ING kredietkaart,ING,nl,2024-10-20,0
carte_credit,Carte de crédit,ING kredietkaart,ING,nl,2024-10-27,0
carte_credit,Carte de crédit,ING kredietkaart,ING,nl,2024-11-03,0
carte_credit,Carte de crédit,ING kredietkaart,ING,nl,2024-11-10,0
carte_credit,Carte de crédit,ING kredietkaart,ING,nl,2024-11-17,0
carte_credit,Carte de crédit,ING kredietkaart,ING,nl,2024-11-24,0
carte_credit,Carte de crédit,ING kredietkaart,ING,nl,2024-12-01,0
carte_credit,Carte de crédit,ING kredietkaart,ING,nl,2024-12-08,0
carte_credit,Carte de crédit,ING kredietkaart,ING,nl,2024-12-15,0
carte_credit,Carte de crédit,ING kredietkaart,ING,nl,2024-12-22,0
carte_credit,Carte de crédit,ING kredietkaart,ING,nl,2024-12-29,0
carte_credit,Carte de crédit,ING kredietkaart,ING,nl,2025-01-05,0
carte_credit,Carte de crédit,ING kredietkaart,ING,nl,2025-01-12,0
carte_credit,Carte de crédit,ING kredietkaart,ING,nl,2025-01-19,0
carte_credit,Carte de crédit,ING kredietkaart,ING,nl,2025-01-26,0
carte_credit,Carte de crédit,ING kredietkaart,ING,nl,2025-02-02,0
carte_credit,Carte de crédit,ING kredietkaart,ING,nl,2025-02-09,0
carte_credit,Carte de crédit,ING kredietkaart,ING,nl,2025-02-16,0
carte_credit,Carte de crédit,ING kredietkaart,ING,nl,2025-02-23,0
carte_credit,Carte de crédit,ING kredietkaart,ING,nl,2025-03-02,0
carte_credit,Carte de crédit,ING kredietkaart,ING,nl,2025-03-09,0
carte_credit,Carte de crédit,ING kredietkaart,ING,nl,2025-03-16,0
carte_credit,Carte de crédit,ING kredietkaart,ING,nl,2025-03-23,0
carte_credit,Carte de crédit,ING kredietkaart,ING,nl,2025-03-30,0
carte_credit,Carte de crédit,ING kredietkaart,ING,nl,2025-04-06,0
carte_credit,Carte de crédit,ING kredietkaart,ING,nl,2025-04-13,0
carte_credit,Carte de crédit,ING kredietkaart,ING,nl,2025-04-20,0
carte_credit,Carte de crédit,ING kredietkaart,ING,nl,2025-04-27,0
carte_credit,Carte de crédit,ING kredietkaart,ING,nl,2025-05-04,0
carte_credit,Carte de crédit,ING kredietkaart,ING,nl,2025-05-11,0
carte_credit,Carte de crédit,ING kredietkaart,ING,nl,2025-05-18,0
carte_credit,Carte de crédit,ING kredietkaart,ING,nl,2025-05-25,0
carte_credit,Carte de crédit,ING kredietkaart,ING,nl,2025-06-01,0
carte_credit,Carte de crédit,ING kredietkaart,ING,nl,2025-06-08,0
carte_credit,Carte de crédit,ING kredietkaart,ING,nl,2025-06-15,0
carte_credit,Carte de crédit,ING kredietkaart,ING,nl,2025-06-22,0
carte_credit,Carte de crédit,ING kredietkaart,ING,nl,2025-06-29,0
carte_credit,Carte de crédit,ING kredietkaart,ING,nl,2025-07-06,0
carte_credit,Carte de crédit,ING kredietkaart,ING,nl,2025-07-13,0
carte_credit,Carte de crédit,ING kredietkaart,ING,nl,2025-07-20,0
carte_credit,Carte de crédit,ING kredietkaart,ING,nl,2025-07-27,0
carte_credit,Carte de crédit,ING kredietkaart,ING,nl,2025-08-03,0
carte_credit,Carte de crédit,ING kredietkaart,ING,nl,2025-08-10,0
carte_credit,Carte de crédit,ING kredietkaart,ING,nl,2025-08-17,0
carte_credit,Carte de crédit,ING kredietkaart,ING,nl,2025-08-24,0
carte_credit,Carte de crédit,ING kredietkaart,ING,nl,2025-08-31,0
carte_credit,Carte de crédit,ING kredietkaart,ING,nl,2025-09-07,0
carte_credit,Carte de crédit,ING kredietkaart,ING,nl,2025-09-14,0
carte_credit,Carte de crédit,ING kredietkaart,ING,nl,2025-09-21,0
carte_credit,Carte de crédit,ING kredietkaart,ING,nl,2025-09-28,0
carte_credit,Carte de crédit,ING kredietkaart,ING,nl,2025-10-05,0
carte_credit,Carte de crédit,ING kredietkaart,ING,nl,2025-10-12,0
carte_credit,Carte de crédit,ING kredietkaart,ING,nl,2025-10-19,0
carte_credit,Carte de crédit,ING kredietkaart,ING,nl,2025-10-26,0
carte_credit,Carte de crédit,ING kredietkaart,ING,nl,2025-11-02,0
carte_credit,Carte de crédit,ING kredietkaart,ING,nl,2025-11-09,0
carte_credit,Carte de crédit,ING kredietkaart,ING,nl,2025-11-16,0
carte_credit,Carte de crédit,ING kredietkaart,ING,nl,2025-11-23,0
carte_credit,Carte de crédit,ING kredietkaart,ING,nl,2025-11-30,0
carte_credit,Carte de crédit,ING kredietkaart,ING,nl,2025-12-07,0
carte_credit,Carte de crédit,ING kredietkaart,ING,nl,2025-12-14,0
carte_credit,Carte de crédit,ING kredietkaart,ING,nl,2025-12-21,0
carte_credit,Carte de crédit,ING kredietkaart,ING,nl,2025-12-28,0
carte_credit,Carte de crédit,ING kredietkaart,ING,nl,2026-01-04,0
carte_credit,Carte de crédit,ING kredietkaart,ING,nl,2026-01-11,0
carte_credit,Carte de crédit,ING kredietkaart,ING,nl,2026-01-18,0
carte_credit,Carte de crédit,ING kredietkaart,ING,nl,2026-01-25,0
carte_credit,Carte de crédit,ING kredietkaart,ING,nl,2026-02-01,0
carte_credit,Carte de crédit,ING kredietkaart,ING,nl,2026-02-08,0
carte_credit,Carte de crédit,ING kredietkaart,ING,nl,2026-02-15,0
carte_credit,Carte de crédit,ING kredietkaart,ING,nl,2026-02-22,0
carte_credit,Carte de crédit,ING kredietkaart,ING,nl,2026-03-01,0
carte_credit,Carte de crédit,ING kredietkaart,ING,nl,2026-03-08,0
carte_credit,Carte de crédit,ING kredietkaart,ING,nl,2026-03-15,0
carte_credit,Carte de crédit,ING kredietkaart,ING,nl,2026-03-22,0
carte_credit,Carte de crédit,ING kredietkaart,ING,nl,2026-03-29,0
carte_credit,Carte de crédit,ING kredietkaart,ING,nl,2026-04-05,29
carte_credit,Carte de crédit,ING kredietkaart,ING,nl,2026-04-12,0
carte_credit,Carte de crédit,ING kredietkaart,ING,nl,2026-04-19,0
carte_credit,Carte de crédit,ING kredietkaart,ING,nl,2026-04-26,0
carte_credit,Carte de crédit,ING kredietkaart,ING,nl,2026-05-03,0
carte_credit,Carte de crédit,ING kredietkaart,ING,nl,2026-05-10,0
carte_credit,Carte de crédit,ING kredietkaart,ING,nl,2026-05-17,0
carte_credit,Carte de crédit,ING kredietkaart,ING,nl,2026-05-24,0
carte_credit,Carte de crédit,ING kredietkaart,ING,nl,2026-05-31,0
carte_credit,Carte de crédit,ING kredietkaart,ING,nl,2026-06-07,0
carte_credit,Carte de crédit,ING kredietkaart,ING,nl,2026-06-14,0
carte_credit,Carte de crédit,ING kredietkaart,ING,nl,2026-06-21,0
carte_credit,Carte de crédit,ING kredietkaart,ING,nl,2026-06-28,0
carte_credit,Carte de crédit,ING kredietkaart,ING,nl,2026-07-05,0
carte_credit,Carte de crédit,ING kredietkaart,ING,nl,2026-07-12,0
carte_credit,Carte de crédit,ING kredietkaart,ING,nl,2026-07-19,0
carte_credit,Carte de crédit,ING kredietkaart,ING,nl,2026-07-26,0
carte_credit,Carte de crédit,ING kredietkaart,ING,nl,2026-08-02,0
carte_credit,Carte de crédit,ING kredietkaart,ING,nl,2026-08-09,0
carte_credit,Carte de crédit,ING kredietkaart,ING,nl,2026-08-16,0
carte_credit,Carte de crédit,ING kredietkaart,ING,nl,2026-08-23,0
carte_credit,Carte de crédit,ING kredietkaart,ING,nl,2026-08-30,4
carte_credit,Carte de crédit,ING kredietkaart,ING,nl,2026-09-06,6
carte_credit,Carte de crédit,ING kredietkaart,ING,nl,2026-09-13,7
carte_credit,Carte de crédit,carte de crédit ING,ING,fr,2021-09-12,0
carte_credit,Carte de crédit,carte de crédit ING,ING,fr,2021-09-19,0
carte_credit,Carte de crédit,carte de crédit ING,ING,fr,2021-09-26,0
carte_credit,Carte de crédit,carte de crédit ING,ING,fr,2021-10-03,0
carte_credit,Carte de crédit,carte de crédit ING,ING,fr,2021-10-10,0
carte_credit,Carte de crédit,carte de crédit ING,ING,fr,2021-10-17,0
carte_credit,Carte de crédit,carte de crédit ING,ING,fr,2021-10-24,0
carte_credit,Carte de crédit,carte de crédit ING,ING,fr,2021-10-31,0
carte_credit,Carte de crédit,carte de crédit ING,ING,fr,2021-11-07,0
carte_credit,Carte de crédit,carte de crédit ING,ING,fr,2021-11-14,0
carte_credit,Carte de crédit,carte de crédit ING,ING,fr,2021-11-21,0
carte_credit,Carte de crédit,carte de crédit ING,ING,fr,2021-11-28,0
carte_credit,Carte de crédit,carte de crédit ING,ING,fr,2021-12-05,0
carte_credit,Carte de crédit,carte de crédit ING,ING,fr,2021-12-12,0
carte_credit,Carte de crédit,carte de crédit ING,ING,fr,2021-12-19,0
carte_credit,Carte de crédit,carte de crédit ING,ING,fr,2021-12-26,0
carte_credit,Carte de crédit,carte de crédit ING,ING,fr,2022-01-02,0
carte_credit,Carte de crédit,carte de crédit ING,ING,fr,2022-01-09,0
carte_credit,Carte de crédit,carte de crédit ING,ING,fr,2022-01-16,0
carte_credit,Carte de crédit,carte de crédit ING,ING,fr,2022-01-23,0
carte_credit,Carte de crédit,carte de crédit ING,ING,fr,2022-01-30,0
carte_credit,Carte de crédit,carte de crédit ING,ING,fr,2022-02-06,0
carte_credit,Carte de crédit,carte de crédit ING,ING,fr,2022-02-13,0
carte_credit,Carte de crédit,carte de crédit ING,ING,fr,2022-02-20,0
carte_credit,Carte de crédit,carte de crédit ING,ING,fr,2022-02-27,0
carte_credit,Carte de crédit,carte de crédit ING,ING,fr,2022-03-06,0
carte_credit,Carte de crédit,carte de crédit ING,ING,fr,2022-03-13,0
carte_credit,Carte de crédit,carte de crédit ING,ING,fr,2022-03-20,0
carte_credit,Carte de crédit,carte de crédit ING,ING,fr,2022-03-27,0
carte_credit,Carte de crédit,carte de crédit ING,ING,fr,2022-04-03,0
carte_credit,Carte de crédit,carte de crédit ING,ING,fr,2022-04-10,0
carte_credit,Carte de crédit,carte de crédit ING,ING,fr,2022-04-17,0
carte_credit,Carte de crédit,carte de crédit ING,ING,fr,2022-04-24,0
carte_credit,Carte de crédit,carte de crédit ING,ING,fr,2022-05-01,0
carte_credit,Carte de crédit,carte de crédit ING,ING,fr,2022-05-08,0
carte_credit,Carte de crédit,carte de crédit ING,ING,fr,2022-05-15,0
carte_credit,Carte de crédit,carte de crédit ING,ING,fr,2022-05-22,0
carte_credit,Carte de crédit,carte de crédit ING,ING,fr,2022-05-29,0
carte_credit,Carte de crédit,carte de crédit ING,ING,fr,2022-06-05,0
carte_credit,Carte de crédit,carte de crédit ING,ING,fr,2022-06-12,0
carte_credit,Carte de crédit,carte de crédit ING,ING,fr,2022-06-19,0
carte_credit,Carte de crédit,carte de crédit ING,ING,fr,2022-06-26,0
carte_credit,Carte de crédit,carte de crédit ING,ING,fr,2022-07-03,0
carte_credit,Carte de crédit,carte de crédit ING,ING,fr,2022-07-10,0
carte_credit,Carte de crédit,carte de crédit ING,ING,fr,2022-07-17,0
carte_credit,Carte de crédit,carte de crédit ING,ING,fr,2022-07-24,0
carte_credit,Carte de crédit,carte de crédit ING,ING,fr,2022-07-31,0
carte_credit,Carte de crédit,carte de crédit ING,ING,fr,2022-08-07,0
carte_credit,Carte de crédit,carte de crédit ING,ING,fr,2022-08-14,0
carte_credit,Carte de crédit,carte de crédit ING,ING,fr,2022-08-21,0
carte_credit,Carte de crédit,carte de crédit ING,ING,fr,2022-08-28,0
carte_credit,Carte de crédit,carte de crédit ING,ING,fr,2022-09-04,0
carte_credit,Carte de crédit,carte de crédit ING,ING,fr,2022-09-11,0
carte_credit,Carte de crédit,carte de crédit ING,ING,fr,2022-09-18,0
carte_credit,Carte de crédit,carte de crédit ING,ING,fr,2022-09-25,0
carte_credit,Carte de crédit,carte de crédit ING,ING,fr,2022-10-02,0
carte_credit,Carte de crédit,carte de crédit ING,ING,fr,2022-10-09,0
carte_credit,Carte de crédit,carte de crédit ING,ING,fr,2022-10-16,23
carte_credit,Carte de crédit,carte de crédit ING,ING,fr,2022-10-23,0
carte_credit,Carte de crédit,carte de crédit ING,ING,fr,2022-10-30,0
carte_credit,Carte de crédit,carte de crédit ING,ING,fr,2022-11-06,0
carte_credit,Carte de crédit,carte de crédit ING,ING,fr,2022-11-13,0
carte_credit,Carte de crédit,carte de crédit ING,ING,fr,2022-11-20,0
carte_credit,Carte de crédit,carte de crédit ING,ING,fr,2022-11-27,0
carte_credit,Carte de crédit,carte de crédit ING,ING,fr,2022-12-04,0
carte_credit,Carte de crédit,carte de crédit ING,ING,fr,2022-12-11,0
carte_credit,Carte de crédit,carte de crédit ING,ING,fr,2022-12-18,0
carte_credit,Carte de crédit,carte de crédit ING,ING,fr,2022-12-25,0
carte_credit,Carte de crédit,carte de crédit ING,ING,fr,2023-01-01,0
carte_credit,Carte de crédit,carte de crédit ING,ING,fr,2023-01-08,0
carte_credit,Carte de crédit,carte de crédit ING,ING,fr,2023-01-15,0
carte_credit,Carte de crédit,carte de crédit ING,ING,fr,2023-01-22,0
carte_credit,Carte de crédit,carte de crédit ING,ING,fr,2023-01-29,0
carte_credit,Carte de crédit,carte de crédit ING,ING,fr,2023-02-05,0
carte_credit,Carte de crédit,carte de crédit ING,ING,fr,2023-02-12,0
carte_credit,Carte de crédit,carte de crédit ING,ING,fr,2023-02-19,0
carte_credit,Carte de crédit,carte de crédit ING,ING,fr,2023-02-26,0
carte_credit,Carte de crédit,carte de crédit ING,ING,fr,2023-03-05,0
carte_credit,Carte de crédit,carte de crédit ING,ING,fr,2023-03-12,0
carte_credit,Carte de crédit,carte de crédit ING,ING,fr,2023-03-19,0
carte_credit,Carte de crédit,carte de crédit ING,ING,fr,2023-03-26,0
carte_credit,Carte de crédit,carte de crédit ING,ING,fr,2023-04-02,0
carte_credit,Carte de crédit,carte de crédit ING,ING,fr,2023-04-09,0
carte_credit,Carte de crédit,carte de crédit ING,ING,fr,2023-04-16,0
carte_credit,Carte de crédit,carte de crédit ING,ING,fr,2023-04-23,0
carte_credit,Carte de crédit,carte de crédit ING,ING,fr,2023-04-30,0
carte_credit,Carte de crédit,carte de crédit ING,ING,fr,2023-05-07,0
carte_credit,Carte de crédit,carte de crédit ING,ING,fr,2023-05-14,0
carte_credit,Carte de crédit,carte de crédit ING,ING,fr,2023-05-21,0
carte_credit,Carte de crédit,carte de crédit ING,ING,fr,2023-05-28,0
carte_credit,Carte de crédit,carte de crédit ING,ING,fr,2023-06-04,0
carte_credit,Carte de crédit,carte de crédit ING,ING,fr,2023-06-11,0
carte_credit,Carte de crédit,carte de crédit ING,ING,fr,2023-06-18,0
carte_credit,Carte de crédit,carte de crédit ING,ING,fr,2023-06-25,0
carte_credit,Carte de crédit,carte de crédit ING,ING,fr,2023-07-02,0
carte_credit,Carte de crédit,carte de crédit ING,ING,fr,2023-07-09,0
carte_credit,Carte de crédit,carte de crédit ING,ING,fr,2023-07-16,0
carte_credit,Carte de crédit,carte de crédit ING,ING,fr,2023-07-23,0
carte_credit,Carte de crédit,carte de crédit ING,ING,fr,2023-07-30,0
carte_credit,Carte de crédit,carte de crédit ING,ING,fr,2023-08-06,0
carte_credit,Carte de crédit,carte de crédit ING,ING,fr,2023-08-13,0
carte_credit,Carte de crédit,carte de crédit ING,ING,fr,2023-08-20,0
carte_credit,Carte de crédit,carte de crédit ING,ING,fr,2023-08-27,0
carte_credit,Carte de crédit,carte de crédit ING,ING,fr,2023-09-03,0
carte_credit,Carte de crédit,carte de crédit ING,ING,fr,2023-09-10,0
carte_credit,Carte de crédit,carte de crédit ING,ING,fr,2023-09-17,0
carte_credit,Carte de crédit,carte de crédit ING,ING,fr,2023-09-24,0
carte_credit,Carte de crédit,carte de crédit ING,ING,fr,2023-10-01,0
carte_credit,Carte de crédit,carte de crédit ING,ING,fr,2023-10-08,0
carte_credit,Carte de crédit,carte de crédit ING,ING,fr,2023-10-15,0
carte_credit,Carte de crédit,carte de crédit ING,ING,fr,2023-10-22,0
carte_credit,Carte de crédit,carte de crédit ING,ING,fr,2023-10-29,0
carte_credit,Carte de crédit,carte de crédit ING,ING,fr,2023-11-05,0
carte_credit,Carte de crédit,carte de crédit ING,ING,fr,2023-11-12,0
carte_credit,Carte de crédit,carte de crédit ING,ING,fr,2023-11-19,0
carte_credit,Carte de crédit,carte de crédit ING,ING,fr,2023-11-26,0
carte_credit,Carte de crédit,carte de crédit ING,ING,fr,2023-12-03,0
carte_credit,Carte de crédit,carte de crédit ING,ING,fr,2023-12-10,0
carte_credit,Carte de crédit,carte de crédit ING,ING,fr,2023-12-17,0
carte_credit,Carte de crédit,carte de crédit ING,ING,fr,2023-12-24,0
carte_credit,Carte de crédit,carte de crédit ING,ING,fr,2023-12-31,0
carte_credit,Carte de crédit,carte de crédit ING,ING,fr,2024-01-07,0
carte_credit,Carte de crédit,carte de crédit ING,ING,fr,2024-01-14,0
carte_credit,Carte de crédit,carte de crédit ING,ING,fr,2024-01-21,0
carte_credit,Carte de crédit,carte de crédit ING,ING,fr,2024-01-28,0
carte_credit,Carte de crédit,carte de crédit ING,ING,fr,2024-02-04,0
carte_credit,Carte de crédit,carte de crédit ING,ING,fr,2024-02-11,0
carte_credit,Carte de crédit,carte de crédit ING,ING,fr,2024-02-18,0
carte_credit,Carte de crédit,carte de crédit ING,ING,fr,2024-02-25,0
carte_credit,Carte de crédit,carte de crédit ING,ING,fr,2024-03-03,0
carte_credit,Carte de crédit,carte de crédit ING,ING,fr,2024-03-10,0
carte_credit,Carte de crédit,carte de crédit ING,ING,fr,2024-03-17,0
carte_credit,Carte de crédit,carte de crédit ING,ING,fr,2024-03-24,0
carte_credit,Carte de crédit,carte de crédit ING,ING,fr,2024-03-31,0
carte_credit,Carte de crédit,carte de crédit ING,ING,fr,2024-04-07,35
carte_credit,Carte de crédit,carte de crédit ING,ING,fr,2024-04-14,0
carte_credit,Carte de crédit,carte de crédit ING,ING,fr,2024-04-21,0
carte_credit,Carte de crédit,carte de crédit ING,ING,fr,2024-04-28,0
carte_credit,Carte de crédit,carte de crédit ING,ING,fr,2024-05-05,0
carte_credit,Carte de crédit,carte de crédit ING,ING,fr,2024-05-12,0
carte_credit,Carte de crédit,carte de crédit ING,ING,fr,2024-05-19,0
carte_credit,Carte de crédit,carte de crédit ING,ING,fr,2024-05-26,23
carte_credit,Carte de crédit,carte de crédit ING,ING,fr,2024-06-02,0
carte_credit,Carte de crédit,carte de crédit ING,ING,fr,2024-06-09,0
carte_credit,Carte de crédit,carte de crédit ING,ING,fr,2024-06-16,0
carte_credit,Carte de crédit,carte de crédit ING,ING,fr,2024-06-23,0
carte_credit,Carte de crédit,carte de crédit ING,ING,fr,2024-06-30,0
carte_credit,Carte de crédit,carte de crédit ING,ING,fr,2024-07-07,0
carte_credit,Carte de crédit,carte de crédit ING,ING,fr,2024-07-14,0
carte_credit,Carte de crédit,carte de crédit ING,ING,fr,2024-07-21,0
carte_credit,Carte de crédit,carte de crédit ING,ING,fr,2024-07-28,0
carte_credit,Carte de crédit,carte de crédit ING,ING,fr,2024-08-04,0
carte_credit,Carte de crédit,carte de crédit ING,ING,fr,2024-08-11,0
carte_credit,Carte de crédit,carte de crédit ING,ING,fr,2024-08-18,0
carte_credit,Carte de crédit,carte de crédit ING,ING,fr,2024-08-25,0
carte_credit,Carte de crédit,carte de crédit ING,ING,fr,2024-09-01,0
carte_credit,Carte de crédit,carte de crédit ING,ING,fr,2024-09-08,0
carte_credit,Carte de crédit,carte de crédit ING,ING,fr,2024-09-15,0
carte_credit,Carte de crédit,carte de crédit ING,ING,fr,2024-09-22,0
carte_credit,Carte de crédit,carte de crédit ING,ING,fr,2024-09-29,0
carte_credit,Carte de crédit,carte de crédit ING,ING,fr,2024-10-06,0
carte_credit,Carte de crédit,carte de crédit ING,ING,fr,2024-10-13,0
carte_credit,Carte de crédit,carte de crédit ING,ING,fr,2024-10-20,0
carte_credit,Carte de crédit,carte de crédit ING,ING,fr,2024-10-27,0
carte_credit,Carte de crédit,carte de crédit ING,ING,fr,2024-11-03,0
carte_credit,Carte de crédit,carte de crédit ING,ING,fr,2024-11-10,0
carte_credit,Carte de crédit,carte de crédit ING,ING,fr,2024-11-17,0
carte_credit,Carte de crédit,carte de crédit ING,ING,fr,2024-11-24,0
carte_credit,Carte de crédit,carte de crédit ING,ING,fr,2024-12-01,0
carte_credit,Carte de crédit,carte de crédit ING,ING,fr,2024-12-08,0
carte_credit,Carte de crédit,carte de crédit ING,ING,fr,2024-12-15,0
carte_credit,Carte de crédit,carte de crédit ING,ING,fr,2024-12-22,0
carte_credit,Carte de crédit,carte de crédit ING,ING,fr,2024-12-29,0
carte_credit,Carte de crédit,carte de crédit ING,ING,fr,2025-01-05,0
carte_credit,Carte de crédit,carte de crédit ING,ING,fr,2025-01-12,0
carte_credit,Carte de crédit,carte de crédit ING,ING,fr,2025-01-19,0
carte_credit,Carte de crédit,carte de crédit ING,ING,fr,2025-01-26,0
carte_credit,Carte de crédit,carte de crédit ING,ING,fr,2025-02-02,0
carte_credit,Carte de crédit,carte de crédit ING,ING,fr,2025-02-09,0
carte_credit,Carte de crédit,carte de crédit ING,ING,fr,2025-02-16,0
carte_credit,Carte de crédit,carte de crédit ING,ING,fr,2025-02-23,0
carte_credit,Carte de crédit,carte de crédit ING,ING,fr,2025-03-02,0
carte_credit,Carte de crédit,carte de crédit ING,ING,fr,2025-03-09,0
carte_credit,Carte de crédit,carte de crédit ING,ING,fr,2025-03-16,0
carte_credit,Carte de crédit,carte de crédit ING,ING,fr,2025-03-23,0
carte_credit,Carte de crédit,carte de crédit ING,ING,fr,2025-03-30,0
carte_credit,Carte de crédit,carte de crédit ING,ING,fr,2025-04-06,0
carte_credit,Carte de crédit,carte de crédit ING,ING,fr,2025-04-13,0
carte_credit,Carte de crédit,carte de crédit ING,ING,fr,2025-04-20,0
carte_credit,Carte de crédit,carte de crédit ING,ING,fr,2025-04-27,0
carte_credit,Carte de crédit,carte de crédit ING,ING,fr,2025-05-04,0
carte_credit,Carte de crédit,carte de crédit ING,ING,fr,2025-05-11,0
carte_credit,Carte de crédit,carte de crédit ING,ING,fr,2025-05-18,0
carte_credit,Carte de crédit,carte de crédit ING,ING,fr,2025-05-25,0
carte_credit,Carte de crédit,carte de crédit ING,ING,fr,2025-06-01,0
carte_credit,Carte de crédit,carte de crédit ING,ING,fr,2025-06-08,0
carte_credit,Carte de crédit,carte de crédit ING,ING,fr,2025-06-15,0
carte_credit,Carte de crédit,carte de crédit ING,ING,fr,2025-06-22,0
carte_credit,Carte de crédit,carte de crédit ING,ING,fr,2025-06-29,0
carte_credit,Carte de crédit,carte de crédit ING,ING,fr,2025-07-06,0
carte_credit,Carte de crédit,carte de crédit ING,ING,fr,2025-07-13,0
carte_credit,Carte de crédit,carte de crédit ING,ING,fr,2025-07-20,0
carte_credit,Carte de crédit,carte de crédit ING,ING,fr,2025-07-27,0
carte_credit,Carte de crédit,carte de crédit ING,ING,fr,2025-08-03,0
carte_credit,Carte de crédit,carte de crédit ING,ING,fr,2025-08-10,0
carte_credit,Carte de crédit,carte de crédit ING,ING,fr,2025-08-17,0
carte_credit,Carte de crédit,carte de crédit ING,ING,fr,2025-08-24,0
carte_credit,Carte de crédit,carte de crédit ING,ING,fr,2025-08-31,0
carte_credit,Carte de crédit,carte de crédit ING,ING,fr,2025-09-07,0
carte_credit,Carte de crédit,carte de crédit ING,ING,fr,2025-09-14,0
carte_credit,Carte de crédit,carte de crédit ING,ING,fr,2025-09-21,0
carte_credit,Carte de crédit,carte de crédit ING,ING,fr,2025-09-28,0
carte_credit,Carte de crédit,carte de crédit ING,ING,fr,2025-10-05,0
carte_credit,Carte de crédit,carte de crédit ING,ING,fr,2025-10-12,0
carte_credit,Carte de crédit,carte de crédit ING,ING,fr,2025-10-19,0
carte_credit,Carte de crédit,carte de crédit ING,ING,fr,2025-10-26,0
carte_credit,Carte de crédit,carte de crédit ING,ING,fr,2025-11-02,0
carte_credit,Carte de crédit,carte de crédit ING,ING,fr,2025-11-09,0
carte_credit,Carte de crédit,carte de crédit ING,ING,fr,2025-11-16,0
carte_credit,Carte de crédit,carte de crédit ING,ING,fr,2025-11-23,0
carte_credit,Carte de crédit,carte de crédit ING,ING,fr,2025-11-30,0
carte_credit,Carte de crédit,carte de crédit ING,ING,fr,2025-12-07,0
carte_credit,Carte de crédit,carte de crédit ING,ING,fr,2025-12-14,0
carte_credit,Carte de crédit,carte de crédit ING,ING,fr,2025-12-21,0
carte_credit,Carte de crédit,carte de crédit ING,ING,fr,2025-12-28,0
carte_credit,Carte de crédit,carte de crédit ING,ING,fr,2026-01-04,0
carte_credit,Carte de crédit,carte de crédit ING,ING,fr,2026-01-11,0
carte_credit,Carte de crédit,carte de crédit ING,ING,fr,2026-01-18,0
carte_credit,Carte de crédit,carte de crédit ING,ING,fr,2026-01-25,0
carte_credit,Carte de crédit,carte de crédit ING,ING,fr,2026-02-01,0
carte_credit,Carte de crédit,carte de crédit ING,ING,fr,2026-02-08,0
carte_credit,Carte de crédit,carte de crédit ING,ING,fr,2026-02-15,0
carte_credit,Carte de crédit,carte de crédit ING,ING,fr,2026-02-22,0
carte_credit,Carte de crédit,carte de crédit ING,ING,fr,2026-03-01,0
carte_credit,Carte de crédit,carte de crédit ING,ING,fr,2026-03-08,0
carte_credit,Carte de crédit,carte de crédit ING,ING,fr,2026-03-15,0
carte_credit,Carte de crédit,carte de crédit ING,ING,fr,2026-03-22,0
carte_credit,Carte de crédit,carte de crédit ING,ING,fr,2026-03-29,0
carte_credit,Carte de crédit,carte de crédit ING,ING,fr,2026-04-05,0
carte_credit,Carte de crédit,carte de crédit ING,ING,fr,2026-04-12,0
carte_credit,Carte de crédit,carte de crédit ING,ING,fr,2026-04-19,0
carte_credit,Carte de crédit,carte de crédit ING,ING,fr,2026-04-26,0
carte_credit,Carte de crédit,carte de crédit ING,ING,fr,2026-05-03,0
carte_credit,Carte de crédit,carte de crédit ING,ING,fr,2026-05-10,0
carte_credit,Carte de crédit,carte de crédit ING,ING,fr,2026-05-17,0
carte_credit,Carte de crédit,carte de crédit ING,ING,fr,2026-05-24,0
carte_credit,Carte de crédit,carte de crédit ING,ING,fr,2026-05-31,0
carte_credit,Carte de crédit,carte de crédit ING,ING,fr,2026-06-07,0
carte_credit,Carte de crédit,carte de crédit ING,ING,fr,2026-06-14,0
carte_credit,Carte de crédit,carte de crédit ING,ING,fr,2026-06-21,0
carte_credit,Carte de crédit,carte de crédit ING,ING,fr,2026-06-28,0
carte_credit,Carte de crédit,carte de crédit ING,ING,fr,2026-07-05,0
carte_credit,Carte de crédit,carte de crédit ING,ING,fr,2026-07-12,0
carte_credit,Carte de crédit,carte de crédit ING,ING,fr,2026-07-19,0
carte_credit,Carte de crédit,carte de crédit ING,ING,fr,2026-07-26,0
carte_credit,Carte de crédit,carte de crédit ING,ING,fr,2026-08-02,35
carte_credit,Carte de crédit,carte de crédit ING,ING,fr,2026-08-09,0
carte_credit,Carte de crédit,carte de crédit ING,ING,fr,2026-08-16,0
carte_credit,Carte de crédit,carte de crédit ING,ING,fr,2026-08-23,0
carte_credit,Carte de crédit,carte de crédit ING,ING,fr,2026-08-30,4
carte_credit,Carte de crédit,carte de crédit ING,ING,fr,2026-09-06,4
carte_credit,Carte de crédit,carte de crédit ING,ING,fr,2026-09-13,0
compte_a_vue,Compte à vue particulier,ING Do Basic,ING,en,2021-09-12,0
compte_a_vue,Compte à vue particulier,ING Do Basic,ING,en,2021-09-19,0
compte_a_vue,Compte à vue particulier,ING Do Basic,ING,en,2021-09-26,0
compte_a_vue,Compte à vue particulier,ING Do Basic,ING,en,2021-10-03,0
compte_a_vue,Compte à vue particulier,ING Do Basic,ING,en,2021-10-10,0
compte_a_vue,Compte à vue particulier,ING Do Basic,ING,en,2021-10-17,0
compte_a_vue,Compte à vue particulier,ING Do Basic,ING,en,2021-10-24,0
compte_a_vue,Compte à vue particulier,ING Do Basic,ING,en,2021-10-31,0
compte_a_vue,Compte à vue particulier,ING Do Basic,ING,en,2021-11-07,0
compte_a_vue,Compte à vue particulier,ING Do Basic,ING,en,2021-11-14,0
compte_a_vue,Compte à vue particulier,ING Do Basic,ING,en,2021-11-21,0
compte_a_vue,Compte à vue particulier,ING Do Basic,ING,en,2021-11-28,0
compte_a_vue,Compte à vue particulier,ING Do Basic,ING,en,2021-12-05,0
compte_a_vue,Compte à vue particulier,ING Do Basic,ING,en,2021-12-12,0
compte_a_vue,Compte à vue particulier,ING Do Basic,ING,en,2021-12-19,0
compte_a_vue,Compte à vue particulier,ING Do Basic,ING,en,2021-12-26,0
compte_a_vue,Compte à vue particulier,ING Do Basic,ING,en,2022-01-02,0
compte_a_vue,Compte à vue particulier,ING Do Basic,ING,en,2022-01-09,0
compte_a_vue,Compte à vue particulier,ING Do Basic,ING,en,2022-01-16,0
compte_a_vue,Compte à vue particulier,ING Do Basic,ING,en,2022-01-23,0
compte_a_vue,Compte à vue particulier,ING Do Basic,ING,en,2022-01-30,0
compte_a_vue,Compte à vue particulier,ING Do Basic,ING,en,2022-02-06,0
compte_a_vue,Compte à vue particulier,ING Do Basic,ING,en,2022-02-13,0
compte_a_vue,Compte à vue particulier,ING Do Basic,ING,en,2022-02-20,0
compte_a_vue,Compte à vue particulier,ING Do Basic,ING,en,2022-02-27,0
compte_a_vue,Compte à vue particulier,ING Do Basic,ING,en,2022-03-06,0
compte_a_vue,Compte à vue particulier,ING Do Basic,ING,en,2022-03-13,0
compte_a_vue,Compte à vue particulier,ING Do Basic,ING,en,2022-03-20,0
compte_a_vue,Compte à vue particulier,ING Do Basic,ING,en,2022-03-27,0
compte_a_vue,Compte à vue particulier,ING Do Basic,ING,en,2022-04-03,0
compte_a_vue,Compte à vue particulier,ING Do Basic,ING,en,2022-04-10,0
compte_a_vue,Compte à vue particulier,ING Do Basic,ING,en,2022-04-17,0
compte_a_vue,Compte à vue particulier,ING Do Basic,ING,en,2022-04-24,0
compte_a_vue,Compte à vue particulier,ING Do Basic,ING,en,2022-05-01,0
compte_a_vue,Compte à vue particulier,ING Do Basic,ING,en,2022-05-08,0
compte_a_vue,Compte à vue particulier,ING Do Basic,ING,en,2022-05-15,0
compte_a_vue,Compte à vue particulier,ING Do Basic,ING,en,2022-05-22,0
compte_a_vue,Compte à vue particulier,ING Do Basic,ING,en,2022-05-29,0
compte_a_vue,Compte à vue particulier,ING Do Basic,ING,en,2022-06-05,0
compte_a_vue,Compte à vue particulier,ING Do Basic,ING,en,2022-06-12,0
compte_a_vue,Compte à vue particulier,ING Do Basic,ING,en,2022-06-19,0
compte_a_vue,Compte à vue particulier,ING Do Basic,ING,en,2022-06-26,0
compte_a_vue,Compte à vue particulier,ING Do Basic,ING,en,2022-07-03,0
compte_a_vue,Compte à vue particulier,ING Do Basic,ING,en,2022-07-10,0
compte_a_vue,Compte à vue particulier,ING Do Basic,ING,en,2022-07-17,0
compte_a_vue,Compte à vue particulier,ING Do Basic,ING,en,2022-07-24,0
compte_a_vue,Compte à vue particulier,ING Do Basic,ING,en,2022-07-31,0
compte_a_vue,Compte à vue particulier,ING Do Basic,ING,en,2022-08-07,0
compte_a_vue,Compte à vue particulier,ING Do Basic,ING,en,2022-08-14,0
compte_a_vue,Compte à vue particulier,ING Do Basic,ING,en,2022-08-21,0
compte_a_vue,Compte à vue particulier,ING Do Basic,ING,en,2022-08-28,0
compte_a_vue,Compte à vue particulier,ING Do Basic,ING,en,2022-09-04,0
compte_a_vue,Compte à vue particulier,ING Do Basic,ING,en,2022-09-11,0
compte_a_vue,Compte à vue particulier,ING Do Basic,ING,en,2022-09-18,0
compte_a_vue,Compte à vue particulier,ING Do Basic,ING,en,2022-09-25,0
compte_a_vue,Compte à vue particulier,ING Do Basic,ING,en,2022-10-02,0
compte_a_vue,Compte à vue particulier,ING Do Basic,ING,en,2022-10-09,0
compte_a_vue,Compte à vue particulier,ING Do Basic,ING,en,2022-10-16,0
compte_a_vue,Compte à vue particulier,ING Do Basic,ING,en,2022-10-23,0
compte_a_vue,Compte à vue particulier,ING Do Basic,ING,en,2022-10-30,0
compte_a_vue,Compte à vue particulier,ING Do Basic,ING,en,2022-11-06,0
compte_a_vue,Compte à vue particulier,ING Do Basic,ING,en,2022-11-13,0
compte_a_vue,Compte à vue particulier,ING Do Basic,ING,en,2022-11-20,0
compte_a_vue,Compte à vue particulier,ING Do Basic,ING,en,2022-11-27,0
compte_a_vue,Compte à vue particulier,ING Do Basic,ING,en,2022-12-04,0
compte_a_vue,Compte à vue particulier,ING Do Basic,ING,en,2022-12-11,0
compte_a_vue,Compte à vue particulier,ING Do Basic,ING,en,2022-12-18,0
compte_a_vue,Compte à vue particulier,ING Do Basic,ING,en,2022-12-25,0
compte_a_vue,Compte à vue particulier,ING Do Basic,ING,en,2023-01-01,0
compte_a_vue,Compte à vue particulier,ING Do Basic,ING,en,2023-01-08,0
compte_a_vue,Compte à vue particulier,ING Do Basic,ING,en,2023-01-15,0
compte_a_vue,Compte à vue particulier,ING Do Basic,ING,en,2023-01-22,0
compte_a_vue,Compte à vue particulier,ING Do Basic,ING,en,2023-01-29,0
compte_a_vue,Compte à vue particulier,ING Do Basic,ING,en,2023-02-05,0
compte_a_vue,Compte à vue particulier,ING Do Basic,ING,en,2023-02-12,0
compte_a_vue,Compte à vue particulier,ING Do Basic,ING,en,2023-02-19,0
compte_a_vue,Compte à vue particulier,ING Do Basic,ING,en,2023-02-26,0
compte_a_vue,Compte à vue particulier,ING Do Basic,ING,en,2023-03-05,0
compte_a_vue,Compte à vue particulier,ING Do Basic,ING,en,2023-03-12,0
compte_a_vue,Compte à vue particulier,ING Do Basic,ING,en,2023-03-19,0
compte_a_vue,Compte à vue particulier,ING Do Basic,ING,en,2023-03-26,0
compte_a_vue,Compte à vue particulier,ING Do Basic,ING,en,2023-04-02,0
compte_a_vue,Compte à vue particulier,ING Do Basic,ING,en,2023-04-09,0
compte_a_vue,Compte à vue particulier,ING Do Basic,ING,en,2023-04-16,0
compte_a_vue,Compte à vue particulier,ING Do Basic,ING,en,2023-04-23,0
compte_a_vue,Compte à vue particulier,ING Do Basic,ING,en,2023-04-30,0
compte_a_vue,Compte à vue particulier,ING Do Basic,ING,en,2023-05-07,0
compte_a_vue,Compte à vue particulier,ING Do Basic,ING,en,2023-05-14,0
compte_a_vue,Compte à vue particulier,ING Do Basic,ING,en,2023-05-21,0
compte_a_vue,Compte à vue particulier,ING Do Basic,ING,en,2023-05-28,0
compte_a_vue,Compte à vue particulier,ING Do Basic,ING,en,2023-06-04,18
compte_a_vue,Compte à vue particulier,ING Do Basic,ING,en,2023-06-11,0
compte_a_vue,Compte à vue particulier,ING Do Basic,ING,en,2023-06-18,0
compte_a_vue,Compte à vue particulier,ING Do Basic,ING,en,2023-06-25,0
compte_a_vue,Compte à vue particulier,ING Do Basic,ING,en,2023-07-02,0
compte_a_vue,Compte à vue particulier,ING Do Basic,ING,en,2023-07-09,0
compte_a_vue,Compte à vue particulier,ING Do Basic,ING,en,2023-07-16,0
compte_a_vue,Compte à vue particulier,ING Do Basic,ING,en,2023-07-23,0
compte_a_vue,Compte à vue particulier,ING Do Basic,ING,en,2023-07-30,0
compte_a_vue,Compte à vue particulier,ING Do Basic,ING,en,2023-08-06,0
compte_a_vue,Compte à vue particulier,ING Do Basic,ING,en,2023-08-13,0
compte_a_vue,Compte à vue particulier,ING Do Basic,ING,en,2023-08-20,0
compte_a_vue,Compte à vue particulier,ING Do Basic,ING,en,2023-08-27,0
compte_a_vue,Compte à vue particulier,ING Do Basic,ING,en,2023-09-03,0
compte_a_vue,Compte à vue particulier,ING Do Basic,ING,en,2023-09-10,0
compte_a_vue,Compte à vue particulier,ING Do Basic,ING,en,2023-09-17,0
compte_a_vue,Compte à vue particulier,ING Do Basic,ING,en,2023-09-24,0
compte_a_vue,Compte à vue particulier,ING Do Basic,ING,en,2023-10-01,0
compte_a_vue,Compte à vue particulier,ING Do Basic,ING,en,2023-10-08,0
compte_a_vue,Compte à vue particulier,ING Do Basic,ING,en,2023-10-15,0
compte_a_vue,Compte à vue particulier,ING Do Basic,ING,en,2023-10-22,0
compte_a_vue,Compte à vue particulier,ING Do Basic,ING,en,2023-10-29,0
compte_a_vue,Compte à vue particulier,ING Do Basic,ING,en,2023-11-05,0
compte_a_vue,Compte à vue particulier,ING Do Basic,ING,en,2023-11-12,0
compte_a_vue,Compte à vue particulier,ING Do Basic,ING,en,2023-11-19,0
compte_a_vue,Compte à vue particulier,ING Do Basic,ING,en,2023-11-26,0
compte_a_vue,Compte à vue particulier,ING Do Basic,ING,en,2023-12-03,0
compte_a_vue,Compte à vue particulier,ING Do Basic,ING,en,2023-12-10,0
compte_a_vue,Compte à vue particulier,ING Do Basic,ING,en,2023-12-17,0
compte_a_vue,Compte à vue particulier,ING Do Basic,ING,en,2023-12-24,0
compte_a_vue,Compte à vue particulier,ING Do Basic,ING,en,2023-12-31,0
compte_a_vue,Compte à vue particulier,ING Do Basic,ING,en,2024-01-07,0
compte_a_vue,Compte à vue particulier,ING Do Basic,ING,en,2024-01-14,0
compte_a_vue,Compte à vue particulier,ING Do Basic,ING,en,2024-01-21,0
compte_a_vue,Compte à vue particulier,ING Do Basic,ING,en,2024-01-28,0
compte_a_vue,Compte à vue particulier,ING Do Basic,ING,en,2024-02-04,0
compte_a_vue,Compte à vue particulier,ING Do Basic,ING,en,2024-02-11,0
compte_a_vue,Compte à vue particulier,ING Do Basic,ING,en,2024-02-18,0
compte_a_vue,Compte à vue particulier,ING Do Basic,ING,en,2024-02-25,0
compte_a_vue,Compte à vue particulier,ING Do Basic,ING,en,2024-03-03,0
compte_a_vue,Compte à vue particulier,ING Do Basic,ING,en,2024-03-10,0
compte_a_vue,Compte à vue particulier,ING Do Basic,ING,en,2024-03-17,0
compte_a_vue,Compte à vue particulier,ING Do Basic,ING,en,2024-03-24,0
compte_a_vue,Compte à vue particulier,ING Do Basic,ING,en,2024-03-31,0
compte_a_vue,Compte à vue particulier,ING Do Basic,ING,en,2024-04-07,0
compte_a_vue,Compte à vue particulier,ING Do Basic,ING,en,2024-04-14,0
compte_a_vue,Compte à vue particulier,ING Do Basic,ING,en,2024-04-21,0
compte_a_vue,Compte à vue particulier,ING Do Basic,ING,en,2024-04-28,0
compte_a_vue,Compte à vue particulier,ING Do Basic,ING,en,2024-05-05,0
compte_a_vue,Compte à vue particulier,ING Do Basic,ING,en,2024-05-12,0
compte_a_vue,Compte à vue particulier,ING Do Basic,ING,en,2024-05-19,0
compte_a_vue,Compte à vue particulier,ING Do Basic,ING,en,2024-05-26,0
compte_a_vue,Compte à vue particulier,ING Do Basic,ING,en,2024-06-02,0
compte_a_vue,Compte à vue particulier,ING Do Basic,ING,en,2024-06-09,0
compte_a_vue,Compte à vue particulier,ING Do Basic,ING,en,2024-06-16,0
compte_a_vue,Compte à vue particulier,ING Do Basic,ING,en,2024-06-23,0
compte_a_vue,Compte à vue particulier,ING Do Basic,ING,en,2024-06-30,0
compte_a_vue,Compte à vue particulier,ING Do Basic,ING,en,2024-07-07,0
compte_a_vue,Compte à vue particulier,ING Do Basic,ING,en,2024-07-14,0
compte_a_vue,Compte à vue particulier,ING Do Basic,ING,en,2024-07-21,0
compte_a_vue,Compte à vue particulier,ING Do Basic,ING,en,2024-07-28,0
compte_a_vue,Compte à vue particulier,ING Do Basic,ING,en,2024-08-04,0
compte_a_vue,Compte à vue particulier,ING Do Basic,ING,en,2024-08-11,0
compte_a_vue,Compte à vue particulier,ING Do Basic,ING,en,2024-08-18,0
compte_a_vue,Compte à vue particulier,ING Do Basic,ING,en,2024-08-25,0
compte_a_vue,Compte à vue particulier,ING Do Basic,ING,en,2024-09-01,0
compte_a_vue,Compte à vue particulier,ING Do Basic,ING,en,2024-09-08,0
compte_a_vue,Compte à vue particulier,ING Do Basic,ING,en,2024-09-15,0
compte_a_vue,Compte à vue particulier,ING Do Basic,ING,en,2024-09-22,0
compte_a_vue,Compte à vue particulier,ING Do Basic,ING,en,2024-09-29,0
compte_a_vue,Compte à vue particulier,ING Do Basic,ING,en,2024-10-06,0
compte_a_vue,Compte à vue particulier,ING Do Basic,ING,en,2024-10-13,0
compte_a_vue,Compte à vue particulier,ING Do Basic,ING,en,2024-10-20,0
compte_a_vue,Compte à vue particulier,ING Do Basic,ING,en,2024-10-27,0
compte_a_vue,Compte à vue particulier,ING Do Basic,ING,en,2024-11-03,0
compte_a_vue,Compte à vue particulier,ING Do Basic,ING,en,2024-11-10,0
compte_a_vue,Compte à vue particulier,ING Do Basic,ING,en,2024-11-17,0
compte_a_vue,Compte à vue particulier,ING Do Basic,ING,en,2024-11-24,0
compte_a_vue,Compte à vue particulier,ING Do Basic,ING,en,2024-12-01,0
compte_a_vue,Compte à vue particulier,ING Do Basic,ING,en,2024-12-08,0
compte_a_vue,Compte à vue particulier,ING Do Basic,ING,en,2024-12-15,0
compte_a_vue,Compte à vue particulier,ING Do Basic,ING,en,2024-12-22,0
compte_a_vue,Compte à vue particulier,ING Do Basic,ING,en,2024-12-29,0
compte_a_vue,Compte à vue particulier,ING Do Basic,ING,en,2025-01-05,0
compte_a_vue,Compte à vue particulier,ING Do Basic,ING,en,2025-01-12,0
compte_a_vue,Compte à vue particulier,ING Do Basic,ING,en,2025-01-19,0
compte_a_vue,Compte à vue particulier,ING Do Basic,ING,en,2025-01-26,0
compte_a_vue,Compte à vue particulier,ING Do Basic,ING,en,2025-02-02,0
compte_a_vue,Compte à vue particulier,ING Do Basic,ING,en,2025-02-09,0
compte_a_vue,Compte à vue particulier,ING Do Basic,ING,en,2025-02-16,0
compte_a_vue,Compte à vue particulier,ING Do Basic,ING,en,2025-02-23,0
compte_a_vue,Compte à vue particulier,ING Do Basic,ING,en,2025-03-02,0
compte_a_vue,Compte à vue particulier,ING Do Basic,ING,en,2025-03-09,0
compte_a_vue,Compte à vue particulier,ING Do Basic,ING,en,2025-03-16,0
compte_a_vue,Compte à vue particulier,ING Do Basic,ING,en,2025-03-23,0
compte_a_vue,Compte à vue particulier,ING Do Basic,ING,en,2025-03-30,0
compte_a_vue,Compte à vue particulier,ING Do Basic,ING,en,2025-04-06,0
compte_a_vue,Compte à vue particulier,ING Do Basic,ING,en,2025-04-13,0
compte_a_vue,Compte à vue particulier,ING Do Basic,ING,en,2025-04-20,0
compte_a_vue,Compte à vue particulier,ING Do Basic,ING,en,2025-04-27,0
compte_a_vue,Compte à vue particulier,ING Do Basic,ING,en,2025-05-04,0
compte_a_vue,Compte à vue particulier,ING Do Basic,ING,en,2025-05-11,0
compte_a_vue,Compte à vue particulier,ING Do Basic,ING,en,2025-05-18,0
compte_a_vue,Compte à vue particulier,ING Do Basic,ING,en,2025-05-25,0
compte_a_vue,Compte à vue particulier,ING Do Basic,ING,en,2025-06-01,0
compte_a_vue,Compte à vue particulier,ING Do Basic,ING,en,2025-06-08,0
compte_a_vue,Compte à vue particulier,ING Do Basic,ING,en,2025-06-15,0
compte_a_vue,Compte à vue particulier,ING Do Basic,ING,en,2025-06-22,0
compte_a_vue,Compte à vue particulier,ING Do Basic,ING,en,2025-06-29,0
compte_a_vue,Compte à vue particulier,ING Do Basic,ING,en,2025-07-06,0
compte_a_vue,Compte à vue particulier,ING Do Basic,ING,en,2025-07-13,0
compte_a_vue,Compte à vue particulier,ING Do Basic,ING,en,2025-07-20,0
compte_a_vue,Compte à vue particulier,ING Do Basic,ING,en,2025-07-27,0
compte_a_vue,Compte à vue particulier,ING Do Basic,ING,en,2025-08-03,0
compte_a_vue,Compte à vue particulier,ING Do Basic,ING,en,2025-08-10,0
compte_a_vue,Compte à vue particulier,ING Do Basic,ING,en,2025-08-17,0
compte_a_vue,Compte à vue particulier,ING Do Basic,ING,en,2025-08-24,0
compte_a_vue,Compte à vue particulier,ING Do Basic,ING,en,2025-08-31,0
compte_a_vue,Compte à vue particulier,ING Do Basic,ING,en,2025-09-07,0
compte_a_vue,Compte à vue particulier,ING Do Basic,ING,en,2025-09-14,0
compte_a_vue,Compte à vue particulier,ING Do Basic,ING,en,2025-09-21,0
compte_a_vue,Compte à vue particulier,ING Do Basic,ING,en,2025-09-28,0
compte_a_vue,Compte à vue particulier,ING Do Basic,ING,en,2025-10-05,0
compte_a_vue,Compte à vue particulier,ING Do Basic,ING,en,2025-10-12,0
compte_a_vue,Compte à vue particulier,ING Do Basic,ING,en,2025-10-19,0
compte_a_vue,Compte à vue particulier,ING Do Basic,ING,en,2025-10-26,0
compte_a_vue,Compte à vue particulier,ING Do Basic,ING,en,2025-11-02,0
compte_a_vue,Compte à vue particulier,ING Do Basic,ING,en,2025-11-09,0
compte_a_vue,Compte à vue particulier,ING Do Basic,ING,en,2025-11-16,0
compte_a_vue,Compte à vue particulier,ING Do Basic,ING,en,2025-11-23,0
compte_a_vue,Compte à vue particulier,ING Do Basic,ING,en,2025-11-30,0
compte_a_vue,Compte à vue particulier,ING Do Basic,ING,en,2025-12-07,0
compte_a_vue,Compte à vue particulier,ING Do Basic,ING,en,2025-12-14,0
compte_a_vue,Compte à vue particulier,ING Do Basic,ING,en,2025-12-21,0
compte_a_vue,Compte à vue particulier,ING Do Basic,ING,en,2025-12-28,0
compte_a_vue,Compte à vue particulier,ING Do Basic,ING,en,2026-01-04,0
compte_a_vue,Compte à vue particulier,ING Do Basic,ING,en,2026-01-11,0
compte_a_vue,Compte à vue particulier,ING Do Basic,ING,en,2026-01-18,0
compte_a_vue,Compte à vue particulier,ING Do Basic,ING,en,2026-01-25,0
compte_a_vue,Compte à vue particulier,ING Do Basic,ING,en,2026-02-01,0
compte_a_vue,Compte à vue particulier,ING Do Basic,ING,en,2026-02-08,0
compte_a_vue,Compte à vue particulier,ING Do Basic,ING,en,2026-02-15,0
compte_a_vue,Compte à vue particulier,ING Do Basic,ING,en,2026-02-22,0
compte_a_vue,Compte à vue particulier,ING Do Basic,ING,en,2026-03-01,0
compte_a_vue,Compte à vue particulier,ING Do Basic,ING,en,2026-03-08,0
compte_a_vue,Compte à vue particulier,ING Do Basic,ING,en,2026-03-15,0
compte_a_vue,Compte à vue particulier,ING Do Basic,ING,en,2026-03-22,0
compte_a_vue,Compte à vue particulier,ING Do Basic,ING,en,2026-03-29,0
compte_a_vue,Compte à vue particulier,ING Do Basic,ING,en,2026-04-05,0
compte_a_vue,Compte à vue particulier,ING Do Basic,ING,en,2026-04-12,0
compte_a_vue,Compte à vue particulier,ING Do Basic,ING,en,2026-04-19,0
compte_a_vue,Compte à vue particulier,ING Do Basic,ING,en,2026-04-26,0
compte_a_vue,Compte à vue particulier,ING Do Basic,ING,en,2026-05-03,0
compte_a_vue,Compte à vue particulier,ING Do Basic,ING,en,2026-05-10,0
compte_a_vue,Compte à vue particulier,ING Do Basic,ING,en,2026-05-17,0
compte_a_vue,Compte à vue particulier,ING Do Basic,ING,en,2026-05-24,0
compte_a_vue,Compte à vue particulier,ING Do Basic,ING,en,2026-05-31,0
compte_a_vue,Compte à vue particulier,ING Do Basic,ING,en,2026-06-07,0
compte_a_vue,Compte à vue particulier,ING Do Basic,ING,en,2026-06-14,0
compte_a_vue,Compte à vue particulier,ING Do Basic,ING,en,2026-06-21,0
compte_a_vue,Compte à vue particulier,ING Do Basic,ING,en,2026-06-28,0
compte_a_vue,Compte à vue particulier,ING Do Basic,ING,en,2026-07-05,0
compte_a_vue,Compte à vue particulier,ING Do Basic,ING,en,2026-07-12,0
compte_a_vue,Compte à vue particulier,ING Do Basic,ING,en,2026-07-19,0
compte_a_vue,Compte à vue particulier,ING Do Basic,ING,en,2026-07-26,0
compte_a_vue,Compte à vue particulier,ING Do Basic,ING,en,2026-08-02,0
compte_a_vue,Compte à vue particulier,ING Do Basic,ING,en,2026-08-09,0
compte_a_vue,Compte à vue particulier,ING Do Basic,ING,en,2026-08-16,0
compte_a_vue,Compte à vue particulier,ING Do Basic,ING,en,2026-08-23,0
compte_a_vue,Compte à vue particulier,ING Do Basic,ING,en,2026-08-30,0
compte_a_vue,Compte à vue particulier,ING Do Basic,ING,en,2026-09-06,0
compte_a_vue,Compte à vue particulier,ING Do Basic,ING,en,2026-09-13,0
compte_a_vue,Compte à vue particulier,ING zichtrekening,ING,nl,2021-09-12,0
compte_a_vue,Compte à vue particulier,ING zichtrekening,ING,nl,2021-09-19,0
compte_a_vue,Compte à vue particulier,ING zichtrekening,ING,nl,2021-09-26,0
compte_a_vue,Compte à vue particulier,ING zichtrekening,ING,nl,2021-10-03,0
compte_a_vue,Compte à vue particulier,ING zichtrekening,ING,nl,2021-10-10,0
compte_a_vue,Compte à vue particulier,ING zichtrekening,ING,nl,2021-10-17,0
compte_a_vue,Compte à vue particulier,ING zichtrekening,ING,nl,2021-10-24,0
compte_a_vue,Compte à vue particulier,ING zichtrekening,ING,nl,2021-10-31,0
compte_a_vue,Compte à vue particulier,ING zichtrekening,ING,nl,2021-11-07,0
compte_a_vue,Compte à vue particulier,ING zichtrekening,ING,nl,2021-11-14,0
compte_a_vue,Compte à vue particulier,ING zichtrekening,ING,nl,2021-11-21,0
compte_a_vue,Compte à vue particulier,ING zichtrekening,ING,nl,2021-11-28,0
compte_a_vue,Compte à vue particulier,ING zichtrekening,ING,nl,2021-12-05,0
compte_a_vue,Compte à vue particulier,ING zichtrekening,ING,nl,2021-12-12,0
compte_a_vue,Compte à vue particulier,ING zichtrekening,ING,nl,2021-12-19,0
compte_a_vue,Compte à vue particulier,ING zichtrekening,ING,nl,2021-12-26,0
compte_a_vue,Compte à vue particulier,ING zichtrekening,ING,nl,2022-01-02,0
compte_a_vue,Compte à vue particulier,ING zichtrekening,ING,nl,2022-01-09,0
compte_a_vue,Compte à vue particulier,ING zichtrekening,ING,nl,2022-01-16,0
compte_a_vue,Compte à vue particulier,ING zichtrekening,ING,nl,2022-01-23,0
compte_a_vue,Compte à vue particulier,ING zichtrekening,ING,nl,2022-01-30,0
compte_a_vue,Compte à vue particulier,ING zichtrekening,ING,nl,2022-02-06,0
compte_a_vue,Compte à vue particulier,ING zichtrekening,ING,nl,2022-02-13,0
compte_a_vue,Compte à vue particulier,ING zichtrekening,ING,nl,2022-02-20,0
compte_a_vue,Compte à vue particulier,ING zichtrekening,ING,nl,2022-02-27,0
compte_a_vue,Compte à vue particulier,ING zichtrekening,ING,nl,2022-03-06,0
compte_a_vue,Compte à vue particulier,ING zichtrekening,ING,nl,2022-03-13,19
compte_a_vue,Compte à vue particulier,ING zichtrekening,ING,nl,2022-03-20,0
compte_a_vue,Compte à vue particulier,ING zichtrekening,ING,nl,2022-03-27,0
compte_a_vue,Compte à vue particulier,ING zichtrekening,ING,nl,2022-04-03,0
compte_a_vue,Compte à vue particulier,ING zichtrekening,ING,nl,2022-04-10,0
compte_a_vue,Compte à vue particulier,ING zichtrekening,ING,nl,2022-04-17,0
compte_a_vue,Compte à vue particulier,ING zichtrekening,ING,nl,2022-04-24,0
compte_a_vue,Compte à vue particulier,ING zichtrekening,ING,nl,2022-05-01,12
compte_a_vue,Compte à vue particulier,ING zichtrekening,ING,nl,2022-05-08,0
compte_a_vue,Compte à vue particulier,ING zichtrekening,ING,nl,2022-05-15,0
compte_a_vue,Compte à vue particulier,ING zichtrekening,ING,nl,2022-05-22,0
compte_a_vue,Compte à vue particulier,ING zichtrekening,ING,nl,2022-05-29,0
compte_a_vue,Compte à vue particulier,ING zichtrekening,ING,nl,2022-06-05,0
compte_a_vue,Compte à vue particulier,ING zichtrekening,ING,nl,2022-06-12,0
compte_a_vue,Compte à vue particulier,ING zichtrekening,ING,nl,2022-06-19,0
compte_a_vue,Compte à vue particulier,ING zichtrekening,ING,nl,2022-06-26,0
compte_a_vue,Compte à vue particulier,ING zichtrekening,ING,nl,2022-07-03,0
compte_a_vue,Compte à vue particulier,ING zichtrekening,ING,nl,2022-07-10,0
compte_a_vue,Compte à vue particulier,ING zichtrekening,ING,nl,2022-07-17,0
compte_a_vue,Compte à vue particulier,ING zichtrekening,ING,nl,2022-07-24,0
compte_a_vue,Compte à vue particulier,ING zichtrekening,ING,nl,2022-07-31,0
compte_a_vue,Compte à vue particulier,ING zichtrekening,ING,nl,2022-08-07,0
compte_a_vue,Compte à vue particulier,ING zichtrekening,ING,nl,2022-08-14,0
compte_a_vue,Compte à vue particulier,ING zichtrekening,ING,nl,2022-08-21,0
compte_a_vue,Compte à vue particulier,ING zichtrekening,ING,nl,2022-08-28,0
compte_a_vue,Compte à vue particulier,ING zichtrekening,ING,nl,2022-09-04,0
compte_a_vue,Compte à vue particulier,ING zichtrekening,ING,nl,2022-09-11,0
compte_a_vue,Compte à vue particulier,ING zichtrekening,ING,nl,2022-09-18,0
compte_a_vue,Compte à vue particulier,ING zichtrekening,ING,nl,2022-09-25,0
compte_a_vue,Compte à vue particulier,ING zichtrekening,ING,nl,2022-10-02,0
compte_a_vue,Compte à vue particulier,ING zichtrekening,ING,nl,2022-10-09,0
compte_a_vue,Compte à vue particulier,ING zichtrekening,ING,nl,2022-10-16,0
compte_a_vue,Compte à vue particulier,ING zichtrekening,ING,nl,2022-10-23,0
compte_a_vue,Compte à vue particulier,ING zichtrekening,ING,nl,2022-10-30,0
compte_a_vue,Compte à vue particulier,ING zichtrekening,ING,nl,2022-11-06,0
compte_a_vue,Compte à vue particulier,ING zichtrekening,ING,nl,2022-11-13,0
compte_a_vue,Compte à vue particulier,ING zichtrekening,ING,nl,2022-11-20,0
compte_a_vue,Compte à vue particulier,ING zichtrekening,ING,nl,2022-11-27,0
compte_a_vue,Compte à vue particulier,ING zichtrekening,ING,nl,2022-12-04,0
compte_a_vue,Compte à vue particulier,ING zichtrekening,ING,nl,2022-12-11,0
compte_a_vue,Compte à vue particulier,ING zichtrekening,ING,nl,2022-12-18,0
compte_a_vue,Compte à vue particulier,ING zichtrekening,ING,nl,2022-12-25,0
compte_a_vue,Compte à vue particulier,ING zichtrekening,ING,nl,2023-01-01,0
compte_a_vue,Compte à vue particulier,ING zichtrekening,ING,nl,2023-01-08,0
compte_a_vue,Compte à vue particulier,ING zichtrekening,ING,nl,2023-01-15,0
compte_a_vue,Compte à vue particulier,ING zichtrekening,ING,nl,2023-01-22,0
compte_a_vue,Compte à vue particulier,ING zichtrekening,ING,nl,2023-01-29,0
compte_a_vue,Compte à vue particulier,ING zichtrekening,ING,nl,2023-02-05,0
compte_a_vue,Compte à vue particulier,ING zichtrekening,ING,nl,2023-02-12,0
compte_a_vue,Compte à vue particulier,ING zichtrekening,ING,nl,2023-02-19,0
compte_a_vue,Compte à vue particulier,ING zichtrekening,ING,nl,2023-02-26,0
compte_a_vue,Compte à vue particulier,ING zichtrekening,ING,nl,2023-03-05,0
compte_a_vue,Compte à vue particulier,ING zichtrekening,ING,nl,2023-03-12,0
compte_a_vue,Compte à vue particulier,ING zichtrekening,ING,nl,2023-03-19,0
compte_a_vue,Compte à vue particulier,ING zichtrekening,ING,nl,2023-03-26,0
compte_a_vue,Compte à vue particulier,ING zichtrekening,ING,nl,2023-04-02,0
compte_a_vue,Compte à vue particulier,ING zichtrekening,ING,nl,2023-04-09,0
compte_a_vue,Compte à vue particulier,ING zichtrekening,ING,nl,2023-04-16,0
compte_a_vue,Compte à vue particulier,ING zichtrekening,ING,nl,2023-04-23,0
compte_a_vue,Compte à vue particulier,ING zichtrekening,ING,nl,2023-04-30,0
compte_a_vue,Compte à vue particulier,ING zichtrekening,ING,nl,2023-05-07,0
compte_a_vue,Compte à vue particulier,ING zichtrekening,ING,nl,2023-05-14,0
compte_a_vue,Compte à vue particulier,ING zichtrekening,ING,nl,2023-05-21,0
compte_a_vue,Compte à vue particulier,ING zichtrekening,ING,nl,2023-05-28,0
compte_a_vue,Compte à vue particulier,ING zichtrekening,ING,nl,2023-06-04,0
compte_a_vue,Compte à vue particulier,ING zichtrekening,ING,nl,2023-06-11,0
compte_a_vue,Compte à vue particulier,ING zichtrekening,ING,nl,2023-06-18,0
compte_a_vue,Compte à vue particulier,ING zichtrekening,ING,nl,2023-06-25,0
compte_a_vue,Compte à vue particulier,ING zichtrekening,ING,nl,2023-07-02,0
compte_a_vue,Compte à vue particulier,ING zichtrekening,ING,nl,2023-07-09,0
compte_a_vue,Compte à vue particulier,ING zichtrekening,ING,nl,2023-07-16,0
compte_a_vue,Compte à vue particulier,ING zichtrekening,ING,nl,2023-07-23,0
compte_a_vue,Compte à vue particulier,ING zichtrekening,ING,nl,2023-07-30,0
compte_a_vue,Compte à vue particulier,ING zichtrekening,ING,nl,2023-08-06,0
compte_a_vue,Compte à vue particulier,ING zichtrekening,ING,nl,2023-08-13,0
compte_a_vue,Compte à vue particulier,ING zichtrekening,ING,nl,2023-08-20,0
compte_a_vue,Compte à vue particulier,ING zichtrekening,ING,nl,2023-08-27,0
compte_a_vue,Compte à vue particulier,ING zichtrekening,ING,nl,2023-09-03,0
compte_a_vue,Compte à vue particulier,ING zichtrekening,ING,nl,2023-09-10,0
compte_a_vue,Compte à vue particulier,ING zichtrekening,ING,nl,2023-09-17,0
compte_a_vue,Compte à vue particulier,ING zichtrekening,ING,nl,2023-09-24,0
compte_a_vue,Compte à vue particulier,ING zichtrekening,ING,nl,2023-10-01,0
compte_a_vue,Compte à vue particulier,ING zichtrekening,ING,nl,2023-10-08,0
compte_a_vue,Compte à vue particulier,ING zichtrekening,ING,nl,2023-10-15,0
compte_a_vue,Compte à vue particulier,ING zichtrekening,ING,nl,2023-10-22,0
compte_a_vue,Compte à vue particulier,ING zichtrekening,ING,nl,2023-10-29,0
compte_a_vue,Compte à vue particulier,ING zichtrekening,ING,nl,2023-11-05,0
compte_a_vue,Compte à vue particulier,ING zichtrekening,ING,nl,2023-11-12,0
compte_a_vue,Compte à vue particulier,ING zichtrekening,ING,nl,2023-11-19,0
compte_a_vue,Compte à vue particulier,ING zichtrekening,ING,nl,2023-11-26,0
compte_a_vue,Compte à vue particulier,ING zichtrekening,ING,nl,2023-12-03,0
compte_a_vue,Compte à vue particulier,ING zichtrekening,ING,nl,2023-12-10,0
compte_a_vue,Compte à vue particulier,ING zichtrekening,ING,nl,2023-12-17,0
compte_a_vue,Compte à vue particulier,ING zichtrekening,ING,nl,2023-12-24,16
compte_a_vue,Compte à vue particulier,ING zichtrekening,ING,nl,2023-12-31,0
compte_a_vue,Compte à vue particulier,ING zichtrekening,ING,nl,2024-01-07,0
compte_a_vue,Compte à vue particulier,ING zichtrekening,ING,nl,2024-01-14,0
compte_a_vue,Compte à vue particulier,ING zichtrekening,ING,nl,2024-01-21,0
compte_a_vue,Compte à vue particulier,ING zichtrekening,ING,nl,2024-01-28,0
compte_a_vue,Compte à vue particulier,ING zichtrekening,ING,nl,2024-02-04,0
compte_a_vue,Compte à vue particulier,ING zichtrekening,ING,nl,2024-02-11,0
compte_a_vue,Compte à vue particulier,ING zichtrekening,ING,nl,2024-02-18,0
compte_a_vue,Compte à vue particulier,ING zichtrekening,ING,nl,2024-02-25,0
compte_a_vue,Compte à vue particulier,ING zichtrekening,ING,nl,2024-03-03,0
compte_a_vue,Compte à vue particulier,ING zichtrekening,ING,nl,2024-03-10,0
compte_a_vue,Compte à vue particulier,ING zichtrekening,ING,nl,2024-03-17,0
compte_a_vue,Compte à vue particulier,ING zichtrekening,ING,nl,2024-03-24,0
compte_a_vue,Compte à vue particulier,ING zichtrekening,ING,nl,2024-03-31,0
compte_a_vue,Compte à vue particulier,ING zichtrekening,ING,nl,2024-04-07,0
compte_a_vue,Compte à vue particulier,ING zichtrekening,ING,nl,2024-04-14,0
compte_a_vue,Compte à vue particulier,ING zichtrekening,ING,nl,2024-04-21,0
compte_a_vue,Compte à vue particulier,ING zichtrekening,ING,nl,2024-04-28,0
compte_a_vue,Compte à vue particulier,ING zichtrekening,ING,nl,2024-05-05,0
compte_a_vue,Compte à vue particulier,ING zichtrekening,ING,nl,2024-05-12,0
compte_a_vue,Compte à vue particulier,ING zichtrekening,ING,nl,2024-05-19,0
compte_a_vue,Compte à vue particulier,ING zichtrekening,ING,nl,2024-05-26,0
compte_a_vue,Compte à vue particulier,ING zichtrekening,ING,nl,2024-06-02,0
compte_a_vue,Compte à vue particulier,ING zichtrekening,ING,nl,2024-06-09,0
compte_a_vue,Compte à vue particulier,ING zichtrekening,ING,nl,2024-06-16,0
compte_a_vue,Compte à vue particulier,ING zichtrekening,ING,nl,2024-06-23,0
compte_a_vue,Compte à vue particulier,ING zichtrekening,ING,nl,2024-06-30,0
compte_a_vue,Compte à vue particulier,ING zichtrekening,ING,nl,2024-07-07,0
compte_a_vue,Compte à vue particulier,ING zichtrekening,ING,nl,2024-07-14,0
compte_a_vue,Compte à vue particulier,ING zichtrekening,ING,nl,2024-07-21,0
compte_a_vue,Compte à vue particulier,ING zichtrekening,ING,nl,2024-07-28,0
compte_a_vue,Compte à vue particulier,ING zichtrekening,ING,nl,2024-08-04,0
compte_a_vue,Compte à vue particulier,ING zichtrekening,ING,nl,2024-08-11,0
compte_a_vue,Compte à vue particulier,ING zichtrekening,ING,nl,2024-08-18,0
compte_a_vue,Compte à vue particulier,ING zichtrekening,ING,nl,2024-08-25,24
compte_a_vue,Compte à vue particulier,ING zichtrekening,ING,nl,2024-09-01,39
compte_a_vue,Compte à vue particulier,ING zichtrekening,ING,nl,2024-09-08,28
compte_a_vue,Compte à vue particulier,ING zichtrekening,ING,nl,2024-09-15,0
compte_a_vue,Compte à vue particulier,ING zichtrekening,ING,nl,2024-09-22,19
compte_a_vue,Compte à vue particulier,ING zichtrekening,ING,nl,2024-09-29,0
compte_a_vue,Compte à vue particulier,ING zichtrekening,ING,nl,2024-10-06,0
compte_a_vue,Compte à vue particulier,ING zichtrekening,ING,nl,2024-10-13,0
compte_a_vue,Compte à vue particulier,ING zichtrekening,ING,nl,2024-10-20,0
compte_a_vue,Compte à vue particulier,ING zichtrekening,ING,nl,2024-10-27,0
compte_a_vue,Compte à vue particulier,ING zichtrekening,ING,nl,2024-11-03,0
compte_a_vue,Compte à vue particulier,ING zichtrekening,ING,nl,2024-11-10,0
compte_a_vue,Compte à vue particulier,ING zichtrekening,ING,nl,2024-11-17,0
compte_a_vue,Compte à vue particulier,ING zichtrekening,ING,nl,2024-11-24,0
compte_a_vue,Compte à vue particulier,ING zichtrekening,ING,nl,2024-12-01,0
compte_a_vue,Compte à vue particulier,ING zichtrekening,ING,nl,2024-12-08,0
compte_a_vue,Compte à vue particulier,ING zichtrekening,ING,nl,2024-12-15,0
compte_a_vue,Compte à vue particulier,ING zichtrekening,ING,nl,2024-12-22,0
compte_a_vue,Compte à vue particulier,ING zichtrekening,ING,nl,2024-12-29,0
compte_a_vue,Compte à vue particulier,ING zichtrekening,ING,nl,2025-01-05,0
compte_a_vue,Compte à vue particulier,ING zichtrekening,ING,nl,2025-01-12,0
compte_a_vue,Compte à vue particulier,ING zichtrekening,ING,nl,2025-01-19,0
compte_a_vue,Compte à vue particulier,ING zichtrekening,ING,nl,2025-01-26,0
compte_a_vue,Compte à vue particulier,ING zichtrekening,ING,nl,2025-02-02,0
compte_a_vue,Compte à vue particulier,ING zichtrekening,ING,nl,2025-02-09,0
compte_a_vue,Compte à vue particulier,ING zichtrekening,ING,nl,2025-02-16,0
compte_a_vue,Compte à vue particulier,ING zichtrekening,ING,nl,2025-02-23,0
compte_a_vue,Compte à vue particulier,ING zichtrekening,ING,nl,2025-03-02,0
compte_a_vue,Compte à vue particulier,ING zichtrekening,ING,nl,2025-03-09,0
compte_a_vue,Compte à vue particulier,ING zichtrekening,ING,nl,2025-03-16,0
compte_a_vue,Compte à vue particulier,ING zichtrekening,ING,nl,2025-03-23,0
compte_a_vue,Compte à vue particulier,ING zichtrekening,ING,nl,2025-03-30,0
compte_a_vue,Compte à vue particulier,ING zichtrekening,ING,nl,2025-04-06,0
compte_a_vue,Compte à vue particulier,ING zichtrekening,ING,nl,2025-04-13,0
compte_a_vue,Compte à vue particulier,ING zichtrekening,ING,nl,2025-04-20,0
compte_a_vue,Compte à vue particulier,ING zichtrekening,ING,nl,2025-04-27,0
compte_a_vue,Compte à vue particulier,ING zichtrekening,ING,nl,2025-05-04,0
compte_a_vue,Compte à vue particulier,ING zichtrekening,ING,nl,2025-05-11,0
compte_a_vue,Compte à vue particulier,ING zichtrekening,ING,nl,2025-05-18,0
compte_a_vue,Compte à vue particulier,ING zichtrekening,ING,nl,2025-05-25,0
compte_a_vue,Compte à vue particulier,ING zichtrekening,ING,nl,2025-06-01,0
compte_a_vue,Compte à vue particulier,ING zichtrekening,ING,nl,2025-06-08,0
compte_a_vue,Compte à vue particulier,ING zichtrekening,ING,nl,2025-06-15,0
compte_a_vue,Compte à vue particulier,ING zichtrekening,ING,nl,2025-06-22,0
compte_a_vue,Compte à vue particulier,ING zichtrekening,ING,nl,2025-06-29,0
compte_a_vue,Compte à vue particulier,ING zichtrekening,ING,nl,2025-07-06,0
compte_a_vue,Compte à vue particulier,ING zichtrekening,ING,nl,2025-07-13,0
compte_a_vue,Compte à vue particulier,ING zichtrekening,ING,nl,2025-07-20,0
compte_a_vue,Compte à vue particulier,ING zichtrekening,ING,nl,2025-07-27,0
compte_a_vue,Compte à vue particulier,ING zichtrekening,ING,nl,2025-08-03,0
compte_a_vue,Compte à vue particulier,ING zichtrekening,ING,nl,2025-08-10,0
compte_a_vue,Compte à vue particulier,ING zichtrekening,ING,nl,2025-08-17,0
compte_a_vue,Compte à vue particulier,ING zichtrekening,ING,nl,2025-08-24,0
compte_a_vue,Compte à vue particulier,ING zichtrekening,ING,nl,2025-08-31,0
compte_a_vue,Compte à vue particulier,ING zichtrekening,ING,nl,2025-09-07,0
compte_a_vue,Compte à vue particulier,ING zichtrekening,ING,nl,2025-09-14,0
compte_a_vue,Compte à vue particulier,ING zichtrekening,ING,nl,2025-09-21,0
compte_a_vue,Compte à vue particulier,ING zichtrekening,ING,nl,2025-09-28,0
compte_a_vue,Compte à vue particulier,ING zichtrekening,ING,nl,2025-10-05,0
compte_a_vue,Compte à vue particulier,ING zichtrekening,ING,nl,2025-10-12,0
compte_a_vue,Compte à vue particulier,ING zichtrekening,ING,nl,2025-10-19,0
compte_a_vue,Compte à vue particulier,ING zichtrekening,ING,nl,2025-10-26,0
compte_a_vue,Compte à vue particulier,ING zichtrekening,ING,nl,2025-11-02,0
compte_a_vue,Compte à vue particulier,ING zichtrekening,ING,nl,2025-11-09,0
compte_a_vue,Compte à vue particulier,ING zichtrekening,ING,nl,2025-11-16,0
compte_a_vue,Compte à vue particulier,ING zichtrekening,ING,nl,2025-11-23,0
compte_a_vue,Compte à vue particulier,ING zichtrekening,ING,nl,2025-11-30,0
compte_a_vue,Compte à vue particulier,ING zichtrekening,ING,nl,2025-12-07,0
compte_a_vue,Compte à vue particulier,ING zichtrekening,ING,nl,2025-12-14,0
compte_a_vue,Compte à vue particulier,ING zichtrekening,ING,nl,2025-12-21,0
compte_a_vue,Compte à vue particulier,ING zichtrekening,ING,nl,2025-12-28,0
compte_a_vue,Compte à vue particulier,ING zichtrekening,ING,nl,2026-01-04,0
compte_a_vue,Compte à vue particulier,ING zichtrekening,ING,nl,2026-01-11,0
compte_a_vue,Compte à vue particulier,ING zichtrekening,ING,nl,2026-01-18,0
compte_a_vue,Compte à vue particulier,ING zichtrekening,ING,nl,2026-01-25,0
compte_a_vue,Compte à vue particulier,ING zichtrekening,ING,nl,2026-02-01,0
compte_a_vue,Compte à vue particulier,ING zichtrekening,ING,nl,2026-02-08,0
compte_a_vue,Compte à vue particulier,ING zichtrekening,ING,nl,2026-02-15,0
compte_a_vue,Compte à vue particulier,ING zichtrekening,ING,nl,2026-02-22,0
compte_a_vue,Compte à vue particulier,ING zichtrekening,ING,nl,2026-03-01,0
compte_a_vue,Compte à vue particulier,ING zichtrekening,ING,nl,2026-03-08,0
compte_a_vue,Compte à vue particulier,ING zichtrekening,ING,nl,2026-03-15,0
compte_a_vue,Compte à vue particulier,ING zichtrekening,ING,nl,2026-03-22,0
compte_a_vue,Compte à vue particulier,ING zichtrekening,ING,nl,2026-03-29,0
compte_a_vue,Compte à vue particulier,ING zichtrekening,ING,nl,2026-04-05,0
compte_a_vue,Compte à vue particulier,ING zichtrekening,ING,nl,2026-04-12,0
compte_a_vue,Compte à vue particulier,ING zichtrekening,ING,nl,2026-04-19,0
compte_a_vue,Compte à vue particulier,ING zichtrekening,ING,nl,2026-04-26,0
compte_a_vue,Compte à vue particulier,ING zichtrekening,ING,nl,2026-05-03,0
compte_a_vue,Compte à vue particulier,ING zichtrekening,ING,nl,2026-05-10,0
compte_a_vue,Compte à vue particulier,ING zichtrekening,ING,nl,2026-05-17,0
compte_a_vue,Compte à vue particulier,ING zichtrekening,ING,nl,2026-05-24,0
compte_a_vue,Compte à vue particulier,ING zichtrekening,ING,nl,2026-05-31,0
compte_a_vue,Compte à vue particulier,ING zichtrekening,ING,nl,2026-06-07,0
compte_a_vue,Compte à vue particulier,ING zichtrekening,ING,nl,2026-06-14,0
compte_a_vue,Compte à vue particulier,ING zichtrekening,ING,nl,2026-06-21,0
compte_a_vue,Compte à vue particulier,ING zichtrekening,ING,nl,2026-06-28,0
compte_a_vue,Compte à vue particulier,ING zichtrekening,ING,nl,2026-07-05,0
compte_a_vue,Compte à vue particulier,ING zichtrekening,ING,nl,2026-07-12,0
compte_a_vue,Compte à vue particulier,ING zichtrekening,ING,nl,2026-07-19,0
compte_a_vue,Compte à vue particulier,ING zichtrekening,ING,nl,2026-07-26,0
compte_a_vue,Compte à vue particulier,ING zichtrekening,ING,nl,2026-08-02,0
compte_a_vue,Compte à vue particulier,ING zichtrekening,ING,nl,2026-08-09,0
compte_a_vue,Compte à vue particulier,ING zichtrekening,ING,nl,2026-08-16,0
compte_a_vue,Compte à vue particulier,ING zichtrekening,ING,nl,2026-08-23,0
compte_a_vue,Compte à vue particulier,ING zichtrekening,ING,nl,2026-08-30,6
compte_a_vue,Compte à vue particulier,ING zichtrekening,ING,nl,2026-09-06,7
compte_a_vue,Compte à vue particulier,ING zichtrekening,ING,nl,2026-09-13,0
compte_a_vue,Compte à vue particulier,compte à vue ING,ING,fr,2021-09-12,0
compte_a_vue,Compte à vue particulier,compte à vue ING,ING,fr,2021-09-19,0
compte_a_vue,Compte à vue particulier,compte à vue ING,ING,fr,2021-09-26,0
compte_a_vue,Compte à vue particulier,compte à vue ING,ING,fr,2021-10-03,0
compte_a_vue,Compte à vue particulier,compte à vue ING,ING,fr,2021-10-10,0
compte_a_vue,Compte à vue particulier,compte à vue ING,ING,fr,2021-10-17,0
compte_a_vue,Compte à vue particulier,compte à vue ING,ING,fr,2021-10-24,0
compte_a_vue,Compte à vue particulier,compte à vue ING,ING,fr,2021-10-31,0
compte_a_vue,Compte à vue particulier,compte à vue ING,ING,fr,2021-11-07,0
compte_a_vue,Compte à vue particulier,compte à vue ING,ING,fr,2021-11-14,0
compte_a_vue,Compte à vue particulier,compte à vue ING,ING,fr,2021-11-21,0
compte_a_vue,Compte à vue particulier,compte à vue ING,ING,fr,2021-11-28,0
compte_a_vue,Compte à vue particulier,compte à vue ING,ING,fr,2021-12-05,0
compte_a_vue,Compte à vue particulier,compte à vue ING,ING,fr,2021-12-12,0
compte_a_vue,Compte à vue particulier,compte à vue ING,ING,fr,2021-12-19,0
compte_a_vue,Compte à vue particulier,compte à vue ING,ING,fr,2021-12-26,0
compte_a_vue,Compte à vue particulier,compte à vue ING,ING,fr,2022-01-02,0
compte_a_vue,Compte à vue particulier,compte à vue ING,ING,fr,2022-01-09,0
compte_a_vue,Compte à vue particulier,compte à vue ING,ING,fr,2022-01-16,0
compte_a_vue,Compte à vue particulier,compte à vue ING,ING,fr,2022-01-23,0
compte_a_vue,Compte à vue particulier,compte à vue ING,ING,fr,2022-01-30,0
compte_a_vue,Compte à vue particulier,compte à vue ING,ING,fr,2022-02-06,0
compte_a_vue,Compte à vue particulier,compte à vue ING,ING,fr,2022-02-13,0
compte_a_vue,Compte à vue particulier,compte à vue ING,ING,fr,2022-02-20,0
compte_a_vue,Compte à vue particulier,compte à vue ING,ING,fr,2022-02-27,0
compte_a_vue,Compte à vue particulier,compte à vue ING,ING,fr,2022-03-06,0
compte_a_vue,Compte à vue particulier,compte à vue ING,ING,fr,2022-03-13,0
compte_a_vue,Compte à vue particulier,compte à vue ING,ING,fr,2022-03-20,0
compte_a_vue,Compte à vue particulier,compte à vue ING,ING,fr,2022-03-27,0
compte_a_vue,Compte à vue particulier,compte à vue ING,ING,fr,2022-04-03,0
compte_a_vue,Compte à vue particulier,compte à vue ING,ING,fr,2022-04-10,0
compte_a_vue,Compte à vue particulier,compte à vue ING,ING,fr,2022-04-17,0
compte_a_vue,Compte à vue particulier,compte à vue ING,ING,fr,2022-04-24,0
compte_a_vue,Compte à vue particulier,compte à vue ING,ING,fr,2022-05-01,0
compte_a_vue,Compte à vue particulier,compte à vue ING,ING,fr,2022-05-08,0
compte_a_vue,Compte à vue particulier,compte à vue ING,ING,fr,2022-05-15,0
compte_a_vue,Compte à vue particulier,compte à vue ING,ING,fr,2022-05-22,0
compte_a_vue,Compte à vue particulier,compte à vue ING,ING,fr,2022-05-29,0
compte_a_vue,Compte à vue particulier,compte à vue ING,ING,fr,2022-06-05,0
compte_a_vue,Compte à vue particulier,compte à vue ING,ING,fr,2022-06-12,0
compte_a_vue,Compte à vue particulier,compte à vue ING,ING,fr,2022-06-19,0
compte_a_vue,Compte à vue particulier,compte à vue ING,ING,fr,2022-06-26,0
compte_a_vue,Compte à vue particulier,compte à vue ING,ING,fr,2022-07-03,0
compte_a_vue,Compte à vue particulier,compte à vue ING,ING,fr,2022-07-10,0
compte_a_vue,Compte à vue particulier,compte à vue ING,ING,fr,2022-07-17,0
compte_a_vue,Compte à vue particulier,compte à vue ING,ING,fr,2022-07-24,0
compte_a_vue,Compte à vue particulier,compte à vue ING,ING,fr,2022-07-31,0
compte_a_vue,Compte à vue particulier,compte à vue ING,ING,fr,2022-08-07,0
compte_a_vue,Compte à vue particulier,compte à vue ING,ING,fr,2022-08-14,0
compte_a_vue,Compte à vue particulier,compte à vue ING,ING,fr,2022-08-21,0
compte_a_vue,Compte à vue particulier,compte à vue ING,ING,fr,2022-08-28,0
compte_a_vue,Compte à vue particulier,compte à vue ING,ING,fr,2022-09-04,0
compte_a_vue,Compte à vue particulier,compte à vue ING,ING,fr,2022-09-11,0
compte_a_vue,Compte à vue particulier,compte à vue ING,ING,fr,2022-09-18,0
compte_a_vue,Compte à vue particulier,compte à vue ING,ING,fr,2022-09-25,0
compte_a_vue,Compte à vue particulier,compte à vue ING,ING,fr,2022-10-02,15
compte_a_vue,Compte à vue particulier,compte à vue ING,ING,fr,2022-10-09,0
compte_a_vue,Compte à vue particulier,compte à vue ING,ING,fr,2022-10-16,0
compte_a_vue,Compte à vue particulier,compte à vue ING,ING,fr,2022-10-23,0
compte_a_vue,Compte à vue particulier,compte à vue ING,ING,fr,2022-10-30,0
compte_a_vue,Compte à vue particulier,compte à vue ING,ING,fr,2022-11-06,0
compte_a_vue,Compte à vue particulier,compte à vue ING,ING,fr,2022-11-13,0
compte_a_vue,Compte à vue particulier,compte à vue ING,ING,fr,2022-11-20,0
compte_a_vue,Compte à vue particulier,compte à vue ING,ING,fr,2022-11-27,0
compte_a_vue,Compte à vue particulier,compte à vue ING,ING,fr,2022-12-04,0
compte_a_vue,Compte à vue particulier,compte à vue ING,ING,fr,2022-12-11,0
compte_a_vue,Compte à vue particulier,compte à vue ING,ING,fr,2022-12-18,0
compte_a_vue,Compte à vue particulier,compte à vue ING,ING,fr,2022-12-25,0
compte_a_vue,Compte à vue particulier,compte à vue ING,ING,fr,2023-01-01,0
compte_a_vue,Compte à vue particulier,compte à vue ING,ING,fr,2023-01-08,0
compte_a_vue,Compte à vue particulier,compte à vue ING,ING,fr,2023-01-15,0
compte_a_vue,Compte à vue particulier,compte à vue ING,ING,fr,2023-01-22,0
compte_a_vue,Compte à vue particulier,compte à vue ING,ING,fr,2023-01-29,0
compte_a_vue,Compte à vue particulier,compte à vue ING,ING,fr,2023-02-05,0
compte_a_vue,Compte à vue particulier,compte à vue ING,ING,fr,2023-02-12,0
compte_a_vue,Compte à vue particulier,compte à vue ING,ING,fr,2023-02-19,0
compte_a_vue,Compte à vue particulier,compte à vue ING,ING,fr,2023-02-26,0
compte_a_vue,Compte à vue particulier,compte à vue ING,ING,fr,2023-03-05,0
compte_a_vue,Compte à vue particulier,compte à vue ING,ING,fr,2023-03-12,0
compte_a_vue,Compte à vue particulier,compte à vue ING,ING,fr,2023-03-19,0
compte_a_vue,Compte à vue particulier,compte à vue ING,ING,fr,2023-03-26,0
compte_a_vue,Compte à vue particulier,compte à vue ING,ING,fr,2023-04-02,0
compte_a_vue,Compte à vue particulier,compte à vue ING,ING,fr,2023-04-09,0
compte_a_vue,Compte à vue particulier,compte à vue ING,ING,fr,2023-04-16,0
compte_a_vue,Compte à vue particulier,compte à vue ING,ING,fr,2023-04-23,0
compte_a_vue,Compte à vue particulier,compte à vue ING,ING,fr,2023-04-30,0
compte_a_vue,Compte à vue particulier,compte à vue ING,ING,fr,2023-05-07,0
compte_a_vue,Compte à vue particulier,compte à vue ING,ING,fr,2023-05-14,0
compte_a_vue,Compte à vue particulier,compte à vue ING,ING,fr,2023-05-21,0
compte_a_vue,Compte à vue particulier,compte à vue ING,ING,fr,2023-05-28,0
compte_a_vue,Compte à vue particulier,compte à vue ING,ING,fr,2023-06-04,0
compte_a_vue,Compte à vue particulier,compte à vue ING,ING,fr,2023-06-11,0
compte_a_vue,Compte à vue particulier,compte à vue ING,ING,fr,2023-06-18,0
compte_a_vue,Compte à vue particulier,compte à vue ING,ING,fr,2023-06-25,0
compte_a_vue,Compte à vue particulier,compte à vue ING,ING,fr,2023-07-02,0
compte_a_vue,Compte à vue particulier,compte à vue ING,ING,fr,2023-07-09,0
compte_a_vue,Compte à vue particulier,compte à vue ING,ING,fr,2023-07-16,0
compte_a_vue,Compte à vue particulier,compte à vue ING,ING,fr,2023-07-23,0
compte_a_vue,Compte à vue particulier,compte à vue ING,ING,fr,2023-07-30,0
compte_a_vue,Compte à vue particulier,compte à vue ING,ING,fr,2023-08-06,0
compte_a_vue,Compte à vue particulier,compte à vue ING,ING,fr,2023-08-13,0
compte_a_vue,Compte à vue particulier,compte à vue ING,ING,fr,2023-08-20,0
compte_a_vue,Compte à vue particulier,compte à vue ING,ING,fr,2023-08-27,0
compte_a_vue,Compte à vue particulier,compte à vue ING,ING,fr,2023-09-03,0
compte_a_vue,Compte à vue particulier,compte à vue ING,ING,fr,2023-09-10,0
compte_a_vue,Compte à vue particulier,compte à vue ING,ING,fr,2023-09-17,0
compte_a_vue,Compte à vue particulier,compte à vue ING,ING,fr,2023-09-24,0
compte_a_vue,Compte à vue particulier,compte à vue ING,ING,fr,2023-10-01,0
compte_a_vue,Compte à vue particulier,compte à vue ING,ING,fr,2023-10-08,0
compte_a_vue,Compte à vue particulier,compte à vue ING,ING,fr,2023-10-15,0
compte_a_vue,Compte à vue particulier,compte à vue ING,ING,fr,2023-10-22,0
compte_a_vue,Compte à vue particulier,compte à vue ING,ING,fr,2023-10-29,0
compte_a_vue,Compte à vue particulier,compte à vue ING,ING,fr,2023-11-05,0
compte_a_vue,Compte à vue particulier,compte à vue ING,ING,fr,2023-11-12,0
compte_a_vue,Compte à vue particulier,compte à vue ING,ING,fr,2023-11-19,0
compte_a_vue,Compte à vue particulier,compte à vue ING,ING,fr,2023-11-26,0
compte_a_vue,Compte à vue particulier,compte à vue ING,ING,fr,2023-12-03,0
compte_a_vue,Compte à vue particulier,compte à vue ING,ING,fr,2023-12-10,0
compte_a_vue,Compte à vue particulier,compte à vue ING,ING,fr,2023-12-17,0
compte_a_vue,Compte à vue particulier,compte à vue ING,ING,fr,2023-12-24,0
compte_a_vue,Compte à vue particulier,compte à vue ING,ING,fr,2023-12-31,0
compte_a_vue,Compte à vue particulier,compte à vue ING,ING,fr,2024-01-07,0
compte_a_vue,Compte à vue particulier,compte à vue ING,ING,fr,2024-01-14,0
compte_a_vue,Compte à vue particulier,compte à vue ING,ING,fr,2024-01-21,0
compte_a_vue,Compte à vue particulier,compte à vue ING,ING,fr,2024-01-28,0
compte_a_vue,Compte à vue particulier,compte à vue ING,ING,fr,2024-02-04,0
compte_a_vue,Compte à vue particulier,compte à vue ING,ING,fr,2024-02-11,0
compte_a_vue,Compte à vue particulier,compte à vue ING,ING,fr,2024-02-18,0
compte_a_vue,Compte à vue particulier,compte à vue ING,ING,fr,2024-02-25,0
compte_a_vue,Compte à vue particulier,compte à vue ING,ING,fr,2024-03-03,0
compte_a_vue,Compte à vue particulier,compte à vue ING,ING,fr,2024-03-10,0
compte_a_vue,Compte à vue particulier,compte à vue ING,ING,fr,2024-03-17,0
compte_a_vue,Compte à vue particulier,compte à vue ING,ING,fr,2024-03-24,0
compte_a_vue,Compte à vue particulier,compte à vue ING,ING,fr,2024-03-31,0
compte_a_vue,Compte à vue particulier,compte à vue ING,ING,fr,2024-04-07,0
compte_a_vue,Compte à vue particulier,compte à vue ING,ING,fr,2024-04-14,0
compte_a_vue,Compte à vue particulier,compte à vue ING,ING,fr,2024-04-21,0
compte_a_vue,Compte à vue particulier,compte à vue ING,ING,fr,2024-04-28,0
compte_a_vue,Compte à vue particulier,compte à vue ING,ING,fr,2024-05-05,0
compte_a_vue,Compte à vue particulier,compte à vue ING,ING,fr,2024-05-12,0
compte_a_vue,Compte à vue particulier,compte à vue ING,ING,fr,2024-05-19,0
compte_a_vue,Compte à vue particulier,compte à vue ING,ING,fr,2024-05-26,0
compte_a_vue,Compte à vue particulier,compte à vue ING,ING,fr,2024-06-02,0
compte_a_vue,Compte à vue particulier,compte à vue ING,ING,fr,2024-06-09,0
compte_a_vue,Compte à vue particulier,compte à vue ING,ING,fr,2024-06-16,0
compte_a_vue,Compte à vue particulier,compte à vue ING,ING,fr,2024-06-23,0
compte_a_vue,Compte à vue particulier,compte à vue ING,ING,fr,2024-06-30,0
compte_a_vue,Compte à vue particulier,compte à vue ING,ING,fr,2024-07-07,0
compte_a_vue,Compte à vue particulier,compte à vue ING,ING,fr,2024-07-14,0
compte_a_vue,Compte à vue particulier,compte à vue ING,ING,fr,2024-07-21,0
compte_a_vue,Compte à vue particulier,compte à vue ING,ING,fr,2024-07-28,0
compte_a_vue,Compte à vue particulier,compte à vue ING,ING,fr,2024-08-04,0
compte_a_vue,Compte à vue particulier,compte à vue ING,ING,fr,2024-08-11,0
compte_a_vue,Compte à vue particulier,compte à vue ING,ING,fr,2024-08-18,0
compte_a_vue,Compte à vue particulier,compte à vue ING,ING,fr,2024-08-25,0
compte_a_vue,Compte à vue particulier,compte à vue ING,ING,fr,2024-09-01,0
compte_a_vue,Compte à vue particulier,compte à vue ING,ING,fr,2024-09-08,0
compte_a_vue,Compte à vue particulier,compte à vue ING,ING,fr,2024-09-15,0
compte_a_vue,Compte à vue particulier,compte à vue ING,ING,fr,2024-09-22,0
compte_a_vue,Compte à vue particulier,compte à vue ING,ING,fr,2024-09-29,0
compte_a_vue,Compte à vue particulier,compte à vue ING,ING,fr,2024-10-06,0
compte_a_vue,Compte à vue particulier,compte à vue ING,ING,fr,2024-10-13,0
compte_a_vue,Compte à vue particulier,compte à vue ING,ING,fr,2024-10-20,0
compte_a_vue,Compte à vue particulier,compte à vue ING,ING,fr,2024-10-27,0
compte_a_vue,Compte à vue particulier,compte à vue ING,ING,fr,2024-11-03,0
compte_a_vue,Compte à vue particulier,compte à vue ING,ING,fr,2024-11-10,0
compte_a_vue,Compte à vue particulier,compte à vue ING,ING,fr,2024-11-17,0
compte_a_vue,Compte à vue particulier,compte à vue ING,ING,fr,2024-11-24,0
compte_a_vue,Compte à vue particulier,compte à vue ING,ING,fr,2024-12-01,0
compte_a_vue,Compte à vue particulier,compte à vue ING,ING,fr,2024-12-08,0
compte_a_vue,Compte à vue particulier,compte à vue ING,ING,fr,2024-12-15,0
compte_a_vue,Compte à vue particulier,compte à vue ING,ING,fr,2024-12-22,0
compte_a_vue,Compte à vue particulier,compte à vue ING,ING,fr,2024-12-29,0
compte_a_vue,Compte à vue particulier,compte à vue ING,ING,fr,2025-01-05,0
compte_a_vue,Compte à vue particulier,compte à vue ING,ING,fr,2025-01-12,0
compte_a_vue,Compte à vue particulier,compte à vue ING,ING,fr,2025-01-19,0
compte_a_vue,Compte à vue particulier,compte à vue ING,ING,fr,2025-01-26,0
compte_a_vue,Compte à vue particulier,compte à vue ING,ING,fr,2025-02-02,0
compte_a_vue,Compte à vue particulier,compte à vue ING,ING,fr,2025-02-09,0
compte_a_vue,Compte à vue particulier,compte à vue ING,ING,fr,2025-02-16,0
compte_a_vue,Compte à vue particulier,compte à vue ING,ING,fr,2025-02-23,0
compte_a_vue,Compte à vue particulier,compte à vue ING,ING,fr,2025-03-02,0
compte_a_vue,Compte à vue particulier,compte à vue ING,ING,fr,2025-03-09,0
compte_a_vue,Compte à vue particulier,compte à vue ING,ING,fr,2025-03-16,0
compte_a_vue,Compte à vue particulier,compte à vue ING,ING,fr,2025-03-23,0
compte_a_vue,Compte à vue particulier,compte à vue ING,ING,fr,2025-03-30,0
compte_a_vue,Compte à vue particulier,compte à vue ING,ING,fr,2025-04-06,0
compte_a_vue,Compte à vue particulier,compte à vue ING,ING,fr,2025-04-13,0
compte_a_vue,Compte à vue particulier,compte à vue ING,ING,fr,2025-04-20,0
compte_a_vue,Compte à vue particulier,compte à vue ING,ING,fr,2025-04-27,0
compte_a_vue,Compte à vue particulier,compte à vue ING,ING,fr,2025-05-04,0
compte_a_vue,Compte à vue particulier,compte à vue ING,ING,fr,2025-05-11,0
compte_a_vue,Compte à vue particulier,compte à vue ING,ING,fr,2025-05-18,0
compte_a_vue,Compte à vue particulier,compte à vue ING,ING,fr,2025-05-25,0
compte_a_vue,Compte à vue particulier,compte à vue ING,ING,fr,2025-06-01,0
compte_a_vue,Compte à vue particulier,compte à vue ING,ING,fr,2025-06-08,0
compte_a_vue,Compte à vue particulier,compte à vue ING,ING,fr,2025-06-15,0
compte_a_vue,Compte à vue particulier,compte à vue ING,ING,fr,2025-06-22,0
compte_a_vue,Compte à vue particulier,compte à vue ING,ING,fr,2025-06-29,0
compte_a_vue,Compte à vue particulier,compte à vue ING,ING,fr,2025-07-06,0
compte_a_vue,Compte à vue particulier,compte à vue ING,ING,fr,2025-07-13,0
compte_a_vue,Compte à vue particulier,compte à vue ING,ING,fr,2025-07-20,0
compte_a_vue,Compte à vue particulier,compte à vue ING,ING,fr,2025-07-27,0
compte_a_vue,Compte à vue particulier,compte à vue ING,ING,fr,2025-08-03,0
compte_a_vue,Compte à vue particulier,compte à vue ING,ING,fr,2025-08-10,0
compte_a_vue,Compte à vue particulier,compte à vue ING,ING,fr,2025-08-17,0
compte_a_vue,Compte à vue particulier,compte à vue ING,ING,fr,2025-08-24,0
compte_a_vue,Compte à vue particulier,compte à vue ING,ING,fr,2025-08-31,0
compte_a_vue,Compte à vue particulier,compte à vue ING,ING,fr,2025-09-07,0
compte_a_vue,Compte à vue particulier,compte à vue ING,ING,fr,2025-09-14,0
compte_a_vue,Compte à vue particulier,compte à vue ING,ING,fr,2025-09-21,0
compte_a_vue,Compte à vue particulier,compte à vue ING,ING,fr,2025-09-28,0
compte_a_vue,Compte à vue particulier,compte à vue ING,ING,fr,2025-10-05,0
compte_a_vue,Compte à vue particulier,compte à vue ING,ING,fr,2025-10-12,0
compte_a_vue,Compte à vue particulier,compte à vue ING,ING,fr,2025-10-19,0
compte_a_vue,Compte à vue particulier,compte à vue ING,ING,fr,2025-10-26,0
compte_a_vue,Compte à vue particulier,compte à vue ING,ING,fr,2025-11-02,0
compte_a_vue,Compte à vue particulier,compte à vue ING,ING,fr,2025-11-09,0
compte_a_vue,Compte à vue particulier,compte à vue ING,ING,fr,2025-11-16,0
compte_a_vue,Compte à vue particulier,compte à vue ING,ING,fr,2025-11-23,0
compte_a_vue,Compte à vue particulier,compte à vue ING,ING,fr,2025-11-30,0
compte_a_vue,Compte à vue particulier,compte à vue ING,ING,fr,2025-12-07,0
compte_a_vue,Compte à vue particulier,compte à vue ING,ING,fr,2025-12-14,0
compte_a_vue,Compte à vue particulier,compte à vue ING,ING,fr,2025-12-21,0
compte_a_vue,Compte à vue particulier,compte à vue ING,ING,fr,2025-12-28,0
compte_a_vue,Compte à vue particulier,compte à vue ING,ING,fr,2026-01-04,0
compte_a_vue,Compte à vue particulier,compte à vue ING,ING,fr,2026-01-11,0
compte_a_vue,Compte à vue particulier,compte à vue ING,ING,fr,2026-01-18,0
compte_a_vue,Compte à vue particulier,compte à vue ING,ING,fr,2026-01-25,0
compte_a_vue,Compte à vue particulier,compte à vue ING,ING,fr,2026-02-01,0
compte_a_vue,Compte à vue particulier,compte à vue ING,ING,fr,2026-02-08,0
compte_a_vue,Compte à vue particulier,compte à vue ING,ING,fr,2026-02-15,0
compte_a_vue,Compte à vue particulier,compte à vue ING,ING,fr,2026-02-22,0
compte_a_vue,Compte à vue particulier,compte à vue ING,ING,fr,2026-03-01,0
compte_a_vue,Compte à vue particulier,compte à vue ING,ING,fr,2026-03-08,0
compte_a_vue,Compte à vue particulier,compte à vue ING,ING,fr,2026-03-15,0
compte_a_vue,Compte à vue particulier,compte à vue ING,ING,fr,2026-03-22,0
compte_a_vue,Compte à vue particulier,compte à vue ING,ING,fr,2026-03-29,0
compte_a_vue,Compte à vue particulier,compte à vue ING,ING,fr,2026-04-05,0
compte_a_vue,Compte à vue particulier,compte à vue ING,ING,fr,2026-04-12,0
compte_a_vue,Compte à vue particulier,compte à vue ING,ING,fr,2026-04-19,0
compte_a_vue,Compte à vue particulier,compte à vue ING,ING,fr,2026-04-26,0
compte_a_vue,Compte à vue particulier,compte à vue ING,ING,fr,2026-05-03,0
compte_a_vue,Compte à vue particulier,compte à vue ING,ING,fr,2026-05-10,0
compte_a_vue,Compte à vue particulier,compte à vue ING,ING,fr,2026-05-17,0
compte_a_vue,Compte à vue particulier,compte à vue ING,ING,fr,2026-05-24,0
compte_a_vue,Compte à vue particulier,compte à vue ING,ING,fr,2026-05-31,0
compte_a_vue,Compte à vue particulier,compte à vue ING,ING,fr,2026-06-07,0
compte_a_vue,Compte à vue particulier,compte à vue ING,ING,fr,2026-06-14,0
compte_a_vue,Compte à vue particulier,compte à vue ING,ING,fr,2026-06-21,0
compte_a_vue,Compte à vue particulier,compte à vue ING,ING,fr,2026-06-28,0
compte_a_vue,Compte à vue particulier,compte à vue ING,ING,fr,2026-07-05,0
compte_a_vue,Compte à vue particulier,compte à vue ING,ING,fr,2026-07-12,0
compte_a_vue,Compte à vue particulier,compte à vue ING,ING,fr,2026-07-19,0
compte_a_vue,Compte à vue particulier,compte à vue ING,ING,fr,2026-07-26,0
compte_a_vue,Compte à vue particulier,compte à vue ING,ING,fr,2026-08-02,0
compte_a_vue,Compte à vue particulier,compte à vue ING,ING,fr,2026-08-09,0
compte_a_vue,Compte à vue particulier,compte à vue ING,ING,fr,2026-08-16,0
compte_a_vue,Compte à vue particulier,compte à vue ING,ING,fr,2026-08-23,0
compte_a_vue,Compte à vue particulier,compte à vue ING,ING,fr,2026-08-30,2
compte_a_vue,Compte à vue particulier,compte à vue ING,ING,fr,2026-09-06,2
compte_a_vue,Compte à vue particulier,compte à vue ING,ING,fr,2026-09-13,0
compte_epargne,Compte épargne particulier,ING Orange Savings,ING,en,2021-09-12,0
compte_epargne,Compte épargne particulier,ING Orange Savings,ING,en,2021-09-19,0
compte_epargne,Compte épargne particulier,ING Orange Savings,ING,en,2021-09-26,0
compte_epargne,Compte épargne particulier,ING Orange Savings,ING,en,2021-10-03,0
compte_epargne,Compte épargne particulier,ING Orange Savings,ING,en,2021-10-10,0
compte_epargne,Compte épargne particulier,ING Orange Savings,ING,en,2021-10-17,0
compte_epargne,Compte épargne particulier,ING Orange Savings,ING,en,2021-10-24,0
compte_epargne,Compte épargne particulier,ING Orange Savings,ING,en,2021-10-31,0
compte_epargne,Compte épargne particulier,ING Orange Savings,ING,en,2021-11-07,0
compte_epargne,Compte épargne particulier,ING Orange Savings,ING,en,2021-11-14,0
compte_epargne,Compte épargne particulier,ING Orange Savings,ING,en,2021-11-21,0
compte_epargne,Compte épargne particulier,ING Orange Savings,ING,en,2021-11-28,0
compte_epargne,Compte épargne particulier,ING Orange Savings,ING,en,2021-12-05,0
compte_epargne,Compte épargne particulier,ING Orange Savings,ING,en,2021-12-12,0
compte_epargne,Compte épargne particulier,ING Orange Savings,ING,en,2021-12-19,0
compte_epargne,Compte épargne particulier,ING Orange Savings,ING,en,2021-12-26,0
compte_epargne,Compte épargne particulier,ING Orange Savings,ING,en,2022-01-02,0
compte_epargne,Compte épargne particulier,ING Orange Savings,ING,en,2022-01-09,0
compte_epargne,Compte épargne particulier,ING Orange Savings,ING,en,2022-01-16,0
compte_epargne,Compte épargne particulier,ING Orange Savings,ING,en,2022-01-23,0
compte_epargne,Compte épargne particulier,ING Orange Savings,ING,en,2022-01-30,0
compte_epargne,Compte épargne particulier,ING Orange Savings,ING,en,2022-02-06,0
compte_epargne,Compte épargne particulier,ING Orange Savings,ING,en,2022-02-13,0
compte_epargne,Compte épargne particulier,ING Orange Savings,ING,en,2022-02-20,0
compte_epargne,Compte épargne particulier,ING Orange Savings,ING,en,2022-02-27,0
compte_epargne,Compte épargne particulier,ING Orange Savings,ING,en,2022-03-06,0
compte_epargne,Compte épargne particulier,ING Orange Savings,ING,en,2022-03-13,0
compte_epargne,Compte épargne particulier,ING Orange Savings,ING,en,2022-03-20,0
compte_epargne,Compte épargne particulier,ING Orange Savings,ING,en,2022-03-27,0
compte_epargne,Compte épargne particulier,ING Orange Savings,ING,en,2022-04-03,0
compte_epargne,Compte épargne particulier,ING Orange Savings,ING,en,2022-04-10,0
compte_epargne,Compte épargne particulier,ING Orange Savings,ING,en,2022-04-17,0
compte_epargne,Compte épargne particulier,ING Orange Savings,ING,en,2022-04-24,0
compte_epargne,Compte épargne particulier,ING Orange Savings,ING,en,2022-05-01,0
compte_epargne,Compte épargne particulier,ING Orange Savings,ING,en,2022-05-08,0
compte_epargne,Compte épargne particulier,ING Orange Savings,ING,en,2022-05-15,0
compte_epargne,Compte épargne particulier,ING Orange Savings,ING,en,2022-05-22,0
compte_epargne,Compte épargne particulier,ING Orange Savings,ING,en,2022-05-29,0
compte_epargne,Compte épargne particulier,ING Orange Savings,ING,en,2022-06-05,0
compte_epargne,Compte épargne particulier,ING Orange Savings,ING,en,2022-06-12,0
compte_epargne,Compte épargne particulier,ING Orange Savings,ING,en,2022-06-19,0
compte_epargne,Compte épargne particulier,ING Orange Savings,ING,en,2022-06-26,0
compte_epargne,Compte épargne particulier,ING Orange Savings,ING,en,2022-07-03,0
compte_epargne,Compte épargne particulier,ING Orange Savings,ING,en,2022-07-10,0
compte_epargne,Compte épargne particulier,ING Orange Savings,ING,en,2022-07-17,0
compte_epargne,Compte épargne particulier,ING Orange Savings,ING,en,2022-07-24,0
compte_epargne,Compte épargne particulier,ING Orange Savings,ING,en,2022-07-31,0
compte_epargne,Compte épargne particulier,ING Orange Savings,ING,en,2022-08-07,0
compte_epargne,Compte épargne particulier,ING Orange Savings,ING,en,2022-08-14,0
compte_epargne,Compte épargne particulier,ING Orange Savings,ING,en,2022-08-21,0
compte_epargne,Compte épargne particulier,ING Orange Savings,ING,en,2022-08-28,0
compte_epargne,Compte épargne particulier,ING Orange Savings,ING,en,2022-09-04,0
compte_epargne,Compte épargne particulier,ING Orange Savings,ING,en,2022-09-11,0
compte_epargne,Compte épargne particulier,ING Orange Savings,ING,en,2022-09-18,0
compte_epargne,Compte épargne particulier,ING Orange Savings,ING,en,2022-09-25,0
compte_epargne,Compte épargne particulier,ING Orange Savings,ING,en,2022-10-02,0
compte_epargne,Compte épargne particulier,ING Orange Savings,ING,en,2022-10-09,0
compte_epargne,Compte épargne particulier,ING Orange Savings,ING,en,2022-10-16,0
compte_epargne,Compte épargne particulier,ING Orange Savings,ING,en,2022-10-23,0
compte_epargne,Compte épargne particulier,ING Orange Savings,ING,en,2022-10-30,0
compte_epargne,Compte épargne particulier,ING Orange Savings,ING,en,2022-11-06,0
compte_epargne,Compte épargne particulier,ING Orange Savings,ING,en,2022-11-13,0
compte_epargne,Compte épargne particulier,ING Orange Savings,ING,en,2022-11-20,0
compte_epargne,Compte épargne particulier,ING Orange Savings,ING,en,2022-11-27,0
compte_epargne,Compte épargne particulier,ING Orange Savings,ING,en,2022-12-04,0
compte_epargne,Compte épargne particulier,ING Orange Savings,ING,en,2022-12-11,0
compte_epargne,Compte épargne particulier,ING Orange Savings,ING,en,2022-12-18,0
compte_epargne,Compte épargne particulier,ING Orange Savings,ING,en,2022-12-25,0
compte_epargne,Compte épargne particulier,ING Orange Savings,ING,en,2023-01-01,0
compte_epargne,Compte épargne particulier,ING Orange Savings,ING,en,2023-01-08,0
compte_epargne,Compte épargne particulier,ING Orange Savings,ING,en,2023-01-15,11
compte_epargne,Compte épargne particulier,ING Orange Savings,ING,en,2023-01-22,0
compte_epargne,Compte épargne particulier,ING Orange Savings,ING,en,2023-01-29,0
compte_epargne,Compte épargne particulier,ING Orange Savings,ING,en,2023-02-05,0
compte_epargne,Compte épargne particulier,ING Orange Savings,ING,en,2023-02-12,0
compte_epargne,Compte épargne particulier,ING Orange Savings,ING,en,2023-02-19,0
compte_epargne,Compte épargne particulier,ING Orange Savings,ING,en,2023-02-26,0
compte_epargne,Compte épargne particulier,ING Orange Savings,ING,en,2023-03-05,0
compte_epargne,Compte épargne particulier,ING Orange Savings,ING,en,2023-03-12,0
compte_epargne,Compte épargne particulier,ING Orange Savings,ING,en,2023-03-19,0
compte_epargne,Compte épargne particulier,ING Orange Savings,ING,en,2023-03-26,0
compte_epargne,Compte épargne particulier,ING Orange Savings,ING,en,2023-04-02,0
compte_epargne,Compte épargne particulier,ING Orange Savings,ING,en,2023-04-09,0
compte_epargne,Compte épargne particulier,ING Orange Savings,ING,en,2023-04-16,0
compte_epargne,Compte épargne particulier,ING Orange Savings,ING,en,2023-04-23,0
compte_epargne,Compte épargne particulier,ING Orange Savings,ING,en,2023-04-30,0
compte_epargne,Compte épargne particulier,ING Orange Savings,ING,en,2023-05-07,0
compte_epargne,Compte épargne particulier,ING Orange Savings,ING,en,2023-05-14,0
compte_epargne,Compte épargne particulier,ING Orange Savings,ING,en,2023-05-21,0
compte_epargne,Compte épargne particulier,ING Orange Savings,ING,en,2023-05-28,0
compte_epargne,Compte épargne particulier,ING Orange Savings,ING,en,2023-06-04,0
compte_epargne,Compte épargne particulier,ING Orange Savings,ING,en,2023-06-11,0
compte_epargne,Compte épargne particulier,ING Orange Savings,ING,en,2023-06-18,0
compte_epargne,Compte épargne particulier,ING Orange Savings,ING,en,2023-06-25,0
compte_epargne,Compte épargne particulier,ING Orange Savings,ING,en,2023-07-02,0
compte_epargne,Compte épargne particulier,ING Orange Savings,ING,en,2023-07-09,0
compte_epargne,Compte épargne particulier,ING Orange Savings,ING,en,2023-07-16,0
compte_epargne,Compte épargne particulier,ING Orange Savings,ING,en,2023-07-23,0
compte_epargne,Compte épargne particulier,ING Orange Savings,ING,en,2023-07-30,0
compte_epargne,Compte épargne particulier,ING Orange Savings,ING,en,2023-08-06,0
compte_epargne,Compte épargne particulier,ING Orange Savings,ING,en,2023-08-13,0
compte_epargne,Compte épargne particulier,ING Orange Savings,ING,en,2023-08-20,0
compte_epargne,Compte épargne particulier,ING Orange Savings,ING,en,2023-08-27,0
compte_epargne,Compte épargne particulier,ING Orange Savings,ING,en,2023-09-03,0
compte_epargne,Compte épargne particulier,ING Orange Savings,ING,en,2023-09-10,0
compte_epargne,Compte épargne particulier,ING Orange Savings,ING,en,2023-09-17,0
compte_epargne,Compte épargne particulier,ING Orange Savings,ING,en,2023-09-24,0
compte_epargne,Compte épargne particulier,ING Orange Savings,ING,en,2023-10-01,0
compte_epargne,Compte épargne particulier,ING Orange Savings,ING,en,2023-10-08,0
compte_epargne,Compte épargne particulier,ING Orange Savings,ING,en,2023-10-15,0
compte_epargne,Compte épargne particulier,ING Orange Savings,ING,en,2023-10-22,0
compte_epargne,Compte épargne particulier,ING Orange Savings,ING,en,2023-10-29,0
compte_epargne,Compte épargne particulier,ING Orange Savings,ING,en,2023-11-05,0
compte_epargne,Compte épargne particulier,ING Orange Savings,ING,en,2023-11-12,0
compte_epargne,Compte épargne particulier,ING Orange Savings,ING,en,2023-11-19,0
compte_epargne,Compte épargne particulier,ING Orange Savings,ING,en,2023-11-26,0
compte_epargne,Compte épargne particulier,ING Orange Savings,ING,en,2023-12-03,0
compte_epargne,Compte épargne particulier,ING Orange Savings,ING,en,2023-12-10,0
compte_epargne,Compte épargne particulier,ING Orange Savings,ING,en,2023-12-17,0
compte_epargne,Compte épargne particulier,ING Orange Savings,ING,en,2023-12-24,0
compte_epargne,Compte épargne particulier,ING Orange Savings,ING,en,2023-12-31,0
compte_epargne,Compte épargne particulier,ING Orange Savings,ING,en,2024-01-07,0
compte_epargne,Compte épargne particulier,ING Orange Savings,ING,en,2024-01-14,0
compte_epargne,Compte épargne particulier,ING Orange Savings,ING,en,2024-01-21,0
compte_epargne,Compte épargne particulier,ING Orange Savings,ING,en,2024-01-28,0
compte_epargne,Compte épargne particulier,ING Orange Savings,ING,en,2024-02-04,0
compte_epargne,Compte épargne particulier,ING Orange Savings,ING,en,2024-02-11,0
compte_epargne,Compte épargne particulier,ING Orange Savings,ING,en,2024-02-18,0
compte_epargne,Compte épargne particulier,ING Orange Savings,ING,en,2024-02-25,0
compte_epargne,Compte épargne particulier,ING Orange Savings,ING,en,2024-03-03,0
compte_epargne,Compte épargne particulier,ING Orange Savings,ING,en,2024-03-10,0
compte_epargne,Compte épargne particulier,ING Orange Savings,ING,en,2024-03-17,0
compte_epargne,Compte épargne particulier,ING Orange Savings,ING,en,2024-03-24,0
compte_epargne,Compte épargne particulier,ING Orange Savings,ING,en,2024-03-31,0
compte_epargne,Compte épargne particulier,ING Orange Savings,ING,en,2024-04-07,0
compte_epargne,Compte épargne particulier,ING Orange Savings,ING,en,2024-04-14,0
compte_epargne,Compte épargne particulier,ING Orange Savings,ING,en,2024-04-21,0
compte_epargne,Compte épargne particulier,ING Orange Savings,ING,en,2024-04-28,0
compte_epargne,Compte épargne particulier,ING Orange Savings,ING,en,2024-05-05,0
compte_epargne,Compte épargne particulier,ING Orange Savings,ING,en,2024-05-12,0
compte_epargne,Compte épargne particulier,ING Orange Savings,ING,en,2024-05-19,0
compte_epargne,Compte épargne particulier,ING Orange Savings,ING,en,2024-05-26,0
compte_epargne,Compte épargne particulier,ING Orange Savings,ING,en,2024-06-02,0
compte_epargne,Compte épargne particulier,ING Orange Savings,ING,en,2024-06-09,0
compte_epargne,Compte épargne particulier,ING Orange Savings,ING,en,2024-06-16,0
compte_epargne,Compte épargne particulier,ING Orange Savings,ING,en,2024-06-23,0
compte_epargne,Compte épargne particulier,ING Orange Savings,ING,en,2024-06-30,0
compte_epargne,Compte épargne particulier,ING Orange Savings,ING,en,2024-07-07,0
compte_epargne,Compte épargne particulier,ING Orange Savings,ING,en,2024-07-14,0
compte_epargne,Compte épargne particulier,ING Orange Savings,ING,en,2024-07-21,0
compte_epargne,Compte épargne particulier,ING Orange Savings,ING,en,2024-07-28,0
compte_epargne,Compte épargne particulier,ING Orange Savings,ING,en,2024-08-04,0
compte_epargne,Compte épargne particulier,ING Orange Savings,ING,en,2024-08-11,0
compte_epargne,Compte épargne particulier,ING Orange Savings,ING,en,2024-08-18,0
compte_epargne,Compte épargne particulier,ING Orange Savings,ING,en,2024-08-25,0
compte_epargne,Compte épargne particulier,ING Orange Savings,ING,en,2024-09-01,0
compte_epargne,Compte épargne particulier,ING Orange Savings,ING,en,2024-09-08,0
compte_epargne,Compte épargne particulier,ING Orange Savings,ING,en,2024-09-15,0
compte_epargne,Compte épargne particulier,ING Orange Savings,ING,en,2024-09-22,0
compte_epargne,Compte épargne particulier,ING Orange Savings,ING,en,2024-09-29,0
compte_epargne,Compte épargne particulier,ING Orange Savings,ING,en,2024-10-06,0
compte_epargne,Compte épargne particulier,ING Orange Savings,ING,en,2024-10-13,0
compte_epargne,Compte épargne particulier,ING Orange Savings,ING,en,2024-10-20,0
compte_epargne,Compte épargne particulier,ING Orange Savings,ING,en,2024-10-27,0
compte_epargne,Compte épargne particulier,ING Orange Savings,ING,en,2024-11-03,0
compte_epargne,Compte épargne particulier,ING Orange Savings,ING,en,2024-11-10,0
compte_epargne,Compte épargne particulier,ING Orange Savings,ING,en,2024-11-17,0
compte_epargne,Compte épargne particulier,ING Orange Savings,ING,en,2024-11-24,0
compte_epargne,Compte épargne particulier,ING Orange Savings,ING,en,2024-12-01,0
compte_epargne,Compte épargne particulier,ING Orange Savings,ING,en,2024-12-08,0
compte_epargne,Compte épargne particulier,ING Orange Savings,ING,en,2024-12-15,0
compte_epargne,Compte épargne particulier,ING Orange Savings,ING,en,2024-12-22,0
compte_epargne,Compte épargne particulier,ING Orange Savings,ING,en,2024-12-29,0
compte_epargne,Compte épargne particulier,ING Orange Savings,ING,en,2025-01-05,0
compte_epargne,Compte épargne particulier,ING Orange Savings,ING,en,2025-01-12,0
compte_epargne,Compte épargne particulier,ING Orange Savings,ING,en,2025-01-19,0
compte_epargne,Compte épargne particulier,ING Orange Savings,ING,en,2025-01-26,0
compte_epargne,Compte épargne particulier,ING Orange Savings,ING,en,2025-02-02,0
compte_epargne,Compte épargne particulier,ING Orange Savings,ING,en,2025-02-09,0
compte_epargne,Compte épargne particulier,ING Orange Savings,ING,en,2025-02-16,0
compte_epargne,Compte épargne particulier,ING Orange Savings,ING,en,2025-02-23,0
compte_epargne,Compte épargne particulier,ING Orange Savings,ING,en,2025-03-02,0
compte_epargne,Compte épargne particulier,ING Orange Savings,ING,en,2025-03-09,0
compte_epargne,Compte épargne particulier,ING Orange Savings,ING,en,2025-03-16,0
compte_epargne,Compte épargne particulier,ING Orange Savings,ING,en,2025-03-23,0
compte_epargne,Compte épargne particulier,ING Orange Savings,ING,en,2025-03-30,0
compte_epargne,Compte épargne particulier,ING Orange Savings,ING,en,2025-04-06,0
compte_epargne,Compte épargne particulier,ING Orange Savings,ING,en,2025-04-13,0
compte_epargne,Compte épargne particulier,ING Orange Savings,ING,en,2025-04-20,0
compte_epargne,Compte épargne particulier,ING Orange Savings,ING,en,2025-04-27,0
compte_epargne,Compte épargne particulier,ING Orange Savings,ING,en,2025-05-04,0
compte_epargne,Compte épargne particulier,ING Orange Savings,ING,en,2025-05-11,0
compte_epargne,Compte épargne particulier,ING Orange Savings,ING,en,2025-05-18,0
compte_epargne,Compte épargne particulier,ING Orange Savings,ING,en,2025-05-25,0
compte_epargne,Compte épargne particulier,ING Orange Savings,ING,en,2025-06-01,0
compte_epargne,Compte épargne particulier,ING Orange Savings,ING,en,2025-06-08,0
compte_epargne,Compte épargne particulier,ING Orange Savings,ING,en,2025-06-15,0
compte_epargne,Compte épargne particulier,ING Orange Savings,ING,en,2025-06-22,0
compte_epargne,Compte épargne particulier,ING Orange Savings,ING,en,2025-06-29,0
compte_epargne,Compte épargne particulier,ING Orange Savings,ING,en,2025-07-06,0
compte_epargne,Compte épargne particulier,ING Orange Savings,ING,en,2025-07-13,0
compte_epargne,Compte épargne particulier,ING Orange Savings,ING,en,2025-07-20,0
compte_epargne,Compte épargne particulier,ING Orange Savings,ING,en,2025-07-27,0
compte_epargne,Compte épargne particulier,ING Orange Savings,ING,en,2025-08-03,0
compte_epargne,Compte épargne particulier,ING Orange Savings,ING,en,2025-08-10,19
compte_epargne,Compte épargne particulier,ING Orange Savings,ING,en,2025-08-17,0
compte_epargne,Compte épargne particulier,ING Orange Savings,ING,en,2025-08-24,0
compte_epargne,Compte épargne particulier,ING Orange Savings,ING,en,2025-08-31,0
compte_epargne,Compte épargne particulier,ING Orange Savings,ING,en,2025-09-07,0
compte_epargne,Compte épargne particulier,ING Orange Savings,ING,en,2025-09-14,0
compte_epargne,Compte épargne particulier,ING Orange Savings,ING,en,2025-09-21,0
compte_epargne,Compte épargne particulier,ING Orange Savings,ING,en,2025-09-28,0
compte_epargne,Compte épargne particulier,ING Orange Savings,ING,en,2025-10-05,0
compte_epargne,Compte épargne particulier,ING Orange Savings,ING,en,2025-10-12,0
compte_epargne,Compte épargne particulier,ING Orange Savings,ING,en,2025-10-19,0
compte_epargne,Compte épargne particulier,ING Orange Savings,ING,en,2025-10-26,0
compte_epargne,Compte épargne particulier,ING Orange Savings,ING,en,2025-11-02,0
compte_epargne,Compte épargne particulier,ING Orange Savings,ING,en,2025-11-09,0
compte_epargne,Compte épargne particulier,ING Orange Savings,ING,en,2025-11-16,0
compte_epargne,Compte épargne particulier,ING Orange Savings,ING,en,2025-11-23,0
compte_epargne,Compte épargne particulier,ING Orange Savings,ING,en,2025-11-30,0
compte_epargne,Compte épargne particulier,ING Orange Savings,ING,en,2025-12-07,0
compte_epargne,Compte épargne particulier,ING Orange Savings,ING,en,2025-12-14,0
compte_epargne,Compte épargne particulier,ING Orange Savings,ING,en,2025-12-21,0
compte_epargne,Compte épargne particulier,ING Orange Savings,ING,en,2025-12-28,0
compte_epargne,Compte épargne particulier,ING Orange Savings,ING,en,2026-01-04,0
compte_epargne,Compte épargne particulier,ING Orange Savings,ING,en,2026-01-11,0
compte_epargne,Compte épargne particulier,ING Orange Savings,ING,en,2026-01-18,0
compte_epargne,Compte épargne particulier,ING Orange Savings,ING,en,2026-01-25,0
compte_epargne,Compte épargne particulier,ING Orange Savings,ING,en,2026-02-01,0
compte_epargne,Compte épargne particulier,ING Orange Savings,ING,en,2026-02-08,0
compte_epargne,Compte épargne particulier,ING Orange Savings,ING,en,2026-02-15,0
compte_epargne,Compte épargne particulier,ING Orange Savings,ING,en,2026-02-22,0
compte_epargne,Compte épargne particulier,ING Orange Savings,ING,en,2026-03-01,0
compte_epargne,Compte épargne particulier,ING Orange Savings,ING,en,2026-03-08,0
compte_epargne,Compte épargne particulier,ING Orange Savings,ING,en,2026-03-15,0
compte_epargne,Compte épargne particulier,ING Orange Savings,ING,en,2026-03-22,0
compte_epargne,Compte épargne particulier,ING Orange Savings,ING,en,2026-03-29,0
compte_epargne,Compte épargne particulier,ING Orange Savings,ING,en,2026-04-05,0
compte_epargne,Compte épargne particulier,ING Orange Savings,ING,en,2026-04-12,0
compte_epargne,Compte épargne particulier,ING Orange Savings,ING,en,2026-04-19,0
compte_epargne,Compte épargne particulier,ING Orange Savings,ING,en,2026-04-26,0
compte_epargne,Compte épargne particulier,ING Orange Savings,ING,en,2026-05-03,0
compte_epargne,Compte épargne particulier,ING Orange Savings,ING,en,2026-05-10,0
compte_epargne,Compte épargne particulier,ING Orange Savings,ING,en,2026-05-17,0
compte_epargne,Compte épargne particulier,ING Orange Savings,ING,en,2026-05-24,0
compte_epargne,Compte épargne particulier,ING Orange Savings,ING,en,2026-05-31,0
compte_epargne,Compte épargne particulier,ING Orange Savings,ING,en,2026-06-07,0
compte_epargne,Compte épargne particulier,ING Orange Savings,ING,en,2026-06-14,0
compte_epargne,Compte épargne particulier,ING Orange Savings,ING,en,2026-06-21,0
compte_epargne,Compte épargne particulier,ING Orange Savings,ING,en,2026-06-28,0
compte_epargne,Compte épargne particulier,ING Orange Savings,ING,en,2026-07-05,0
compte_epargne,Compte épargne particulier,ING Orange Savings,ING,en,2026-07-12,0
compte_epargne,Compte épargne particulier,ING Orange Savings,ING,en,2026-07-19,0
compte_epargne,Compte épargne particulier,ING Orange Savings,ING,en,2026-07-26,0
compte_epargne,Compte épargne particulier,ING Orange Savings,ING,en,2026-08-02,0
compte_epargne,Compte épargne particulier,ING Orange Savings,ING,en,2026-08-09,0
compte_epargne,Compte épargne particulier,ING Orange Savings,ING,en,2026-08-16,0
compte_epargne,Compte épargne particulier,ING Orange Savings,ING,en,2026-08-23,0
compte_epargne,Compte épargne particulier,ING Orange Savings,ING,en,2026-08-30,16
compte_epargne,Compte épargne particulier,ING Orange Savings,ING,en,2026-09-06,0
compte_epargne,Compte épargne particulier,ING Orange Savings,ING,en,2026-09-13,0
compte_epargne,Compte épargne particulier,ING spaarrekening,ING,nl,2021-09-12,0
compte_epargne,Compte épargne particulier,ING spaarrekening,ING,nl,2021-09-19,0
compte_epargne,Compte épargne particulier,ING spaarrekening,ING,nl,2021-09-26,0
compte_epargne,Compte épargne particulier,ING spaarrekening,ING,nl,2021-10-03,0
compte_epargne,Compte épargne particulier,ING spaarrekening,ING,nl,2021-10-10,0
compte_epargne,Compte épargne particulier,ING spaarrekening,ING,nl,2021-10-17,0
compte_epargne,Compte épargne particulier,ING spaarrekening,ING,nl,2021-10-24,0
compte_epargne,Compte épargne particulier,ING spaarrekening,ING,nl,2021-10-31,0
compte_epargne,Compte épargne particulier,ING spaarrekening,ING,nl,2021-11-07,0
compte_epargne,Compte épargne particulier,ING spaarrekening,ING,nl,2021-11-14,0
compte_epargne,Compte épargne particulier,ING spaarrekening,ING,nl,2021-11-21,0
compte_epargne,Compte épargne particulier,ING spaarrekening,ING,nl,2021-11-28,0
compte_epargne,Compte épargne particulier,ING spaarrekening,ING,nl,2021-12-05,0
compte_epargne,Compte épargne particulier,ING spaarrekening,ING,nl,2021-12-12,0
compte_epargne,Compte épargne particulier,ING spaarrekening,ING,nl,2021-12-19,0
compte_epargne,Compte épargne particulier,ING spaarrekening,ING,nl,2021-12-26,21
compte_epargne,Compte épargne particulier,ING spaarrekening,ING,nl,2022-01-02,0
compte_epargne,Compte épargne particulier,ING spaarrekening,ING,nl,2022-01-09,0
compte_epargne,Compte épargne particulier,ING spaarrekening,ING,nl,2022-01-16,0
compte_epargne,Compte épargne particulier,ING spaarrekening,ING,nl,2022-01-23,0
compte_epargne,Compte épargne particulier,ING spaarrekening,ING,nl,2022-01-30,0
compte_epargne,Compte épargne particulier,ING spaarrekening,ING,nl,2022-02-06,0
compte_epargne,Compte épargne particulier,ING spaarrekening,ING,nl,2022-02-13,0
compte_epargne,Compte épargne particulier,ING spaarrekening,ING,nl,2022-02-20,0
compte_epargne,Compte épargne particulier,ING spaarrekening,ING,nl,2022-02-27,0
compte_epargne,Compte épargne particulier,ING spaarrekening,ING,nl,2022-03-06,0
compte_epargne,Compte épargne particulier,ING spaarrekening,ING,nl,2022-03-13,0
compte_epargne,Compte épargne particulier,ING spaarrekening,ING,nl,2022-03-20,0
compte_epargne,Compte épargne particulier,ING spaarrekening,ING,nl,2022-03-27,0
compte_epargne,Compte épargne particulier,ING spaarrekening,ING,nl,2022-04-03,0
compte_epargne,Compte épargne particulier,ING spaarrekening,ING,nl,2022-04-10,0
compte_epargne,Compte épargne particulier,ING spaarrekening,ING,nl,2022-04-17,0
compte_epargne,Compte épargne particulier,ING spaarrekening,ING,nl,2022-04-24,0
compte_epargne,Compte épargne particulier,ING spaarrekening,ING,nl,2022-05-01,0
compte_epargne,Compte épargne particulier,ING spaarrekening,ING,nl,2022-05-08,0
compte_epargne,Compte épargne particulier,ING spaarrekening,ING,nl,2022-05-15,0
compte_epargne,Compte épargne particulier,ING spaarrekening,ING,nl,2022-05-22,0
compte_epargne,Compte épargne particulier,ING spaarrekening,ING,nl,2022-05-29,0
compte_epargne,Compte épargne particulier,ING spaarrekening,ING,nl,2022-06-05,0
compte_epargne,Compte épargne particulier,ING spaarrekening,ING,nl,2022-06-12,0
compte_epargne,Compte épargne particulier,ING spaarrekening,ING,nl,2022-06-19,0
compte_epargne,Compte épargne particulier,ING spaarrekening,ING,nl,2022-06-26,0
compte_epargne,Compte épargne particulier,ING spaarrekening,ING,nl,2022-07-03,0
compte_epargne,Compte épargne particulier,ING spaarrekening,ING,nl,2022-07-10,0
compte_epargne,Compte épargne particulier,ING spaarrekening,ING,nl,2022-07-17,0
compte_epargne,Compte épargne particulier,ING spaarrekening,ING,nl,2022-07-24,0
compte_epargne,Compte épargne particulier,ING spaarrekening,ING,nl,2022-07-31,0
compte_epargne,Compte épargne particulier,ING spaarrekening,ING,nl,2022-08-07,0
compte_epargne,Compte épargne particulier,ING spaarrekening,ING,nl,2022-08-14,0
compte_epargne,Compte épargne particulier,ING spaarrekening,ING,nl,2022-08-21,0
compte_epargne,Compte épargne particulier,ING spaarrekening,ING,nl,2022-08-28,0
compte_epargne,Compte épargne particulier,ING spaarrekening,ING,nl,2022-09-04,0
compte_epargne,Compte épargne particulier,ING spaarrekening,ING,nl,2022-09-11,0
compte_epargne,Compte épargne particulier,ING spaarrekening,ING,nl,2022-09-18,0
compte_epargne,Compte épargne particulier,ING spaarrekening,ING,nl,2022-09-25,12
compte_epargne,Compte épargne particulier,ING spaarrekening,ING,nl,2022-10-02,0
compte_epargne,Compte épargne particulier,ING spaarrekening,ING,nl,2022-10-09,0
compte_epargne,Compte épargne particulier,ING spaarrekening,ING,nl,2022-10-16,0
compte_epargne,Compte épargne particulier,ING spaarrekening,ING,nl,2022-10-23,0
compte_epargne,Compte épargne particulier,ING spaarrekening,ING,nl,2022-10-30,0
compte_epargne,Compte épargne particulier,ING spaarrekening,ING,nl,2022-11-06,0
compte_epargne,Compte épargne particulier,ING spaarrekening,ING,nl,2022-11-13,0
compte_epargne,Compte épargne particulier,ING spaarrekening,ING,nl,2022-11-20,0
compte_epargne,Compte épargne particulier,ING spaarrekening,ING,nl,2022-11-27,0
compte_epargne,Compte épargne particulier,ING spaarrekening,ING,nl,2022-12-04,0
compte_epargne,Compte épargne particulier,ING spaarrekening,ING,nl,2022-12-11,0
compte_epargne,Compte épargne particulier,ING spaarrekening,ING,nl,2022-12-18,0
compte_epargne,Compte épargne particulier,ING spaarrekening,ING,nl,2022-12-25,38
compte_epargne,Compte épargne particulier,ING spaarrekening,ING,nl,2023-01-01,47
compte_epargne,Compte épargne particulier,ING spaarrekening,ING,nl,2023-01-08,35
compte_epargne,Compte épargne particulier,ING spaarrekening,ING,nl,2023-01-15,24
compte_epargne,Compte épargne particulier,ING spaarrekening,ING,nl,2023-01-22,25
compte_epargne,Compte épargne particulier,ING spaarrekening,ING,nl,2023-01-29,29
compte_epargne,Compte épargne particulier,ING spaarrekening,ING,nl,2023-02-05,21
compte_epargne,Compte épargne particulier,ING spaarrekening,ING,nl,2023-02-12,10
compte_epargne,Compte épargne particulier,ING spaarrekening,ING,nl,2023-02-19,0
compte_epargne,Compte épargne particulier,ING spaarrekening,ING,nl,2023-02-26,22
compte_epargne,Compte épargne particulier,ING spaarrekening,ING,nl,2023-03-05,18
compte_epargne,Compte épargne particulier,ING spaarrekening,ING,nl,2023-03-12,0
compte_epargne,Compte épargne particulier,ING spaarrekening,ING,nl,2023-03-19,13
compte_epargne,Compte épargne particulier,ING spaarrekening,ING,nl,2023-03-26,0
compte_epargne,Compte épargne particulier,ING spaarrekening,ING,nl,2023-04-02,14
compte_epargne,Compte épargne particulier,ING spaarrekening,ING,nl,2023-04-09,0
compte_epargne,Compte épargne particulier,ING spaarrekening,ING,nl,2023-04-16,0
compte_epargne,Compte épargne particulier,ING spaarrekening,ING,nl,2023-04-23,12
compte_epargne,Compte épargne particulier,ING spaarrekening,ING,nl,2023-04-30,0
compte_epargne,Compte épargne particulier,ING spaarrekening,ING,nl,2023-05-07,12
compte_epargne,Compte épargne particulier,ING spaarrekening,ING,nl,2023-05-14,15
compte_epargne,Compte épargne particulier,ING spaarrekening,ING,nl,2023-05-21,18
compte_epargne,Compte épargne particulier,ING spaarrekening,ING,nl,2023-05-28,12
compte_epargne,Compte épargne particulier,ING spaarrekening,ING,nl,2023-06-04,15
compte_epargne,Compte épargne particulier,ING spaarrekening,ING,nl,2023-06-11,0
compte_epargne,Compte épargne particulier,ING spaarrekening,ING,nl,2023-06-18,0
compte_epargne,Compte épargne particulier,ING spaarrekening,ING,nl,2023-06-25,0
compte_epargne,Compte épargne particulier,ING spaarrekening,ING,nl,2023-07-02,19
compte_epargne,Compte épargne particulier,ING spaarrekening,ING,nl,2023-07-09,21
compte_epargne,Compte épargne particulier,ING spaarrekening,ING,nl,2023-07-16,18
compte_epargne,Compte épargne particulier,ING spaarrekening,ING,nl,2023-07-23,0
compte_epargne,Compte épargne particulier,ING spaarrekening,ING,nl,2023-07-30,32
compte_epargne,Compte épargne particulier,ING spaarrekening,ING,nl,2023-08-06,27
compte_epargne,Compte épargne particulier,ING spaarrekening,ING,nl,2023-08-13,19
compte_epargne,Compte épargne particulier,ING spaarrekening,ING,nl,2023-08-20,45
compte_epargne,Compte épargne particulier,ING spaarrekening,ING,nl,2023-08-27,37
compte_epargne,Compte épargne particulier,ING spaarrekening,ING,nl,2023-09-03,14
compte_epargne,Compte épargne particulier,ING spaarrekening,ING,nl,2023-09-10,0
compte_epargne,Compte épargne particulier,ING spaarrekening,ING,nl,2023-09-17,0
compte_epargne,Compte épargne particulier,ING spaarrekening,ING,nl,2023-09-24,0
compte_epargne,Compte épargne particulier,ING spaarrekening,ING,nl,2023-10-01,17
compte_epargne,Compte épargne particulier,ING spaarrekening,ING,nl,2023-10-08,0
compte_epargne,Compte épargne particulier,ING spaarrekening,ING,nl,2023-10-15,0
compte_epargne,Compte épargne particulier,ING spaarrekening,ING,nl,2023-10-22,0
compte_epargne,Compte épargne particulier,ING spaarrekening,ING,nl,2023-10-29,42
compte_epargne,Compte épargne particulier,ING spaarrekening,ING,nl,2023-11-05,12
compte_epargne,Compte épargne particulier,ING spaarrekening,ING,nl,2023-11-12,12
compte_epargne,Compte épargne particulier,ING spaarrekening,ING,nl,2023-11-19,0
compte_epargne,Compte épargne particulier,ING spaarrekening,ING,nl,2023-11-26,27
compte_epargne,Compte épargne particulier,ING spaarrekening,ING,nl,2023-12-03,14
compte_epargne,Compte épargne particulier,ING spaarrekening,ING,nl,2023-12-10,15
compte_epargne,Compte épargne particulier,ING spaarrekening,ING,nl,2023-12-17,0
compte_epargne,Compte épargne particulier,ING spaarrekening,ING,nl,2023-12-24,19
compte_epargne,Compte épargne particulier,ING spaarrekening,ING,nl,2023-12-31,17
compte_epargne,Compte épargne particulier,ING spaarrekening,ING,nl,2024-01-07,13
compte_epargne,Compte épargne particulier,ING spaarrekening,ING,nl,2024-01-14,14
compte_epargne,Compte épargne particulier,ING spaarrekening,ING,nl,2024-01-21,0
compte_epargne,Compte épargne particulier,ING spaarrekening,ING,nl,2024-01-28,23
compte_epargne,Compte épargne particulier,ING spaarrekening,ING,nl,2024-02-04,17
compte_epargne,Compte épargne particulier,ING spaarrekening,ING,nl,2024-02-11,17
compte_epargne,Compte épargne particulier,ING spaarrekening,ING,nl,2024-02-18,21
compte_epargne,Compte épargne particulier,ING spaarrekening,ING,nl,2024-02-25,19
compte_epargne,Compte épargne particulier,ING spaarrekening,ING,nl,2024-03-03,12
compte_epargne,Compte épargne particulier,ING spaarrekening,ING,nl,2024-03-10,23
compte_epargne,Compte épargne particulier,ING spaarrekening,ING,nl,2024-03-17,0
compte_epargne,Compte épargne particulier,ING spaarrekening,ING,nl,2024-03-24,12
compte_epargne,Compte épargne particulier,ING spaarrekening,ING,nl,2024-03-31,0
compte_epargne,Compte épargne particulier,ING spaarrekening,ING,nl,2024-04-07,0
compte_epargne,Compte épargne particulier,ING spaarrekening,ING,nl,2024-04-14,0
compte_epargne,Compte épargne particulier,ING spaarrekening,ING,nl,2024-04-21,12
compte_epargne,Compte épargne particulier,ING spaarrekening,ING,nl,2024-04-28,0
compte_epargne,Compte épargne particulier,ING spaarrekening,ING,nl,2024-05-05,20
compte_epargne,Compte épargne particulier,ING spaarrekening,ING,nl,2024-05-12,0
compte_epargne,Compte épargne particulier,ING spaarrekening,ING,nl,2024-05-19,0
compte_epargne,Compte épargne particulier,ING spaarrekening,ING,nl,2024-05-26,13
compte_epargne,Compte épargne particulier,ING spaarrekening,ING,nl,2024-06-02,0
compte_epargne,Compte épargne particulier,ING spaarrekening,ING,nl,2024-06-09,0
compte_epargne,Compte épargne particulier,ING spaarrekening,ING,nl,2024-06-16,0
compte_epargne,Compte épargne particulier,ING spaarrekening,ING,nl,2024-06-23,0
compte_epargne,Compte épargne particulier,ING spaarrekening,ING,nl,2024-06-30,0
compte_epargne,Compte épargne particulier,ING spaarrekening,ING,nl,2024-07-07,0
compte_epargne,Compte épargne particulier,ING spaarrekening,ING,nl,2024-07-14,0
compte_epargne,Compte épargne particulier,ING spaarrekening,ING,nl,2024-07-21,0
compte_epargne,Compte épargne particulier,ING spaarrekening,ING,nl,2024-07-28,17
compte_epargne,Compte épargne particulier,ING spaarrekening,ING,nl,2024-08-04,0
compte_epargne,Compte épargne particulier,ING spaarrekening,ING,nl,2024-08-11,16
compte_epargne,Compte épargne particulier,ING spaarrekening,ING,nl,2024-08-18,0
compte_epargne,Compte épargne particulier,ING spaarrekening,ING,nl,2024-08-25,41
compte_epargne,Compte épargne particulier,ING spaarrekening,ING,nl,2024-09-01,49
compte_epargne,Compte épargne particulier,ING spaarrekening,ING,nl,2024-09-08,32
compte_epargne,Compte épargne particulier,ING spaarrekening,ING,nl,2024-09-15,19
compte_epargne,Compte épargne particulier,ING spaarrekening,ING,nl,2024-09-22,16
compte_epargne,Compte épargne particulier,ING spaarrekening,ING,nl,2024-09-29,15
compte_epargne,Compte épargne particulier,ING spaarrekening,ING,nl,2024-10-06,0
compte_epargne,Compte épargne particulier,ING spaarrekening,ING,nl,2024-10-13,0
compte_epargne,Compte épargne particulier,ING spaarrekening,ING,nl,2024-10-20,0
compte_epargne,Compte épargne particulier,ING spaarrekening,ING,nl,2024-10-27,0
compte_epargne,Compte épargne particulier,ING spaarrekening,ING,nl,2024-11-03,0
compte_epargne,Compte épargne particulier,ING spaarrekening,ING,nl,2024-11-10,0
compte_epargne,Compte épargne particulier,ING spaarrekening,ING,nl,2024-11-17,0
compte_epargne,Compte épargne particulier,ING spaarrekening,ING,nl,2024-11-24,0
compte_epargne,Compte épargne particulier,ING spaarrekening,ING,nl,2024-12-01,0
compte_epargne,Compte épargne particulier,ING spaarrekening,ING,nl,2024-12-08,0
compte_epargne,Compte épargne particulier,ING spaarrekening,ING,nl,2024-12-15,13
compte_epargne,Compte épargne particulier,ING spaarrekening,ING,nl,2024-12-22,0
compte_epargne,Compte épargne particulier,ING spaarrekening,ING,nl,2024-12-29,25
compte_epargne,Compte épargne particulier,ING spaarrekening,ING,nl,2025-01-05,14
compte_epargne,Compte épargne particulier,ING spaarrekening,ING,nl,2025-01-12,13
compte_epargne,Compte épargne particulier,ING spaarrekening,ING,nl,2025-01-19,0
compte_epargne,Compte épargne particulier,ING spaarrekening,ING,nl,2025-01-26,13
compte_epargne,Compte épargne particulier,ING spaarrekening,ING,nl,2025-02-02,0
compte_epargne,Compte épargne particulier,ING spaarrekening,ING,nl,2025-02-09,18
compte_epargne,Compte épargne particulier,ING spaarrekening,ING,nl,2025-02-16,0
compte_epargne,Compte épargne particulier,ING spaarrekening,ING,nl,2025-02-23,21
compte_epargne,Compte épargne particulier,ING spaarrekening,ING,nl,2025-03-02,18
compte_epargne,Compte épargne particulier,ING spaarrekening,ING,nl,2025-03-09,13
compte_epargne,Compte épargne particulier,ING spaarrekening,ING,nl,2025-03-16,0
compte_epargne,Compte épargne particulier,ING spaarrekening,ING,nl,2025-03-23,0
compte_epargne,Compte épargne particulier,ING spaarrekening,ING,nl,2025-03-30,13
compte_epargne,Compte épargne particulier,ING spaarrekening,ING,nl,2025-04-06,0
compte_epargne,Compte épargne particulier,ING spaarrekening,ING,nl,2025-04-13,0
compte_epargne,Compte épargne particulier,ING spaarrekening,ING,nl,2025-04-20,13
compte_epargne,Compte épargne particulier,ING spaarrekening,ING,nl,2025-04-27,0
compte_epargne,Compte épargne particulier,ING spaarrekening,ING,nl,2025-05-04,0
compte_epargne,Compte épargne particulier,ING spaarrekening,ING,nl,2025-05-11,0
compte_epargne,Compte épargne particulier,ING spaarrekening,ING,nl,2025-05-18,0
compte_epargne,Compte épargne particulier,ING spaarrekening,ING,nl,2025-05-25,0
compte_epargne,Compte épargne particulier,ING spaarrekening,ING,nl,2025-06-01,0
compte_epargne,Compte épargne particulier,ING spaarrekening,ING,nl,2025-06-08,0
compte_epargne,Compte épargne particulier,ING spaarrekening,ING,nl,2025-06-15,0
compte_epargne,Compte épargne particulier,ING spaarrekening,ING,nl,2025-06-22,0
compte_epargne,Compte épargne particulier,ING spaarrekening,ING,nl,2025-06-29,0
compte_epargne,Compte épargne particulier,ING spaarrekening,ING,nl,2025-07-06,14
compte_epargne,Compte épargne particulier,ING spaarrekening,ING,nl,2025-07-13,0
compte_epargne,Compte épargne particulier,ING spaarrekening,ING,nl,2025-07-20,0
compte_epargne,Compte épargne particulier,ING spaarrekening,ING,nl,2025-07-27,14
compte_epargne,Compte épargne particulier,ING spaarrekening,ING,nl,2025-08-03,0
compte_epargne,Compte épargne particulier,ING spaarrekening,ING,nl,2025-08-10,15
compte_epargne,Compte épargne particulier,ING spaarrekening,ING,nl,2025-08-17,18
compte_epargne,Compte épargne particulier,ING spaarrekening,ING,nl,2025-08-24,23
compte_epargne,Compte épargne particulier,ING spaarrekening,ING,nl,2025-08-31,17
compte_epargne,Compte épargne particulier,ING spaarrekening,ING,nl,2025-09-07,0
compte_epargne,Compte épargne particulier,ING spaarrekening,ING,nl,2025-09-14,13
compte_epargne,Compte épargne particulier,ING spaarrekening,ING,nl,2025-09-21,0
compte_epargne,Compte épargne particulier,ING spaarrekening,ING,nl,2025-09-28,0
compte_epargne,Compte épargne particulier,ING spaarrekening,ING,nl,2025-10-05,13
compte_epargne,Compte épargne particulier,ING spaarrekening,ING,nl,2025-10-12,0
compte_epargne,Compte épargne particulier,ING spaarrekening,ING,nl,2025-10-19,16
compte_epargne,Compte épargne particulier,ING spaarrekening,ING,nl,2025-10-26,20
compte_epargne,Compte épargne particulier,ING spaarrekening,ING,nl,2025-11-02,0
compte_epargne,Compte épargne particulier,ING spaarrekening,ING,nl,2025-11-09,0
compte_epargne,Compte épargne particulier,ING spaarrekening,ING,nl,2025-11-16,0
compte_epargne,Compte épargne particulier,ING spaarrekening,ING,nl,2025-11-23,0
compte_epargne,Compte épargne particulier,ING spaarrekening,ING,nl,2025-11-30,0
compte_epargne,Compte épargne particulier,ING spaarrekening,ING,nl,2025-12-07,0
compte_epargne,Compte épargne particulier,ING spaarrekening,ING,nl,2025-12-14,0
compte_epargne,Compte épargne particulier,ING spaarrekening,ING,nl,2025-12-21,0
compte_epargne,Compte épargne particulier,ING spaarrekening,ING,nl,2025-12-28,17
compte_epargne,Compte épargne particulier,ING spaarrekening,ING,nl,2026-01-04,0
compte_epargne,Compte épargne particulier,ING spaarrekening,ING,nl,2026-01-11,20
compte_epargne,Compte épargne particulier,ING spaarrekening,ING,nl,2026-01-18,13
compte_epargne,Compte épargne particulier,ING spaarrekening,ING,nl,2026-01-25,0
compte_epargne,Compte épargne particulier,ING spaarrekening,ING,nl,2026-02-01,0
compte_epargne,Compte épargne particulier,ING spaarrekening,ING,nl,2026-02-08,0
compte_epargne,Compte épargne particulier,ING spaarrekening,ING,nl,2026-02-15,12
compte_epargne,Compte épargne particulier,ING spaarrekening,ING,nl,2026-02-22,25
compte_epargne,Compte épargne particulier,ING spaarrekening,ING,nl,2026-03-01,0
compte_epargne,Compte épargne particulier,ING spaarrekening,ING,nl,2026-03-08,0
compte_epargne,Compte épargne particulier,ING spaarrekening,ING,nl,2026-03-15,16
compte_epargne,Compte épargne particulier,ING spaarrekening,ING,nl,2026-03-22,0
compte_epargne,Compte épargne particulier,ING spaarrekening,ING,nl,2026-03-29,0
compte_epargne,Compte épargne particulier,ING spaarrekening,ING,nl,2026-04-05,13
compte_epargne,Compte épargne particulier,ING spaarrekening,ING,nl,2026-04-12,0
compte_epargne,Compte épargne particulier,ING spaarrekening,ING,nl,2026-04-19,0
compte_epargne,Compte épargne particulier,ING spaarrekening,ING,nl,2026-04-26,15
compte_epargne,Compte épargne particulier,ING spaarrekening,ING,nl,2026-05-03,19
compte_epargne,Compte épargne particulier,ING spaarrekening,ING,nl,2026-05-10,14
compte_epargne,Compte épargne particulier,ING spaarrekening,ING,nl,2026-05-17,14
compte_epargne,Compte épargne particulier,ING spaarrekening,ING,nl,2026-05-24,15
compte_epargne,Compte épargne particulier,ING spaarrekening,ING,nl,2026-05-31,0
compte_epargne,Compte épargne particulier,ING spaarrekening,ING,nl,2026-06-07,0
compte_epargne,Compte épargne particulier,ING spaarrekening,ING,nl,2026-06-14,0
compte_epargne,Compte épargne particulier,ING spaarrekening,ING,nl,2026-06-21,0
compte_epargne,Compte épargne particulier,ING spaarrekening,ING,nl,2026-06-28,12
compte_epargne,Compte épargne particulier,ING spaarrekening,ING,nl,2026-07-05,0
compte_epargne,Compte épargne particulier,ING spaarrekening,ING,nl,2026-07-12,18
compte_epargne,Compte épargne particulier,ING spaarrekening,ING,nl,2026-07-19,0
compte_epargne,Compte épargne particulier,ING spaarrekening,ING,nl,2026-07-26,0
compte_epargne,Compte épargne particulier,ING spaarrekening,ING,nl,2026-08-02,0
compte_epargne,Compte épargne particulier,ING spaarrekening,ING,nl,2026-08-09,0
compte_epargne,Compte épargne particulier,ING spaarrekening,ING,nl,2026-08-16,15
compte_epargne,Compte épargne particulier,ING spaarrekening,ING,nl,2026-08-23,17
compte_epargne,Compte épargne particulier,ING spaarrekening,ING,nl,2026-08-30,13
compte_epargne,Compte épargne particulier,ING spaarrekening,ING,nl,2026-09-06,12
compte_epargne,Compte épargne particulier,ING spaarrekening,ING,nl,2026-09-13,9
compte_epargne,Compte épargne particulier,compte épargne ING,ING,fr,2021-09-12,0
compte_epargne,Compte épargne particulier,compte épargne ING,ING,fr,2021-09-19,0
compte_epargne,Compte épargne particulier,compte épargne ING,ING,fr,2021-09-26,0
compte_epargne,Compte épargne particulier,compte épargne ING,ING,fr,2021-10-03,0
compte_epargne,Compte épargne particulier,compte épargne ING,ING,fr,2021-10-10,0
compte_epargne,Compte épargne particulier,compte épargne ING,ING,fr,2021-10-17,0
compte_epargne,Compte épargne particulier,compte épargne ING,ING,fr,2021-10-24,0
compte_epargne,Compte épargne particulier,compte épargne ING,ING,fr,2021-10-31,0
compte_epargne,Compte épargne particulier,compte épargne ING,ING,fr,2021-11-07,0
compte_epargne,Compte épargne particulier,compte épargne ING,ING,fr,2021-11-14,0
compte_epargne,Compte épargne particulier,compte épargne ING,ING,fr,2021-11-21,0
compte_epargne,Compte épargne particulier,compte épargne ING,ING,fr,2021-11-28,0
compte_epargne,Compte épargne particulier,compte épargne ING,ING,fr,2021-12-05,0
compte_epargne,Compte épargne particulier,compte épargne ING,ING,fr,2021-12-12,0
compte_epargne,Compte épargne particulier,compte épargne ING,ING,fr,2021-12-19,0
compte_epargne,Compte épargne particulier,compte épargne ING,ING,fr,2021-12-26,0
compte_epargne,Compte épargne particulier,compte épargne ING,ING,fr,2022-01-02,0
compte_epargne,Compte épargne particulier,compte épargne ING,ING,fr,2022-01-09,0
compte_epargne,Compte épargne particulier,compte épargne ING,ING,fr,2022-01-16,0
compte_epargne,Compte épargne particulier,compte épargne ING,ING,fr,2022-01-23,0
compte_epargne,Compte épargne particulier,compte épargne ING,ING,fr,2022-01-30,0
compte_epargne,Compte épargne particulier,compte épargne ING,ING,fr,2022-02-06,0
compte_epargne,Compte épargne particulier,compte épargne ING,ING,fr,2022-02-13,0
compte_epargne,Compte épargne particulier,compte épargne ING,ING,fr,2022-02-20,0
compte_epargne,Compte épargne particulier,compte épargne ING,ING,fr,2022-02-27,0
compte_epargne,Compte épargne particulier,compte épargne ING,ING,fr,2022-03-06,0
compte_epargne,Compte épargne particulier,compte épargne ING,ING,fr,2022-03-13,0
compte_epargne,Compte épargne particulier,compte épargne ING,ING,fr,2022-03-20,0
compte_epargne,Compte épargne particulier,compte épargne ING,ING,fr,2022-03-27,0
compte_epargne,Compte épargne particulier,compte épargne ING,ING,fr,2022-04-03,0
compte_epargne,Compte épargne particulier,compte épargne ING,ING,fr,2022-04-10,0
compte_epargne,Compte épargne particulier,compte épargne ING,ING,fr,2022-04-17,0
compte_epargne,Compte épargne particulier,compte épargne ING,ING,fr,2022-04-24,0
compte_epargne,Compte épargne particulier,compte épargne ING,ING,fr,2022-05-01,0
compte_epargne,Compte épargne particulier,compte épargne ING,ING,fr,2022-05-08,0
compte_epargne,Compte épargne particulier,compte épargne ING,ING,fr,2022-05-15,0
compte_epargne,Compte épargne particulier,compte épargne ING,ING,fr,2022-05-22,0
compte_epargne,Compte épargne particulier,compte épargne ING,ING,fr,2022-05-29,0
compte_epargne,Compte épargne particulier,compte épargne ING,ING,fr,2022-06-05,0
compte_epargne,Compte épargne particulier,compte épargne ING,ING,fr,2022-06-12,0
compte_epargne,Compte épargne particulier,compte épargne ING,ING,fr,2022-06-19,0
compte_epargne,Compte épargne particulier,compte épargne ING,ING,fr,2022-06-26,0
compte_epargne,Compte épargne particulier,compte épargne ING,ING,fr,2022-07-03,0
compte_epargne,Compte épargne particulier,compte épargne ING,ING,fr,2022-07-10,0
compte_epargne,Compte épargne particulier,compte épargne ING,ING,fr,2022-07-17,0
compte_epargne,Compte épargne particulier,compte épargne ING,ING,fr,2022-07-24,0
compte_epargne,Compte épargne particulier,compte épargne ING,ING,fr,2022-07-31,0
compte_epargne,Compte épargne particulier,compte épargne ING,ING,fr,2022-08-07,0
compte_epargne,Compte épargne particulier,compte épargne ING,ING,fr,2022-08-14,0
compte_epargne,Compte épargne particulier,compte épargne ING,ING,fr,2022-08-21,0
compte_epargne,Compte épargne particulier,compte épargne ING,ING,fr,2022-08-28,0
compte_epargne,Compte épargne particulier,compte épargne ING,ING,fr,2022-09-04,0
compte_epargne,Compte épargne particulier,compte épargne ING,ING,fr,2022-09-11,0
compte_epargne,Compte épargne particulier,compte épargne ING,ING,fr,2022-09-18,0
compte_epargne,Compte épargne particulier,compte épargne ING,ING,fr,2022-09-25,0
compte_epargne,Compte épargne particulier,compte épargne ING,ING,fr,2022-10-02,0
compte_epargne,Compte épargne particulier,compte épargne ING,ING,fr,2022-10-09,0
compte_epargne,Compte épargne particulier,compte épargne ING,ING,fr,2022-10-16,0
compte_epargne,Compte épargne particulier,compte épargne ING,ING,fr,2022-10-23,0
compte_epargne,Compte épargne particulier,compte épargne ING,ING,fr,2022-10-30,0
compte_epargne,Compte épargne particulier,compte épargne ING,ING,fr,2022-11-06,0
compte_epargne,Compte épargne particulier,compte épargne ING,ING,fr,2022-11-13,0
compte_epargne,Compte épargne particulier,compte épargne ING,ING,fr,2022-11-20,0
compte_epargne,Compte épargne particulier,compte épargne ING,ING,fr,2022-11-27,0
compte_epargne,Compte épargne particulier,compte épargne ING,ING,fr,2022-12-04,0
compte_epargne,Compte épargne particulier,compte épargne ING,ING,fr,2022-12-11,0
compte_epargne,Compte épargne particulier,compte épargne ING,ING,fr,2022-12-18,0
compte_epargne,Compte épargne particulier,compte épargne ING,ING,fr,2022-12-25,0
compte_epargne,Compte épargne particulier,compte épargne ING,ING,fr,2023-01-01,0
compte_epargne,Compte épargne particulier,compte épargne ING,ING,fr,2023-01-08,0
compte_epargne,Compte épargne particulier,compte épargne ING,ING,fr,2023-01-15,0
compte_epargne,Compte épargne particulier,compte épargne ING,ING,fr,2023-01-22,0
compte_epargne,Compte épargne particulier,compte épargne ING,ING,fr,2023-01-29,0
compte_epargne,Compte épargne particulier,compte épargne ING,ING,fr,2023-02-05,0
compte_epargne,Compte épargne particulier,compte épargne ING,ING,fr,2023-02-12,0
compte_epargne,Compte épargne particulier,compte épargne ING,ING,fr,2023-02-19,0
compte_epargne,Compte épargne particulier,compte épargne ING,ING,fr,2023-02-26,0
compte_epargne,Compte épargne particulier,compte épargne ING,ING,fr,2023-03-05,0
compte_epargne,Compte épargne particulier,compte épargne ING,ING,fr,2023-03-12,0
compte_epargne,Compte épargne particulier,compte épargne ING,ING,fr,2023-03-19,0
compte_epargne,Compte épargne particulier,compte épargne ING,ING,fr,2023-03-26,0
compte_epargne,Compte épargne particulier,compte épargne ING,ING,fr,2023-04-02,0
compte_epargne,Compte épargne particulier,compte épargne ING,ING,fr,2023-04-09,0
compte_epargne,Compte épargne particulier,compte épargne ING,ING,fr,2023-04-16,0
compte_epargne,Compte épargne particulier,compte épargne ING,ING,fr,2023-04-23,13
compte_epargne,Compte épargne particulier,compte épargne ING,ING,fr,2023-04-30,0
compte_epargne,Compte épargne particulier,compte épargne ING,ING,fr,2023-05-07,0
compte_epargne,Compte épargne particulier,compte épargne ING,ING,fr,2023-05-14,0
compte_epargne,Compte épargne particulier,compte épargne ING,ING,fr,2023-05-21,0
compte_epargne,Compte épargne particulier,compte épargne ING,ING,fr,2023-05-28,0
compte_epargne,Compte épargne particulier,compte épargne ING,ING,fr,2023-06-04,0
compte_epargne,Compte épargne particulier,compte épargne ING,ING,fr,2023-06-11,0
compte_epargne,Compte épargne particulier,compte épargne ING,ING,fr,2023-06-18,0
compte_epargne,Compte épargne particulier,compte épargne ING,ING,fr,2023-06-25,0
compte_epargne,Compte épargne particulier,compte épargne ING,ING,fr,2023-07-02,0
compte_epargne,Compte épargne particulier,compte épargne ING,ING,fr,2023-07-09,0
compte_epargne,Compte épargne particulier,compte épargne ING,ING,fr,2023-07-16,0
compte_epargne,Compte épargne particulier,compte épargne ING,ING,fr,2023-07-23,0
compte_epargne,Compte épargne particulier,compte épargne ING,ING,fr,2023-07-30,0
compte_epargne,Compte épargne particulier,compte épargne ING,ING,fr,2023-08-06,0
compte_epargne,Compte épargne particulier,compte épargne ING,ING,fr,2023-08-13,0
compte_epargne,Compte épargne particulier,compte épargne ING,ING,fr,2023-08-20,0
compte_epargne,Compte épargne particulier,compte épargne ING,ING,fr,2023-08-27,0
compte_epargne,Compte épargne particulier,compte épargne ING,ING,fr,2023-09-03,0
compte_epargne,Compte épargne particulier,compte épargne ING,ING,fr,2023-09-10,0
compte_epargne,Compte épargne particulier,compte épargne ING,ING,fr,2023-09-17,0
compte_epargne,Compte épargne particulier,compte épargne ING,ING,fr,2023-09-24,0
compte_epargne,Compte épargne particulier,compte épargne ING,ING,fr,2023-10-01,0
compte_epargne,Compte épargne particulier,compte épargne ING,ING,fr,2023-10-08,0
compte_epargne,Compte épargne particulier,compte épargne ING,ING,fr,2023-10-15,0
compte_epargne,Compte épargne particulier,compte épargne ING,ING,fr,2023-10-22,0
compte_epargne,Compte épargne particulier,compte épargne ING,ING,fr,2023-10-29,0
compte_epargne,Compte épargne particulier,compte épargne ING,ING,fr,2023-11-05,0
compte_epargne,Compte épargne particulier,compte épargne ING,ING,fr,2023-11-12,0
compte_epargne,Compte épargne particulier,compte épargne ING,ING,fr,2023-11-19,0
compte_epargne,Compte épargne particulier,compte épargne ING,ING,fr,2023-11-26,0
compte_epargne,Compte épargne particulier,compte épargne ING,ING,fr,2023-12-03,14
compte_epargne,Compte épargne particulier,compte épargne ING,ING,fr,2023-12-10,0
compte_epargne,Compte épargne particulier,compte épargne ING,ING,fr,2023-12-17,0
compte_epargne,Compte épargne particulier,compte épargne ING,ING,fr,2023-12-24,0
compte_epargne,Compte épargne particulier,compte épargne ING,ING,fr,2023-12-31,0
compte_epargne,Compte épargne particulier,compte épargne ING,ING,fr,2024-01-07,0
compte_epargne,Compte épargne particulier,compte épargne ING,ING,fr,2024-01-14,0
compte_epargne,Compte épargne particulier,compte épargne ING,ING,fr,2024-01-21,0
compte_epargne,Compte épargne particulier,compte épargne ING,ING,fr,2024-01-28,0
compte_epargne,Compte épargne particulier,compte épargne ING,ING,fr,2024-02-04,0
compte_epargne,Compte épargne particulier,compte épargne ING,ING,fr,2024-02-11,0
compte_epargne,Compte épargne particulier,compte épargne ING,ING,fr,2024-02-18,0
compte_epargne,Compte épargne particulier,compte épargne ING,ING,fr,2024-02-25,0
compte_epargne,Compte épargne particulier,compte épargne ING,ING,fr,2024-03-03,0
compte_epargne,Compte épargne particulier,compte épargne ING,ING,fr,2024-03-10,0
compte_epargne,Compte épargne particulier,compte épargne ING,ING,fr,2024-03-17,0
compte_epargne,Compte épargne particulier,compte épargne ING,ING,fr,2024-03-24,0
compte_epargne,Compte épargne particulier,compte épargne ING,ING,fr,2024-03-31,0
compte_epargne,Compte épargne particulier,compte épargne ING,ING,fr,2024-04-07,0
compte_epargne,Compte épargne particulier,compte épargne ING,ING,fr,2024-04-14,0
compte_epargne,Compte épargne particulier,compte épargne ING,ING,fr,2024-04-21,0
compte_epargne,Compte épargne particulier,compte épargne ING,ING,fr,2024-04-28,0
compte_epargne,Compte épargne particulier,compte épargne ING,ING,fr,2024-05-05,0
compte_epargne,Compte épargne particulier,compte épargne ING,ING,fr,2024-05-12,0
compte_epargne,Compte épargne particulier,compte épargne ING,ING,fr,2024-05-19,0
compte_epargne,Compte épargne particulier,compte épargne ING,ING,fr,2024-05-26,0
compte_epargne,Compte épargne particulier,compte épargne ING,ING,fr,2024-06-02,0
compte_epargne,Compte épargne particulier,compte épargne ING,ING,fr,2024-06-09,0
compte_epargne,Compte épargne particulier,compte épargne ING,ING,fr,2024-06-16,0
compte_epargne,Compte épargne particulier,compte épargne ING,ING,fr,2024-06-23,0
compte_epargne,Compte épargne particulier,compte épargne ING,ING,fr,2024-06-30,0
compte_epargne,Compte épargne particulier,compte épargne ING,ING,fr,2024-07-07,0
compte_epargne,Compte épargne particulier,compte épargne ING,ING,fr,2024-07-14,0
compte_epargne,Compte épargne particulier,compte épargne ING,ING,fr,2024-07-21,0
compte_epargne,Compte épargne particulier,compte épargne ING,ING,fr,2024-07-28,0
compte_epargne,Compte épargne particulier,compte épargne ING,ING,fr,2024-08-04,0
compte_epargne,Compte épargne particulier,compte épargne ING,ING,fr,2024-08-11,0
compte_epargne,Compte épargne particulier,compte épargne ING,ING,fr,2024-08-18,0
compte_epargne,Compte épargne particulier,compte épargne ING,ING,fr,2024-08-25,0
compte_epargne,Compte épargne particulier,compte épargne ING,ING,fr,2024-09-01,0
compte_epargne,Compte épargne particulier,compte épargne ING,ING,fr,2024-09-08,0
compte_epargne,Compte épargne particulier,compte épargne ING,ING,fr,2024-09-15,0
compte_epargne,Compte épargne particulier,compte épargne ING,ING,fr,2024-09-22,0
compte_epargne,Compte épargne particulier,compte épargne ING,ING,fr,2024-09-29,0
compte_epargne,Compte épargne particulier,compte épargne ING,ING,fr,2024-10-06,0
compte_epargne,Compte épargne particulier,compte épargne ING,ING,fr,2024-10-13,0
compte_epargne,Compte épargne particulier,compte épargne ING,ING,fr,2024-10-20,0
compte_epargne,Compte épargne particulier,compte épargne ING,ING,fr,2024-10-27,0
compte_epargne,Compte épargne particulier,compte épargne ING,ING,fr,2024-11-03,0
compte_epargne,Compte épargne particulier,compte épargne ING,ING,fr,2024-11-10,0
compte_epargne,Compte épargne particulier,compte épargne ING,ING,fr,2024-11-17,0
compte_epargne,Compte épargne particulier,compte épargne ING,ING,fr,2024-11-24,0
compte_epargne,Compte épargne particulier,compte épargne ING,ING,fr,2024-12-01,0
compte_epargne,Compte épargne particulier,compte épargne ING,ING,fr,2024-12-08,0
compte_epargne,Compte épargne particulier,compte épargne ING,ING,fr,2024-12-15,0
compte_epargne,Compte épargne particulier,compte épargne ING,ING,fr,2024-12-22,0
compte_epargne,Compte épargne particulier,compte épargne ING,ING,fr,2024-12-29,0
compte_epargne,Compte épargne particulier,compte épargne ING,ING,fr,2025-01-05,0
compte_epargne,Compte épargne particulier,compte épargne ING,ING,fr,2025-01-12,0
compte_epargne,Compte épargne particulier,compte épargne ING,ING,fr,2025-01-19,0
compte_epargne,Compte épargne particulier,compte épargne ING,ING,fr,2025-01-26,0
compte_epargne,Compte épargne particulier,compte épargne ING,ING,fr,2025-02-02,0
compte_epargne,Compte épargne particulier,compte épargne ING,ING,fr,2025-02-09,0
compte_epargne,Compte épargne particulier,compte épargne ING,ING,fr,2025-02-16,0
compte_epargne,Compte épargne particulier,compte épargne ING,ING,fr,2025-02-23,0
compte_epargne,Compte épargne particulier,compte épargne ING,ING,fr,2025-03-02,0
compte_epargne,Compte épargne particulier,compte épargne ING,ING,fr,2025-03-09,0
compte_epargne,Compte épargne particulier,compte épargne ING,ING,fr,2025-03-16,0
compte_epargne,Compte épargne particulier,compte épargne ING,ING,fr,2025-03-23,0
compte_epargne,Compte épargne particulier,compte épargne ING,ING,fr,2025-03-30,0
compte_epargne,Compte épargne particulier,compte épargne ING,ING,fr,2025-04-06,0
compte_epargne,Compte épargne particulier,compte épargne ING,ING,fr,2025-04-13,0
compte_epargne,Compte épargne particulier,compte épargne ING,ING,fr,2025-04-20,0
compte_epargne,Compte épargne particulier,compte épargne ING,ING,fr,2025-04-27,0
compte_epargne,Compte épargne particulier,compte épargne ING,ING,fr,2025-05-04,0
compte_epargne,Compte épargne particulier,compte épargne ING,ING,fr,2025-05-11,0
compte_epargne,Compte épargne particulier,compte épargne ING,ING,fr,2025-05-18,0
compte_epargne,Compte épargne particulier,compte épargne ING,ING,fr,2025-05-25,0
compte_epargne,Compte épargne particulier,compte épargne ING,ING,fr,2025-06-01,0
compte_epargne,Compte épargne particulier,compte épargne ING,ING,fr,2025-06-08,0
compte_epargne,Compte épargne particulier,compte épargne ING,ING,fr,2025-06-15,0
compte_epargne,Compte épargne particulier,compte épargne ING,ING,fr,2025-06-22,0
compte_epargne,Compte épargne particulier,compte épargne ING,ING,fr,2025-06-29,0
compte_epargne,Compte épargne particulier,compte épargne ING,ING,fr,2025-07-06,0
compte_epargne,Compte épargne particulier,compte épargne ING,ING,fr,2025-07-13,0
compte_epargne,Compte épargne particulier,compte épargne ING,ING,fr,2025-07-20,0
compte_epargne,Compte épargne particulier,compte épargne ING,ING,fr,2025-07-27,0
compte_epargne,Compte épargne particulier,compte épargne ING,ING,fr,2025-08-03,0
compte_epargne,Compte épargne particulier,compte épargne ING,ING,fr,2025-08-10,0
compte_epargne,Compte épargne particulier,compte épargne ING,ING,fr,2025-08-17,0
compte_epargne,Compte épargne particulier,compte épargne ING,ING,fr,2025-08-24,0
compte_epargne,Compte épargne particulier,compte épargne ING,ING,fr,2025-08-31,0
compte_epargne,Compte épargne particulier,compte épargne ING,ING,fr,2025-09-07,0
compte_epargne,Compte épargne particulier,compte épargne ING,ING,fr,2025-09-14,0
compte_epargne,Compte épargne particulier,compte épargne ING,ING,fr,2025-09-21,0
compte_epargne,Compte épargne particulier,compte épargne ING,ING,fr,2025-09-28,0
compte_epargne,Compte épargne particulier,compte épargne ING,ING,fr,2025-10-05,0
compte_epargne,Compte épargne particulier,compte épargne ING,ING,fr,2025-10-12,0
compte_epargne,Compte épargne particulier,compte épargne ING,ING,fr,2025-10-19,0
compte_epargne,Compte épargne particulier,compte épargne ING,ING,fr,2025-10-26,0
compte_epargne,Compte épargne particulier,compte épargne ING,ING,fr,2025-11-02,0
compte_epargne,Compte épargne particulier,compte épargne ING,ING,fr,2025-11-09,0
compte_epargne,Compte épargne particulier,compte épargne ING,ING,fr,2025-11-16,0
compte_epargne,Compte épargne particulier,compte épargne ING,ING,fr,2025-11-23,0
compte_epargne,Compte épargne particulier,compte épargne ING,ING,fr,2025-11-30,0
compte_epargne,Compte épargne particulier,compte épargne ING,ING,fr,2025-12-07,0
compte_epargne,Compte épargne particulier,compte épargne ING,ING,fr,2025-12-14,0
compte_epargne,Compte épargne particulier,compte épargne ING,ING,fr,2025-12-21,0
compte_epargne,Compte épargne particulier,compte épargne ING,ING,fr,2025-12-28,0
compte_epargne,Compte épargne particulier,compte épargne ING,ING,fr,2026-01-04,0
compte_epargne,Compte épargne particulier,compte épargne ING,ING,fr,2026-01-11,0
compte_epargne,Compte épargne particulier,compte épargne ING,ING,fr,2026-01-18,0
compte_epargne,Compte épargne particulier,compte épargne ING,ING,fr,2026-01-25,0
compte_epargne,Compte épargne particulier,compte épargne ING,ING,fr,2026-02-01,0
compte_epargne,Compte épargne particulier,compte épargne ING,ING,fr,2026-02-08,0
compte_epargne,Compte épargne particulier,compte épargne ING,ING,fr,2026-02-15,0
compte_epargne,Compte épargne particulier,compte épargne ING,ING,fr,2026-02-22,0
compte_epargne,Compte épargne particulier,compte épargne ING,ING,fr,2026-03-01,0
compte_epargne,Compte épargne particulier,compte épargne ING,ING,fr,2026-03-08,0
compte_epargne,Compte épargne particulier,compte épargne ING,ING,fr,2026-03-15,0
compte_epargne,Compte épargne particulier,compte épargne ING,ING,fr,2026-03-22,0
compte_epargne,Compte épargne particulier,compte épargne ING,ING,fr,2026-03-29,0
compte_epargne,Compte épargne particulier,compte épargne ING,ING,fr,2026-04-05,0
compte_epargne,Compte épargne particulier,compte épargne ING,ING,fr,2026-04-12,0
compte_epargne,Compte épargne particulier,compte épargne ING,ING,fr,2026-04-19,0
compte_epargne,Compte épargne particulier,compte épargne ING,ING,fr,2026-04-26,0
compte_epargne,Compte épargne particulier,compte épargne ING,ING,fr,2026-05-03,0
compte_epargne,Compte épargne particulier,compte épargne ING,ING,fr,2026-05-10,0
compte_epargne,Compte épargne particulier,compte épargne ING,ING,fr,2026-05-17,0
compte_epargne,Compte épargne particulier,compte épargne ING,ING,fr,2026-05-24,0
compte_epargne,Compte épargne particulier,compte épargne ING,ING,fr,2026-05-31,0
compte_epargne,Compte épargne particulier,compte épargne ING,ING,fr,2026-06-07,12
compte_epargne,Compte épargne particulier,compte épargne ING,ING,fr,2026-06-14,0
compte_epargne,Compte épargne particulier,compte épargne ING,ING,fr,2026-06-21,0
compte_epargne,Compte épargne particulier,compte épargne ING,ING,fr,2026-06-28,0
compte_epargne,Compte épargne particulier,compte épargne ING,ING,fr,2026-07-05,0
compte_epargne,Compte épargne particulier,compte épargne ING,ING,fr,2026-07-12,0
compte_epargne,Compte épargne particulier,compte épargne ING,ING,fr,2026-07-19,0
compte_epargne,Compte épargne particulier,compte épargne ING,ING,fr,2026-07-26,0
compte_epargne,Compte épargne particulier,compte épargne ING,ING,fr,2026-08-02,0
compte_epargne,Compte épargne particulier,compte épargne ING,ING,fr,2026-08-09,0
compte_epargne,Compte épargne particulier,compte épargne ING,ING,fr,2026-08-16,0
compte_epargne,Compte épargne particulier,compte épargne ING,ING,fr,2026-08-23,0
compte_epargne,Compte épargne particulier,compte épargne ING,ING,fr,2026-08-30,4
compte_epargne,Compte épargne particulier,compte épargne ING,ING,fr,2026-09-06,4
compte_epargne,Compte épargne particulier,compte épargne ING,ING,fr,2026-09-13,4
compte_professionnel,Compte professionnel / indépendant,Business'Bank ING,ING,en,2021-09-12,0
compte_professionnel,Compte professionnel / indépendant,Business'Bank ING,ING,en,2021-09-19,0
compte_professionnel,Compte professionnel / indépendant,Business'Bank ING,ING,en,2021-09-26,0
compte_professionnel,Compte professionnel / indépendant,Business'Bank ING,ING,en,2021-10-03,0
compte_professionnel,Compte professionnel / indépendant,Business'Bank ING,ING,en,2021-10-10,0
compte_professionnel,Compte professionnel / indépendant,Business'Bank ING,ING,en,2021-10-17,0
compte_professionnel,Compte professionnel / indépendant,Business'Bank ING,ING,en,2021-10-24,0
compte_professionnel,Compte professionnel / indépendant,Business'Bank ING,ING,en,2021-10-31,0
compte_professionnel,Compte professionnel / indépendant,Business'Bank ING,ING,en,2021-11-07,0
compte_professionnel,Compte professionnel / indépendant,Business'Bank ING,ING,en,2021-11-14,0
compte_professionnel,Compte professionnel / indépendant,Business'Bank ING,ING,en,2021-11-21,0
compte_professionnel,Compte professionnel / indépendant,Business'Bank ING,ING,en,2021-11-28,0
compte_professionnel,Compte professionnel / indépendant,Business'Bank ING,ING,en,2021-12-05,0
compte_professionnel,Compte professionnel / indépendant,Business'Bank ING,ING,en,2021-12-12,0
compte_professionnel,Compte professionnel / indépendant,Business'Bank ING,ING,en,2021-12-19,0
compte_professionnel,Compte professionnel / indépendant,Business'Bank ING,ING,en,2021-12-26,0
compte_professionnel,Compte professionnel / indépendant,Business'Bank ING,ING,en,2022-01-02,0
compte_professionnel,Compte professionnel / indépendant,Business'Bank ING,ING,en,2022-01-09,0
compte_professionnel,Compte professionnel / indépendant,Business'Bank ING,ING,en,2022-01-16,0
compte_professionnel,Compte professionnel / indépendant,Business'Bank ING,ING,en,2022-01-23,0
compte_professionnel,Compte professionnel / indépendant,Business'Bank ING,ING,en,2022-01-30,0
compte_professionnel,Compte professionnel / indépendant,Business'Bank ING,ING,en,2022-02-06,0
compte_professionnel,Compte professionnel / indépendant,Business'Bank ING,ING,en,2022-02-13,0
compte_professionnel,Compte professionnel / indépendant,Business'Bank ING,ING,en,2022-02-20,0
compte_professionnel,Compte professionnel / indépendant,Business'Bank ING,ING,en,2022-02-27,0
compte_professionnel,Compte professionnel / indépendant,Business'Bank ING,ING,en,2022-03-06,0
compte_professionnel,Compte professionnel / indépendant,Business'Bank ING,ING,en,2022-03-13,0
compte_professionnel,Compte professionnel / indépendant,Business'Bank ING,ING,en,2022-03-20,0
compte_professionnel,Compte professionnel / indépendant,Business'Bank ING,ING,en,2022-03-27,0
compte_professionnel,Compte professionnel / indépendant,Business'Bank ING,ING,en,2022-04-03,0
compte_professionnel,Compte professionnel / indépendant,Business'Bank ING,ING,en,2022-04-10,0
compte_professionnel,Compte professionnel / indépendant,Business'Bank ING,ING,en,2022-04-17,0
compte_professionnel,Compte professionnel / indépendant,Business'Bank ING,ING,en,2022-04-24,0
compte_professionnel,Compte professionnel / indépendant,Business'Bank ING,ING,en,2022-05-01,0
compte_professionnel,Compte professionnel / indépendant,Business'Bank ING,ING,en,2022-05-08,0
compte_professionnel,Compte professionnel / indépendant,Business'Bank ING,ING,en,2022-05-15,0
compte_professionnel,Compte professionnel / indépendant,Business'Bank ING,ING,en,2022-05-22,0
compte_professionnel,Compte professionnel / indépendant,Business'Bank ING,ING,en,2022-05-29,0
compte_professionnel,Compte professionnel / indépendant,Business'Bank ING,ING,en,2022-06-05,0
compte_professionnel,Compte professionnel / indépendant,Business'Bank ING,ING,en,2022-06-12,0
compte_professionnel,Compte professionnel / indépendant,Business'Bank ING,ING,en,2022-06-19,0
compte_professionnel,Compte professionnel / indépendant,Business'Bank ING,ING,en,2022-06-26,0
compte_professionnel,Compte professionnel / indépendant,Business'Bank ING,ING,en,2022-07-03,0
compte_professionnel,Compte professionnel / indépendant,Business'Bank ING,ING,en,2022-07-10,0
compte_professionnel,Compte professionnel / indépendant,Business'Bank ING,ING,en,2022-07-17,0
compte_professionnel,Compte professionnel / indépendant,Business'Bank ING,ING,en,2022-07-24,0
compte_professionnel,Compte professionnel / indépendant,Business'Bank ING,ING,en,2022-07-31,0
compte_professionnel,Compte professionnel / indépendant,Business'Bank ING,ING,en,2022-08-07,0
compte_professionnel,Compte professionnel / indépendant,Business'Bank ING,ING,en,2022-08-14,0
compte_professionnel,Compte professionnel / indépendant,Business'Bank ING,ING,en,2022-08-21,0
compte_professionnel,Compte professionnel / indépendant,Business'Bank ING,ING,en,2022-08-28,0
compte_professionnel,Compte professionnel / indépendant,Business'Bank ING,ING,en,2022-09-04,0
compte_professionnel,Compte professionnel / indépendant,Business'Bank ING,ING,en,2022-09-11,0
compte_professionnel,Compte professionnel / indépendant,Business'Bank ING,ING,en,2022-09-18,0
compte_professionnel,Compte professionnel / indépendant,Business'Bank ING,ING,en,2022-09-25,0
compte_professionnel,Compte professionnel / indépendant,Business'Bank ING,ING,en,2022-10-02,0
compte_professionnel,Compte professionnel / indépendant,Business'Bank ING,ING,en,2022-10-09,0
compte_professionnel,Compte professionnel / indépendant,Business'Bank ING,ING,en,2022-10-16,0
compte_professionnel,Compte professionnel / indépendant,Business'Bank ING,ING,en,2022-10-23,0
compte_professionnel,Compte professionnel / indépendant,Business'Bank ING,ING,en,2022-10-30,0
compte_professionnel,Compte professionnel / indépendant,Business'Bank ING,ING,en,2022-11-06,0
compte_professionnel,Compte professionnel / indépendant,Business'Bank ING,ING,en,2022-11-13,0
compte_professionnel,Compte professionnel / indépendant,Business'Bank ING,ING,en,2022-11-20,0
compte_professionnel,Compte professionnel / indépendant,Business'Bank ING,ING,en,2022-11-27,0
compte_professionnel,Compte professionnel / indépendant,Business'Bank ING,ING,en,2022-12-04,0
compte_professionnel,Compte professionnel / indépendant,Business'Bank ING,ING,en,2022-12-11,0
compte_professionnel,Compte professionnel / indépendant,Business'Bank ING,ING,en,2022-12-18,0
compte_professionnel,Compte professionnel / indépendant,Business'Bank ING,ING,en,2022-12-25,0
compte_professionnel,Compte professionnel / indépendant,Business'Bank ING,ING,en,2023-01-01,0
compte_professionnel,Compte professionnel / indépendant,Business'Bank ING,ING,en,2023-01-08,0
compte_professionnel,Compte professionnel / indépendant,Business'Bank ING,ING,en,2023-01-15,0
compte_professionnel,Compte professionnel / indépendant,Business'Bank ING,ING,en,2023-01-22,0
compte_professionnel,Compte professionnel / indépendant,Business'Bank ING,ING,en,2023-01-29,0
compte_professionnel,Compte professionnel / indépendant,Business'Bank ING,ING,en,2023-02-05,0
compte_professionnel,Compte professionnel / indépendant,Business'Bank ING,ING,en,2023-02-12,0
compte_professionnel,Compte professionnel / indépendant,Business'Bank ING,ING,en,2023-02-19,0
compte_professionnel,Compte professionnel / indépendant,Business'Bank ING,ING,en,2023-02-26,0
compte_professionnel,Compte professionnel / indépendant,Business'Bank ING,ING,en,2023-03-05,0
compte_professionnel,Compte professionnel / indépendant,Business'Bank ING,ING,en,2023-03-12,0
compte_professionnel,Compte professionnel / indépendant,Business'Bank ING,ING,en,2023-03-19,0
compte_professionnel,Compte professionnel / indépendant,Business'Bank ING,ING,en,2023-03-26,0
compte_professionnel,Compte professionnel / indépendant,Business'Bank ING,ING,en,2023-04-02,0
compte_professionnel,Compte professionnel / indépendant,Business'Bank ING,ING,en,2023-04-09,0
compte_professionnel,Compte professionnel / indépendant,Business'Bank ING,ING,en,2023-04-16,0
compte_professionnel,Compte professionnel / indépendant,Business'Bank ING,ING,en,2023-04-23,0
compte_professionnel,Compte professionnel / indépendant,Business'Bank ING,ING,en,2023-04-30,0
compte_professionnel,Compte professionnel / indépendant,Business'Bank ING,ING,en,2023-05-07,0
compte_professionnel,Compte professionnel / indépendant,Business'Bank ING,ING,en,2023-05-14,0
compte_professionnel,Compte professionnel / indépendant,Business'Bank ING,ING,en,2023-05-21,0
compte_professionnel,Compte professionnel / indépendant,Business'Bank ING,ING,en,2023-05-28,0
compte_professionnel,Compte professionnel / indépendant,Business'Bank ING,ING,en,2023-06-04,0
compte_professionnel,Compte professionnel / indépendant,Business'Bank ING,ING,en,2023-06-11,0
compte_professionnel,Compte professionnel / indépendant,Business'Bank ING,ING,en,2023-06-18,0
compte_professionnel,Compte professionnel / indépendant,Business'Bank ING,ING,en,2023-06-25,0
compte_professionnel,Compte professionnel / indépendant,Business'Bank ING,ING,en,2023-07-02,0
compte_professionnel,Compte professionnel / indépendant,Business'Bank ING,ING,en,2023-07-09,0
compte_professionnel,Compte professionnel / indépendant,Business'Bank ING,ING,en,2023-07-16,0
compte_professionnel,Compte professionnel / indépendant,Business'Bank ING,ING,en,2023-07-23,0
compte_professionnel,Compte professionnel / indépendant,Business'Bank ING,ING,en,2023-07-30,0
compte_professionnel,Compte professionnel / indépendant,Business'Bank ING,ING,en,2023-08-06,0
compte_professionnel,Compte professionnel / indépendant,Business'Bank ING,ING,en,2023-08-13,0
compte_professionnel,Compte professionnel / indépendant,Business'Bank ING,ING,en,2023-08-20,0
compte_professionnel,Compte professionnel / indépendant,Business'Bank ING,ING,en,2023-08-27,0
compte_professionnel,Compte professionnel / indépendant,Business'Bank ING,ING,en,2023-09-03,0
compte_professionnel,Compte professionnel / indépendant,Business'Bank ING,ING,en,2023-09-10,0
compte_professionnel,Compte professionnel / indépendant,Business'Bank ING,ING,en,2023-09-17,0
compte_professionnel,Compte professionnel / indépendant,Business'Bank ING,ING,en,2023-09-24,0
compte_professionnel,Compte professionnel / indépendant,Business'Bank ING,ING,en,2023-10-01,0
compte_professionnel,Compte professionnel / indépendant,Business'Bank ING,ING,en,2023-10-08,0
compte_professionnel,Compte professionnel / indépendant,Business'Bank ING,ING,en,2023-10-15,0
compte_professionnel,Compte professionnel / indépendant,Business'Bank ING,ING,en,2023-10-22,0
compte_professionnel,Compte professionnel / indépendant,Business'Bank ING,ING,en,2023-10-29,0
compte_professionnel,Compte professionnel / indépendant,Business'Bank ING,ING,en,2023-11-05,0
compte_professionnel,Compte professionnel / indépendant,Business'Bank ING,ING,en,2023-11-12,0
compte_professionnel,Compte professionnel / indépendant,Business'Bank ING,ING,en,2023-11-19,0
compte_professionnel,Compte professionnel / indépendant,Business'Bank ING,ING,en,2023-11-26,0
compte_professionnel,Compte professionnel / indépendant,Business'Bank ING,ING,en,2023-12-03,0
compte_professionnel,Compte professionnel / indépendant,Business'Bank ING,ING,en,2023-12-10,0
compte_professionnel,Compte professionnel / indépendant,Business'Bank ING,ING,en,2023-12-17,0
compte_professionnel,Compte professionnel / indépendant,Business'Bank ING,ING,en,2023-12-24,0
compte_professionnel,Compte professionnel / indépendant,Business'Bank ING,ING,en,2023-12-31,0
compte_professionnel,Compte professionnel / indépendant,Business'Bank ING,ING,en,2024-01-07,0
compte_professionnel,Compte professionnel / indépendant,Business'Bank ING,ING,en,2024-01-14,0
compte_professionnel,Compte professionnel / indépendant,Business'Bank ING,ING,en,2024-01-21,0
compte_professionnel,Compte professionnel / indépendant,Business'Bank ING,ING,en,2024-01-28,0
compte_professionnel,Compte professionnel / indépendant,Business'Bank ING,ING,en,2024-02-04,0
compte_professionnel,Compte professionnel / indépendant,Business'Bank ING,ING,en,2024-02-11,0
compte_professionnel,Compte professionnel / indépendant,Business'Bank ING,ING,en,2024-02-18,0
compte_professionnel,Compte professionnel / indépendant,Business'Bank ING,ING,en,2024-02-25,0
compte_professionnel,Compte professionnel / indépendant,Business'Bank ING,ING,en,2024-03-03,0
compte_professionnel,Compte professionnel / indépendant,Business'Bank ING,ING,en,2024-03-10,0
compte_professionnel,Compte professionnel / indépendant,Business'Bank ING,ING,en,2024-03-17,0
compte_professionnel,Compte professionnel / indépendant,Business'Bank ING,ING,en,2024-03-24,0
compte_professionnel,Compte professionnel / indépendant,Business'Bank ING,ING,en,2024-03-31,0
compte_professionnel,Compte professionnel / indépendant,Business'Bank ING,ING,en,2024-04-07,0
compte_professionnel,Compte professionnel / indépendant,Business'Bank ING,ING,en,2024-04-14,0
compte_professionnel,Compte professionnel / indépendant,Business'Bank ING,ING,en,2024-04-21,0
compte_professionnel,Compte professionnel / indépendant,Business'Bank ING,ING,en,2024-04-28,0
compte_professionnel,Compte professionnel / indépendant,Business'Bank ING,ING,en,2024-05-05,0
compte_professionnel,Compte professionnel / indépendant,Business'Bank ING,ING,en,2024-05-12,0
compte_professionnel,Compte professionnel / indépendant,Business'Bank ING,ING,en,2024-05-19,0
compte_professionnel,Compte professionnel / indépendant,Business'Bank ING,ING,en,2024-05-26,0
compte_professionnel,Compte professionnel / indépendant,Business'Bank ING,ING,en,2024-06-02,0
compte_professionnel,Compte professionnel / indépendant,Business'Bank ING,ING,en,2024-06-09,0
compte_professionnel,Compte professionnel / indépendant,Business'Bank ING,ING,en,2024-06-16,0
compte_professionnel,Compte professionnel / indépendant,Business'Bank ING,ING,en,2024-06-23,0
compte_professionnel,Compte professionnel / indépendant,Business'Bank ING,ING,en,2024-06-30,0
compte_professionnel,Compte professionnel / indépendant,Business'Bank ING,ING,en,2024-07-07,0
compte_professionnel,Compte professionnel / indépendant,Business'Bank ING,ING,en,2024-07-14,0
compte_professionnel,Compte professionnel / indépendant,Business'Bank ING,ING,en,2024-07-21,0
compte_professionnel,Compte professionnel / indépendant,Business'Bank ING,ING,en,2024-07-28,0
compte_professionnel,Compte professionnel / indépendant,Business'Bank ING,ING,en,2024-08-04,0
compte_professionnel,Compte professionnel / indépendant,Business'Bank ING,ING,en,2024-08-11,0
compte_professionnel,Compte professionnel / indépendant,Business'Bank ING,ING,en,2024-08-18,0
compte_professionnel,Compte professionnel / indépendant,Business'Bank ING,ING,en,2024-08-25,0
compte_professionnel,Compte professionnel / indépendant,Business'Bank ING,ING,en,2024-09-01,0
compte_professionnel,Compte professionnel / indépendant,Business'Bank ING,ING,en,2024-09-08,0
compte_professionnel,Compte professionnel / indépendant,Business'Bank ING,ING,en,2024-09-15,0
compte_professionnel,Compte professionnel / indépendant,Business'Bank ING,ING,en,2024-09-22,0
compte_professionnel,Compte professionnel / indépendant,Business'Bank ING,ING,en,2024-09-29,0
compte_professionnel,Compte professionnel / indépendant,Business'Bank ING,ING,en,2024-10-06,0
compte_professionnel,Compte professionnel / indépendant,Business'Bank ING,ING,en,2024-10-13,0
compte_professionnel,Compte professionnel / indépendant,Business'Bank ING,ING,en,2024-10-20,0
compte_professionnel,Compte professionnel / indépendant,Business'Bank ING,ING,en,2024-10-27,0
compte_professionnel,Compte professionnel / indépendant,Business'Bank ING,ING,en,2024-11-03,0
compte_professionnel,Compte professionnel / indépendant,Business'Bank ING,ING,en,2024-11-10,0
compte_professionnel,Compte professionnel / indépendant,Business'Bank ING,ING,en,2024-11-17,0
compte_professionnel,Compte professionnel / indépendant,Business'Bank ING,ING,en,2024-11-24,0
compte_professionnel,Compte professionnel / indépendant,Business'Bank ING,ING,en,2024-12-01,0
compte_professionnel,Compte professionnel / indépendant,Business'Bank ING,ING,en,2024-12-08,0
compte_professionnel,Compte professionnel / indépendant,Business'Bank ING,ING,en,2024-12-15,0
compte_professionnel,Compte professionnel / indépendant,Business'Bank ING,ING,en,2024-12-22,0
compte_professionnel,Compte professionnel / indépendant,Business'Bank ING,ING,en,2024-12-29,0
compte_professionnel,Compte professionnel / indépendant,Business'Bank ING,ING,en,2025-01-05,0
compte_professionnel,Compte professionnel / indépendant,Business'Bank ING,ING,en,2025-01-12,0
compte_professionnel,Compte professionnel / indépendant,Business'Bank ING,ING,en,2025-01-19,0
compte_professionnel,Compte professionnel / indépendant,Business'Bank ING,ING,en,2025-01-26,0
compte_professionnel,Compte professionnel / indépendant,Business'Bank ING,ING,en,2025-02-02,0
compte_professionnel,Compte professionnel / indépendant,Business'Bank ING,ING,en,2025-02-09,0
compte_professionnel,Compte professionnel / indépendant,Business'Bank ING,ING,en,2025-02-16,0
compte_professionnel,Compte professionnel / indépendant,Business'Bank ING,ING,en,2025-02-23,0
compte_professionnel,Compte professionnel / indépendant,Business'Bank ING,ING,en,2025-03-02,79
compte_professionnel,Compte professionnel / indépendant,Business'Bank ING,ING,en,2025-03-09,0
compte_professionnel,Compte professionnel / indépendant,Business'Bank ING,ING,en,2025-03-16,0
compte_professionnel,Compte professionnel / indépendant,Business'Bank ING,ING,en,2025-03-23,0
compte_professionnel,Compte professionnel / indépendant,Business'Bank ING,ING,en,2025-03-30,0
compte_professionnel,Compte professionnel / indépendant,Business'Bank ING,ING,en,2025-04-06,0
compte_professionnel,Compte professionnel / indépendant,Business'Bank ING,ING,en,2025-04-13,0
compte_professionnel,Compte professionnel / indépendant,Business'Bank ING,ING,en,2025-04-20,0
compte_professionnel,Compte professionnel / indépendant,Business'Bank ING,ING,en,2025-04-27,0
compte_professionnel,Compte professionnel / indépendant,Business'Bank ING,ING,en,2025-05-04,0
compte_professionnel,Compte professionnel / indépendant,Business'Bank ING,ING,en,2025-05-11,0
compte_professionnel,Compte professionnel / indépendant,Business'Bank ING,ING,en,2025-05-18,0
compte_professionnel,Compte professionnel / indépendant,Business'Bank ING,ING,en,2025-05-25,0
compte_professionnel,Compte professionnel / indépendant,Business'Bank ING,ING,en,2025-06-01,0
compte_professionnel,Compte professionnel / indépendant,Business'Bank ING,ING,en,2025-06-08,0
compte_professionnel,Compte professionnel / indépendant,Business'Bank ING,ING,en,2025-06-15,0
compte_professionnel,Compte professionnel / indépendant,Business'Bank ING,ING,en,2025-06-22,0
compte_professionnel,Compte professionnel / indépendant,Business'Bank ING,ING,en,2025-06-29,0
compte_professionnel,Compte professionnel / indépendant,Business'Bank ING,ING,en,2025-07-06,0
compte_professionnel,Compte professionnel / indépendant,Business'Bank ING,ING,en,2025-07-13,0
compte_professionnel,Compte professionnel / indépendant,Business'Bank ING,ING,en,2025-07-20,0
compte_professionnel,Compte professionnel / indépendant,Business'Bank ING,ING,en,2025-07-27,0
compte_professionnel,Compte professionnel / indépendant,Business'Bank ING,ING,en,2025-08-03,0
compte_professionnel,Compte professionnel / indépendant,Business'Bank ING,ING,en,2025-08-10,0
compte_professionnel,Compte professionnel / indépendant,Business'Bank ING,ING,en,2025-08-17,0
compte_professionnel,Compte professionnel / indépendant,Business'Bank ING,ING,en,2025-08-24,0
compte_professionnel,Compte professionnel / indépendant,Business'Bank ING,ING,en,2025-08-31,0
compte_professionnel,Compte professionnel / indépendant,Business'Bank ING,ING,en,2025-09-07,0
compte_professionnel,Compte professionnel / indépendant,Business'Bank ING,ING,en,2025-09-14,0
compte_professionnel,Compte professionnel / indépendant,Business'Bank ING,ING,en,2025-09-21,0
compte_professionnel,Compte professionnel / indépendant,Business'Bank ING,ING,en,2025-09-28,0
compte_professionnel,Compte professionnel / indépendant,Business'Bank ING,ING,en,2025-10-05,0
compte_professionnel,Compte professionnel / indépendant,Business'Bank ING,ING,en,2025-10-12,0
compte_professionnel,Compte professionnel / indépendant,Business'Bank ING,ING,en,2025-10-19,0
compte_professionnel,Compte professionnel / indépendant,Business'Bank ING,ING,en,2025-10-26,0
compte_professionnel,Compte professionnel / indépendant,Business'Bank ING,ING,en,2025-11-02,0
compte_professionnel,Compte professionnel / indépendant,Business'Bank ING,ING,en,2025-11-09,0
compte_professionnel,Compte professionnel / indépendant,Business'Bank ING,ING,en,2025-11-16,0
compte_professionnel,Compte professionnel / indépendant,Business'Bank ING,ING,en,2025-11-23,0
compte_professionnel,Compte professionnel / indépendant,Business'Bank ING,ING,en,2025-11-30,0
compte_professionnel,Compte professionnel / indépendant,Business'Bank ING,ING,en,2025-12-07,0
compte_professionnel,Compte professionnel / indépendant,Business'Bank ING,ING,en,2025-12-14,0
compte_professionnel,Compte professionnel / indépendant,Business'Bank ING,ING,en,2025-12-21,0
compte_professionnel,Compte professionnel / indépendant,Business'Bank ING,ING,en,2025-12-28,0
compte_professionnel,Compte professionnel / indépendant,Business'Bank ING,ING,en,2026-01-04,0
compte_professionnel,Compte professionnel / indépendant,Business'Bank ING,ING,en,2026-01-11,0
compte_professionnel,Compte professionnel / indépendant,Business'Bank ING,ING,en,2026-01-18,0
compte_professionnel,Compte professionnel / indépendant,Business'Bank ING,ING,en,2026-01-25,0
compte_professionnel,Compte professionnel / indépendant,Business'Bank ING,ING,en,2026-02-01,0
compte_professionnel,Compte professionnel / indépendant,Business'Bank ING,ING,en,2026-02-08,0
compte_professionnel,Compte professionnel / indépendant,Business'Bank ING,ING,en,2026-02-15,0
compte_professionnel,Compte professionnel / indépendant,Business'Bank ING,ING,en,2026-02-22,0
compte_professionnel,Compte professionnel / indépendant,Business'Bank ING,ING,en,2026-03-01,0
compte_professionnel,Compte professionnel / indépendant,Business'Bank ING,ING,en,2026-03-08,0
compte_professionnel,Compte professionnel / indépendant,Business'Bank ING,ING,en,2026-03-15,0
compte_professionnel,Compte professionnel / indépendant,Business'Bank ING,ING,en,2026-03-22,0
compte_professionnel,Compte professionnel / indépendant,Business'Bank ING,ING,en,2026-03-29,0
compte_professionnel,Compte professionnel / indépendant,Business'Bank ING,ING,en,2026-04-05,0
compte_professionnel,Compte professionnel / indépendant,Business'Bank ING,ING,en,2026-04-12,0
compte_professionnel,Compte professionnel / indépendant,Business'Bank ING,ING,en,2026-04-19,0
compte_professionnel,Compte professionnel / indépendant,Business'Bank ING,ING,en,2026-04-26,0
compte_professionnel,Compte professionnel / indépendant,Business'Bank ING,ING,en,2026-05-03,0
compte_professionnel,Compte professionnel / indépendant,Business'Bank ING,ING,en,2026-05-10,0
compte_professionnel,Compte professionnel / indépendant,Business'Bank ING,ING,en,2026-05-17,0
compte_professionnel,Compte professionnel / indépendant,Business'Bank ING,ING,en,2026-05-24,0
compte_professionnel,Compte professionnel / indépendant,Business'Bank ING,ING,en,2026-05-31,0
compte_professionnel,Compte professionnel / indépendant,Business'Bank ING,ING,en,2026-06-07,0
compte_professionnel,Compte professionnel / indépendant,Business'Bank ING,ING,en,2026-06-14,0
compte_professionnel,Compte professionnel / indépendant,Business'Bank ING,ING,en,2026-06-21,0
compte_professionnel,Compte professionnel / indépendant,Business'Bank ING,ING,en,2026-06-28,0
compte_professionnel,Compte professionnel / indépendant,Business'Bank ING,ING,en,2026-07-05,86
compte_professionnel,Compte professionnel / indépendant,Business'Bank ING,ING,en,2026-07-12,0
compte_professionnel,Compte professionnel / indépendant,Business'Bank ING,ING,en,2026-07-19,0
compte_professionnel,Compte professionnel / indépendant,Business'Bank ING,ING,en,2026-07-26,0
compte_professionnel,Compte professionnel / indépendant,Business'Bank ING,ING,en,2026-08-02,0
compte_professionnel,Compte professionnel / indépendant,Business'Bank ING,ING,en,2026-08-09,0
compte_professionnel,Compte professionnel / indépendant,Business'Bank ING,ING,en,2026-08-16,0
compte_professionnel,Compte professionnel / indépendant,Business'Bank ING,ING,en,2026-08-23,0
compte_professionnel,Compte professionnel / indépendant,Business'Bank ING,ING,en,2026-08-30,0
compte_professionnel,Compte professionnel / indépendant,Business'Bank ING,ING,en,2026-09-06,0
compte_professionnel,Compte professionnel / indépendant,Business'Bank ING,ING,en,2026-09-13,0
compte_professionnel,Compte professionnel / indépendant,ING zakelijke rekening,ING,nl,2021-09-12,0
compte_professionnel,Compte professionnel / indépendant,ING zakelijke rekening,ING,nl,2021-09-19,0
compte_professionnel,Compte professionnel / indépendant,ING zakelijke rekening,ING,nl,2021-09-26,0
compte_professionnel,Compte professionnel / indépendant,ING zakelijke rekening,ING,nl,2021-10-03,0
compte_professionnel,Compte professionnel / indépendant,ING zakelijke rekening,ING,nl,2021-10-10,0
compte_professionnel,Compte professionnel / indépendant,ING zakelijke rekening,ING,nl,2021-10-17,0
compte_professionnel,Compte professionnel / indépendant,ING zakelijke rekening,ING,nl,2021-10-24,0
compte_professionnel,Compte professionnel / indépendant,ING zakelijke rekening,ING,nl,2021-10-31,0
compte_professionnel,Compte professionnel / indépendant,ING zakelijke rekening,ING,nl,2021-11-07,0
compte_professionnel,Compte professionnel / indépendant,ING zakelijke rekening,ING,nl,2021-11-14,0
compte_professionnel,Compte professionnel / indépendant,ING zakelijke rekening,ING,nl,2021-11-21,0
compte_professionnel,Compte professionnel / indépendant,ING zakelijke rekening,ING,nl,2021-11-28,0
compte_professionnel,Compte professionnel / indépendant,ING zakelijke rekening,ING,nl,2021-12-05,0
compte_professionnel,Compte professionnel / indépendant,ING zakelijke rekening,ING,nl,2021-12-12,0
compte_professionnel,Compte professionnel / indépendant,ING zakelijke rekening,ING,nl,2021-12-19,0
compte_professionnel,Compte professionnel / indépendant,ING zakelijke rekening,ING,nl,2021-12-26,0
compte_professionnel,Compte professionnel / indépendant,ING zakelijke rekening,ING,nl,2022-01-02,0
compte_professionnel,Compte professionnel / indépendant,ING zakelijke rekening,ING,nl,2022-01-09,0
compte_professionnel,Compte professionnel / indépendant,ING zakelijke rekening,ING,nl,2022-01-16,0
compte_professionnel,Compte professionnel / indépendant,ING zakelijke rekening,ING,nl,2022-01-23,0
compte_professionnel,Compte professionnel / indépendant,ING zakelijke rekening,ING,nl,2022-01-30,0
compte_professionnel,Compte professionnel / indépendant,ING zakelijke rekening,ING,nl,2022-02-06,0
compte_professionnel,Compte professionnel / indépendant,ING zakelijke rekening,ING,nl,2022-02-13,0
compte_professionnel,Compte professionnel / indépendant,ING zakelijke rekening,ING,nl,2022-02-20,0
compte_professionnel,Compte professionnel / indépendant,ING zakelijke rekening,ING,nl,2022-02-27,0
compte_professionnel,Compte professionnel / indépendant,ING zakelijke rekening,ING,nl,2022-03-06,0
compte_professionnel,Compte professionnel / indépendant,ING zakelijke rekening,ING,nl,2022-03-13,0
compte_professionnel,Compte professionnel / indépendant,ING zakelijke rekening,ING,nl,2022-03-20,0
compte_professionnel,Compte professionnel / indépendant,ING zakelijke rekening,ING,nl,2022-03-27,0
compte_professionnel,Compte professionnel / indépendant,ING zakelijke rekening,ING,nl,2022-04-03,0
compte_professionnel,Compte professionnel / indépendant,ING zakelijke rekening,ING,nl,2022-04-10,0
compte_professionnel,Compte professionnel / indépendant,ING zakelijke rekening,ING,nl,2022-04-17,0
compte_professionnel,Compte professionnel / indépendant,ING zakelijke rekening,ING,nl,2022-04-24,0
compte_professionnel,Compte professionnel / indépendant,ING zakelijke rekening,ING,nl,2022-05-01,0
compte_professionnel,Compte professionnel / indépendant,ING zakelijke rekening,ING,nl,2022-05-08,0
compte_professionnel,Compte professionnel / indépendant,ING zakelijke rekening,ING,nl,2022-05-15,0
compte_professionnel,Compte professionnel / indépendant,ING zakelijke rekening,ING,nl,2022-05-22,0
compte_professionnel,Compte professionnel / indépendant,ING zakelijke rekening,ING,nl,2022-05-29,0
compte_professionnel,Compte professionnel / indépendant,ING zakelijke rekening,ING,nl,2022-06-05,0
compte_professionnel,Compte professionnel / indépendant,ING zakelijke rekening,ING,nl,2022-06-12,0
compte_professionnel,Compte professionnel / indépendant,ING zakelijke rekening,ING,nl,2022-06-19,0
compte_professionnel,Compte professionnel / indépendant,ING zakelijke rekening,ING,nl,2022-06-26,0
compte_professionnel,Compte professionnel / indépendant,ING zakelijke rekening,ING,nl,2022-07-03,0
compte_professionnel,Compte professionnel / indépendant,ING zakelijke rekening,ING,nl,2022-07-10,0
compte_professionnel,Compte professionnel / indépendant,ING zakelijke rekening,ING,nl,2022-07-17,0
compte_professionnel,Compte professionnel / indépendant,ING zakelijke rekening,ING,nl,2022-07-24,0
compte_professionnel,Compte professionnel / indépendant,ING zakelijke rekening,ING,nl,2022-07-31,81
compte_professionnel,Compte professionnel / indépendant,ING zakelijke rekening,ING,nl,2022-08-07,0
compte_professionnel,Compte professionnel / indépendant,ING zakelijke rekening,ING,nl,2022-08-14,0
compte_professionnel,Compte professionnel / indépendant,ING zakelijke rekening,ING,nl,2022-08-21,0
compte_professionnel,Compte professionnel / indépendant,ING zakelijke rekening,ING,nl,2022-08-28,0
compte_professionnel,Compte professionnel / indépendant,ING zakelijke rekening,ING,nl,2022-09-04,0
compte_professionnel,Compte professionnel / indépendant,ING zakelijke rekening,ING,nl,2022-09-11,0
compte_professionnel,Compte professionnel / indépendant,ING zakelijke rekening,ING,nl,2022-09-18,0
compte_professionnel,Compte professionnel / indépendant,ING zakelijke rekening,ING,nl,2022-09-25,0
compte_professionnel,Compte professionnel / indépendant,ING zakelijke rekening,ING,nl,2022-10-02,0
compte_professionnel,Compte professionnel / indépendant,ING zakelijke rekening,ING,nl,2022-10-09,0
compte_professionnel,Compte professionnel / indépendant,ING zakelijke rekening,ING,nl,2022-10-16,0
compte_professionnel,Compte professionnel / indépendant,ING zakelijke rekening,ING,nl,2022-10-23,0
compte_professionnel,Compte professionnel / indépendant,ING zakelijke rekening,ING,nl,2022-10-30,0
compte_professionnel,Compte professionnel / indépendant,ING zakelijke rekening,ING,nl,2022-11-06,0
compte_professionnel,Compte professionnel / indépendant,ING zakelijke rekening,ING,nl,2022-11-13,0
compte_professionnel,Compte professionnel / indépendant,ING zakelijke rekening,ING,nl,2022-11-20,0
compte_professionnel,Compte professionnel / indépendant,ING zakelijke rekening,ING,nl,2022-11-27,0
compte_professionnel,Compte professionnel / indépendant,ING zakelijke rekening,ING,nl,2022-12-04,0
compte_professionnel,Compte professionnel / indépendant,ING zakelijke rekening,ING,nl,2022-12-11,0
compte_professionnel,Compte professionnel / indépendant,ING zakelijke rekening,ING,nl,2022-12-18,0
compte_professionnel,Compte professionnel / indépendant,ING zakelijke rekening,ING,nl,2022-12-25,0
compte_professionnel,Compte professionnel / indépendant,ING zakelijke rekening,ING,nl,2023-01-01,63
compte_professionnel,Compte professionnel / indépendant,ING zakelijke rekening,ING,nl,2023-01-08,0
compte_professionnel,Compte professionnel / indépendant,ING zakelijke rekening,ING,nl,2023-01-15,0
compte_professionnel,Compte professionnel / indépendant,ING zakelijke rekening,ING,nl,2023-01-22,0
compte_professionnel,Compte professionnel / indépendant,ING zakelijke rekening,ING,nl,2023-01-29,0
compte_professionnel,Compte professionnel / indépendant,ING zakelijke rekening,ING,nl,2023-02-05,0
compte_professionnel,Compte professionnel / indépendant,ING zakelijke rekening,ING,nl,2023-02-12,0
compte_professionnel,Compte professionnel / indépendant,ING zakelijke rekening,ING,nl,2023-02-19,0
compte_professionnel,Compte professionnel / indépendant,ING zakelijke rekening,ING,nl,2023-02-26,0
compte_professionnel,Compte professionnel / indépendant,ING zakelijke rekening,ING,nl,2023-03-05,0
compte_professionnel,Compte professionnel / indépendant,ING zakelijke rekening,ING,nl,2023-03-12,0
compte_professionnel,Compte professionnel / indépendant,ING zakelijke rekening,ING,nl,2023-03-19,0
compte_professionnel,Compte professionnel / indépendant,ING zakelijke rekening,ING,nl,2023-03-26,0
compte_professionnel,Compte professionnel / indépendant,ING zakelijke rekening,ING,nl,2023-04-02,0
compte_professionnel,Compte professionnel / indépendant,ING zakelijke rekening,ING,nl,2023-04-09,0
compte_professionnel,Compte professionnel / indépendant,ING zakelijke rekening,ING,nl,2023-04-16,0
compte_professionnel,Compte professionnel / indépendant,ING zakelijke rekening,ING,nl,2023-04-23,0
compte_professionnel,Compte professionnel / indépendant,ING zakelijke rekening,ING,nl,2023-04-30,0
compte_professionnel,Compte professionnel / indépendant,ING zakelijke rekening,ING,nl,2023-05-07,0
compte_professionnel,Compte professionnel / indépendant,ING zakelijke rekening,ING,nl,2023-05-14,0
compte_professionnel,Compte professionnel / indépendant,ING zakelijke rekening,ING,nl,2023-05-21,0
compte_professionnel,Compte professionnel / indépendant,ING zakelijke rekening,ING,nl,2023-05-28,0
compte_professionnel,Compte professionnel / indépendant,ING zakelijke rekening,ING,nl,2023-06-04,0
compte_professionnel,Compte professionnel / indépendant,ING zakelijke rekening,ING,nl,2023-06-11,0
compte_professionnel,Compte professionnel / indépendant,ING zakelijke rekening,ING,nl,2023-06-18,0
compte_professionnel,Compte professionnel / indépendant,ING zakelijke rekening,ING,nl,2023-06-25,0
compte_professionnel,Compte professionnel / indépendant,ING zakelijke rekening,ING,nl,2023-07-02,0
compte_professionnel,Compte professionnel / indépendant,ING zakelijke rekening,ING,nl,2023-07-09,0
compte_professionnel,Compte professionnel / indépendant,ING zakelijke rekening,ING,nl,2023-07-16,0
compte_professionnel,Compte professionnel / indépendant,ING zakelijke rekening,ING,nl,2023-07-23,0
compte_professionnel,Compte professionnel / indépendant,ING zakelijke rekening,ING,nl,2023-07-30,0
compte_professionnel,Compte professionnel / indépendant,ING zakelijke rekening,ING,nl,2023-08-06,0
compte_professionnel,Compte professionnel / indépendant,ING zakelijke rekening,ING,nl,2023-08-13,0
compte_professionnel,Compte professionnel / indépendant,ING zakelijke rekening,ING,nl,2023-08-20,0
compte_professionnel,Compte professionnel / indépendant,ING zakelijke rekening,ING,nl,2023-08-27,0
compte_professionnel,Compte professionnel / indépendant,ING zakelijke rekening,ING,nl,2023-09-03,0
compte_professionnel,Compte professionnel / indépendant,ING zakelijke rekening,ING,nl,2023-09-10,0
compte_professionnel,Compte professionnel / indépendant,ING zakelijke rekening,ING,nl,2023-09-17,0
compte_professionnel,Compte professionnel / indépendant,ING zakelijke rekening,ING,nl,2023-09-24,0
compte_professionnel,Compte professionnel / indépendant,ING zakelijke rekening,ING,nl,2023-10-01,0
compte_professionnel,Compte professionnel / indépendant,ING zakelijke rekening,ING,nl,2023-10-08,0
compte_professionnel,Compte professionnel / indépendant,ING zakelijke rekening,ING,nl,2023-10-15,0
compte_professionnel,Compte professionnel / indépendant,ING zakelijke rekening,ING,nl,2023-10-22,0
compte_professionnel,Compte professionnel / indépendant,ING zakelijke rekening,ING,nl,2023-10-29,0
compte_professionnel,Compte professionnel / indépendant,ING zakelijke rekening,ING,nl,2023-11-05,0
compte_professionnel,Compte professionnel / indépendant,ING zakelijke rekening,ING,nl,2023-11-12,0
compte_professionnel,Compte professionnel / indépendant,ING zakelijke rekening,ING,nl,2023-11-19,0
compte_professionnel,Compte professionnel / indépendant,ING zakelijke rekening,ING,nl,2023-11-26,0
compte_professionnel,Compte professionnel / indépendant,ING zakelijke rekening,ING,nl,2023-12-03,0
compte_professionnel,Compte professionnel / indépendant,ING zakelijke rekening,ING,nl,2023-12-10,0
compte_professionnel,Compte professionnel / indépendant,ING zakelijke rekening,ING,nl,2023-12-17,0
compte_professionnel,Compte professionnel / indépendant,ING zakelijke rekening,ING,nl,2023-12-24,0
compte_professionnel,Compte professionnel / indépendant,ING zakelijke rekening,ING,nl,2023-12-31,0
compte_professionnel,Compte professionnel / indépendant,ING zakelijke rekening,ING,nl,2024-01-07,0
compte_professionnel,Compte professionnel / indépendant,ING zakelijke rekening,ING,nl,2024-01-14,0
compte_professionnel,Compte professionnel / indépendant,ING zakelijke rekening,ING,nl,2024-01-21,0
compte_professionnel,Compte professionnel / indépendant,ING zakelijke rekening,ING,nl,2024-01-28,0
compte_professionnel,Compte professionnel / indépendant,ING zakelijke rekening,ING,nl,2024-02-04,0
compte_professionnel,Compte professionnel / indépendant,ING zakelijke rekening,ING,nl,2024-02-11,0
compte_professionnel,Compte professionnel / indépendant,ING zakelijke rekening,ING,nl,2024-02-18,0
compte_professionnel,Compte professionnel / indépendant,ING zakelijke rekening,ING,nl,2024-02-25,0
compte_professionnel,Compte professionnel / indépendant,ING zakelijke rekening,ING,nl,2024-03-03,0
compte_professionnel,Compte professionnel / indépendant,ING zakelijke rekening,ING,nl,2024-03-10,0
compte_professionnel,Compte professionnel / indépendant,ING zakelijke rekening,ING,nl,2024-03-17,0
compte_professionnel,Compte professionnel / indépendant,ING zakelijke rekening,ING,nl,2024-03-24,0
compte_professionnel,Compte professionnel / indépendant,ING zakelijke rekening,ING,nl,2024-03-31,0
compte_professionnel,Compte professionnel / indépendant,ING zakelijke rekening,ING,nl,2024-04-07,0
compte_professionnel,Compte professionnel / indépendant,ING zakelijke rekening,ING,nl,2024-04-14,0
compte_professionnel,Compte professionnel / indépendant,ING zakelijke rekening,ING,nl,2024-04-21,0
compte_professionnel,Compte professionnel / indépendant,ING zakelijke rekening,ING,nl,2024-04-28,0
compte_professionnel,Compte professionnel / indépendant,ING zakelijke rekening,ING,nl,2024-05-05,0
compte_professionnel,Compte professionnel / indépendant,ING zakelijke rekening,ING,nl,2024-05-12,0
compte_professionnel,Compte professionnel / indépendant,ING zakelijke rekening,ING,nl,2024-05-19,0
compte_professionnel,Compte professionnel / indépendant,ING zakelijke rekening,ING,nl,2024-05-26,0
compte_professionnel,Compte professionnel / indépendant,ING zakelijke rekening,ING,nl,2024-06-02,0
compte_professionnel,Compte professionnel / indépendant,ING zakelijke rekening,ING,nl,2024-06-09,0
compte_professionnel,Compte professionnel / indépendant,ING zakelijke rekening,ING,nl,2024-06-16,0
compte_professionnel,Compte professionnel / indépendant,ING zakelijke rekening,ING,nl,2024-06-23,0
compte_professionnel,Compte professionnel / indépendant,ING zakelijke rekening,ING,nl,2024-06-30,0
compte_professionnel,Compte professionnel / indépendant,ING zakelijke rekening,ING,nl,2024-07-07,0
compte_professionnel,Compte professionnel / indépendant,ING zakelijke rekening,ING,nl,2024-07-14,0
compte_professionnel,Compte professionnel / indépendant,ING zakelijke rekening,ING,nl,2024-07-21,0
compte_professionnel,Compte professionnel / indépendant,ING zakelijke rekening,ING,nl,2024-07-28,0
compte_professionnel,Compte professionnel / indépendant,ING zakelijke rekening,ING,nl,2024-08-04,0
compte_professionnel,Compte professionnel / indépendant,ING zakelijke rekening,ING,nl,2024-08-11,0
compte_professionnel,Compte professionnel / indépendant,ING zakelijke rekening,ING,nl,2024-08-18,0
compte_professionnel,Compte professionnel / indépendant,ING zakelijke rekening,ING,nl,2024-08-25,0
compte_professionnel,Compte professionnel / indépendant,ING zakelijke rekening,ING,nl,2024-09-01,0
compte_professionnel,Compte professionnel / indépendant,ING zakelijke rekening,ING,nl,2024-09-08,0
compte_professionnel,Compte professionnel / indépendant,ING zakelijke rekening,ING,nl,2024-09-15,0
compte_professionnel,Compte professionnel / indépendant,ING zakelijke rekening,ING,nl,2024-09-22,0
compte_professionnel,Compte professionnel / indépendant,ING zakelijke rekening,ING,nl,2024-09-29,0
compte_professionnel,Compte professionnel / indépendant,ING zakelijke rekening,ING,nl,2024-10-06,0
compte_professionnel,Compte professionnel / indépendant,ING zakelijke rekening,ING,nl,2024-10-13,0
compte_professionnel,Compte professionnel / indépendant,ING zakelijke rekening,ING,nl,2024-10-20,0
compte_professionnel,Compte professionnel / indépendant,ING zakelijke rekening,ING,nl,2024-10-27,0
compte_professionnel,Compte professionnel / indépendant,ING zakelijke rekening,ING,nl,2024-11-03,0
compte_professionnel,Compte professionnel / indépendant,ING zakelijke rekening,ING,nl,2024-11-10,0
compte_professionnel,Compte professionnel / indépendant,ING zakelijke rekening,ING,nl,2024-11-17,0
compte_professionnel,Compte professionnel / indépendant,ING zakelijke rekening,ING,nl,2024-11-24,0
compte_professionnel,Compte professionnel / indépendant,ING zakelijke rekening,ING,nl,2024-12-01,0
compte_professionnel,Compte professionnel / indépendant,ING zakelijke rekening,ING,nl,2024-12-08,0
compte_professionnel,Compte professionnel / indépendant,ING zakelijke rekening,ING,nl,2024-12-15,0
compte_professionnel,Compte professionnel / indépendant,ING zakelijke rekening,ING,nl,2024-12-22,0
compte_professionnel,Compte professionnel / indépendant,ING zakelijke rekening,ING,nl,2024-12-29,0
compte_professionnel,Compte professionnel / indépendant,ING zakelijke rekening,ING,nl,2025-01-05,0
compte_professionnel,Compte professionnel / indépendant,ING zakelijke rekening,ING,nl,2025-01-12,0
compte_professionnel,Compte professionnel / indépendant,ING zakelijke rekening,ING,nl,2025-01-19,0
compte_professionnel,Compte professionnel / indépendant,ING zakelijke rekening,ING,nl,2025-01-26,0
compte_professionnel,Compte professionnel / indépendant,ING zakelijke rekening,ING,nl,2025-02-02,0
compte_professionnel,Compte professionnel / indépendant,ING zakelijke rekening,ING,nl,2025-02-09,0
compte_professionnel,Compte professionnel / indépendant,ING zakelijke rekening,ING,nl,2025-02-16,0
compte_professionnel,Compte professionnel / indépendant,ING zakelijke rekening,ING,nl,2025-02-23,0
compte_professionnel,Compte professionnel / indépendant,ING zakelijke rekening,ING,nl,2025-03-02,0
compte_professionnel,Compte professionnel / indépendant,ING zakelijke rekening,ING,nl,2025-03-09,0
compte_professionnel,Compte professionnel / indépendant,ING zakelijke rekening,ING,nl,2025-03-16,0
compte_professionnel,Compte professionnel / indépendant,ING zakelijke rekening,ING,nl,2025-03-23,0
compte_professionnel,Compte professionnel / indépendant,ING zakelijke rekening,ING,nl,2025-03-30,0
compte_professionnel,Compte professionnel / indépendant,ING zakelijke rekening,ING,nl,2025-04-06,0
compte_professionnel,Compte professionnel / indépendant,ING zakelijke rekening,ING,nl,2025-04-13,0
compte_professionnel,Compte professionnel / indépendant,ING zakelijke rekening,ING,nl,2025-04-20,0
compte_professionnel,Compte professionnel / indépendant,ING zakelijke rekening,ING,nl,2025-04-27,0
compte_professionnel,Compte professionnel / indépendant,ING zakelijke rekening,ING,nl,2025-05-04,0
compte_professionnel,Compte professionnel / indépendant,ING zakelijke rekening,ING,nl,2025-05-11,0
compte_professionnel,Compte professionnel / indépendant,ING zakelijke rekening,ING,nl,2025-05-18,0
compte_professionnel,Compte professionnel / indépendant,ING zakelijke rekening,ING,nl,2025-05-25,0
compte_professionnel,Compte professionnel / indépendant,ING zakelijke rekening,ING,nl,2025-06-01,0
compte_professionnel,Compte professionnel / indépendant,ING zakelijke rekening,ING,nl,2025-06-08,0
compte_professionnel,Compte professionnel / indépendant,ING zakelijke rekening,ING,nl,2025-06-15,0
compte_professionnel,Compte professionnel / indépendant,ING zakelijke rekening,ING,nl,2025-06-22,0
compte_professionnel,Compte professionnel / indépendant,ING zakelijke rekening,ING,nl,2025-06-29,0
compte_professionnel,Compte professionnel / indépendant,ING zakelijke rekening,ING,nl,2025-07-06,0
compte_professionnel,Compte professionnel / indépendant,ING zakelijke rekening,ING,nl,2025-07-13,0
compte_professionnel,Compte professionnel / indépendant,ING zakelijke rekening,ING,nl,2025-07-20,0
compte_professionnel,Compte professionnel / indépendant,ING zakelijke rekening,ING,nl,2025-07-27,0
compte_professionnel,Compte professionnel / indépendant,ING zakelijke rekening,ING,nl,2025-08-03,0
compte_professionnel,Compte professionnel / indépendant,ING zakelijke rekening,ING,nl,2025-08-10,0
compte_professionnel,Compte professionnel / indépendant,ING zakelijke rekening,ING,nl,2025-08-17,0
compte_professionnel,Compte professionnel / indépendant,ING zakelijke rekening,ING,nl,2025-08-24,0
compte_professionnel,Compte professionnel / indépendant,ING zakelijke rekening,ING,nl,2025-08-31,0
compte_professionnel,Compte professionnel / indépendant,ING zakelijke rekening,ING,nl,2025-09-07,0
compte_professionnel,Compte professionnel / indépendant,ING zakelijke rekening,ING,nl,2025-09-14,0
compte_professionnel,Compte professionnel / indépendant,ING zakelijke rekening,ING,nl,2025-09-21,0
compte_professionnel,Compte professionnel / indépendant,ING zakelijke rekening,ING,nl,2025-09-28,0
compte_professionnel,Compte professionnel / indépendant,ING zakelijke rekening,ING,nl,2025-10-05,0
compte_professionnel,Compte professionnel / indépendant,ING zakelijke rekening,ING,nl,2025-10-12,0
compte_professionnel,Compte professionnel / indépendant,ING zakelijke rekening,ING,nl,2025-10-19,0
compte_professionnel,Compte professionnel / indépendant,ING zakelijke rekening,ING,nl,2025-10-26,0
compte_professionnel,Compte professionnel / indépendant,ING zakelijke rekening,ING,nl,2025-11-02,0
compte_professionnel,Compte professionnel / indépendant,ING zakelijke rekening,ING,nl,2025-11-09,0
compte_professionnel,Compte professionnel / indépendant,ING zakelijke rekening,ING,nl,2025-11-16,0
compte_professionnel,Compte professionnel / indépendant,ING zakelijke rekening,ING,nl,2025-11-23,0
compte_professionnel,Compte professionnel / indépendant,ING zakelijke rekening,ING,nl,2025-11-30,0
compte_professionnel,Compte professionnel / indépendant,ING zakelijke rekening,ING,nl,2025-12-07,0
compte_professionnel,Compte professionnel / indépendant,ING zakelijke rekening,ING,nl,2025-12-14,0
compte_professionnel,Compte professionnel / indépendant,ING zakelijke rekening,ING,nl,2025-12-21,0
compte_professionnel,Compte professionnel / indépendant,ING zakelijke rekening,ING,nl,2025-12-28,0
compte_professionnel,Compte professionnel / indépendant,ING zakelijke rekening,ING,nl,2026-01-04,0
compte_professionnel,Compte professionnel / indépendant,ING zakelijke rekening,ING,nl,2026-01-11,0
compte_professionnel,Compte professionnel / indépendant,ING zakelijke rekening,ING,nl,2026-01-18,0
compte_professionnel,Compte professionnel / indépendant,ING zakelijke rekening,ING,nl,2026-01-25,0
compte_professionnel,Compte professionnel / indépendant,ING zakelijke rekening,ING,nl,2026-02-01,0
compte_professionnel,Compte professionnel / indépendant,ING zakelijke rekening,ING,nl,2026-02-08,0
compte_professionnel,Compte professionnel / indépendant,ING zakelijke rekening,ING,nl,2026-02-15,0
compte_professionnel,Compte professionnel / indépendant,ING zakelijke rekening,ING,nl,2026-02-22,0
compte_professionnel,Compte professionnel / indépendant,ING zakelijke rekening,ING,nl,2026-03-01,0
compte_professionnel,Compte professionnel / indépendant,ING zakelijke rekening,ING,nl,2026-03-08,0
compte_professionnel,Compte professionnel / indépendant,ING zakelijke rekening,ING,nl,2026-03-15,0
compte_professionnel,Compte professionnel / indépendant,ING zakelijke rekening,ING,nl,2026-03-22,0
compte_professionnel,Compte professionnel / indépendant,ING zakelijke rekening,ING,nl,2026-03-29,0
compte_professionnel,Compte professionnel / indépendant,ING zakelijke rekening,ING,nl,2026-04-05,0
compte_professionnel,Compte professionnel / indépendant,ING zakelijke rekening,ING,nl,2026-04-12,0
compte_professionnel,Compte professionnel / indépendant,ING zakelijke rekening,ING,nl,2026-04-19,0
compte_professionnel,Compte professionnel / indépendant,ING zakelijke rekening,ING,nl,2026-04-26,0
compte_professionnel,Compte professionnel / indépendant,ING zakelijke rekening,ING,nl,2026-05-03,0
compte_professionnel,Compte professionnel / indépendant,ING zakelijke rekening,ING,nl,2026-05-10,0
compte_professionnel,Compte professionnel / indépendant,ING zakelijke rekening,ING,nl,2026-05-17,0
compte_professionnel,Compte professionnel / indépendant,ING zakelijke rekening,ING,nl,2026-05-24,0
compte_professionnel,Compte professionnel / indépendant,ING zakelijke rekening,ING,nl,2026-05-31,0
compte_professionnel,Compte professionnel / indépendant,ING zakelijke rekening,ING,nl,2026-06-07,0
compte_professionnel,Compte professionnel / indépendant,ING zakelijke rekening,ING,nl,2026-06-14,0
compte_professionnel,Compte professionnel / indépendant,ING zakelijke rekening,ING,nl,2026-06-21,0
compte_professionnel,Compte professionnel / indépendant,ING zakelijke rekening,ING,nl,2026-06-28,0
compte_professionnel,Compte professionnel / indépendant,ING zakelijke rekening,ING,nl,2026-07-05,0
compte_professionnel,Compte professionnel / indépendant,ING zakelijke rekening,ING,nl,2026-07-12,0
compte_professionnel,Compte professionnel / indépendant,ING zakelijke rekening,ING,nl,2026-07-19,0
compte_professionnel,Compte professionnel / indépendant,ING zakelijke rekening,ING,nl,2026-07-26,0
compte_professionnel,Compte professionnel / indépendant,ING zakelijke rekening,ING,nl,2026-08-02,0
compte_professionnel,Compte professionnel / indépendant,ING zakelijke rekening,ING,nl,2026-08-09,0
compte_professionnel,Compte professionnel / indépendant,ING zakelijke rekening,ING,nl,2026-08-16,0
compte_professionnel,Compte professionnel / indépendant,ING zakelijke rekening,ING,nl,2026-08-23,0
compte_professionnel,Compte professionnel / indépendant,ING zakelijke rekening,ING,nl,2026-08-30,7
compte_professionnel,Compte professionnel / indépendant,ING zakelijke rekening,ING,nl,2026-09-06,9
compte_professionnel,Compte professionnel / indépendant,ING zakelijke rekening,ING,nl,2026-09-13,0
compte_professionnel,Compte professionnel / indépendant,compte professionnel ING,ING,fr,2021-09-12,0
compte_professionnel,Compte professionnel / indépendant,compte professionnel ING,ING,fr,2021-09-19,0
compte_professionnel,Compte professionnel / indépendant,compte professionnel ING,ING,fr,2021-09-26,0
compte_professionnel,Compte professionnel / indépendant,compte professionnel ING,ING,fr,2021-10-03,0
compte_professionnel,Compte professionnel / indépendant,compte professionnel ING,ING,fr,2021-10-10,0
compte_professionnel,Compte professionnel / indépendant,compte professionnel ING,ING,fr,2021-10-17,0
compte_professionnel,Compte professionnel / indépendant,compte professionnel ING,ING,fr,2021-10-24,0
compte_professionnel,Compte professionnel / indépendant,compte professionnel ING,ING,fr,2021-10-31,0
compte_professionnel,Compte professionnel / indépendant,compte professionnel ING,ING,fr,2021-11-07,0
compte_professionnel,Compte professionnel / indépendant,compte professionnel ING,ING,fr,2021-11-14,0
compte_professionnel,Compte professionnel / indépendant,compte professionnel ING,ING,fr,2021-11-21,0
compte_professionnel,Compte professionnel / indépendant,compte professionnel ING,ING,fr,2021-11-28,0
compte_professionnel,Compte professionnel / indépendant,compte professionnel ING,ING,fr,2021-12-05,0
compte_professionnel,Compte professionnel / indépendant,compte professionnel ING,ING,fr,2021-12-12,0
compte_professionnel,Compte professionnel / indépendant,compte professionnel ING,ING,fr,2021-12-19,0
compte_professionnel,Compte professionnel / indépendant,compte professionnel ING,ING,fr,2021-12-26,0
compte_professionnel,Compte professionnel / indépendant,compte professionnel ING,ING,fr,2022-01-02,0
compte_professionnel,Compte professionnel / indépendant,compte professionnel ING,ING,fr,2022-01-09,0
compte_professionnel,Compte professionnel / indépendant,compte professionnel ING,ING,fr,2022-01-16,0
compte_professionnel,Compte professionnel / indépendant,compte professionnel ING,ING,fr,2022-01-23,0
compte_professionnel,Compte professionnel / indépendant,compte professionnel ING,ING,fr,2022-01-30,0
compte_professionnel,Compte professionnel / indépendant,compte professionnel ING,ING,fr,2022-02-06,0
compte_professionnel,Compte professionnel / indépendant,compte professionnel ING,ING,fr,2022-02-13,0
compte_professionnel,Compte professionnel / indépendant,compte professionnel ING,ING,fr,2022-02-20,0
compte_professionnel,Compte professionnel / indépendant,compte professionnel ING,ING,fr,2022-02-27,0
compte_professionnel,Compte professionnel / indépendant,compte professionnel ING,ING,fr,2022-03-06,0
compte_professionnel,Compte professionnel / indépendant,compte professionnel ING,ING,fr,2022-03-13,0
compte_professionnel,Compte professionnel / indépendant,compte professionnel ING,ING,fr,2022-03-20,0
compte_professionnel,Compte professionnel / indépendant,compte professionnel ING,ING,fr,2022-03-27,0
compte_professionnel,Compte professionnel / indépendant,compte professionnel ING,ING,fr,2022-04-03,0
compte_professionnel,Compte professionnel / indépendant,compte professionnel ING,ING,fr,2022-04-10,0
compte_professionnel,Compte professionnel / indépendant,compte professionnel ING,ING,fr,2022-04-17,0
compte_professionnel,Compte professionnel / indépendant,compte professionnel ING,ING,fr,2022-04-24,0
compte_professionnel,Compte professionnel / indépendant,compte professionnel ING,ING,fr,2022-05-01,0
compte_professionnel,Compte professionnel / indépendant,compte professionnel ING,ING,fr,2022-05-08,0
compte_professionnel,Compte professionnel / indépendant,compte professionnel ING,ING,fr,2022-05-15,0
compte_professionnel,Compte professionnel / indépendant,compte professionnel ING,ING,fr,2022-05-22,0
compte_professionnel,Compte professionnel / indépendant,compte professionnel ING,ING,fr,2022-05-29,0
compte_professionnel,Compte professionnel / indépendant,compte professionnel ING,ING,fr,2022-06-05,0
compte_professionnel,Compte professionnel / indépendant,compte professionnel ING,ING,fr,2022-06-12,0
compte_professionnel,Compte professionnel / indépendant,compte professionnel ING,ING,fr,2022-06-19,0
compte_professionnel,Compte professionnel / indépendant,compte professionnel ING,ING,fr,2022-06-26,0
compte_professionnel,Compte professionnel / indépendant,compte professionnel ING,ING,fr,2022-07-03,0
compte_professionnel,Compte professionnel / indépendant,compte professionnel ING,ING,fr,2022-07-10,0
compte_professionnel,Compte professionnel / indépendant,compte professionnel ING,ING,fr,2022-07-17,0
compte_professionnel,Compte professionnel / indépendant,compte professionnel ING,ING,fr,2022-07-24,0
compte_professionnel,Compte professionnel / indépendant,compte professionnel ING,ING,fr,2022-07-31,0
compte_professionnel,Compte professionnel / indépendant,compte professionnel ING,ING,fr,2022-08-07,0
compte_professionnel,Compte professionnel / indépendant,compte professionnel ING,ING,fr,2022-08-14,0
compte_professionnel,Compte professionnel / indépendant,compte professionnel ING,ING,fr,2022-08-21,0
compte_professionnel,Compte professionnel / indépendant,compte professionnel ING,ING,fr,2022-08-28,0
compte_professionnel,Compte professionnel / indépendant,compte professionnel ING,ING,fr,2022-09-04,0
compte_professionnel,Compte professionnel / indépendant,compte professionnel ING,ING,fr,2022-09-11,0
compte_professionnel,Compte professionnel / indépendant,compte professionnel ING,ING,fr,2022-09-18,0
compte_professionnel,Compte professionnel / indépendant,compte professionnel ING,ING,fr,2022-09-25,0
compte_professionnel,Compte professionnel / indépendant,compte professionnel ING,ING,fr,2022-10-02,0
compte_professionnel,Compte professionnel / indépendant,compte professionnel ING,ING,fr,2022-10-09,0
compte_professionnel,Compte professionnel / indépendant,compte professionnel ING,ING,fr,2022-10-16,0
compte_professionnel,Compte professionnel / indépendant,compte professionnel ING,ING,fr,2022-10-23,0
compte_professionnel,Compte professionnel / indépendant,compte professionnel ING,ING,fr,2022-10-30,0
compte_professionnel,Compte professionnel / indépendant,compte professionnel ING,ING,fr,2022-11-06,0
compte_professionnel,Compte professionnel / indépendant,compte professionnel ING,ING,fr,2022-11-13,0
compte_professionnel,Compte professionnel / indépendant,compte professionnel ING,ING,fr,2022-11-20,0
compte_professionnel,Compte professionnel / indépendant,compte professionnel ING,ING,fr,2022-11-27,0
compte_professionnel,Compte professionnel / indépendant,compte professionnel ING,ING,fr,2022-12-04,0
compte_professionnel,Compte professionnel / indépendant,compte professionnel ING,ING,fr,2022-12-11,0
compte_professionnel,Compte professionnel / indépendant,compte professionnel ING,ING,fr,2022-12-18,0
compte_professionnel,Compte professionnel / indépendant,compte professionnel ING,ING,fr,2022-12-25,0
compte_professionnel,Compte professionnel / indépendant,compte professionnel ING,ING,fr,2023-01-01,0
compte_professionnel,Compte professionnel / indépendant,compte professionnel ING,ING,fr,2023-01-08,0
compte_professionnel,Compte professionnel / indépendant,compte professionnel ING,ING,fr,2023-01-15,0
compte_professionnel,Compte professionnel / indépendant,compte professionnel ING,ING,fr,2023-01-22,0
compte_professionnel,Compte professionnel / indépendant,compte professionnel ING,ING,fr,2023-01-29,0
compte_professionnel,Compte professionnel / indépendant,compte professionnel ING,ING,fr,2023-02-05,0
compte_professionnel,Compte professionnel / indépendant,compte professionnel ING,ING,fr,2023-02-12,0
compte_professionnel,Compte professionnel / indépendant,compte professionnel ING,ING,fr,2023-02-19,0
compte_professionnel,Compte professionnel / indépendant,compte professionnel ING,ING,fr,2023-02-26,0
compte_professionnel,Compte professionnel / indépendant,compte professionnel ING,ING,fr,2023-03-05,0
compte_professionnel,Compte professionnel / indépendant,compte professionnel ING,ING,fr,2023-03-12,0
compte_professionnel,Compte professionnel / indépendant,compte professionnel ING,ING,fr,2023-03-19,0
compte_professionnel,Compte professionnel / indépendant,compte professionnel ING,ING,fr,2023-03-26,0
compte_professionnel,Compte professionnel / indépendant,compte professionnel ING,ING,fr,2023-04-02,0
compte_professionnel,Compte professionnel / indépendant,compte professionnel ING,ING,fr,2023-04-09,0
compte_professionnel,Compte professionnel / indépendant,compte professionnel ING,ING,fr,2023-04-16,0
compte_professionnel,Compte professionnel / indépendant,compte professionnel ING,ING,fr,2023-04-23,0
compte_professionnel,Compte professionnel / indépendant,compte professionnel ING,ING,fr,2023-04-30,0
compte_professionnel,Compte professionnel / indépendant,compte professionnel ING,ING,fr,2023-05-07,0
compte_professionnel,Compte professionnel / indépendant,compte professionnel ING,ING,fr,2023-05-14,0
compte_professionnel,Compte professionnel / indépendant,compte professionnel ING,ING,fr,2023-05-21,0
compte_professionnel,Compte professionnel / indépendant,compte professionnel ING,ING,fr,2023-05-28,73
compte_professionnel,Compte professionnel / indépendant,compte professionnel ING,ING,fr,2023-06-04,0
compte_professionnel,Compte professionnel / indépendant,compte professionnel ING,ING,fr,2023-06-11,0
compte_professionnel,Compte professionnel / indépendant,compte professionnel ING,ING,fr,2023-06-18,0
compte_professionnel,Compte professionnel / indépendant,compte professionnel ING,ING,fr,2023-06-25,0
compte_professionnel,Compte professionnel / indépendant,compte professionnel ING,ING,fr,2023-07-02,0
compte_professionnel,Compte professionnel / indépendant,compte professionnel ING,ING,fr,2023-07-09,0
compte_professionnel,Compte professionnel / indépendant,compte professionnel ING,ING,fr,2023-07-16,0
compte_professionnel,Compte professionnel / indépendant,compte professionnel ING,ING,fr,2023-07-23,0
compte_professionnel,Compte professionnel / indépendant,compte professionnel ING,ING,fr,2023-07-30,0
compte_professionnel,Compte professionnel / indépendant,compte professionnel ING,ING,fr,2023-08-06,0
compte_professionnel,Compte professionnel / indépendant,compte professionnel ING,ING,fr,2023-08-13,0
compte_professionnel,Compte professionnel / indépendant,compte professionnel ING,ING,fr,2023-08-20,0
compte_professionnel,Compte professionnel / indépendant,compte professionnel ING,ING,fr,2023-08-27,0
compte_professionnel,Compte professionnel / indépendant,compte professionnel ING,ING,fr,2023-09-03,0
compte_professionnel,Compte professionnel / indépendant,compte professionnel ING,ING,fr,2023-09-10,0
compte_professionnel,Compte professionnel / indépendant,compte professionnel ING,ING,fr,2023-09-17,0
compte_professionnel,Compte professionnel / indépendant,compte professionnel ING,ING,fr,2023-09-24,0
compte_professionnel,Compte professionnel / indépendant,compte professionnel ING,ING,fr,2023-10-01,0
compte_professionnel,Compte professionnel / indépendant,compte professionnel ING,ING,fr,2023-10-08,0
compte_professionnel,Compte professionnel / indépendant,compte professionnel ING,ING,fr,2023-10-15,0
compte_professionnel,Compte professionnel / indépendant,compte professionnel ING,ING,fr,2023-10-22,0
compte_professionnel,Compte professionnel / indépendant,compte professionnel ING,ING,fr,2023-10-29,0
compte_professionnel,Compte professionnel / indépendant,compte professionnel ING,ING,fr,2023-11-05,0
compte_professionnel,Compte professionnel / indépendant,compte professionnel ING,ING,fr,2023-11-12,0
compte_professionnel,Compte professionnel / indépendant,compte professionnel ING,ING,fr,2023-11-19,0
compte_professionnel,Compte professionnel / indépendant,compte professionnel ING,ING,fr,2023-11-26,0
compte_professionnel,Compte professionnel / indépendant,compte professionnel ING,ING,fr,2023-12-03,0
compte_professionnel,Compte professionnel / indépendant,compte professionnel ING,ING,fr,2023-12-10,0
compte_professionnel,Compte professionnel / indépendant,compte professionnel ING,ING,fr,2023-12-17,0
compte_professionnel,Compte professionnel / indépendant,compte professionnel ING,ING,fr,2023-12-24,0
compte_professionnel,Compte professionnel / indépendant,compte professionnel ING,ING,fr,2023-12-31,0
compte_professionnel,Compte professionnel / indépendant,compte professionnel ING,ING,fr,2024-01-07,0
compte_professionnel,Compte professionnel / indépendant,compte professionnel ING,ING,fr,2024-01-14,0
compte_professionnel,Compte professionnel / indépendant,compte professionnel ING,ING,fr,2024-01-21,0
compte_professionnel,Compte professionnel / indépendant,compte professionnel ING,ING,fr,2024-01-28,0
compte_professionnel,Compte professionnel / indépendant,compte professionnel ING,ING,fr,2024-02-04,0
compte_professionnel,Compte professionnel / indépendant,compte professionnel ING,ING,fr,2024-02-11,0
compte_professionnel,Compte professionnel / indépendant,compte professionnel ING,ING,fr,2024-02-18,0
compte_professionnel,Compte professionnel / indépendant,compte professionnel ING,ING,fr,2024-02-25,0
compte_professionnel,Compte professionnel / indépendant,compte professionnel ING,ING,fr,2024-03-03,0
compte_professionnel,Compte professionnel / indépendant,compte professionnel ING,ING,fr,2024-03-10,0
compte_professionnel,Compte professionnel / indépendant,compte professionnel ING,ING,fr,2024-03-17,0
compte_professionnel,Compte professionnel / indépendant,compte professionnel ING,ING,fr,2024-03-24,0
compte_professionnel,Compte professionnel / indépendant,compte professionnel ING,ING,fr,2024-03-31,0
compte_professionnel,Compte professionnel / indépendant,compte professionnel ING,ING,fr,2024-04-07,0
compte_professionnel,Compte professionnel / indépendant,compte professionnel ING,ING,fr,2024-04-14,0
compte_professionnel,Compte professionnel / indépendant,compte professionnel ING,ING,fr,2024-04-21,0
compte_professionnel,Compte professionnel / indépendant,compte professionnel ING,ING,fr,2024-04-28,0
compte_professionnel,Compte professionnel / indépendant,compte professionnel ING,ING,fr,2024-05-05,0
compte_professionnel,Compte professionnel / indépendant,compte professionnel ING,ING,fr,2024-05-12,0
compte_professionnel,Compte professionnel / indépendant,compte professionnel ING,ING,fr,2024-05-19,0
compte_professionnel,Compte professionnel / indépendant,compte professionnel ING,ING,fr,2024-05-26,0
compte_professionnel,Compte professionnel / indépendant,compte professionnel ING,ING,fr,2024-06-02,0
compte_professionnel,Compte professionnel / indépendant,compte professionnel ING,ING,fr,2024-06-09,0
compte_professionnel,Compte professionnel / indépendant,compte professionnel ING,ING,fr,2024-06-16,0
compte_professionnel,Compte professionnel / indépendant,compte professionnel ING,ING,fr,2024-06-23,0
compte_professionnel,Compte professionnel / indépendant,compte professionnel ING,ING,fr,2024-06-30,0
compte_professionnel,Compte professionnel / indépendant,compte professionnel ING,ING,fr,2024-07-07,0
compte_professionnel,Compte professionnel / indépendant,compte professionnel ING,ING,fr,2024-07-14,0
compte_professionnel,Compte professionnel / indépendant,compte professionnel ING,ING,fr,2024-07-21,0
compte_professionnel,Compte professionnel / indépendant,compte professionnel ING,ING,fr,2024-07-28,0
compte_professionnel,Compte professionnel / indépendant,compte professionnel ING,ING,fr,2024-08-04,0
compte_professionnel,Compte professionnel / indépendant,compte professionnel ING,ING,fr,2024-08-11,0
compte_professionnel,Compte professionnel / indépendant,compte professionnel ING,ING,fr,2024-08-18,0
compte_professionnel,Compte professionnel / indépendant,compte professionnel ING,ING,fr,2024-08-25,0
compte_professionnel,Compte professionnel / indépendant,compte professionnel ING,ING,fr,2024-09-01,0
compte_professionnel,Compte professionnel / indépendant,compte professionnel ING,ING,fr,2024-09-08,0
compte_professionnel,Compte professionnel / indépendant,compte professionnel ING,ING,fr,2024-09-15,0
compte_professionnel,Compte professionnel / indépendant,compte professionnel ING,ING,fr,2024-09-22,0
compte_professionnel,Compte professionnel / indépendant,compte professionnel ING,ING,fr,2024-09-29,0
compte_professionnel,Compte professionnel / indépendant,compte professionnel ING,ING,fr,2024-10-06,0
compte_professionnel,Compte professionnel / indépendant,compte professionnel ING,ING,fr,2024-10-13,0
compte_professionnel,Compte professionnel / indépendant,compte professionnel ING,ING,fr,2024-10-20,0
compte_professionnel,Compte professionnel / indépendant,compte professionnel ING,ING,fr,2024-10-27,0
compte_professionnel,Compte professionnel / indépendant,compte professionnel ING,ING,fr,2024-11-03,0
compte_professionnel,Compte professionnel / indépendant,compte professionnel ING,ING,fr,2024-11-10,0
compte_professionnel,Compte professionnel / indépendant,compte professionnel ING,ING,fr,2024-11-17,0
compte_professionnel,Compte professionnel / indépendant,compte professionnel ING,ING,fr,2024-11-24,0
compte_professionnel,Compte professionnel / indépendant,compte professionnel ING,ING,fr,2024-12-01,0
compte_professionnel,Compte professionnel / indépendant,compte professionnel ING,ING,fr,2024-12-08,0
compte_professionnel,Compte professionnel / indépendant,compte professionnel ING,ING,fr,2024-12-15,0
compte_professionnel,Compte professionnel / indépendant,compte professionnel ING,ING,fr,2024-12-22,0
compte_professionnel,Compte professionnel / indépendant,compte professionnel ING,ING,fr,2024-12-29,0
compte_professionnel,Compte professionnel / indépendant,compte professionnel ING,ING,fr,2025-01-05,0
compte_professionnel,Compte professionnel / indépendant,compte professionnel ING,ING,fr,2025-01-12,0
compte_professionnel,Compte professionnel / indépendant,compte professionnel ING,ING,fr,2025-01-19,0
compte_professionnel,Compte professionnel / indépendant,compte professionnel ING,ING,fr,2025-01-26,0
compte_professionnel,Compte professionnel / indépendant,compte professionnel ING,ING,fr,2025-02-02,0
compte_professionnel,Compte professionnel / indépendant,compte professionnel ING,ING,fr,2025-02-09,0
compte_professionnel,Compte professionnel / indépendant,compte professionnel ING,ING,fr,2025-02-16,0
compte_professionnel,Compte professionnel / indépendant,compte professionnel ING,ING,fr,2025-02-23,0
compte_professionnel,Compte professionnel / indépendant,compte professionnel ING,ING,fr,2025-03-02,0
compte_professionnel,Compte professionnel / indépendant,compte professionnel ING,ING,fr,2025-03-09,0
compte_professionnel,Compte professionnel / indépendant,compte professionnel ING,ING,fr,2025-03-16,0
compte_professionnel,Compte professionnel / indépendant,compte professionnel ING,ING,fr,2025-03-23,0
compte_professionnel,Compte professionnel / indépendant,compte professionnel ING,ING,fr,2025-03-30,0
compte_professionnel,Compte professionnel / indépendant,compte professionnel ING,ING,fr,2025-04-06,0
compte_professionnel,Compte professionnel / indépendant,compte professionnel ING,ING,fr,2025-04-13,0
compte_professionnel,Compte professionnel / indépendant,compte professionnel ING,ING,fr,2025-04-20,0
compte_professionnel,Compte professionnel / indépendant,compte professionnel ING,ING,fr,2025-04-27,0
compte_professionnel,Compte professionnel / indépendant,compte professionnel ING,ING,fr,2025-05-04,0
compte_professionnel,Compte professionnel / indépendant,compte professionnel ING,ING,fr,2025-05-11,0
compte_professionnel,Compte professionnel / indépendant,compte professionnel ING,ING,fr,2025-05-18,0
compte_professionnel,Compte professionnel / indépendant,compte professionnel ING,ING,fr,2025-05-25,0
compte_professionnel,Compte professionnel / indépendant,compte professionnel ING,ING,fr,2025-06-01,0
compte_professionnel,Compte professionnel / indépendant,compte professionnel ING,ING,fr,2025-06-08,0
compte_professionnel,Compte professionnel / indépendant,compte professionnel ING,ING,fr,2025-06-15,0
compte_professionnel,Compte professionnel / indépendant,compte professionnel ING,ING,fr,2025-06-22,0
compte_professionnel,Compte professionnel / indépendant,compte professionnel ING,ING,fr,2025-06-29,0
compte_professionnel,Compte professionnel / indépendant,compte professionnel ING,ING,fr,2025-07-06,0
compte_professionnel,Compte professionnel / indépendant,compte professionnel ING,ING,fr,2025-07-13,0
compte_professionnel,Compte professionnel / indépendant,compte professionnel ING,ING,fr,2025-07-20,0
compte_professionnel,Compte professionnel / indépendant,compte professionnel ING,ING,fr,2025-07-27,0
compte_professionnel,Compte professionnel / indépendant,compte professionnel ING,ING,fr,2025-08-03,0
compte_professionnel,Compte professionnel / indépendant,compte professionnel ING,ING,fr,2025-08-10,0
compte_professionnel,Compte professionnel / indépendant,compte professionnel ING,ING,fr,2025-08-17,0
compte_professionnel,Compte professionnel / indépendant,compte professionnel ING,ING,fr,2025-08-24,0
compte_professionnel,Compte professionnel / indépendant,compte professionnel ING,ING,fr,2025-08-31,0
compte_professionnel,Compte professionnel / indépendant,compte professionnel ING,ING,fr,2025-09-07,0
compte_professionnel,Compte professionnel / indépendant,compte professionnel ING,ING,fr,2025-09-14,0
compte_professionnel,Compte professionnel / indépendant,compte professionnel ING,ING,fr,2025-09-21,0
compte_professionnel,Compte professionnel / indépendant,compte professionnel ING,ING,fr,2025-09-28,0
compte_professionnel,Compte professionnel / indépendant,compte professionnel ING,ING,fr,2025-10-05,0
compte_professionnel,Compte professionnel / indépendant,compte professionnel ING,ING,fr,2025-10-12,0
compte_professionnel,Compte professionnel / indépendant,compte professionnel ING,ING,fr,2025-10-19,0
compte_professionnel,Compte professionnel / indépendant,compte professionnel ING,ING,fr,2025-10-26,0
compte_professionnel,Compte professionnel / indépendant,compte professionnel ING,ING,fr,2025-11-02,93
compte_professionnel,Compte professionnel / indépendant,compte professionnel ING,ING,fr,2025-11-09,0
compte_professionnel,Compte professionnel / indépendant,compte professionnel ING,ING,fr,2025-11-16,0
compte_professionnel,Compte professionnel / indépendant,compte professionnel ING,ING,fr,2025-11-23,0
compte_professionnel,Compte professionnel / indépendant,compte professionnel ING,ING,fr,2025-11-30,0
compte_professionnel,Compte professionnel / indépendant,compte professionnel ING,ING,fr,2025-12-07,0
compte_professionnel,Compte professionnel / indépendant,compte professionnel ING,ING,fr,2025-12-14,0
compte_professionnel,Compte professionnel / indépendant,compte professionnel ING,ING,fr,2025-12-21,0
compte_professionnel,Compte professionnel / indépendant,compte professionnel ING,ING,fr,2025-12-28,0
compte_professionnel,Compte professionnel / indépendant,compte professionnel ING,ING,fr,2026-01-04,0
compte_professionnel,Compte professionnel / indépendant,compte professionnel ING,ING,fr,2026-01-11,0
compte_professionnel,Compte professionnel / indépendant,compte professionnel ING,ING,fr,2026-01-18,0
compte_professionnel,Compte professionnel / indépendant,compte professionnel ING,ING,fr,2026-01-25,0
compte_professionnel,Compte professionnel / indépendant,compte professionnel ING,ING,fr,2026-02-01,0
compte_professionnel,Compte professionnel / indépendant,compte professionnel ING,ING,fr,2026-02-08,0
compte_professionnel,Compte professionnel / indépendant,compte professionnel ING,ING,fr,2026-02-15,0
compte_professionnel,Compte professionnel / indépendant,compte professionnel ING,ING,fr,2026-02-22,0
compte_professionnel,Compte professionnel / indépendant,compte professionnel ING,ING,fr,2026-03-01,0
compte_professionnel,Compte professionnel / indépendant,compte professionnel ING,ING,fr,2026-03-08,0
compte_professionnel,Compte professionnel / indépendant,compte professionnel ING,ING,fr,2026-03-15,0
compte_professionnel,Compte professionnel / indépendant,compte professionnel ING,ING,fr,2026-03-22,0
compte_professionnel,Compte professionnel / indépendant,compte professionnel ING,ING,fr,2026-03-29,0
compte_professionnel,Compte professionnel / indépendant,compte professionnel ING,ING,fr,2026-04-05,0
compte_professionnel,Compte professionnel / indépendant,compte professionnel ING,ING,fr,2026-04-12,0
compte_professionnel,Compte professionnel / indépendant,compte professionnel ING,ING,fr,2026-04-19,0
compte_professionnel,Compte professionnel / indépendant,compte professionnel ING,ING,fr,2026-04-26,0
compte_professionnel,Compte professionnel / indépendant,compte professionnel ING,ING,fr,2026-05-03,0
compte_professionnel,Compte professionnel / indépendant,compte professionnel ING,ING,fr,2026-05-10,0
compte_professionnel,Compte professionnel / indépendant,compte professionnel ING,ING,fr,2026-05-17,0
compte_professionnel,Compte professionnel / indépendant,compte professionnel ING,ING,fr,2026-05-24,0
compte_professionnel,Compte professionnel / indépendant,compte professionnel ING,ING,fr,2026-05-31,0
compte_professionnel,Compte professionnel / indépendant,compte professionnel ING,ING,fr,2026-06-07,0
compte_professionnel,Compte professionnel / indépendant,compte professionnel ING,ING,fr,2026-06-14,0
compte_professionnel,Compte professionnel / indépendant,compte professionnel ING,ING,fr,2026-06-21,0
compte_professionnel,Compte professionnel / indépendant,compte professionnel ING,ING,fr,2026-06-28,0
compte_professionnel,Compte professionnel / indépendant,compte professionnel ING,ING,fr,2026-07-05,0
compte_professionnel,Compte professionnel / indépendant,compte professionnel ING,ING,fr,2026-07-12,0
compte_professionnel,Compte professionnel / indépendant,compte professionnel ING,ING,fr,2026-07-19,0
compte_professionnel,Compte professionnel / indépendant,compte professionnel ING,ING,fr,2026-07-26,0
compte_professionnel,Compte professionnel / indépendant,compte professionnel ING,ING,fr,2026-08-02,0
compte_professionnel,Compte professionnel / indépendant,compte professionnel ING,ING,fr,2026-08-09,0
compte_professionnel,Compte professionnel / indépendant,compte professionnel ING,ING,fr,2026-08-16,0
compte_professionnel,Compte professionnel / indépendant,compte professionnel ING,ING,fr,2026-08-23,0
compte_professionnel,Compte professionnel / indépendant,compte professionnel ING,ING,fr,2026-08-30,9
compte_professionnel,Compte professionnel / indépendant,compte professionnel ING,ING,fr,2026-09-06,7
compte_professionnel,Compte professionnel / indépendant,compte professionnel ING,ING,fr,2026-09-13,0
epargne_pension,Épargne-pension,ING Star Fund,ING,en,2021-09-12,0
epargne_pension,Épargne-pension,ING Star Fund,ING,en,2021-09-19,0
epargne_pension,Épargne-pension,ING Star Fund,ING,en,2021-09-26,0
epargne_pension,Épargne-pension,ING Star Fund,ING,en,2021-10-03,49
epargne_pension,Épargne-pension,ING Star Fund,ING,en,2021-10-10,0
epargne_pension,Épargne-pension,ING Star Fund,ING,en,2021-10-17,0
epargne_pension,Épargne-pension,ING Star Fund,ING,en,2021-10-24,0
epargne_pension,Épargne-pension,ING Star Fund,ING,en,2021-10-31,50
epargne_pension,Épargne-pension,ING Star Fund,ING,en,2021-11-07,0
epargne_pension,Épargne-pension,ING Star Fund,ING,en,2021-11-14,0
epargne_pension,Épargne-pension,ING Star Fund,ING,en,2021-11-21,53
epargne_pension,Épargne-pension,ING Star Fund,ING,en,2021-11-28,0
epargne_pension,Épargne-pension,ING Star Fund,ING,en,2021-12-05,0
epargne_pension,Épargne-pension,ING Star Fund,ING,en,2021-12-12,0
epargne_pension,Épargne-pension,ING Star Fund,ING,en,2021-12-19,0
epargne_pension,Épargne-pension,ING Star Fund,ING,en,2021-12-26,63
epargne_pension,Épargne-pension,ING Star Fund,ING,en,2022-01-02,0
epargne_pension,Épargne-pension,ING Star Fund,ING,en,2022-01-09,0
epargne_pension,Épargne-pension,ING Star Fund,ING,en,2022-01-16,0
epargne_pension,Épargne-pension,ING Star Fund,ING,en,2022-01-23,0
epargne_pension,Épargne-pension,ING Star Fund,ING,en,2022-01-30,0
epargne_pension,Épargne-pension,ING Star Fund,ING,en,2022-02-06,0
epargne_pension,Épargne-pension,ING Star Fund,ING,en,2022-02-13,0
epargne_pension,Épargne-pension,ING Star Fund,ING,en,2022-02-20,41
epargne_pension,Épargne-pension,ING Star Fund,ING,en,2022-02-27,0
epargne_pension,Épargne-pension,ING Star Fund,ING,en,2022-03-06,0
epargne_pension,Épargne-pension,ING Star Fund,ING,en,2022-03-13,0
epargne_pension,Épargne-pension,ING Star Fund,ING,en,2022-03-20,0
epargne_pension,Épargne-pension,ING Star Fund,ING,en,2022-03-27,0
epargne_pension,Épargne-pension,ING Star Fund,ING,en,2022-04-03,36
epargne_pension,Épargne-pension,ING Star Fund,ING,en,2022-04-10,0
epargne_pension,Épargne-pension,ING Star Fund,ING,en,2022-04-17,0
epargne_pension,Épargne-pension,ING Star Fund,ING,en,2022-04-24,0
epargne_pension,Épargne-pension,ING Star Fund,ING,en,2022-05-01,0
epargne_pension,Épargne-pension,ING Star Fund,ING,en,2022-05-08,0
epargne_pension,Épargne-pension,ING Star Fund,ING,en,2022-05-15,0
epargne_pension,Épargne-pension,ING Star Fund,ING,en,2022-05-22,0
epargne_pension,Épargne-pension,ING Star Fund,ING,en,2022-05-29,0
epargne_pension,Épargne-pension,ING Star Fund,ING,en,2022-06-05,0
epargne_pension,Épargne-pension,ING Star Fund,ING,en,2022-06-12,0
epargne_pension,Épargne-pension,ING Star Fund,ING,en,2022-06-19,0
epargne_pension,Épargne-pension,ING Star Fund,ING,en,2022-06-26,0
epargne_pension,Épargne-pension,ING Star Fund,ING,en,2022-07-03,0
epargne_pension,Épargne-pension,ING Star Fund,ING,en,2022-07-10,0
epargne_pension,Épargne-pension,ING Star Fund,ING,en,2022-07-17,0
epargne_pension,Épargne-pension,ING Star Fund,ING,en,2022-07-24,0
epargne_pension,Épargne-pension,ING Star Fund,ING,en,2022-07-31,0
epargne_pension,Épargne-pension,ING Star Fund,ING,en,2022-08-07,0
epargne_pension,Épargne-pension,ING Star Fund,ING,en,2022-08-14,0
epargne_pension,Épargne-pension,ING Star Fund,ING,en,2022-08-21,0
epargne_pension,Épargne-pension,ING Star Fund,ING,en,2022-08-28,48
epargne_pension,Épargne-pension,ING Star Fund,ING,en,2022-09-04,0
epargne_pension,Épargne-pension,ING Star Fund,ING,en,2022-09-11,41
epargne_pension,Épargne-pension,ING Star Fund,ING,en,2022-09-18,0
epargne_pension,Épargne-pension,ING Star Fund,ING,en,2022-09-25,0
epargne_pension,Épargne-pension,ING Star Fund,ING,en,2022-10-02,0
epargne_pension,Épargne-pension,ING Star Fund,ING,en,2022-10-09,57
epargne_pension,Épargne-pension,ING Star Fund,ING,en,2022-10-16,0
epargne_pension,Épargne-pension,ING Star Fund,ING,en,2022-10-23,0
epargne_pension,Épargne-pension,ING Star Fund,ING,en,2022-10-30,0
epargne_pension,Épargne-pension,ING Star Fund,ING,en,2022-11-06,48
epargne_pension,Épargne-pension,ING Star Fund,ING,en,2022-11-13,40
epargne_pension,Épargne-pension,ING Star Fund,ING,en,2022-11-20,0
epargne_pension,Épargne-pension,ING Star Fund,ING,en,2022-11-27,39
epargne_pension,Épargne-pension,ING Star Fund,ING,en,2022-12-04,0
epargne_pension,Épargne-pension,ING Star Fund,ING,en,2022-12-11,0
epargne_pension,Épargne-pension,ING Star Fund,ING,en,2022-12-18,0
epargne_pension,Épargne-pension,ING Star Fund,ING,en,2022-12-25,50
epargne_pension,Épargne-pension,ING Star Fund,ING,en,2023-01-01,0
epargne_pension,Épargne-pension,ING Star Fund,ING,en,2023-01-08,48
epargne_pension,Épargne-pension,ING Star Fund,ING,en,2023-01-15,48
epargne_pension,Épargne-pension,ING Star Fund,ING,en,2023-01-22,0
epargne_pension,Épargne-pension,ING Star Fund,ING,en,2023-01-29,0
epargne_pension,Épargne-pension,ING Star Fund,ING,en,2023-02-05,0
epargne_pension,Épargne-pension,ING Star Fund,ING,en,2023-02-12,0
epargne_pension,Épargne-pension,ING Star Fund,ING,en,2023-02-19,0
epargne_pension,Épargne-pension,ING Star Fund,ING,en,2023-02-26,0
epargne_pension,Épargne-pension,ING Star Fund,ING,en,2023-03-05,42
epargne_pension,Épargne-pension,ING Star Fund,ING,en,2023-03-12,0
epargne_pension,Épargne-pension,ING Star Fund,ING,en,2023-03-19,0
epargne_pension,Épargne-pension,ING Star Fund,ING,en,2023-03-26,0
epargne_pension,Épargne-pension,ING Star Fund,ING,en,2023-04-02,0
epargne_pension,Épargne-pension,ING Star Fund,ING,en,2023-04-09,0
epargne_pension,Épargne-pension,ING Star Fund,ING,en,2023-04-16,0
epargne_pension,Épargne-pension,ING Star Fund,ING,en,2023-04-23,0
epargne_pension,Épargne-pension,ING Star Fund,ING,en,2023-04-30,0
epargne_pension,Épargne-pension,ING Star Fund,ING,en,2023-05-07,0
epargne_pension,Épargne-pension,ING Star Fund,ING,en,2023-05-14,0
epargne_pension,Épargne-pension,ING Star Fund,ING,en,2023-05-21,49
epargne_pension,Épargne-pension,ING Star Fund,ING,en,2023-05-28,0
epargne_pension,Épargne-pension,ING Star Fund,ING,en,2023-06-04,0
epargne_pension,Épargne-pension,ING Star Fund,ING,en,2023-06-11,0
epargne_pension,Épargne-pension,ING Star Fund,ING,en,2023-06-18,0
epargne_pension,Épargne-pension,ING Star Fund,ING,en,2023-06-25,0
epargne_pension,Épargne-pension,ING Star Fund,ING,en,2023-07-02,0
epargne_pension,Épargne-pension,ING Star Fund,ING,en,2023-07-09,0
epargne_pension,Épargne-pension,ING Star Fund,ING,en,2023-07-16,0
epargne_pension,Épargne-pension,ING Star Fund,ING,en,2023-07-23,0
epargne_pension,Épargne-pension,ING Star Fund,ING,en,2023-07-30,0
epargne_pension,Épargne-pension,ING Star Fund,ING,en,2023-08-06,0
epargne_pension,Épargne-pension,ING Star Fund,ING,en,2023-08-13,0
epargne_pension,Épargne-pension,ING Star Fund,ING,en,2023-08-20,0
epargne_pension,Épargne-pension,ING Star Fund,ING,en,2023-08-27,0
epargne_pension,Épargne-pension,ING Star Fund,ING,en,2023-09-03,0
epargne_pension,Épargne-pension,ING Star Fund,ING,en,2023-09-10,0
epargne_pension,Épargne-pension,ING Star Fund,ING,en,2023-09-17,0
epargne_pension,Épargne-pension,ING Star Fund,ING,en,2023-09-24,59
epargne_pension,Épargne-pension,ING Star Fund,ING,en,2023-10-01,0
epargne_pension,Épargne-pension,ING Star Fund,ING,en,2023-10-08,0
epargne_pension,Épargne-pension,ING Star Fund,ING,en,2023-10-15,0
epargne_pension,Épargne-pension,ING Star Fund,ING,en,2023-10-22,0
epargne_pension,Épargne-pension,ING Star Fund,ING,en,2023-10-29,0
epargne_pension,Épargne-pension,ING Star Fund,ING,en,2023-11-05,0
epargne_pension,Épargne-pension,ING Star Fund,ING,en,2023-11-12,47
epargne_pension,Épargne-pension,ING Star Fund,ING,en,2023-11-19,43
epargne_pension,Épargne-pension,ING Star Fund,ING,en,2023-11-26,0
epargne_pension,Épargne-pension,ING Star Fund,ING,en,2023-12-03,0
epargne_pension,Épargne-pension,ING Star Fund,ING,en,2023-12-10,0
epargne_pension,Épargne-pension,ING Star Fund,ING,en,2023-12-17,60
epargne_pension,Épargne-pension,ING Star Fund,ING,en,2023-12-24,50
epargne_pension,Épargne-pension,ING Star Fund,ING,en,2023-12-31,0
epargne_pension,Épargne-pension,ING Star Fund,ING,en,2024-01-07,0
epargne_pension,Épargne-pension,ING Star Fund,ING,en,2024-01-14,0
epargne_pension,Épargne-pension,ING Star Fund,ING,en,2024-01-21,0
epargne_pension,Épargne-pension,ING Star Fund,ING,en,2024-01-28,0
epargne_pension,Épargne-pension,ING Star Fund,ING,en,2024-02-04,0
epargne_pension,Épargne-pension,ING Star Fund,ING,en,2024-02-11,0
epargne_pension,Épargne-pension,ING Star Fund,ING,en,2024-02-18,0
epargne_pension,Épargne-pension,ING Star Fund,ING,en,2024-02-25,0
epargne_pension,Épargne-pension,ING Star Fund,ING,en,2024-03-03,0
epargne_pension,Épargne-pension,ING Star Fund,ING,en,2024-03-10,0
epargne_pension,Épargne-pension,ING Star Fund,ING,en,2024-03-17,0
epargne_pension,Épargne-pension,ING Star Fund,ING,en,2024-03-24,0
epargne_pension,Épargne-pension,ING Star Fund,ING,en,2024-03-31,0
epargne_pension,Épargne-pension,ING Star Fund,ING,en,2024-04-07,0
epargne_pension,Épargne-pension,ING Star Fund,ING,en,2024-04-14,0
epargne_pension,Épargne-pension,ING Star Fund,ING,en,2024-04-21,0
epargne_pension,Épargne-pension,ING Star Fund,ING,en,2024-04-28,0
epargne_pension,Épargne-pension,ING Star Fund,ING,en,2024-05-05,0
epargne_pension,Épargne-pension,ING Star Fund,ING,en,2024-05-12,0
epargne_pension,Épargne-pension,ING Star Fund,ING,en,2024-05-19,0
epargne_pension,Épargne-pension,ING Star Fund,ING,en,2024-05-26,0
epargne_pension,Épargne-pension,ING Star Fund,ING,en,2024-06-02,0
epargne_pension,Épargne-pension,ING Star Fund,ING,en,2024-06-09,0
epargne_pension,Épargne-pension,ING Star Fund,ING,en,2024-06-16,0
epargne_pension,Épargne-pension,ING Star Fund,ING,en,2024-06-23,0
epargne_pension,Épargne-pension,ING Star Fund,ING,en,2024-06-30,0
epargne_pension,Épargne-pension,ING Star Fund,ING,en,2024-07-07,0
epargne_pension,Épargne-pension,ING Star Fund,ING,en,2024-07-14,0
epargne_pension,Épargne-pension,ING Star Fund,ING,en,2024-07-21,0
epargne_pension,Épargne-pension,ING Star Fund,ING,en,2024-07-28,0
epargne_pension,Épargne-pension,ING Star Fund,ING,en,2024-08-04,0
epargne_pension,Épargne-pension,ING Star Fund,ING,en,2024-08-11,0
epargne_pension,Épargne-pension,ING Star Fund,ING,en,2024-08-18,0
epargne_pension,Épargne-pension,ING Star Fund,ING,en,2024-08-25,0
epargne_pension,Épargne-pension,ING Star Fund,ING,en,2024-09-01,0
epargne_pension,Épargne-pension,ING Star Fund,ING,en,2024-09-08,0
epargne_pension,Épargne-pension,ING Star Fund,ING,en,2024-09-15,0
epargne_pension,Épargne-pension,ING Star Fund,ING,en,2024-09-22,0
epargne_pension,Épargne-pension,ING Star Fund,ING,en,2024-09-29,0
epargne_pension,Épargne-pension,ING Star Fund,ING,en,2024-10-06,0
epargne_pension,Épargne-pension,ING Star Fund,ING,en,2024-10-13,0
epargne_pension,Épargne-pension,ING Star Fund,ING,en,2024-10-20,0
epargne_pension,Épargne-pension,ING Star Fund,ING,en,2024-10-27,0
epargne_pension,Épargne-pension,ING Star Fund,ING,en,2024-11-03,0
epargne_pension,Épargne-pension,ING Star Fund,ING,en,2024-11-10,0
epargne_pension,Épargne-pension,ING Star Fund,ING,en,2024-11-17,0
epargne_pension,Épargne-pension,ING Star Fund,ING,en,2024-11-24,0
epargne_pension,Épargne-pension,ING Star Fund,ING,en,2024-12-01,0
epargne_pension,Épargne-pension,ING Star Fund,ING,en,2024-12-08,0
epargne_pension,Épargne-pension,ING Star Fund,ING,en,2024-12-15,0
epargne_pension,Épargne-pension,ING Star Fund,ING,en,2024-12-22,0
epargne_pension,Épargne-pension,ING Star Fund,ING,en,2024-12-29,0
epargne_pension,Épargne-pension,ING Star Fund,ING,en,2025-01-05,0
epargne_pension,Épargne-pension,ING Star Fund,ING,en,2025-01-12,0
epargne_pension,Épargne-pension,ING Star Fund,ING,en,2025-01-19,71
epargne_pension,Épargne-pension,ING Star Fund,ING,en,2025-01-26,0
epargne_pension,Épargne-pension,ING Star Fund,ING,en,2025-02-02,0
epargne_pension,Épargne-pension,ING Star Fund,ING,en,2025-02-09,0
epargne_pension,Épargne-pension,ING Star Fund,ING,en,2025-02-16,0
epargne_pension,Épargne-pension,ING Star Fund,ING,en,2025-02-23,0
epargne_pension,Épargne-pension,ING Star Fund,ING,en,2025-03-02,0
epargne_pension,Épargne-pension,ING Star Fund,ING,en,2025-03-09,0
epargne_pension,Épargne-pension,ING Star Fund,ING,en,2025-03-16,0
epargne_pension,Épargne-pension,ING Star Fund,ING,en,2025-03-23,0
epargne_pension,Épargne-pension,ING Star Fund,ING,en,2025-03-30,0
epargne_pension,Épargne-pension,ING Star Fund,ING,en,2025-04-06,0
epargne_pension,Épargne-pension,ING Star Fund,ING,en,2025-04-13,0
epargne_pension,Épargne-pension,ING Star Fund,ING,en,2025-04-20,0
epargne_pension,Épargne-pension,ING Star Fund,ING,en,2025-04-27,0
epargne_pension,Épargne-pension,ING Star Fund,ING,en,2025-05-04,0
epargne_pension,Épargne-pension,ING Star Fund,ING,en,2025-05-11,0
epargne_pension,Épargne-pension,ING Star Fund,ING,en,2025-05-18,0
epargne_pension,Épargne-pension,ING Star Fund,ING,en,2025-05-25,0
epargne_pension,Épargne-pension,ING Star Fund,ING,en,2025-06-01,0
epargne_pension,Épargne-pension,ING Star Fund,ING,en,2025-06-08,0
epargne_pension,Épargne-pension,ING Star Fund,ING,en,2025-06-15,0
epargne_pension,Épargne-pension,ING Star Fund,ING,en,2025-06-22,0
epargne_pension,Épargne-pension,ING Star Fund,ING,en,2025-06-29,0
epargne_pension,Épargne-pension,ING Star Fund,ING,en,2025-07-06,0
epargne_pension,Épargne-pension,ING Star Fund,ING,en,2025-07-13,0
epargne_pension,Épargne-pension,ING Star Fund,ING,en,2025-07-20,0
epargne_pension,Épargne-pension,ING Star Fund,ING,en,2025-07-27,0
epargne_pension,Épargne-pension,ING Star Fund,ING,en,2025-08-03,0
epargne_pension,Épargne-pension,ING Star Fund,ING,en,2025-08-10,0
epargne_pension,Épargne-pension,ING Star Fund,ING,en,2025-08-17,0
epargne_pension,Épargne-pension,ING Star Fund,ING,en,2025-08-24,0
epargne_pension,Épargne-pension,ING Star Fund,ING,en,2025-08-31,0
epargne_pension,Épargne-pension,ING Star Fund,ING,en,2025-09-07,0
epargne_pension,Épargne-pension,ING Star Fund,ING,en,2025-09-14,0
epargne_pension,Épargne-pension,ING Star Fund,ING,en,2025-09-21,0
epargne_pension,Épargne-pension,ING Star Fund,ING,en,2025-09-28,0
epargne_pension,Épargne-pension,ING Star Fund,ING,en,2025-10-05,0
epargne_pension,Épargne-pension,ING Star Fund,ING,en,2025-10-12,0
epargne_pension,Épargne-pension,ING Star Fund,ING,en,2025-10-19,0
epargne_pension,Épargne-pension,ING Star Fund,ING,en,2025-10-26,0
epargne_pension,Épargne-pension,ING Star Fund,ING,en,2025-11-02,0
epargne_pension,Épargne-pension,ING Star Fund,ING,en,2025-11-09,0
epargne_pension,Épargne-pension,ING Star Fund,ING,en,2025-11-16,0
epargne_pension,Épargne-pension,ING Star Fund,ING,en,2025-11-23,0
epargne_pension,Épargne-pension,ING Star Fund,ING,en,2025-11-30,0
epargne_pension,Épargne-pension,ING Star Fund,ING,en,2025-12-07,0
epargne_pension,Épargne-pension,ING Star Fund,ING,en,2025-12-14,0
epargne_pension,Épargne-pension,ING Star Fund,ING,en,2025-12-21,0
epargne_pension,Épargne-pension,ING Star Fund,ING,en,2025-12-28,0
epargne_pension,Épargne-pension,ING Star Fund,ING,en,2026-01-04,0
epargne_pension,Épargne-pension,ING Star Fund,ING,en,2026-01-11,0
epargne_pension,Épargne-pension,ING Star Fund,ING,en,2026-01-18,0
epargne_pension,Épargne-pension,ING Star Fund,ING,en,2026-01-25,0
epargne_pension,Épargne-pension,ING Star Fund,ING,en,2026-02-01,0
epargne_pension,Épargne-pension,ING Star Fund,ING,en,2026-02-08,0
epargne_pension,Épargne-pension,ING Star Fund,ING,en,2026-02-15,0
epargne_pension,Épargne-pension,ING Star Fund,ING,en,2026-02-22,0
epargne_pension,Épargne-pension,ING Star Fund,ING,en,2026-03-01,0
epargne_pension,Épargne-pension,ING Star Fund,ING,en,2026-03-08,0
epargne_pension,Épargne-pension,ING Star Fund,ING,en,2026-03-15,0
epargne_pension,Épargne-pension,ING Star Fund,ING,en,2026-03-22,0
epargne_pension,Épargne-pension,ING Star Fund,ING,en,2026-03-29,0
epargne_pension,Épargne-pension,ING Star Fund,ING,en,2026-04-05,0
epargne_pension,Épargne-pension,ING Star Fund,ING,en,2026-04-12,0
epargne_pension,Épargne-pension,ING Star Fund,ING,en,2026-04-19,0
epargne_pension,Épargne-pension,ING Star Fund,ING,en,2026-04-26,0
epargne_pension,Épargne-pension,ING Star Fund,ING,en,2026-05-03,0
epargne_pension,Épargne-pension,ING Star Fund,ING,en,2026-05-10,0
epargne_pension,Épargne-pension,ING Star Fund,ING,en,2026-05-17,0
epargne_pension,Épargne-pension,ING Star Fund,ING,en,2026-05-24,0
epargne_pension,Épargne-pension,ING Star Fund,ING,en,2026-05-31,0
epargne_pension,Épargne-pension,ING Star Fund,ING,en,2026-06-07,0
epargne_pension,Épargne-pension,ING Star Fund,ING,en,2026-06-14,0
epargne_pension,Épargne-pension,ING Star Fund,ING,en,2026-06-21,0
epargne_pension,Épargne-pension,ING Star Fund,ING,en,2026-06-28,0
epargne_pension,Épargne-pension,ING Star Fund,ING,en,2026-07-05,0
epargne_pension,Épargne-pension,ING Star Fund,ING,en,2026-07-12,0
epargne_pension,Épargne-pension,ING Star Fund,ING,en,2026-07-19,0
epargne_pension,Épargne-pension,ING Star Fund,ING,en,2026-07-26,0
epargne_pension,Épargne-pension,ING Star Fund,ING,en,2026-08-02,0
epargne_pension,Épargne-pension,ING Star Fund,ING,en,2026-08-09,0
epargne_pension,Épargne-pension,ING Star Fund,ING,en,2026-08-16,0
epargne_pension,Épargne-pension,ING Star Fund,ING,en,2026-08-23,0
epargne_pension,Épargne-pension,ING Star Fund,ING,en,2026-08-30,10
epargne_pension,Épargne-pension,ING Star Fund,ING,en,2026-09-06,12
epargne_pension,Épargne-pension,ING Star Fund,ING,en,2026-09-13,0
epargne_pension,Épargne-pension,ING pensioensparen,ING,nl,2021-09-12,0
epargne_pension,Épargne-pension,ING pensioensparen,ING,nl,2021-09-19,51
epargne_pension,Épargne-pension,ING pensioensparen,ING,nl,2021-09-26,0
epargne_pension,Épargne-pension,ING pensioensparen,ING,nl,2021-10-03,0
epargne_pension,Épargne-pension,ING pensioensparen,ING,nl,2021-10-10,0
epargne_pension,Épargne-pension,ING pensioensparen,ING,nl,2021-10-17,0
epargne_pension,Épargne-pension,ING pensioensparen,ING,nl,2021-10-24,0
epargne_pension,Épargne-pension,ING pensioensparen,ING,nl,2021-10-31,0
epargne_pension,Épargne-pension,ING pensioensparen,ING,nl,2021-11-07,0
epargne_pension,Épargne-pension,ING pensioensparen,ING,nl,2021-11-14,0
epargne_pension,Épargne-pension,ING pensioensparen,ING,nl,2021-11-21,0
epargne_pension,Épargne-pension,ING pensioensparen,ING,nl,2021-11-28,0
epargne_pension,Épargne-pension,ING pensioensparen,ING,nl,2021-12-05,0
epargne_pension,Épargne-pension,ING pensioensparen,ING,nl,2021-12-12,0
epargne_pension,Épargne-pension,ING pensioensparen,ING,nl,2021-12-19,0
epargne_pension,Épargne-pension,ING pensioensparen,ING,nl,2021-12-26,0
epargne_pension,Épargne-pension,ING pensioensparen,ING,nl,2022-01-02,0
epargne_pension,Épargne-pension,ING pensioensparen,ING,nl,2022-01-09,0
epargne_pension,Épargne-pension,ING pensioensparen,ING,nl,2022-01-16,0
epargne_pension,Épargne-pension,ING pensioensparen,ING,nl,2022-01-23,0
epargne_pension,Épargne-pension,ING pensioensparen,ING,nl,2022-01-30,0
epargne_pension,Épargne-pension,ING pensioensparen,ING,nl,2022-02-06,0
epargne_pension,Épargne-pension,ING pensioensparen,ING,nl,2022-02-13,0
epargne_pension,Épargne-pension,ING pensioensparen,ING,nl,2022-02-20,0
epargne_pension,Épargne-pension,ING pensioensparen,ING,nl,2022-02-27,0
epargne_pension,Épargne-pension,ING pensioensparen,ING,nl,2022-03-06,0
epargne_pension,Épargne-pension,ING pensioensparen,ING,nl,2022-03-13,0
epargne_pension,Épargne-pension,ING pensioensparen,ING,nl,2022-03-20,0
epargne_pension,Épargne-pension,ING pensioensparen,ING,nl,2022-03-27,0
epargne_pension,Épargne-pension,ING pensioensparen,ING,nl,2022-04-03,0
epargne_pension,Épargne-pension,ING pensioensparen,ING,nl,2022-04-10,0
epargne_pension,Épargne-pension,ING pensioensparen,ING,nl,2022-04-17,0
epargne_pension,Épargne-pension,ING pensioensparen,ING,nl,2022-04-24,0
epargne_pension,Épargne-pension,ING pensioensparen,ING,nl,2022-05-01,0
epargne_pension,Épargne-pension,ING pensioensparen,ING,nl,2022-05-08,0
epargne_pension,Épargne-pension,ING pensioensparen,ING,nl,2022-05-15,0
epargne_pension,Épargne-pension,ING pensioensparen,ING,nl,2022-05-22,0
epargne_pension,Épargne-pension,ING pensioensparen,ING,nl,2022-05-29,0
epargne_pension,Épargne-pension,ING pensioensparen,ING,nl,2022-06-05,0
epargne_pension,Épargne-pension,ING pensioensparen,ING,nl,2022-06-12,0
epargne_pension,Épargne-pension,ING pensioensparen,ING,nl,2022-06-19,0
epargne_pension,Épargne-pension,ING pensioensparen,ING,nl,2022-06-26,0
epargne_pension,Épargne-pension,ING pensioensparen,ING,nl,2022-07-03,0
epargne_pension,Épargne-pension,ING pensioensparen,ING,nl,2022-07-10,0
epargne_pension,Épargne-pension,ING pensioensparen,ING,nl,2022-07-17,0
epargne_pension,Épargne-pension,ING pensioensparen,ING,nl,2022-07-24,0
epargne_pension,Épargne-pension,ING pensioensparen,ING,nl,2022-07-31,0
epargne_pension,Épargne-pension,ING pensioensparen,ING,nl,2022-08-07,0
epargne_pension,Épargne-pension,ING pensioensparen,ING,nl,2022-08-14,0
epargne_pension,Épargne-pension,ING pensioensparen,ING,nl,2022-08-21,0
epargne_pension,Épargne-pension,ING pensioensparen,ING,nl,2022-08-28,0
epargne_pension,Épargne-pension,ING pensioensparen,ING,nl,2022-09-04,0
epargne_pension,Épargne-pension,ING pensioensparen,ING,nl,2022-09-11,0
epargne_pension,Épargne-pension,ING pensioensparen,ING,nl,2022-09-18,0
epargne_pension,Épargne-pension,ING pensioensparen,ING,nl,2022-09-25,0
epargne_pension,Épargne-pension,ING pensioensparen,ING,nl,2022-10-02,0
epargne_pension,Épargne-pension,ING pensioensparen,ING,nl,2022-10-09,0
epargne_pension,Épargne-pension,ING pensioensparen,ING,nl,2022-10-16,0
epargne_pension,Épargne-pension,ING pensioensparen,ING,nl,2022-10-23,0
epargne_pension,Épargne-pension,ING pensioensparen,ING,nl,2022-10-30,0
epargne_pension,Épargne-pension,ING pensioensparen,ING,nl,2022-11-06,0
epargne_pension,Épargne-pension,ING pensioensparen,ING,nl,2022-11-13,0
epargne_pension,Épargne-pension,ING pensioensparen,ING,nl,2022-11-20,0
epargne_pension,Épargne-pension,ING pensioensparen,ING,nl,2022-11-27,0
epargne_pension,Épargne-pension,ING pensioensparen,ING,nl,2022-12-04,0
epargne_pension,Épargne-pension,ING pensioensparen,ING,nl,2022-12-11,0
epargne_pension,Épargne-pension,ING pensioensparen,ING,nl,2022-12-18,42
epargne_pension,Épargne-pension,ING pensioensparen,ING,nl,2022-12-25,0
epargne_pension,Épargne-pension,ING pensioensparen,ING,nl,2023-01-01,0
epargne_pension,Épargne-pension,ING pensioensparen,ING,nl,2023-01-08,0
epargne_pension,Épargne-pension,ING pensioensparen,ING,nl,2023-01-15,0
epargne_pension,Épargne-pension,ING pensioensparen,ING,nl,2023-01-22,0
epargne_pension,Épargne-pension,ING pensioensparen,ING,nl,2023-01-29,0
epargne_pension,Épargne-pension,ING pensioensparen,ING,nl,2023-02-05,0
epargne_pension,Épargne-pension,ING pensioensparen,ING,nl,2023-02-12,0
epargne_pension,Épargne-pension,ING pensioensparen,ING,nl,2023-02-19,0
epargne_pension,Épargne-pension,ING pensioensparen,ING,nl,2023-02-26,0
epargne_pension,Épargne-pension,ING pensioensparen,ING,nl,2023-03-05,0
epargne_pension,Épargne-pension,ING pensioensparen,ING,nl,2023-03-12,0
epargne_pension,Épargne-pension,ING pensioensparen,ING,nl,2023-03-19,0
epargne_pension,Épargne-pension,ING pensioensparen,ING,nl,2023-03-26,0
epargne_pension,Épargne-pension,ING pensioensparen,ING,nl,2023-04-02,0
epargne_pension,Épargne-pension,ING pensioensparen,ING,nl,2023-04-09,0
epargne_pension,Épargne-pension,ING pensioensparen,ING,nl,2023-04-16,0
epargne_pension,Épargne-pension,ING pensioensparen,ING,nl,2023-04-23,0
epargne_pension,Épargne-pension,ING pensioensparen,ING,nl,2023-04-30,0
epargne_pension,Épargne-pension,ING pensioensparen,ING,nl,2023-05-07,0
epargne_pension,Épargne-pension,ING pensioensparen,ING,nl,2023-05-14,0
epargne_pension,Épargne-pension,ING pensioensparen,ING,nl,2023-05-21,0
epargne_pension,Épargne-pension,ING pensioensparen,ING,nl,2023-05-28,0
epargne_pension,Épargne-pension,ING pensioensparen,ING,nl,2023-06-04,0
epargne_pension,Épargne-pension,ING pensioensparen,ING,nl,2023-06-11,0
epargne_pension,Épargne-pension,ING pensioensparen,ING,nl,2023-06-18,0
epargne_pension,Épargne-pension,ING pensioensparen,ING,nl,2023-06-25,0
epargne_pension,Épargne-pension,ING pensioensparen,ING,nl,2023-07-02,0
epargne_pension,Épargne-pension,ING pensioensparen,ING,nl,2023-07-09,0
epargne_pension,Épargne-pension,ING pensioensparen,ING,nl,2023-07-16,0
epargne_pension,Épargne-pension,ING pensioensparen,ING,nl,2023-07-23,0
epargne_pension,Épargne-pension,ING pensioensparen,ING,nl,2023-07-30,0
epargne_pension,Épargne-pension,ING pensioensparen,ING,nl,2023-08-06,0
epargne_pension,Épargne-pension,ING pensioensparen,ING,nl,2023-08-13,0
epargne_pension,Épargne-pension,ING pensioensparen,ING,nl,2023-08-20,0
epargne_pension,Épargne-pension,ING pensioensparen,ING,nl,2023-08-27,0
epargne_pension,Épargne-pension,ING pensioensparen,ING,nl,2023-09-03,0
epargne_pension,Épargne-pension,ING pensioensparen,ING,nl,2023-09-10,0
epargne_pension,Épargne-pension,ING pensioensparen,ING,nl,2023-09-17,0
epargne_pension,Épargne-pension,ING pensioensparen,ING,nl,2023-09-24,0
epargne_pension,Épargne-pension,ING pensioensparen,ING,nl,2023-10-01,0
epargne_pension,Épargne-pension,ING pensioensparen,ING,nl,2023-10-08,0
epargne_pension,Épargne-pension,ING pensioensparen,ING,nl,2023-10-15,0
epargne_pension,Épargne-pension,ING pensioensparen,ING,nl,2023-10-22,0
epargne_pension,Épargne-pension,ING pensioensparen,ING,nl,2023-10-29,0
epargne_pension,Épargne-pension,ING pensioensparen,ING,nl,2023-11-05,0
epargne_pension,Épargne-pension,ING pensioensparen,ING,nl,2023-11-12,0
epargne_pension,Épargne-pension,ING pensioensparen,ING,nl,2023-11-19,0
epargne_pension,Épargne-pension,ING pensioensparen,ING,nl,2023-11-26,0
epargne_pension,Épargne-pension,ING pensioensparen,ING,nl,2023-12-03,0
epargne_pension,Épargne-pension,ING pensioensparen,ING,nl,2023-12-10,0
epargne_pension,Épargne-pension,ING pensioensparen,ING,nl,2023-12-17,0
epargne_pension,Épargne-pension,ING pensioensparen,ING,nl,2023-12-24,0
epargne_pension,Épargne-pension,ING pensioensparen,ING,nl,2023-12-31,0
epargne_pension,Épargne-pension,ING pensioensparen,ING,nl,2024-01-07,0
epargne_pension,Épargne-pension,ING pensioensparen,ING,nl,2024-01-14,0
epargne_pension,Épargne-pension,ING pensioensparen,ING,nl,2024-01-21,0
epargne_pension,Épargne-pension,ING pensioensparen,ING,nl,2024-01-28,0
epargne_pension,Épargne-pension,ING pensioensparen,ING,nl,2024-02-04,0
epargne_pension,Épargne-pension,ING pensioensparen,ING,nl,2024-02-11,0
epargne_pension,Épargne-pension,ING pensioensparen,ING,nl,2024-02-18,0
epargne_pension,Épargne-pension,ING pensioensparen,ING,nl,2024-02-25,0
epargne_pension,Épargne-pension,ING pensioensparen,ING,nl,2024-03-03,0
epargne_pension,Épargne-pension,ING pensioensparen,ING,nl,2024-03-10,0
epargne_pension,Épargne-pension,ING pensioensparen,ING,nl,2024-03-17,0
epargne_pension,Épargne-pension,ING pensioensparen,ING,nl,2024-03-24,0
epargne_pension,Épargne-pension,ING pensioensparen,ING,nl,2024-03-31,0
epargne_pension,Épargne-pension,ING pensioensparen,ING,nl,2024-04-07,0
epargne_pension,Épargne-pension,ING pensioensparen,ING,nl,2024-04-14,0
epargne_pension,Épargne-pension,ING pensioensparen,ING,nl,2024-04-21,0
epargne_pension,Épargne-pension,ING pensioensparen,ING,nl,2024-04-28,0
epargne_pension,Épargne-pension,ING pensioensparen,ING,nl,2024-05-05,0
epargne_pension,Épargne-pension,ING pensioensparen,ING,nl,2024-05-12,0
epargne_pension,Épargne-pension,ING pensioensparen,ING,nl,2024-05-19,0
epargne_pension,Épargne-pension,ING pensioensparen,ING,nl,2024-05-26,0
epargne_pension,Épargne-pension,ING pensioensparen,ING,nl,2024-06-02,0
epargne_pension,Épargne-pension,ING pensioensparen,ING,nl,2024-06-09,0
epargne_pension,Épargne-pension,ING pensioensparen,ING,nl,2024-06-16,0
epargne_pension,Épargne-pension,ING pensioensparen,ING,nl,2024-06-23,0
epargne_pension,Épargne-pension,ING pensioensparen,ING,nl,2024-06-30,0
epargne_pension,Épargne-pension,ING pensioensparen,ING,nl,2024-07-07,0
epargne_pension,Épargne-pension,ING pensioensparen,ING,nl,2024-07-14,0
epargne_pension,Épargne-pension,ING pensioensparen,ING,nl,2024-07-21,0
epargne_pension,Épargne-pension,ING pensioensparen,ING,nl,2024-07-28,0
epargne_pension,Épargne-pension,ING pensioensparen,ING,nl,2024-08-04,0
epargne_pension,Épargne-pension,ING pensioensparen,ING,nl,2024-08-11,0
epargne_pension,Épargne-pension,ING pensioensparen,ING,nl,2024-08-18,0
epargne_pension,Épargne-pension,ING pensioensparen,ING,nl,2024-08-25,0
epargne_pension,Épargne-pension,ING pensioensparen,ING,nl,2024-09-01,0
epargne_pension,Épargne-pension,ING pensioensparen,ING,nl,2024-09-08,0
epargne_pension,Épargne-pension,ING pensioensparen,ING,nl,2024-09-15,0
epargne_pension,Épargne-pension,ING pensioensparen,ING,nl,2024-09-22,0
epargne_pension,Épargne-pension,ING pensioensparen,ING,nl,2024-09-29,0
epargne_pension,Épargne-pension,ING pensioensparen,ING,nl,2024-10-06,0
epargne_pension,Épargne-pension,ING pensioensparen,ING,nl,2024-10-13,0
epargne_pension,Épargne-pension,ING pensioensparen,ING,nl,2024-10-20,0
epargne_pension,Épargne-pension,ING pensioensparen,ING,nl,2024-10-27,0
epargne_pension,Épargne-pension,ING pensioensparen,ING,nl,2024-11-03,0
epargne_pension,Épargne-pension,ING pensioensparen,ING,nl,2024-11-10,0
epargne_pension,Épargne-pension,ING pensioensparen,ING,nl,2024-11-17,0
epargne_pension,Épargne-pension,ING pensioensparen,ING,nl,2024-11-24,0
epargne_pension,Épargne-pension,ING pensioensparen,ING,nl,2024-12-01,0
epargne_pension,Épargne-pension,ING pensioensparen,ING,nl,2024-12-08,0
epargne_pension,Épargne-pension,ING pensioensparen,ING,nl,2024-12-15,0
epargne_pension,Épargne-pension,ING pensioensparen,ING,nl,2024-12-22,0
epargne_pension,Épargne-pension,ING pensioensparen,ING,nl,2024-12-29,0
epargne_pension,Épargne-pension,ING pensioensparen,ING,nl,2025-01-05,0
epargne_pension,Épargne-pension,ING pensioensparen,ING,nl,2025-01-12,0
epargne_pension,Épargne-pension,ING pensioensparen,ING,nl,2025-01-19,0
epargne_pension,Épargne-pension,ING pensioensparen,ING,nl,2025-01-26,0
epargne_pension,Épargne-pension,ING pensioensparen,ING,nl,2025-02-02,0
epargne_pension,Épargne-pension,ING pensioensparen,ING,nl,2025-02-09,0
epargne_pension,Épargne-pension,ING pensioensparen,ING,nl,2025-02-16,0
epargne_pension,Épargne-pension,ING pensioensparen,ING,nl,2025-02-23,0
epargne_pension,Épargne-pension,ING pensioensparen,ING,nl,2025-03-02,0
epargne_pension,Épargne-pension,ING pensioensparen,ING,nl,2025-03-09,0
epargne_pension,Épargne-pension,ING pensioensparen,ING,nl,2025-03-16,0
epargne_pension,Épargne-pension,ING pensioensparen,ING,nl,2025-03-23,0
epargne_pension,Épargne-pension,ING pensioensparen,ING,nl,2025-03-30,0
epargne_pension,Épargne-pension,ING pensioensparen,ING,nl,2025-04-06,0
epargne_pension,Épargne-pension,ING pensioensparen,ING,nl,2025-04-13,0
epargne_pension,Épargne-pension,ING pensioensparen,ING,nl,2025-04-20,0
epargne_pension,Épargne-pension,ING pensioensparen,ING,nl,2025-04-27,0
epargne_pension,Épargne-pension,ING pensioensparen,ING,nl,2025-05-04,0
epargne_pension,Épargne-pension,ING pensioensparen,ING,nl,2025-05-11,0
epargne_pension,Épargne-pension,ING pensioensparen,ING,nl,2025-05-18,0
epargne_pension,Épargne-pension,ING pensioensparen,ING,nl,2025-05-25,0
epargne_pension,Épargne-pension,ING pensioensparen,ING,nl,2025-06-01,0
epargne_pension,Épargne-pension,ING pensioensparen,ING,nl,2025-06-08,0
epargne_pension,Épargne-pension,ING pensioensparen,ING,nl,2025-06-15,0
epargne_pension,Épargne-pension,ING pensioensparen,ING,nl,2025-06-22,0
epargne_pension,Épargne-pension,ING pensioensparen,ING,nl,2025-06-29,0
epargne_pension,Épargne-pension,ING pensioensparen,ING,nl,2025-07-06,0
epargne_pension,Épargne-pension,ING pensioensparen,ING,nl,2025-07-13,0
epargne_pension,Épargne-pension,ING pensioensparen,ING,nl,2025-07-20,0
epargne_pension,Épargne-pension,ING pensioensparen,ING,nl,2025-07-27,0
epargne_pension,Épargne-pension,ING pensioensparen,ING,nl,2025-08-03,0
epargne_pension,Épargne-pension,ING pensioensparen,ING,nl,2025-08-10,0
epargne_pension,Épargne-pension,ING pensioensparen,ING,nl,2025-08-17,0
epargne_pension,Épargne-pension,ING pensioensparen,ING,nl,2025-08-24,0
epargne_pension,Épargne-pension,ING pensioensparen,ING,nl,2025-08-31,0
epargne_pension,Épargne-pension,ING pensioensparen,ING,nl,2025-09-07,0
epargne_pension,Épargne-pension,ING pensioensparen,ING,nl,2025-09-14,0
epargne_pension,Épargne-pension,ING pensioensparen,ING,nl,2025-09-21,0
epargne_pension,Épargne-pension,ING pensioensparen,ING,nl,2025-09-28,0
epargne_pension,Épargne-pension,ING pensioensparen,ING,nl,2025-10-05,0
epargne_pension,Épargne-pension,ING pensioensparen,ING,nl,2025-10-12,0
epargne_pension,Épargne-pension,ING pensioensparen,ING,nl,2025-10-19,0
epargne_pension,Épargne-pension,ING pensioensparen,ING,nl,2025-10-26,0
epargne_pension,Épargne-pension,ING pensioensparen,ING,nl,2025-11-02,0
epargne_pension,Épargne-pension,ING pensioensparen,ING,nl,2025-11-09,0
epargne_pension,Épargne-pension,ING pensioensparen,ING,nl,2025-11-16,0
epargne_pension,Épargne-pension,ING pensioensparen,ING,nl,2025-11-23,0
epargne_pension,Épargne-pension,ING pensioensparen,ING,nl,2025-11-30,0
epargne_pension,Épargne-pension,ING pensioensparen,ING,nl,2025-12-07,0
epargne_pension,Épargne-pension,ING pensioensparen,ING,nl,2025-12-14,0
epargne_pension,Épargne-pension,ING pensioensparen,ING,nl,2025-12-21,0
epargne_pension,Épargne-pension,ING pensioensparen,ING,nl,2025-12-28,0
epargne_pension,Épargne-pension,ING pensioensparen,ING,nl,2026-01-04,0
epargne_pension,Épargne-pension,ING pensioensparen,ING,nl,2026-01-11,0
epargne_pension,Épargne-pension,ING pensioensparen,ING,nl,2026-01-18,0
epargne_pension,Épargne-pension,ING pensioensparen,ING,nl,2026-01-25,0
epargne_pension,Épargne-pension,ING pensioensparen,ING,nl,2026-02-01,0
epargne_pension,Épargne-pension,ING pensioensparen,ING,nl,2026-02-08,0
epargne_pension,Épargne-pension,ING pensioensparen,ING,nl,2026-02-15,0
epargne_pension,Épargne-pension,ING pensioensparen,ING,nl,2026-02-22,0
epargne_pension,Épargne-pension,ING pensioensparen,ING,nl,2026-03-01,0
epargne_pension,Épargne-pension,ING pensioensparen,ING,nl,2026-03-08,0
epargne_pension,Épargne-pension,ING pensioensparen,ING,nl,2026-03-15,0
epargne_pension,Épargne-pension,ING pensioensparen,ING,nl,2026-03-22,0
epargne_pension,Épargne-pension,ING pensioensparen,ING,nl,2026-03-29,0
epargne_pension,Épargne-pension,ING pensioensparen,ING,nl,2026-04-05,0
epargne_pension,Épargne-pension,ING pensioensparen,ING,nl,2026-04-12,0
epargne_pension,Épargne-pension,ING pensioensparen,ING,nl,2026-04-19,0
epargne_pension,Épargne-pension,ING pensioensparen,ING,nl,2026-04-26,0
epargne_pension,Épargne-pension,ING pensioensparen,ING,nl,2026-05-03,0
epargne_pension,Épargne-pension,ING pensioensparen,ING,nl,2026-05-10,0
epargne_pension,Épargne-pension,ING pensioensparen,ING,nl,2026-05-17,0
epargne_pension,Épargne-pension,ING pensioensparen,ING,nl,2026-05-24,0
epargne_pension,Épargne-pension,ING pensioensparen,ING,nl,2026-05-31,0
epargne_pension,Épargne-pension,ING pensioensparen,ING,nl,2026-06-07,0
epargne_pension,Épargne-pension,ING pensioensparen,ING,nl,2026-06-14,0
epargne_pension,Épargne-pension,ING pensioensparen,ING,nl,2026-06-21,0
epargne_pension,Épargne-pension,ING pensioensparen,ING,nl,2026-06-28,0
epargne_pension,Épargne-pension,ING pensioensparen,ING,nl,2026-07-05,0
epargne_pension,Épargne-pension,ING pensioensparen,ING,nl,2026-07-12,0
epargne_pension,Épargne-pension,ING pensioensparen,ING,nl,2026-07-19,0
epargne_pension,Épargne-pension,ING pensioensparen,ING,nl,2026-07-26,0
epargne_pension,Épargne-pension,ING pensioensparen,ING,nl,2026-08-02,0
epargne_pension,Épargne-pension,ING pensioensparen,ING,nl,2026-08-09,0
epargne_pension,Épargne-pension,ING pensioensparen,ING,nl,2026-08-16,0
epargne_pension,Épargne-pension,ING pensioensparen,ING,nl,2026-08-23,0
epargne_pension,Épargne-pension,ING pensioensparen,ING,nl,2026-08-30,4
epargne_pension,Épargne-pension,ING pensioensparen,ING,nl,2026-09-06,4
epargne_pension,Épargne-pension,ING pensioensparen,ING,nl,2026-09-13,0
epargne_pension,Épargne-pension,épargne pension ING,ING,fr,2021-09-12,0
epargne_pension,Épargne-pension,épargne pension ING,ING,fr,2021-09-19,0
epargne_pension,Épargne-pension,épargne pension ING,ING,fr,2021-09-26,0
epargne_pension,Épargne-pension,épargne pension ING,ING,fr,2021-10-03,0
epargne_pension,Épargne-pension,épargne pension ING,ING,fr,2021-10-10,0
epargne_pension,Épargne-pension,épargne pension ING,ING,fr,2021-10-17,0
epargne_pension,Épargne-pension,épargne pension ING,ING,fr,2021-10-24,0
epargne_pension,Épargne-pension,épargne pension ING,ING,fr,2021-10-31,0
epargne_pension,Épargne-pension,épargne pension ING,ING,fr,2021-11-07,0
epargne_pension,Épargne-pension,épargne pension ING,ING,fr,2021-11-14,0
epargne_pension,Épargne-pension,épargne pension ING,ING,fr,2021-11-21,0
epargne_pension,Épargne-pension,épargne pension ING,ING,fr,2021-11-28,0
epargne_pension,Épargne-pension,épargne pension ING,ING,fr,2021-12-05,0
epargne_pension,Épargne-pension,épargne pension ING,ING,fr,2021-12-12,0
epargne_pension,Épargne-pension,épargne pension ING,ING,fr,2021-12-19,0
epargne_pension,Épargne-pension,épargne pension ING,ING,fr,2021-12-26,0
epargne_pension,Épargne-pension,épargne pension ING,ING,fr,2022-01-02,0
epargne_pension,Épargne-pension,épargne pension ING,ING,fr,2022-01-09,0
epargne_pension,Épargne-pension,épargne pension ING,ING,fr,2022-01-16,0
epargne_pension,Épargne-pension,épargne pension ING,ING,fr,2022-01-23,0
epargne_pension,Épargne-pension,épargne pension ING,ING,fr,2022-01-30,0
epargne_pension,Épargne-pension,épargne pension ING,ING,fr,2022-02-06,0
epargne_pension,Épargne-pension,épargne pension ING,ING,fr,2022-02-13,0
epargne_pension,Épargne-pension,épargne pension ING,ING,fr,2022-02-20,0
epargne_pension,Épargne-pension,épargne pension ING,ING,fr,2022-02-27,0
epargne_pension,Épargne-pension,épargne pension ING,ING,fr,2022-03-06,0
epargne_pension,Épargne-pension,épargne pension ING,ING,fr,2022-03-13,0
epargne_pension,Épargne-pension,épargne pension ING,ING,fr,2022-03-20,0
epargne_pension,Épargne-pension,épargne pension ING,ING,fr,2022-03-27,0
epargne_pension,Épargne-pension,épargne pension ING,ING,fr,2022-04-03,0
epargne_pension,Épargne-pension,épargne pension ING,ING,fr,2022-04-10,0
epargne_pension,Épargne-pension,épargne pension ING,ING,fr,2022-04-17,0
epargne_pension,Épargne-pension,épargne pension ING,ING,fr,2022-04-24,0
epargne_pension,Épargne-pension,épargne pension ING,ING,fr,2022-05-01,0
epargne_pension,Épargne-pension,épargne pension ING,ING,fr,2022-05-08,0
epargne_pension,Épargne-pension,épargne pension ING,ING,fr,2022-05-15,0
epargne_pension,Épargne-pension,épargne pension ING,ING,fr,2022-05-22,0
epargne_pension,Épargne-pension,épargne pension ING,ING,fr,2022-05-29,0
epargne_pension,Épargne-pension,épargne pension ING,ING,fr,2022-06-05,0
epargne_pension,Épargne-pension,épargne pension ING,ING,fr,2022-06-12,0
epargne_pension,Épargne-pension,épargne pension ING,ING,fr,2022-06-19,0
epargne_pension,Épargne-pension,épargne pension ING,ING,fr,2022-06-26,0
epargne_pension,Épargne-pension,épargne pension ING,ING,fr,2022-07-03,0
epargne_pension,Épargne-pension,épargne pension ING,ING,fr,2022-07-10,0
epargne_pension,Épargne-pension,épargne pension ING,ING,fr,2022-07-17,0
epargne_pension,Épargne-pension,épargne pension ING,ING,fr,2022-07-24,0
epargne_pension,Épargne-pension,épargne pension ING,ING,fr,2022-07-31,0
epargne_pension,Épargne-pension,épargne pension ING,ING,fr,2022-08-07,0
epargne_pension,Épargne-pension,épargne pension ING,ING,fr,2022-08-14,0
epargne_pension,Épargne-pension,épargne pension ING,ING,fr,2022-08-21,0
epargne_pension,Épargne-pension,épargne pension ING,ING,fr,2022-08-28,0
epargne_pension,Épargne-pension,épargne pension ING,ING,fr,2022-09-04,0
epargne_pension,Épargne-pension,épargne pension ING,ING,fr,2022-09-11,0
epargne_pension,Épargne-pension,épargne pension ING,ING,fr,2022-09-18,0
epargne_pension,Épargne-pension,épargne pension ING,ING,fr,2022-09-25,0
epargne_pension,Épargne-pension,épargne pension ING,ING,fr,2022-10-02,0
epargne_pension,Épargne-pension,épargne pension ING,ING,fr,2022-10-09,0
epargne_pension,Épargne-pension,épargne pension ING,ING,fr,2022-10-16,0
epargne_pension,Épargne-pension,épargne pension ING,ING,fr,2022-10-23,0
epargne_pension,Épargne-pension,épargne pension ING,ING,fr,2022-10-30,0
epargne_pension,Épargne-pension,épargne pension ING,ING,fr,2022-11-06,0
epargne_pension,Épargne-pension,épargne pension ING,ING,fr,2022-11-13,0
epargne_pension,Épargne-pension,épargne pension ING,ING,fr,2022-11-20,0
epargne_pension,Épargne-pension,épargne pension ING,ING,fr,2022-11-27,0
epargne_pension,Épargne-pension,épargne pension ING,ING,fr,2022-12-04,0
epargne_pension,Épargne-pension,épargne pension ING,ING,fr,2022-12-11,0
epargne_pension,Épargne-pension,épargne pension ING,ING,fr,2022-12-18,0
epargne_pension,Épargne-pension,épargne pension ING,ING,fr,2022-12-25,0
epargne_pension,Épargne-pension,épargne pension ING,ING,fr,2023-01-01,0
epargne_pension,Épargne-pension,épargne pension ING,ING,fr,2023-01-08,0
epargne_pension,Épargne-pension,épargne pension ING,ING,fr,2023-01-15,0
epargne_pension,Épargne-pension,épargne pension ING,ING,fr,2023-01-22,0
epargne_pension,Épargne-pension,épargne pension ING,ING,fr,2023-01-29,0
epargne_pension,Épargne-pension,épargne pension ING,ING,fr,2023-02-05,0
epargne_pension,Épargne-pension,épargne pension ING,ING,fr,2023-02-12,0
epargne_pension,Épargne-pension,épargne pension ING,ING,fr,2023-02-19,0
epargne_pension,Épargne-pension,épargne pension ING,ING,fr,2023-02-26,0
epargne_pension,Épargne-pension,épargne pension ING,ING,fr,2023-03-05,0
epargne_pension,Épargne-pension,épargne pension ING,ING,fr,2023-03-12,0
epargne_pension,Épargne-pension,épargne pension ING,ING,fr,2023-03-19,0
epargne_pension,Épargne-pension,épargne pension ING,ING,fr,2023-03-26,0
epargne_pension,Épargne-pension,épargne pension ING,ING,fr,2023-04-02,0
epargne_pension,Épargne-pension,épargne pension ING,ING,fr,2023-04-09,0
epargne_pension,Épargne-pension,épargne pension ING,ING,fr,2023-04-16,0
epargne_pension,Épargne-pension,épargne pension ING,ING,fr,2023-04-23,0
epargne_pension,Épargne-pension,épargne pension ING,ING,fr,2023-04-30,0
epargne_pension,Épargne-pension,épargne pension ING,ING,fr,2023-05-07,0
epargne_pension,Épargne-pension,épargne pension ING,ING,fr,2023-05-14,0
epargne_pension,Épargne-pension,épargne pension ING,ING,fr,2023-05-21,0
epargne_pension,Épargne-pension,épargne pension ING,ING,fr,2023-05-28,0
epargne_pension,Épargne-pension,épargne pension ING,ING,fr,2023-06-04,0
epargne_pension,Épargne-pension,épargne pension ING,ING,fr,2023-06-11,0
epargne_pension,Épargne-pension,épargne pension ING,ING,fr,2023-06-18,0
epargne_pension,Épargne-pension,épargne pension ING,ING,fr,2023-06-25,0
epargne_pension,Épargne-pension,épargne pension ING,ING,fr,2023-07-02,0
epargne_pension,Épargne-pension,épargne pension ING,ING,fr,2023-07-09,0
epargne_pension,Épargne-pension,épargne pension ING,ING,fr,2023-07-16,0
epargne_pension,Épargne-pension,épargne pension ING,ING,fr,2023-07-23,0
epargne_pension,Épargne-pension,épargne pension ING,ING,fr,2023-07-30,0
epargne_pension,Épargne-pension,épargne pension ING,ING,fr,2023-08-06,0
epargne_pension,Épargne-pension,épargne pension ING,ING,fr,2023-08-13,0
epargne_pension,Épargne-pension,épargne pension ING,ING,fr,2023-08-20,0
epargne_pension,Épargne-pension,épargne pension ING,ING,fr,2023-08-27,0
epargne_pension,Épargne-pension,épargne pension ING,ING,fr,2023-09-03,0
epargne_pension,Épargne-pension,épargne pension ING,ING,fr,2023-09-10,0
epargne_pension,Épargne-pension,épargne pension ING,ING,fr,2023-09-17,0
epargne_pension,Épargne-pension,épargne pension ING,ING,fr,2023-09-24,0
epargne_pension,Épargne-pension,épargne pension ING,ING,fr,2023-10-01,0
epargne_pension,Épargne-pension,épargne pension ING,ING,fr,2023-10-08,0
epargne_pension,Épargne-pension,épargne pension ING,ING,fr,2023-10-15,0
epargne_pension,Épargne-pension,épargne pension ING,ING,fr,2023-10-22,0
epargne_pension,Épargne-pension,épargne pension ING,ING,fr,2023-10-29,0
epargne_pension,Épargne-pension,épargne pension ING,ING,fr,2023-11-05,0
epargne_pension,Épargne-pension,épargne pension ING,ING,fr,2023-11-12,0
epargne_pension,Épargne-pension,épargne pension ING,ING,fr,2023-11-19,0
epargne_pension,Épargne-pension,épargne pension ING,ING,fr,2023-11-26,0
epargne_pension,Épargne-pension,épargne pension ING,ING,fr,2023-12-03,0
epargne_pension,Épargne-pension,épargne pension ING,ING,fr,2023-12-10,0
epargne_pension,Épargne-pension,épargne pension ING,ING,fr,2023-12-17,0
epargne_pension,Épargne-pension,épargne pension ING,ING,fr,2023-12-24,0
epargne_pension,Épargne-pension,épargne pension ING,ING,fr,2023-12-31,0
epargne_pension,Épargne-pension,épargne pension ING,ING,fr,2024-01-07,0
epargne_pension,Épargne-pension,épargne pension ING,ING,fr,2024-01-14,0
epargne_pension,Épargne-pension,épargne pension ING,ING,fr,2024-01-21,0
epargne_pension,Épargne-pension,épargne pension ING,ING,fr,2024-01-28,0
epargne_pension,Épargne-pension,épargne pension ING,ING,fr,2024-02-04,0
epargne_pension,Épargne-pension,épargne pension ING,ING,fr,2024-02-11,0
epargne_pension,Épargne-pension,épargne pension ING,ING,fr,2024-02-18,0
epargne_pension,Épargne-pension,épargne pension ING,ING,fr,2024-02-25,0
epargne_pension,Épargne-pension,épargne pension ING,ING,fr,2024-03-03,0
epargne_pension,Épargne-pension,épargne pension ING,ING,fr,2024-03-10,0
epargne_pension,Épargne-pension,épargne pension ING,ING,fr,2024-03-17,0
epargne_pension,Épargne-pension,épargne pension ING,ING,fr,2024-03-24,0
epargne_pension,Épargne-pension,épargne pension ING,ING,fr,2024-03-31,0
epargne_pension,Épargne-pension,épargne pension ING,ING,fr,2024-04-07,0
epargne_pension,Épargne-pension,épargne pension ING,ING,fr,2024-04-14,0
epargne_pension,Épargne-pension,épargne pension ING,ING,fr,2024-04-21,0
epargne_pension,Épargne-pension,épargne pension ING,ING,fr,2024-04-28,0
epargne_pension,Épargne-pension,épargne pension ING,ING,fr,2024-05-05,0
epargne_pension,Épargne-pension,épargne pension ING,ING,fr,2024-05-12,0
epargne_pension,Épargne-pension,épargne pension ING,ING,fr,2024-05-19,0
epargne_pension,Épargne-pension,épargne pension ING,ING,fr,2024-05-26,0
epargne_pension,Épargne-pension,épargne pension ING,ING,fr,2024-06-02,0
epargne_pension,Épargne-pension,épargne pension ING,ING,fr,2024-06-09,0
epargne_pension,Épargne-pension,épargne pension ING,ING,fr,2024-06-16,0
epargne_pension,Épargne-pension,épargne pension ING,ING,fr,2024-06-23,0
epargne_pension,Épargne-pension,épargne pension ING,ING,fr,2024-06-30,0
epargne_pension,Épargne-pension,épargne pension ING,ING,fr,2024-07-07,0
epargne_pension,Épargne-pension,épargne pension ING,ING,fr,2024-07-14,0
epargne_pension,Épargne-pension,épargne pension ING,ING,fr,2024-07-21,0
epargne_pension,Épargne-pension,épargne pension ING,ING,fr,2024-07-28,0
epargne_pension,Épargne-pension,épargne pension ING,ING,fr,2024-08-04,0
epargne_pension,Épargne-pension,épargne pension ING,ING,fr,2024-08-11,0
epargne_pension,Épargne-pension,épargne pension ING,ING,fr,2024-08-18,0
epargne_pension,Épargne-pension,épargne pension ING,ING,fr,2024-08-25,0
epargne_pension,Épargne-pension,épargne pension ING,ING,fr,2024-09-01,0
epargne_pension,Épargne-pension,épargne pension ING,ING,fr,2024-09-08,0
epargne_pension,Épargne-pension,épargne pension ING,ING,fr,2024-09-15,0
epargne_pension,Épargne-pension,épargne pension ING,ING,fr,2024-09-22,0
epargne_pension,Épargne-pension,épargne pension ING,ING,fr,2024-09-29,0
epargne_pension,Épargne-pension,épargne pension ING,ING,fr,2024-10-06,0
epargne_pension,Épargne-pension,épargne pension ING,ING,fr,2024-10-13,0
epargne_pension,Épargne-pension,épargne pension ING,ING,fr,2024-10-20,0
epargne_pension,Épargne-pension,épargne pension ING,ING,fr,2024-10-27,0
epargne_pension,Épargne-pension,épargne pension ING,ING,fr,2024-11-03,0
epargne_pension,Épargne-pension,épargne pension ING,ING,fr,2024-11-10,0
epargne_pension,Épargne-pension,épargne pension ING,ING,fr,2024-11-17,0
epargne_pension,Épargne-pension,épargne pension ING,ING,fr,2024-11-24,0
epargne_pension,Épargne-pension,épargne pension ING,ING,fr,2024-12-01,0
epargne_pension,Épargne-pension,épargne pension ING,ING,fr,2024-12-08,0
epargne_pension,Épargne-pension,épargne pension ING,ING,fr,2024-12-15,0
epargne_pension,Épargne-pension,épargne pension ING,ING,fr,2024-12-22,0
epargne_pension,Épargne-pension,épargne pension ING,ING,fr,2024-12-29,0
epargne_pension,Épargne-pension,épargne pension ING,ING,fr,2025-01-05,0
epargne_pension,Épargne-pension,épargne pension ING,ING,fr,2025-01-12,0
epargne_pension,Épargne-pension,épargne pension ING,ING,fr,2025-01-19,0
epargne_pension,Épargne-pension,épargne pension ING,ING,fr,2025-01-26,0
epargne_pension,Épargne-pension,épargne pension ING,ING,fr,2025-02-02,0
epargne_pension,Épargne-pension,épargne pension ING,ING,fr,2025-02-09,0
epargne_pension,Épargne-pension,épargne pension ING,ING,fr,2025-02-16,0
epargne_pension,Épargne-pension,épargne pension ING,ING,fr,2025-02-23,0
epargne_pension,Épargne-pension,épargne pension ING,ING,fr,2025-03-02,0
epargne_pension,Épargne-pension,épargne pension ING,ING,fr,2025-03-09,0
epargne_pension,Épargne-pension,épargne pension ING,ING,fr,2025-03-16,0
epargne_pension,Épargne-pension,épargne pension ING,ING,fr,2025-03-23,0
epargne_pension,Épargne-pension,épargne pension ING,ING,fr,2025-03-30,0
epargne_pension,Épargne-pension,épargne pension ING,ING,fr,2025-04-06,0
epargne_pension,Épargne-pension,épargne pension ING,ING,fr,2025-04-13,0
epargne_pension,Épargne-pension,épargne pension ING,ING,fr,2025-04-20,0
epargne_pension,Épargne-pension,épargne pension ING,ING,fr,2025-04-27,0
epargne_pension,Épargne-pension,épargne pension ING,ING,fr,2025-05-04,0
epargne_pension,Épargne-pension,épargne pension ING,ING,fr,2025-05-11,0
epargne_pension,Épargne-pension,épargne pension ING,ING,fr,2025-05-18,0
epargne_pension,Épargne-pension,épargne pension ING,ING,fr,2025-05-25,0
epargne_pension,Épargne-pension,épargne pension ING,ING,fr,2025-06-01,0
epargne_pension,Épargne-pension,épargne pension ING,ING,fr,2025-06-08,0
epargne_pension,Épargne-pension,épargne pension ING,ING,fr,2025-06-15,0
epargne_pension,Épargne-pension,épargne pension ING,ING,fr,2025-06-22,0
epargne_pension,Épargne-pension,épargne pension ING,ING,fr,2025-06-29,0
epargne_pension,Épargne-pension,épargne pension ING,ING,fr,2025-07-06,0
epargne_pension,Épargne-pension,épargne pension ING,ING,fr,2025-07-13,0
epargne_pension,Épargne-pension,épargne pension ING,ING,fr,2025-07-20,0
epargne_pension,Épargne-pension,épargne pension ING,ING,fr,2025-07-27,0
epargne_pension,Épargne-pension,épargne pension ING,ING,fr,2025-08-03,0
epargne_pension,Épargne-pension,épargne pension ING,ING,fr,2025-08-10,0
epargne_pension,Épargne-pension,épargne pension ING,ING,fr,2025-08-17,0
epargne_pension,Épargne-pension,épargne pension ING,ING,fr,2025-08-24,0
epargne_pension,Épargne-pension,épargne pension ING,ING,fr,2025-08-31,0
epargne_pension,Épargne-pension,épargne pension ING,ING,fr,2025-09-07,0
epargne_pension,Épargne-pension,épargne pension ING,ING,fr,2025-09-14,0
epargne_pension,Épargne-pension,épargne pension ING,ING,fr,2025-09-21,0
epargne_pension,Épargne-pension,épargne pension ING,ING,fr,2025-09-28,0
epargne_pension,Épargne-pension,épargne pension ING,ING,fr,2025-10-05,0
epargne_pension,Épargne-pension,épargne pension ING,ING,fr,2025-10-12,0
epargne_pension,Épargne-pension,épargne pension ING,ING,fr,2025-10-19,0
epargne_pension,Épargne-pension,épargne pension ING,ING,fr,2025-10-26,0
epargne_pension,Épargne-pension,épargne pension ING,ING,fr,2025-11-02,0
epargne_pension,Épargne-pension,épargne pension ING,ING,fr,2025-11-09,0
epargne_pension,Épargne-pension,épargne pension ING,ING,fr,2025-11-16,0
epargne_pension,Épargne-pension,épargne pension ING,ING,fr,2025-11-23,0
epargne_pension,Épargne-pension,épargne pension ING,ING,fr,2025-11-30,0
epargne_pension,Épargne-pension,épargne pension ING,ING,fr,2025-12-07,0
epargne_pension,Épargne-pension,épargne pension ING,ING,fr,2025-12-14,0
epargne_pension,Épargne-pension,épargne pension ING,ING,fr,2025-12-21,0
epargne_pension,Épargne-pension,épargne pension ING,ING,fr,2025-12-28,0
epargne_pension,Épargne-pension,épargne pension ING,ING,fr,2026-01-04,0
epargne_pension,Épargne-pension,épargne pension ING,ING,fr,2026-01-11,0
epargne_pension,Épargne-pension,épargne pension ING,ING,fr,2026-01-18,0
epargne_pension,Épargne-pension,épargne pension ING,ING,fr,2026-01-25,0
epargne_pension,Épargne-pension,épargne pension ING,ING,fr,2026-02-01,0
epargne_pension,Épargne-pension,épargne pension ING,ING,fr,2026-02-08,0
epargne_pension,Épargne-pension,épargne pension ING,ING,fr,2026-02-15,0
epargne_pension,Épargne-pension,épargne pension ING,ING,fr,2026-02-22,0
epargne_pension,Épargne-pension,épargne pension ING,ING,fr,2026-03-01,0
epargne_pension,Épargne-pension,épargne pension ING,ING,fr,2026-03-08,0
epargne_pension,Épargne-pension,épargne pension ING,ING,fr,2026-03-15,0
epargne_pension,Épargne-pension,épargne pension ING,ING,fr,2026-03-22,0
epargne_pension,Épargne-pension,épargne pension ING,ING,fr,2026-03-29,0
epargne_pension,Épargne-pension,épargne pension ING,ING,fr,2026-04-05,0
epargne_pension,Épargne-pension,épargne pension ING,ING,fr,2026-04-12,100
epargne_pension,Épargne-pension,épargne pension ING,ING,fr,2026-04-19,0
epargne_pension,Épargne-pension,épargne pension ING,ING,fr,2026-04-26,0
epargne_pension,Épargne-pension,épargne pension ING,ING,fr,2026-05-03,0
epargne_pension,Épargne-pension,épargne pension ING,ING,fr,2026-05-10,0
epargne_pension,Épargne-pension,épargne pension ING,ING,fr,2026-05-17,0
epargne_pension,Épargne-pension,épargne pension ING,ING,fr,2026-05-24,0
epargne_pension,Épargne-pension,épargne pension ING,ING,fr,2026-05-31,0
epargne_pension,Épargne-pension,épargne pension ING,ING,fr,2026-06-07,0
epargne_pension,Épargne-pension,épargne pension ING,ING,fr,2026-06-14,0
epargne_pension,Épargne-pension,épargne pension ING,ING,fr,2026-06-21,0
epargne_pension,Épargne-pension,épargne pension ING,ING,fr,2026-06-28,0
epargne_pension,Épargne-pension,épargne pension ING,ING,fr,2026-07-05,0
epargne_pension,Épargne-pension,épargne pension ING,ING,fr,2026-07-12,0
epargne_pension,Épargne-pension,épargne pension ING,ING,fr,2026-07-19,0
epargne_pension,Épargne-pension,épargne pension ING,ING,fr,2026-07-26,0
epargne_pension,Épargne-pension,épargne pension ING,ING,fr,2026-08-02,0
epargne_pension,Épargne-pension,épargne pension ING,ING,fr,2026-08-09,0
epargne_pension,Épargne-pension,épargne pension ING,ING,fr,2026-08-16,0
epargne_pension,Épargne-pension,épargne pension ING,ING,fr,2026-08-23,0
epargne_pension,Épargne-pension,épargne pension ING,ING,fr,2026-08-30,3
epargne_pension,Épargne-pension,épargne pension ING,ING,fr,2026-09-06,0
epargne_pension,Épargne-pension,épargne pension ING,ING,fr,2026-09-13,0
investissement_courtage,Investissement / courtage en ligne,ING Self Invest,ING,en,2021-09-12,0
investissement_courtage,Investissement / courtage en ligne,ING Self Invest,ING,en,2021-09-19,0
investissement_courtage,Investissement / courtage en ligne,ING Self Invest,ING,en,2021-09-26,0
investissement_courtage,Investissement / courtage en ligne,ING Self Invest,ING,en,2021-10-03,0
investissement_courtage,Investissement / courtage en ligne,ING Self Invest,ING,en,2021-10-10,0
investissement_courtage,Investissement / courtage en ligne,ING Self Invest,ING,en,2021-10-17,0
investissement_courtage,Investissement / courtage en ligne,ING Self Invest,ING,en,2021-10-24,0
investissement_courtage,Investissement / courtage en ligne,ING Self Invest,ING,en,2021-10-31,0
investissement_courtage,Investissement / courtage en ligne,ING Self Invest,ING,en,2021-11-07,0
investissement_courtage,Investissement / courtage en ligne,ING Self Invest,ING,en,2021-11-14,0
investissement_courtage,Investissement / courtage en ligne,ING Self Invest,ING,en,2021-11-21,0
investissement_courtage,Investissement / courtage en ligne,ING Self Invest,ING,en,2021-11-28,0
investissement_courtage,Investissement / courtage en ligne,ING Self Invest,ING,en,2021-12-05,0
investissement_courtage,Investissement / courtage en ligne,ING Self Invest,ING,en,2021-12-12,0
investissement_courtage,Investissement / courtage en ligne,ING Self Invest,ING,en,2021-12-19,0
investissement_courtage,Investissement / courtage en ligne,ING Self Invest,ING,en,2021-12-26,0
investissement_courtage,Investissement / courtage en ligne,ING Self Invest,ING,en,2022-01-02,0
investissement_courtage,Investissement / courtage en ligne,ING Self Invest,ING,en,2022-01-09,0
investissement_courtage,Investissement / courtage en ligne,ING Self Invest,ING,en,2022-01-16,0
investissement_courtage,Investissement / courtage en ligne,ING Self Invest,ING,en,2022-01-23,0
investissement_courtage,Investissement / courtage en ligne,ING Self Invest,ING,en,2022-01-30,0
investissement_courtage,Investissement / courtage en ligne,ING Self Invest,ING,en,2022-02-06,0
investissement_courtage,Investissement / courtage en ligne,ING Self Invest,ING,en,2022-02-13,0
investissement_courtage,Investissement / courtage en ligne,ING Self Invest,ING,en,2022-02-20,0
investissement_courtage,Investissement / courtage en ligne,ING Self Invest,ING,en,2022-02-27,0
investissement_courtage,Investissement / courtage en ligne,ING Self Invest,ING,en,2022-03-06,2
investissement_courtage,Investissement / courtage en ligne,ING Self Invest,ING,en,2022-03-13,2
investissement_courtage,Investissement / courtage en ligne,ING Self Invest,ING,en,2022-03-20,0
investissement_courtage,Investissement / courtage en ligne,ING Self Invest,ING,en,2022-03-27,0
investissement_courtage,Investissement / courtage en ligne,ING Self Invest,ING,en,2022-04-03,0
investissement_courtage,Investissement / courtage en ligne,ING Self Invest,ING,en,2022-04-10,0
investissement_courtage,Investissement / courtage en ligne,ING Self Invest,ING,en,2022-04-17,0
investissement_courtage,Investissement / courtage en ligne,ING Self Invest,ING,en,2022-04-24,0
investissement_courtage,Investissement / courtage en ligne,ING Self Invest,ING,en,2022-05-01,0
investissement_courtage,Investissement / courtage en ligne,ING Self Invest,ING,en,2022-05-08,0
investissement_courtage,Investissement / courtage en ligne,ING Self Invest,ING,en,2022-05-15,0
investissement_courtage,Investissement / courtage en ligne,ING Self Invest,ING,en,2022-05-22,0
investissement_courtage,Investissement / courtage en ligne,ING Self Invest,ING,en,2022-05-29,0
investissement_courtage,Investissement / courtage en ligne,ING Self Invest,ING,en,2022-06-05,0
investissement_courtage,Investissement / courtage en ligne,ING Self Invest,ING,en,2022-06-12,0
investissement_courtage,Investissement / courtage en ligne,ING Self Invest,ING,en,2022-06-19,0
investissement_courtage,Investissement / courtage en ligne,ING Self Invest,ING,en,2022-06-26,0
investissement_courtage,Investissement / courtage en ligne,ING Self Invest,ING,en,2022-07-03,0
investissement_courtage,Investissement / courtage en ligne,ING Self Invest,ING,en,2022-07-10,0
investissement_courtage,Investissement / courtage en ligne,ING Self Invest,ING,en,2022-07-17,0
investissement_courtage,Investissement / courtage en ligne,ING Self Invest,ING,en,2022-07-24,0
investissement_courtage,Investissement / courtage en ligne,ING Self Invest,ING,en,2022-07-31,0
investissement_courtage,Investissement / courtage en ligne,ING Self Invest,ING,en,2022-08-07,0
investissement_courtage,Investissement / courtage en ligne,ING Self Invest,ING,en,2022-08-14,0
investissement_courtage,Investissement / courtage en ligne,ING Self Invest,ING,en,2022-08-21,0
investissement_courtage,Investissement / courtage en ligne,ING Self Invest,ING,en,2022-08-28,0
investissement_courtage,Investissement / courtage en ligne,ING Self Invest,ING,en,2022-09-04,0
investissement_courtage,Investissement / courtage en ligne,ING Self Invest,ING,en,2022-09-11,0
investissement_courtage,Investissement / courtage en ligne,ING Self Invest,ING,en,2022-09-18,0
investissement_courtage,Investissement / courtage en ligne,ING Self Invest,ING,en,2022-09-25,0
investissement_courtage,Investissement / courtage en ligne,ING Self Invest,ING,en,2022-10-02,0
investissement_courtage,Investissement / courtage en ligne,ING Self Invest,ING,en,2022-10-09,0
investissement_courtage,Investissement / courtage en ligne,ING Self Invest,ING,en,2022-10-16,0
investissement_courtage,Investissement / courtage en ligne,ING Self Invest,ING,en,2022-10-23,0
investissement_courtage,Investissement / courtage en ligne,ING Self Invest,ING,en,2022-10-30,0
investissement_courtage,Investissement / courtage en ligne,ING Self Invest,ING,en,2022-11-06,0
investissement_courtage,Investissement / courtage en ligne,ING Self Invest,ING,en,2022-11-13,0
investissement_courtage,Investissement / courtage en ligne,ING Self Invest,ING,en,2022-11-20,0
investissement_courtage,Investissement / courtage en ligne,ING Self Invest,ING,en,2022-11-27,0
investissement_courtage,Investissement / courtage en ligne,ING Self Invest,ING,en,2022-12-04,0
investissement_courtage,Investissement / courtage en ligne,ING Self Invest,ING,en,2022-12-11,0
investissement_courtage,Investissement / courtage en ligne,ING Self Invest,ING,en,2022-12-18,0
investissement_courtage,Investissement / courtage en ligne,ING Self Invest,ING,en,2022-12-25,0
investissement_courtage,Investissement / courtage en ligne,ING Self Invest,ING,en,2023-01-01,0
investissement_courtage,Investissement / courtage en ligne,ING Self Invest,ING,en,2023-01-08,0
investissement_courtage,Investissement / courtage en ligne,ING Self Invest,ING,en,2023-01-15,0
investissement_courtage,Investissement / courtage en ligne,ING Self Invest,ING,en,2023-01-22,0
investissement_courtage,Investissement / courtage en ligne,ING Self Invest,ING,en,2023-01-29,0
investissement_courtage,Investissement / courtage en ligne,ING Self Invest,ING,en,2023-02-05,3
investissement_courtage,Investissement / courtage en ligne,ING Self Invest,ING,en,2023-02-12,0
investissement_courtage,Investissement / courtage en ligne,ING Self Invest,ING,en,2023-02-19,0
investissement_courtage,Investissement / courtage en ligne,ING Self Invest,ING,en,2023-02-26,0
investissement_courtage,Investissement / courtage en ligne,ING Self Invest,ING,en,2023-03-05,0
investissement_courtage,Investissement / courtage en ligne,ING Self Invest,ING,en,2023-03-12,0
investissement_courtage,Investissement / courtage en ligne,ING Self Invest,ING,en,2023-03-19,0
investissement_courtage,Investissement / courtage en ligne,ING Self Invest,ING,en,2023-03-26,0
investissement_courtage,Investissement / courtage en ligne,ING Self Invest,ING,en,2023-04-02,0
investissement_courtage,Investissement / courtage en ligne,ING Self Invest,ING,en,2023-04-09,0
investissement_courtage,Investissement / courtage en ligne,ING Self Invest,ING,en,2023-04-16,0
investissement_courtage,Investissement / courtage en ligne,ING Self Invest,ING,en,2023-04-23,0
investissement_courtage,Investissement / courtage en ligne,ING Self Invest,ING,en,2023-04-30,0
investissement_courtage,Investissement / courtage en ligne,ING Self Invest,ING,en,2023-05-07,0
investissement_courtage,Investissement / courtage en ligne,ING Self Invest,ING,en,2023-05-14,0
investissement_courtage,Investissement / courtage en ligne,ING Self Invest,ING,en,2023-05-21,0
investissement_courtage,Investissement / courtage en ligne,ING Self Invest,ING,en,2023-05-28,0
investissement_courtage,Investissement / courtage en ligne,ING Self Invest,ING,en,2023-06-04,0
investissement_courtage,Investissement / courtage en ligne,ING Self Invest,ING,en,2023-06-11,0
investissement_courtage,Investissement / courtage en ligne,ING Self Invest,ING,en,2023-06-18,0
investissement_courtage,Investissement / courtage en ligne,ING Self Invest,ING,en,2023-06-25,0
investissement_courtage,Investissement / courtage en ligne,ING Self Invest,ING,en,2023-07-02,0
investissement_courtage,Investissement / courtage en ligne,ING Self Invest,ING,en,2023-07-09,0
investissement_courtage,Investissement / courtage en ligne,ING Self Invest,ING,en,2023-07-16,0
investissement_courtage,Investissement / courtage en ligne,ING Self Invest,ING,en,2023-07-23,0
investissement_courtage,Investissement / courtage en ligne,ING Self Invest,ING,en,2023-07-30,0
investissement_courtage,Investissement / courtage en ligne,ING Self Invest,ING,en,2023-08-06,0
investissement_courtage,Investissement / courtage en ligne,ING Self Invest,ING,en,2023-08-13,0
investissement_courtage,Investissement / courtage en ligne,ING Self Invest,ING,en,2023-08-20,3
investissement_courtage,Investissement / courtage en ligne,ING Self Invest,ING,en,2023-08-27,3
investissement_courtage,Investissement / courtage en ligne,ING Self Invest,ING,en,2023-09-03,0
investissement_courtage,Investissement / courtage en ligne,ING Self Invest,ING,en,2023-09-10,0
investissement_courtage,Investissement / courtage en ligne,ING Self Invest,ING,en,2023-09-17,0
investissement_courtage,Investissement / courtage en ligne,ING Self Invest,ING,en,2023-09-24,0
investissement_courtage,Investissement / courtage en ligne,ING Self Invest,ING,en,2023-10-01,0
investissement_courtage,Investissement / courtage en ligne,ING Self Invest,ING,en,2023-10-08,0
investissement_courtage,Investissement / courtage en ligne,ING Self Invest,ING,en,2023-10-15,0
investissement_courtage,Investissement / courtage en ligne,ING Self Invest,ING,en,2023-10-22,0
investissement_courtage,Investissement / courtage en ligne,ING Self Invest,ING,en,2023-10-29,0
investissement_courtage,Investissement / courtage en ligne,ING Self Invest,ING,en,2023-11-05,0
investissement_courtage,Investissement / courtage en ligne,ING Self Invest,ING,en,2023-11-12,0
investissement_courtage,Investissement / courtage en ligne,ING Self Invest,ING,en,2023-11-19,0
investissement_courtage,Investissement / courtage en ligne,ING Self Invest,ING,en,2023-11-26,0
investissement_courtage,Investissement / courtage en ligne,ING Self Invest,ING,en,2023-12-03,0
investissement_courtage,Investissement / courtage en ligne,ING Self Invest,ING,en,2023-12-10,0
investissement_courtage,Investissement / courtage en ligne,ING Self Invest,ING,en,2023-12-17,0
investissement_courtage,Investissement / courtage en ligne,ING Self Invest,ING,en,2023-12-24,0
investissement_courtage,Investissement / courtage en ligne,ING Self Invest,ING,en,2023-12-31,0
investissement_courtage,Investissement / courtage en ligne,ING Self Invest,ING,en,2024-01-07,0
investissement_courtage,Investissement / courtage en ligne,ING Self Invest,ING,en,2024-01-14,0
investissement_courtage,Investissement / courtage en ligne,ING Self Invest,ING,en,2024-01-21,0
investissement_courtage,Investissement / courtage en ligne,ING Self Invest,ING,en,2024-01-28,0
investissement_courtage,Investissement / courtage en ligne,ING Self Invest,ING,en,2024-02-04,0
investissement_courtage,Investissement / courtage en ligne,ING Self Invest,ING,en,2024-02-11,0
investissement_courtage,Investissement / courtage en ligne,ING Self Invest,ING,en,2024-02-18,0
investissement_courtage,Investissement / courtage en ligne,ING Self Invest,ING,en,2024-02-25,0
investissement_courtage,Investissement / courtage en ligne,ING Self Invest,ING,en,2024-03-03,0
investissement_courtage,Investissement / courtage en ligne,ING Self Invest,ING,en,2024-03-10,0
investissement_courtage,Investissement / courtage en ligne,ING Self Invest,ING,en,2024-03-17,0
investissement_courtage,Investissement / courtage en ligne,ING Self Invest,ING,en,2024-03-24,0
investissement_courtage,Investissement / courtage en ligne,ING Self Invest,ING,en,2024-03-31,0
investissement_courtage,Investissement / courtage en ligne,ING Self Invest,ING,en,2024-04-07,0
investissement_courtage,Investissement / courtage en ligne,ING Self Invest,ING,en,2024-04-14,0
investissement_courtage,Investissement / courtage en ligne,ING Self Invest,ING,en,2024-04-21,0
investissement_courtage,Investissement / courtage en ligne,ING Self Invest,ING,en,2024-04-28,0
investissement_courtage,Investissement / courtage en ligne,ING Self Invest,ING,en,2024-05-05,0
investissement_courtage,Investissement / courtage en ligne,ING Self Invest,ING,en,2024-05-12,0
investissement_courtage,Investissement / courtage en ligne,ING Self Invest,ING,en,2024-05-19,0
investissement_courtage,Investissement / courtage en ligne,ING Self Invest,ING,en,2024-05-26,0
investissement_courtage,Investissement / courtage en ligne,ING Self Invest,ING,en,2024-06-02,0
investissement_courtage,Investissement / courtage en ligne,ING Self Invest,ING,en,2024-06-09,0
investissement_courtage,Investissement / courtage en ligne,ING Self Invest,ING,en,2024-06-16,0
investissement_courtage,Investissement / courtage en ligne,ING Self Invest,ING,en,2024-06-23,0
investissement_courtage,Investissement / courtage en ligne,ING Self Invest,ING,en,2024-06-30,0
investissement_courtage,Investissement / courtage en ligne,ING Self Invest,ING,en,2024-07-07,0
investissement_courtage,Investissement / courtage en ligne,ING Self Invest,ING,en,2024-07-14,0
investissement_courtage,Investissement / courtage en ligne,ING Self Invest,ING,en,2024-07-21,0
investissement_courtage,Investissement / courtage en ligne,ING Self Invest,ING,en,2024-07-28,0
investissement_courtage,Investissement / courtage en ligne,ING Self Invest,ING,en,2024-08-04,0
investissement_courtage,Investissement / courtage en ligne,ING Self Invest,ING,en,2024-08-11,0
investissement_courtage,Investissement / courtage en ligne,ING Self Invest,ING,en,2024-08-18,0
investissement_courtage,Investissement / courtage en ligne,ING Self Invest,ING,en,2024-08-25,0
investissement_courtage,Investissement / courtage en ligne,ING Self Invest,ING,en,2024-09-01,0
investissement_courtage,Investissement / courtage en ligne,ING Self Invest,ING,en,2024-09-08,0
investissement_courtage,Investissement / courtage en ligne,ING Self Invest,ING,en,2024-09-15,0
investissement_courtage,Investissement / courtage en ligne,ING Self Invest,ING,en,2024-09-22,0
investissement_courtage,Investissement / courtage en ligne,ING Self Invest,ING,en,2024-09-29,0
investissement_courtage,Investissement / courtage en ligne,ING Self Invest,ING,en,2024-10-06,0
investissement_courtage,Investissement / courtage en ligne,ING Self Invest,ING,en,2024-10-13,0
investissement_courtage,Investissement / courtage en ligne,ING Self Invest,ING,en,2024-10-20,0
investissement_courtage,Investissement / courtage en ligne,ING Self Invest,ING,en,2024-10-27,0
investissement_courtage,Investissement / courtage en ligne,ING Self Invest,ING,en,2024-11-03,0
investissement_courtage,Investissement / courtage en ligne,ING Self Invest,ING,en,2024-11-10,0
investissement_courtage,Investissement / courtage en ligne,ING Self Invest,ING,en,2024-11-17,0
investissement_courtage,Investissement / courtage en ligne,ING Self Invest,ING,en,2024-11-24,0
investissement_courtage,Investissement / courtage en ligne,ING Self Invest,ING,en,2024-12-01,0
investissement_courtage,Investissement / courtage en ligne,ING Self Invest,ING,en,2024-12-08,0
investissement_courtage,Investissement / courtage en ligne,ING Self Invest,ING,en,2024-12-15,0
investissement_courtage,Investissement / courtage en ligne,ING Self Invest,ING,en,2024-12-22,0
investissement_courtage,Investissement / courtage en ligne,ING Self Invest,ING,en,2024-12-29,0
investissement_courtage,Investissement / courtage en ligne,ING Self Invest,ING,en,2025-01-05,0
investissement_courtage,Investissement / courtage en ligne,ING Self Invest,ING,en,2025-01-12,0
investissement_courtage,Investissement / courtage en ligne,ING Self Invest,ING,en,2025-01-19,0
investissement_courtage,Investissement / courtage en ligne,ING Self Invest,ING,en,2025-01-26,0
investissement_courtage,Investissement / courtage en ligne,ING Self Invest,ING,en,2025-02-02,0
investissement_courtage,Investissement / courtage en ligne,ING Self Invest,ING,en,2025-02-09,0
investissement_courtage,Investissement / courtage en ligne,ING Self Invest,ING,en,2025-02-16,3
investissement_courtage,Investissement / courtage en ligne,ING Self Invest,ING,en,2025-02-23,0
investissement_courtage,Investissement / courtage en ligne,ING Self Invest,ING,en,2025-03-02,0
investissement_courtage,Investissement / courtage en ligne,ING Self Invest,ING,en,2025-03-09,0
investissement_courtage,Investissement / courtage en ligne,ING Self Invest,ING,en,2025-03-16,0
investissement_courtage,Investissement / courtage en ligne,ING Self Invest,ING,en,2025-03-23,0
investissement_courtage,Investissement / courtage en ligne,ING Self Invest,ING,en,2025-03-30,0
investissement_courtage,Investissement / courtage en ligne,ING Self Invest,ING,en,2025-04-06,0
investissement_courtage,Investissement / courtage en ligne,ING Self Invest,ING,en,2025-04-13,0
investissement_courtage,Investissement / courtage en ligne,ING Self Invest,ING,en,2025-04-20,0
investissement_courtage,Investissement / courtage en ligne,ING Self Invest,ING,en,2025-04-27,0
investissement_courtage,Investissement / courtage en ligne,ING Self Invest,ING,en,2025-05-04,0
investissement_courtage,Investissement / courtage en ligne,ING Self Invest,ING,en,2025-05-11,0
investissement_courtage,Investissement / courtage en ligne,ING Self Invest,ING,en,2025-05-18,0
investissement_courtage,Investissement / courtage en ligne,ING Self Invest,ING,en,2025-05-25,3
investissement_courtage,Investissement / courtage en ligne,ING Self Invest,ING,en,2025-06-01,0
investissement_courtage,Investissement / courtage en ligne,ING Self Invest,ING,en,2025-06-08,0
investissement_courtage,Investissement / courtage en ligne,ING Self Invest,ING,en,2025-06-15,0
investissement_courtage,Investissement / courtage en ligne,ING Self Invest,ING,en,2025-06-22,0
investissement_courtage,Investissement / courtage en ligne,ING Self Invest,ING,en,2025-06-29,0
investissement_courtage,Investissement / courtage en ligne,ING Self Invest,ING,en,2025-07-06,0
investissement_courtage,Investissement / courtage en ligne,ING Self Invest,ING,en,2025-07-13,0
investissement_courtage,Investissement / courtage en ligne,ING Self Invest,ING,en,2025-07-20,0
investissement_courtage,Investissement / courtage en ligne,ING Self Invest,ING,en,2025-07-27,0
investissement_courtage,Investissement / courtage en ligne,ING Self Invest,ING,en,2025-08-03,0
investissement_courtage,Investissement / courtage en ligne,ING Self Invest,ING,en,2025-08-10,0
investissement_courtage,Investissement / courtage en ligne,ING Self Invest,ING,en,2025-08-17,0
investissement_courtage,Investissement / courtage en ligne,ING Self Invest,ING,en,2025-08-24,0
investissement_courtage,Investissement / courtage en ligne,ING Self Invest,ING,en,2025-08-31,0
investissement_courtage,Investissement / courtage en ligne,ING Self Invest,ING,en,2025-09-07,0
investissement_courtage,Investissement / courtage en ligne,ING Self Invest,ING,en,2025-09-14,0
investissement_courtage,Investissement / courtage en ligne,ING Self Invest,ING,en,2025-09-21,0
investissement_courtage,Investissement / courtage en ligne,ING Self Invest,ING,en,2025-09-28,0
investissement_courtage,Investissement / courtage en ligne,ING Self Invest,ING,en,2025-10-05,0
investissement_courtage,Investissement / courtage en ligne,ING Self Invest,ING,en,2025-10-12,0
investissement_courtage,Investissement / courtage en ligne,ING Self Invest,ING,en,2025-10-19,0
investissement_courtage,Investissement / courtage en ligne,ING Self Invest,ING,en,2025-10-26,0
investissement_courtage,Investissement / courtage en ligne,ING Self Invest,ING,en,2025-11-02,0
investissement_courtage,Investissement / courtage en ligne,ING Self Invest,ING,en,2025-11-09,0
investissement_courtage,Investissement / courtage en ligne,ING Self Invest,ING,en,2025-11-16,0
investissement_courtage,Investissement / courtage en ligne,ING Self Invest,ING,en,2025-11-23,0
investissement_courtage,Investissement / courtage en ligne,ING Self Invest,ING,en,2025-11-30,0
investissement_courtage,Investissement / courtage en ligne,ING Self Invest,ING,en,2025-12-07,0
investissement_courtage,Investissement / courtage en ligne,ING Self Invest,ING,en,2025-12-14,0
investissement_courtage,Investissement / courtage en ligne,ING Self Invest,ING,en,2025-12-21,0
investissement_courtage,Investissement / courtage en ligne,ING Self Invest,ING,en,2025-12-28,0
investissement_courtage,Investissement / courtage en ligne,ING Self Invest,ING,en,2026-01-04,0
investissement_courtage,Investissement / courtage en ligne,ING Self Invest,ING,en,2026-01-11,0
investissement_courtage,Investissement / courtage en ligne,ING Self Invest,ING,en,2026-01-18,0
investissement_courtage,Investissement / courtage en ligne,ING Self Invest,ING,en,2026-01-25,0
investissement_courtage,Investissement / courtage en ligne,ING Self Invest,ING,en,2026-02-01,0
investissement_courtage,Investissement / courtage en ligne,ING Self Invest,ING,en,2026-02-08,0
investissement_courtage,Investissement / courtage en ligne,ING Self Invest,ING,en,2026-02-15,0
investissement_courtage,Investissement / courtage en ligne,ING Self Invest,ING,en,2026-02-22,0
investissement_courtage,Investissement / courtage en ligne,ING Self Invest,ING,en,2026-03-01,0
investissement_courtage,Investissement / courtage en ligne,ING Self Invest,ING,en,2026-03-08,0
investissement_courtage,Investissement / courtage en ligne,ING Self Invest,ING,en,2026-03-15,0
investissement_courtage,Investissement / courtage en ligne,ING Self Invest,ING,en,2026-03-22,0
investissement_courtage,Investissement / courtage en ligne,ING Self Invest,ING,en,2026-03-29,0
investissement_courtage,Investissement / courtage en ligne,ING Self Invest,ING,en,2026-04-05,0
investissement_courtage,Investissement / courtage en ligne,ING Self Invest,ING,en,2026-04-12,0
investissement_courtage,Investissement / courtage en ligne,ING Self Invest,ING,en,2026-04-19,0
investissement_courtage,Investissement / courtage en ligne,ING Self Invest,ING,en,2026-04-26,0
investissement_courtage,Investissement / courtage en ligne,ING Self Invest,ING,en,2026-05-03,0
investissement_courtage,Investissement / courtage en ligne,ING Self Invest,ING,en,2026-05-10,0
investissement_courtage,Investissement / courtage en ligne,ING Self Invest,ING,en,2026-05-17,0
investissement_courtage,Investissement / courtage en ligne,ING Self Invest,ING,en,2026-05-24,0
investissement_courtage,Investissement / courtage en ligne,ING Self Invest,ING,en,2026-05-31,0
investissement_courtage,Investissement / courtage en ligne,ING Self Invest,ING,en,2026-06-07,0
investissement_courtage,Investissement / courtage en ligne,ING Self Invest,ING,en,2026-06-14,0
investissement_courtage,Investissement / courtage en ligne,ING Self Invest,ING,en,2026-06-21,0
investissement_courtage,Investissement / courtage en ligne,ING Self Invest,ING,en,2026-06-28,0
investissement_courtage,Investissement / courtage en ligne,ING Self Invest,ING,en,2026-07-05,0
investissement_courtage,Investissement / courtage en ligne,ING Self Invest,ING,en,2026-07-12,0
investissement_courtage,Investissement / courtage en ligne,ING Self Invest,ING,en,2026-07-19,0
investissement_courtage,Investissement / courtage en ligne,ING Self Invest,ING,en,2026-07-26,0
investissement_courtage,Investissement / courtage en ligne,ING Self Invest,ING,en,2026-08-02,0
investissement_courtage,Investissement / courtage en ligne,ING Self Invest,ING,en,2026-08-09,0
investissement_courtage,Investissement / courtage en ligne,ING Self Invest,ING,en,2026-08-16,0
investissement_courtage,Investissement / courtage en ligne,ING Self Invest,ING,en,2026-08-23,0
investissement_courtage,Investissement / courtage en ligne,ING Self Invest,ING,en,2026-08-30,0
investissement_courtage,Investissement / courtage en ligne,ING Self Invest,ING,en,2026-09-06,0
investissement_courtage,Investissement / courtage en ligne,ING Self Invest,ING,en,2026-09-13,0
pret_hypothecaire,Prêt hypothécaire,ING hypothecair krediet,ING,nl,2021-09-12,0
pret_hypothecaire,Prêt hypothécaire,ING hypothecair krediet,ING,nl,2021-09-19,0
pret_hypothecaire,Prêt hypothécaire,ING hypothecair krediet,ING,nl,2021-09-26,0
pret_hypothecaire,Prêt hypothécaire,ING hypothecair krediet,ING,nl,2021-10-03,0
pret_hypothecaire,Prêt hypothécaire,ING hypothecair krediet,ING,nl,2021-10-10,0
pret_hypothecaire,Prêt hypothécaire,ING hypothecair krediet,ING,nl,2021-10-17,0
pret_hypothecaire,Prêt hypothécaire,ING hypothecair krediet,ING,nl,2021-10-24,0
pret_hypothecaire,Prêt hypothécaire,ING hypothecair krediet,ING,nl,2021-10-31,0
pret_hypothecaire,Prêt hypothécaire,ING hypothecair krediet,ING,nl,2021-11-07,0
pret_hypothecaire,Prêt hypothécaire,ING hypothecair krediet,ING,nl,2021-11-14,0
pret_hypothecaire,Prêt hypothécaire,ING hypothecair krediet,ING,nl,2021-11-21,0
pret_hypothecaire,Prêt hypothécaire,ING hypothecair krediet,ING,nl,2021-11-28,0
pret_hypothecaire,Prêt hypothécaire,ING hypothecair krediet,ING,nl,2021-12-05,0
pret_hypothecaire,Prêt hypothécaire,ING hypothecair krediet,ING,nl,2021-12-12,0
pret_hypothecaire,Prêt hypothécaire,ING hypothecair krediet,ING,nl,2021-12-19,0
pret_hypothecaire,Prêt hypothécaire,ING hypothecair krediet,ING,nl,2021-12-26,0
pret_hypothecaire,Prêt hypothécaire,ING hypothecair krediet,ING,nl,2022-01-02,0
pret_hypothecaire,Prêt hypothécaire,ING hypothecair krediet,ING,nl,2022-01-09,0
pret_hypothecaire,Prêt hypothécaire,ING hypothecair krediet,ING,nl,2022-01-16,0
pret_hypothecaire,Prêt hypothécaire,ING hypothecair krediet,ING,nl,2022-01-23,0
pret_hypothecaire,Prêt hypothécaire,ING hypothecair krediet,ING,nl,2022-01-30,0
pret_hypothecaire,Prêt hypothécaire,ING hypothecair krediet,ING,nl,2022-02-06,0
pret_hypothecaire,Prêt hypothécaire,ING hypothecair krediet,ING,nl,2022-02-13,0
pret_hypothecaire,Prêt hypothécaire,ING hypothecair krediet,ING,nl,2022-02-20,0
pret_hypothecaire,Prêt hypothécaire,ING hypothecair krediet,ING,nl,2022-02-27,0
pret_hypothecaire,Prêt hypothécaire,ING hypothecair krediet,ING,nl,2022-03-06,0
pret_hypothecaire,Prêt hypothécaire,ING hypothecair krediet,ING,nl,2022-03-13,0
pret_hypothecaire,Prêt hypothécaire,ING hypothecair krediet,ING,nl,2022-03-20,0
pret_hypothecaire,Prêt hypothécaire,ING hypothecair krediet,ING,nl,2022-03-27,0
pret_hypothecaire,Prêt hypothécaire,ING hypothecair krediet,ING,nl,2022-04-03,0
pret_hypothecaire,Prêt hypothécaire,ING hypothecair krediet,ING,nl,2022-04-10,0
pret_hypothecaire,Prêt hypothécaire,ING hypothecair krediet,ING,nl,2022-04-17,0
pret_hypothecaire,Prêt hypothécaire,ING hypothecair krediet,ING,nl,2022-04-24,0
pret_hypothecaire,Prêt hypothécaire,ING hypothecair krediet,ING,nl,2022-05-01,0
pret_hypothecaire,Prêt hypothécaire,ING hypothecair krediet,ING,nl,2022-05-08,0
pret_hypothecaire,Prêt hypothécaire,ING hypothecair krediet,ING,nl,2022-05-15,0
pret_hypothecaire,Prêt hypothécaire,ING hypothecair krediet,ING,nl,2022-05-22,0
pret_hypothecaire,Prêt hypothécaire,ING hypothecair krediet,ING,nl,2022-05-29,0
pret_hypothecaire,Prêt hypothécaire,ING hypothecair krediet,ING,nl,2022-06-05,0
pret_hypothecaire,Prêt hypothécaire,ING hypothecair krediet,ING,nl,2022-06-12,0
pret_hypothecaire,Prêt hypothécaire,ING hypothecair krediet,ING,nl,2022-06-19,0
pret_hypothecaire,Prêt hypothécaire,ING hypothecair krediet,ING,nl,2022-06-26,0
pret_hypothecaire,Prêt hypothécaire,ING hypothecair krediet,ING,nl,2022-07-03,0
pret_hypothecaire,Prêt hypothécaire,ING hypothecair krediet,ING,nl,2022-07-10,0
pret_hypothecaire,Prêt hypothécaire,ING hypothecair krediet,ING,nl,2022-07-17,0
pret_hypothecaire,Prêt hypothécaire,ING hypothecair krediet,ING,nl,2022-07-24,0
pret_hypothecaire,Prêt hypothécaire,ING hypothecair krediet,ING,nl,2022-07-31,0
pret_hypothecaire,Prêt hypothécaire,ING hypothecair krediet,ING,nl,2022-08-07,0
pret_hypothecaire,Prêt hypothécaire,ING hypothecair krediet,ING,nl,2022-08-14,0
pret_hypothecaire,Prêt hypothécaire,ING hypothecair krediet,ING,nl,2022-08-21,0
pret_hypothecaire,Prêt hypothécaire,ING hypothecair krediet,ING,nl,2022-08-28,0
pret_hypothecaire,Prêt hypothécaire,ING hypothecair krediet,ING,nl,2022-09-04,0
pret_hypothecaire,Prêt hypothécaire,ING hypothecair krediet,ING,nl,2022-09-11,0
pret_hypothecaire,Prêt hypothécaire,ING hypothecair krediet,ING,nl,2022-09-18,0
pret_hypothecaire,Prêt hypothécaire,ING hypothecair krediet,ING,nl,2022-09-25,0
pret_hypothecaire,Prêt hypothécaire,ING hypothecair krediet,ING,nl,2022-10-02,0
pret_hypothecaire,Prêt hypothécaire,ING hypothecair krediet,ING,nl,2022-10-09,0
pret_hypothecaire,Prêt hypothécaire,ING hypothecair krediet,ING,nl,2022-10-16,0
pret_hypothecaire,Prêt hypothécaire,ING hypothecair krediet,ING,nl,2022-10-23,0
pret_hypothecaire,Prêt hypothécaire,ING hypothecair krediet,ING,nl,2022-10-30,0
pret_hypothecaire,Prêt hypothécaire,ING hypothecair krediet,ING,nl,2022-11-06,0
pret_hypothecaire,Prêt hypothécaire,ING hypothecair krediet,ING,nl,2022-11-13,0
pret_hypothecaire,Prêt hypothécaire,ING hypothecair krediet,ING,nl,2022-11-20,0
pret_hypothecaire,Prêt hypothécaire,ING hypothecair krediet,ING,nl,2022-11-27,0
pret_hypothecaire,Prêt hypothécaire,ING hypothecair krediet,ING,nl,2022-12-04,0
pret_hypothecaire,Prêt hypothécaire,ING hypothecair krediet,ING,nl,2022-12-11,0
pret_hypothecaire,Prêt hypothécaire,ING hypothecair krediet,ING,nl,2022-12-18,0
pret_hypothecaire,Prêt hypothécaire,ING hypothecair krediet,ING,nl,2022-12-25,0
pret_hypothecaire,Prêt hypothécaire,ING hypothecair krediet,ING,nl,2023-01-01,0
pret_hypothecaire,Prêt hypothécaire,ING hypothecair krediet,ING,nl,2023-01-08,0
pret_hypothecaire,Prêt hypothécaire,ING hypothecair krediet,ING,nl,2023-01-15,0
pret_hypothecaire,Prêt hypothécaire,ING hypothecair krediet,ING,nl,2023-01-22,0
pret_hypothecaire,Prêt hypothécaire,ING hypothecair krediet,ING,nl,2023-01-29,0
pret_hypothecaire,Prêt hypothécaire,ING hypothecair krediet,ING,nl,2023-02-05,0
pret_hypothecaire,Prêt hypothécaire,ING hypothecair krediet,ING,nl,2023-02-12,0
pret_hypothecaire,Prêt hypothécaire,ING hypothecair krediet,ING,nl,2023-02-19,0
pret_hypothecaire,Prêt hypothécaire,ING hypothecair krediet,ING,nl,2023-02-26,0
pret_hypothecaire,Prêt hypothécaire,ING hypothecair krediet,ING,nl,2023-03-05,0
pret_hypothecaire,Prêt hypothécaire,ING hypothecair krediet,ING,nl,2023-03-12,0
pret_hypothecaire,Prêt hypothécaire,ING hypothecair krediet,ING,nl,2023-03-19,0
pret_hypothecaire,Prêt hypothécaire,ING hypothecair krediet,ING,nl,2023-03-26,0
pret_hypothecaire,Prêt hypothécaire,ING hypothecair krediet,ING,nl,2023-04-02,0
pret_hypothecaire,Prêt hypothécaire,ING hypothecair krediet,ING,nl,2023-04-09,0
pret_hypothecaire,Prêt hypothécaire,ING hypothecair krediet,ING,nl,2023-04-16,0
pret_hypothecaire,Prêt hypothécaire,ING hypothecair krediet,ING,nl,2023-04-23,0
pret_hypothecaire,Prêt hypothécaire,ING hypothecair krediet,ING,nl,2023-04-30,0
pret_hypothecaire,Prêt hypothécaire,ING hypothecair krediet,ING,nl,2023-05-07,0
pret_hypothecaire,Prêt hypothécaire,ING hypothecair krediet,ING,nl,2023-05-14,0
pret_hypothecaire,Prêt hypothécaire,ING hypothecair krediet,ING,nl,2023-05-21,0
pret_hypothecaire,Prêt hypothécaire,ING hypothecair krediet,ING,nl,2023-05-28,0
pret_hypothecaire,Prêt hypothécaire,ING hypothecair krediet,ING,nl,2023-06-04,0
pret_hypothecaire,Prêt hypothécaire,ING hypothecair krediet,ING,nl,2023-06-11,0
pret_hypothecaire,Prêt hypothécaire,ING hypothecair krediet,ING,nl,2023-06-18,0
pret_hypothecaire,Prêt hypothécaire,ING hypothecair krediet,ING,nl,2023-06-25,0
pret_hypothecaire,Prêt hypothécaire,ING hypothecair krediet,ING,nl,2023-07-02,0
pret_hypothecaire,Prêt hypothécaire,ING hypothecair krediet,ING,nl,2023-07-09,0
pret_hypothecaire,Prêt hypothécaire,ING hypothecair krediet,ING,nl,2023-07-16,0
pret_hypothecaire,Prêt hypothécaire,ING hypothecair krediet,ING,nl,2023-07-23,0
pret_hypothecaire,Prêt hypothécaire,ING hypothecair krediet,ING,nl,2023-07-30,0
pret_hypothecaire,Prêt hypothécaire,ING hypothecair krediet,ING,nl,2023-08-06,0
pret_hypothecaire,Prêt hypothécaire,ING hypothecair krediet,ING,nl,2023-08-13,0
pret_hypothecaire,Prêt hypothécaire,ING hypothecair krediet,ING,nl,2023-08-20,0
pret_hypothecaire,Prêt hypothécaire,ING hypothecair krediet,ING,nl,2023-08-27,0
pret_hypothecaire,Prêt hypothécaire,ING hypothecair krediet,ING,nl,2023-09-03,0
pret_hypothecaire,Prêt hypothécaire,ING hypothecair krediet,ING,nl,2023-09-10,0
pret_hypothecaire,Prêt hypothécaire,ING hypothecair krediet,ING,nl,2023-09-17,0
pret_hypothecaire,Prêt hypothécaire,ING hypothecair krediet,ING,nl,2023-09-24,0
pret_hypothecaire,Prêt hypothécaire,ING hypothecair krediet,ING,nl,2023-10-01,0
pret_hypothecaire,Prêt hypothécaire,ING hypothecair krediet,ING,nl,2023-10-08,0
pret_hypothecaire,Prêt hypothécaire,ING hypothecair krediet,ING,nl,2023-10-15,0
pret_hypothecaire,Prêt hypothécaire,ING hypothecair krediet,ING,nl,2023-10-22,0
pret_hypothecaire,Prêt hypothécaire,ING hypothecair krediet,ING,nl,2023-10-29,0
pret_hypothecaire,Prêt hypothécaire,ING hypothecair krediet,ING,nl,2023-11-05,0
pret_hypothecaire,Prêt hypothécaire,ING hypothecair krediet,ING,nl,2023-11-12,0
pret_hypothecaire,Prêt hypothécaire,ING hypothecair krediet,ING,nl,2023-11-19,0
pret_hypothecaire,Prêt hypothécaire,ING hypothecair krediet,ING,nl,2023-11-26,0
pret_hypothecaire,Prêt hypothécaire,ING hypothecair krediet,ING,nl,2023-12-03,0
pret_hypothecaire,Prêt hypothécaire,ING hypothecair krediet,ING,nl,2023-12-10,0
pret_hypothecaire,Prêt hypothécaire,ING hypothecair krediet,ING,nl,2023-12-17,0
pret_hypothecaire,Prêt hypothécaire,ING hypothecair krediet,ING,nl,2023-12-24,0
pret_hypothecaire,Prêt hypothécaire,ING hypothecair krediet,ING,nl,2023-12-31,0
pret_hypothecaire,Prêt hypothécaire,ING hypothecair krediet,ING,nl,2024-01-07,0
pret_hypothecaire,Prêt hypothécaire,ING hypothecair krediet,ING,nl,2024-01-14,0
pret_hypothecaire,Prêt hypothécaire,ING hypothecair krediet,ING,nl,2024-01-21,0
pret_hypothecaire,Prêt hypothécaire,ING hypothecair krediet,ING,nl,2024-01-28,0
pret_hypothecaire,Prêt hypothécaire,ING hypothecair krediet,ING,nl,2024-02-04,0
pret_hypothecaire,Prêt hypothécaire,ING hypothecair krediet,ING,nl,2024-02-11,0
pret_hypothecaire,Prêt hypothécaire,ING hypothecair krediet,ING,nl,2024-02-18,0
pret_hypothecaire,Prêt hypothécaire,ING hypothecair krediet,ING,nl,2024-02-25,0
pret_hypothecaire,Prêt hypothécaire,ING hypothecair krediet,ING,nl,2024-03-03,0
pret_hypothecaire,Prêt hypothécaire,ING hypothecair krediet,ING,nl,2024-03-10,0
pret_hypothecaire,Prêt hypothécaire,ING hypothecair krediet,ING,nl,2024-03-17,0
pret_hypothecaire,Prêt hypothécaire,ING hypothecair krediet,ING,nl,2024-03-24,0
pret_hypothecaire,Prêt hypothécaire,ING hypothecair krediet,ING,nl,2024-03-31,0
pret_hypothecaire,Prêt hypothécaire,ING hypothecair krediet,ING,nl,2024-04-07,0
pret_hypothecaire,Prêt hypothécaire,ING hypothecair krediet,ING,nl,2024-04-14,0
pret_hypothecaire,Prêt hypothécaire,ING hypothecair krediet,ING,nl,2024-04-21,0
pret_hypothecaire,Prêt hypothécaire,ING hypothecair krediet,ING,nl,2024-04-28,0
pret_hypothecaire,Prêt hypothécaire,ING hypothecair krediet,ING,nl,2024-05-05,0
pret_hypothecaire,Prêt hypothécaire,ING hypothecair krediet,ING,nl,2024-05-12,0
pret_hypothecaire,Prêt hypothécaire,ING hypothecair krediet,ING,nl,2024-05-19,0
pret_hypothecaire,Prêt hypothécaire,ING hypothecair krediet,ING,nl,2024-05-26,0
pret_hypothecaire,Prêt hypothécaire,ING hypothecair krediet,ING,nl,2024-06-02,0
pret_hypothecaire,Prêt hypothécaire,ING hypothecair krediet,ING,nl,2024-06-09,0
pret_hypothecaire,Prêt hypothécaire,ING hypothecair krediet,ING,nl,2024-06-16,0
pret_hypothecaire,Prêt hypothécaire,ING hypothecair krediet,ING,nl,2024-06-23,0
pret_hypothecaire,Prêt hypothécaire,ING hypothecair krediet,ING,nl,2024-06-30,0
pret_hypothecaire,Prêt hypothécaire,ING hypothecair krediet,ING,nl,2024-07-07,0
pret_hypothecaire,Prêt hypothécaire,ING hypothecair krediet,ING,nl,2024-07-14,0
pret_hypothecaire,Prêt hypothécaire,ING hypothecair krediet,ING,nl,2024-07-21,0
pret_hypothecaire,Prêt hypothécaire,ING hypothecair krediet,ING,nl,2024-07-28,0
pret_hypothecaire,Prêt hypothécaire,ING hypothecair krediet,ING,nl,2024-08-04,0
pret_hypothecaire,Prêt hypothécaire,ING hypothecair krediet,ING,nl,2024-08-11,0
pret_hypothecaire,Prêt hypothécaire,ING hypothecair krediet,ING,nl,2024-08-18,0
pret_hypothecaire,Prêt hypothécaire,ING hypothecair krediet,ING,nl,2024-08-25,0
pret_hypothecaire,Prêt hypothécaire,ING hypothecair krediet,ING,nl,2024-09-01,0
pret_hypothecaire,Prêt hypothécaire,ING hypothecair krediet,ING,nl,2024-09-08,0
pret_hypothecaire,Prêt hypothécaire,ING hypothecair krediet,ING,nl,2024-09-15,0
pret_hypothecaire,Prêt hypothécaire,ING hypothecair krediet,ING,nl,2024-09-22,0
pret_hypothecaire,Prêt hypothécaire,ING hypothecair krediet,ING,nl,2024-09-29,0
pret_hypothecaire,Prêt hypothécaire,ING hypothecair krediet,ING,nl,2024-10-06,0
pret_hypothecaire,Prêt hypothécaire,ING hypothecair krediet,ING,nl,2024-10-13,0
pret_hypothecaire,Prêt hypothécaire,ING hypothecair krediet,ING,nl,2024-10-20,0
pret_hypothecaire,Prêt hypothécaire,ING hypothecair krediet,ING,nl,2024-10-27,0
pret_hypothecaire,Prêt hypothécaire,ING hypothecair krediet,ING,nl,2024-11-03,0
pret_hypothecaire,Prêt hypothécaire,ING hypothecair krediet,ING,nl,2024-11-10,0
pret_hypothecaire,Prêt hypothécaire,ING hypothecair krediet,ING,nl,2024-11-17,0
pret_hypothecaire,Prêt hypothécaire,ING hypothecair krediet,ING,nl,2024-11-24,0
pret_hypothecaire,Prêt hypothécaire,ING hypothecair krediet,ING,nl,2024-12-01,0
pret_hypothecaire,Prêt hypothécaire,ING hypothecair krediet,ING,nl,2024-12-08,0
pret_hypothecaire,Prêt hypothécaire,ING hypothecair krediet,ING,nl,2024-12-15,0
pret_hypothecaire,Prêt hypothécaire,ING hypothecair krediet,ING,nl,2024-12-22,0
pret_hypothecaire,Prêt hypothécaire,ING hypothecair krediet,ING,nl,2024-12-29,0
pret_hypothecaire,Prêt hypothécaire,ING hypothecair krediet,ING,nl,2025-01-05,0
pret_hypothecaire,Prêt hypothécaire,ING hypothecair krediet,ING,nl,2025-01-12,0
pret_hypothecaire,Prêt hypothécaire,ING hypothecair krediet,ING,nl,2025-01-19,0
pret_hypothecaire,Prêt hypothécaire,ING hypothecair krediet,ING,nl,2025-01-26,0
pret_hypothecaire,Prêt hypothécaire,ING hypothecair krediet,ING,nl,2025-02-02,0
pret_hypothecaire,Prêt hypothécaire,ING hypothecair krediet,ING,nl,2025-02-09,0
pret_hypothecaire,Prêt hypothécaire,ING hypothecair krediet,ING,nl,2025-02-16,0
pret_hypothecaire,Prêt hypothécaire,ING hypothecair krediet,ING,nl,2025-02-23,0
pret_hypothecaire,Prêt hypothécaire,ING hypothecair krediet,ING,nl,2025-03-02,0
pret_hypothecaire,Prêt hypothécaire,ING hypothecair krediet,ING,nl,2025-03-09,0
pret_hypothecaire,Prêt hypothécaire,ING hypothecair krediet,ING,nl,2025-03-16,0
pret_hypothecaire,Prêt hypothécaire,ING hypothecair krediet,ING,nl,2025-03-23,0
pret_hypothecaire,Prêt hypothécaire,ING hypothecair krediet,ING,nl,2025-03-30,0
pret_hypothecaire,Prêt hypothécaire,ING hypothecair krediet,ING,nl,2025-04-06,0
pret_hypothecaire,Prêt hypothécaire,ING hypothecair krediet,ING,nl,2025-04-13,0
pret_hypothecaire,Prêt hypothécaire,ING hypothecair krediet,ING,nl,2025-04-20,0
pret_hypothecaire,Prêt hypothécaire,ING hypothecair krediet,ING,nl,2025-04-27,0
pret_hypothecaire,Prêt hypothécaire,ING hypothecair krediet,ING,nl,2025-05-04,0
pret_hypothecaire,Prêt hypothécaire,ING hypothecair krediet,ING,nl,2025-05-11,0
pret_hypothecaire,Prêt hypothécaire,ING hypothecair krediet,ING,nl,2025-05-18,0
pret_hypothecaire,Prêt hypothécaire,ING hypothecair krediet,ING,nl,2025-05-25,0
pret_hypothecaire,Prêt hypothécaire,ING hypothecair krediet,ING,nl,2025-06-01,0
pret_hypothecaire,Prêt hypothécaire,ING hypothecair krediet,ING,nl,2025-06-08,0
pret_hypothecaire,Prêt hypothécaire,ING hypothecair krediet,ING,nl,2025-06-15,0
pret_hypothecaire,Prêt hypothécaire,ING hypothecair krediet,ING,nl,2025-06-22,0
pret_hypothecaire,Prêt hypothécaire,ING hypothecair krediet,ING,nl,2025-06-29,0
pret_hypothecaire,Prêt hypothécaire,ING hypothecair krediet,ING,nl,2025-07-06,0
pret_hypothecaire,Prêt hypothécaire,ING hypothecair krediet,ING,nl,2025-07-13,0
pret_hypothecaire,Prêt hypothécaire,ING hypothecair krediet,ING,nl,2025-07-20,0
pret_hypothecaire,Prêt hypothécaire,ING hypothecair krediet,ING,nl,2025-07-27,0
pret_hypothecaire,Prêt hypothécaire,ING hypothecair krediet,ING,nl,2025-08-03,0
pret_hypothecaire,Prêt hypothécaire,ING hypothecair krediet,ING,nl,2025-08-10,0
pret_hypothecaire,Prêt hypothécaire,ING hypothecair krediet,ING,nl,2025-08-17,0
pret_hypothecaire,Prêt hypothécaire,ING hypothecair krediet,ING,nl,2025-08-24,0
pret_hypothecaire,Prêt hypothécaire,ING hypothecair krediet,ING,nl,2025-08-31,0
pret_hypothecaire,Prêt hypothécaire,ING hypothecair krediet,ING,nl,2025-09-07,0
pret_hypothecaire,Prêt hypothécaire,ING hypothecair krediet,ING,nl,2025-09-14,0
pret_hypothecaire,Prêt hypothécaire,ING hypothecair krediet,ING,nl,2025-09-21,0
pret_hypothecaire,Prêt hypothécaire,ING hypothecair krediet,ING,nl,2025-09-28,0
pret_hypothecaire,Prêt hypothécaire,ING hypothecair krediet,ING,nl,2025-10-05,0
pret_hypothecaire,Prêt hypothécaire,ING hypothecair krediet,ING,nl,2025-10-12,0
pret_hypothecaire,Prêt hypothécaire,ING hypothecair krediet,ING,nl,2025-10-19,0
pret_hypothecaire,Prêt hypothécaire,ING hypothecair krediet,ING,nl,2025-10-26,0
pret_hypothecaire,Prêt hypothécaire,ING hypothecair krediet,ING,nl,2025-11-02,0
pret_hypothecaire,Prêt hypothécaire,ING hypothecair krediet,ING,nl,2025-11-09,0
pret_hypothecaire,Prêt hypothécaire,ING hypothecair krediet,ING,nl,2025-11-16,0
pret_hypothecaire,Prêt hypothécaire,ING hypothecair krediet,ING,nl,2025-11-23,0
pret_hypothecaire,Prêt hypothécaire,ING hypothecair krediet,ING,nl,2025-11-30,0
pret_hypothecaire,Prêt hypothécaire,ING hypothecair krediet,ING,nl,2025-12-07,0
pret_hypothecaire,Prêt hypothécaire,ING hypothecair krediet,ING,nl,2025-12-14,69
pret_hypothecaire,Prêt hypothécaire,ING hypothecair krediet,ING,nl,2025-12-21,0
pret_hypothecaire,Prêt hypothécaire,ING hypothecair krediet,ING,nl,2025-12-28,0
pret_hypothecaire,Prêt hypothécaire,ING hypothecair krediet,ING,nl,2026-01-04,0
pret_hypothecaire,Prêt hypothécaire,ING hypothecair krediet,ING,nl,2026-01-11,0
pret_hypothecaire,Prêt hypothécaire,ING hypothecair krediet,ING,nl,2026-01-18,0
pret_hypothecaire,Prêt hypothécaire,ING hypothecair krediet,ING,nl,2026-01-25,0
pret_hypothecaire,Prêt hypothécaire,ING hypothecair krediet,ING,nl,2026-02-01,0
pret_hypothecaire,Prêt hypothécaire,ING hypothecair krediet,ING,nl,2026-02-08,0
pret_hypothecaire,Prêt hypothécaire,ING hypothecair krediet,ING,nl,2026-02-15,0
pret_hypothecaire,Prêt hypothécaire,ING hypothecair krediet,ING,nl,2026-02-22,0
pret_hypothecaire,Prêt hypothécaire,ING hypothecair krediet,ING,nl,2026-03-01,0
pret_hypothecaire,Prêt hypothécaire,ING hypothecair krediet,ING,nl,2026-03-08,0
pret_hypothecaire,Prêt hypothécaire,ING hypothecair krediet,ING,nl,2026-03-15,0
pret_hypothecaire,Prêt hypothécaire,ING hypothecair krediet,ING,nl,2026-03-22,0
pret_hypothecaire,Prêt hypothécaire,ING hypothecair krediet,ING,nl,2026-03-29,0
pret_hypothecaire,Prêt hypothécaire,ING hypothecair krediet,ING,nl,2026-04-05,0
pret_hypothecaire,Prêt hypothécaire,ING hypothecair krediet,ING,nl,2026-04-12,0
pret_hypothecaire,Prêt hypothécaire,ING hypothecair krediet,ING,nl,2026-04-19,96
pret_hypothecaire,Prêt hypothécaire,ING hypothecair krediet,ING,nl,2026-04-26,0
pret_hypothecaire,Prêt hypothécaire,ING hypothecair krediet,ING,nl,2026-05-03,0
pret_hypothecaire,Prêt hypothécaire,ING hypothecair krediet,ING,nl,2026-05-10,0
pret_hypothecaire,Prêt hypothécaire,ING hypothecair krediet,ING,nl,2026-05-17,0
pret_hypothecaire,Prêt hypothécaire,ING hypothecair krediet,ING,nl,2026-05-24,0
pret_hypothecaire,Prêt hypothécaire,ING hypothecair krediet,ING,nl,2026-05-31,0
pret_hypothecaire,Prêt hypothécaire,ING hypothecair krediet,ING,nl,2026-06-07,0
pret_hypothecaire,Prêt hypothécaire,ING hypothecair krediet,ING,nl,2026-06-14,0
pret_hypothecaire,Prêt hypothécaire,ING hypothecair krediet,ING,nl,2026-06-21,0
pret_hypothecaire,Prêt hypothécaire,ING hypothecair krediet,ING,nl,2026-06-28,0
pret_hypothecaire,Prêt hypothécaire,ING hypothecair krediet,ING,nl,2026-07-05,0
pret_hypothecaire,Prêt hypothécaire,ING hypothecair krediet,ING,nl,2026-07-12,0
pret_hypothecaire,Prêt hypothécaire,ING hypothecair krediet,ING,nl,2026-07-19,0
pret_hypothecaire,Prêt hypothécaire,ING hypothecair krediet,ING,nl,2026-07-26,0
pret_hypothecaire,Prêt hypothécaire,ING hypothecair krediet,ING,nl,2026-08-02,0
pret_hypothecaire,Prêt hypothécaire,ING hypothecair krediet,ING,nl,2026-08-09,0
pret_hypothecaire,Prêt hypothécaire,ING hypothecair krediet,ING,nl,2026-08-16,0
pret_hypothecaire,Prêt hypothécaire,ING hypothecair krediet,ING,nl,2026-08-23,0
pret_hypothecaire,Prêt hypothécaire,ING hypothecair krediet,ING,nl,2026-08-30,0
pret_hypothecaire,Prêt hypothécaire,ING hypothecair krediet,ING,nl,2026-09-06,0
pret_hypothecaire,Prêt hypothécaire,ING hypothecair krediet,ING,nl,2026-09-13,0
pret_hypothecaire,Prêt hypothécaire,prêt hypothécaire ING,ING,fr,2021-09-12,0
pret_hypothecaire,Prêt hypothécaire,prêt hypothécaire ING,ING,fr,2021-09-19,0
pret_hypothecaire,Prêt hypothécaire,prêt hypothécaire ING,ING,fr,2021-09-26,0
pret_hypothecaire,Prêt hypothécaire,prêt hypothécaire ING,ING,fr,2021-10-03,0
pret_hypothecaire,Prêt hypothécaire,prêt hypothécaire ING,ING,fr,2021-10-10,0
pret_hypothecaire,Prêt hypothécaire,prêt hypothécaire ING,ING,fr,2021-10-17,0
pret_hypothecaire,Prêt hypothécaire,prêt hypothécaire ING,ING,fr,2021-10-24,0
pret_hypothecaire,Prêt hypothécaire,prêt hypothécaire ING,ING,fr,2021-10-31,0
pret_hypothecaire,Prêt hypothécaire,prêt hypothécaire ING,ING,fr,2021-11-07,0
pret_hypothecaire,Prêt hypothécaire,prêt hypothécaire ING,ING,fr,2021-11-14,0
pret_hypothecaire,Prêt hypothécaire,prêt hypothécaire ING,ING,fr,2021-11-21,0
pret_hypothecaire,Prêt hypothécaire,prêt hypothécaire ING,ING,fr,2021-11-28,0
pret_hypothecaire,Prêt hypothécaire,prêt hypothécaire ING,ING,fr,2021-12-05,71
pret_hypothecaire,Prêt hypothécaire,prêt hypothécaire ING,ING,fr,2021-12-12,0
pret_hypothecaire,Prêt hypothécaire,prêt hypothécaire ING,ING,fr,2021-12-19,0
pret_hypothecaire,Prêt hypothécaire,prêt hypothécaire ING,ING,fr,2021-12-26,0
pret_hypothecaire,Prêt hypothécaire,prêt hypothécaire ING,ING,fr,2022-01-02,0
pret_hypothecaire,Prêt hypothécaire,prêt hypothécaire ING,ING,fr,2022-01-09,0
pret_hypothecaire,Prêt hypothécaire,prêt hypothécaire ING,ING,fr,2022-01-16,0
pret_hypothecaire,Prêt hypothécaire,prêt hypothécaire ING,ING,fr,2022-01-23,0
pret_hypothecaire,Prêt hypothécaire,prêt hypothécaire ING,ING,fr,2022-01-30,0
pret_hypothecaire,Prêt hypothécaire,prêt hypothécaire ING,ING,fr,2022-02-06,0
pret_hypothecaire,Prêt hypothécaire,prêt hypothécaire ING,ING,fr,2022-02-13,0
pret_hypothecaire,Prêt hypothécaire,prêt hypothécaire ING,ING,fr,2022-02-20,0
pret_hypothecaire,Prêt hypothécaire,prêt hypothécaire ING,ING,fr,2022-02-27,0
pret_hypothecaire,Prêt hypothécaire,prêt hypothécaire ING,ING,fr,2022-03-06,0
pret_hypothecaire,Prêt hypothécaire,prêt hypothécaire ING,ING,fr,2022-03-13,0
pret_hypothecaire,Prêt hypothécaire,prêt hypothécaire ING,ING,fr,2022-03-20,0
pret_hypothecaire,Prêt hypothécaire,prêt hypothécaire ING,ING,fr,2022-03-27,0
pret_hypothecaire,Prêt hypothécaire,prêt hypothécaire ING,ING,fr,2022-04-03,0
pret_hypothecaire,Prêt hypothécaire,prêt hypothécaire ING,ING,fr,2022-04-10,0
pret_hypothecaire,Prêt hypothécaire,prêt hypothécaire ING,ING,fr,2022-04-17,0
pret_hypothecaire,Prêt hypothécaire,prêt hypothécaire ING,ING,fr,2022-04-24,0
pret_hypothecaire,Prêt hypothécaire,prêt hypothécaire ING,ING,fr,2022-05-01,0
pret_hypothecaire,Prêt hypothécaire,prêt hypothécaire ING,ING,fr,2022-05-08,0
pret_hypothecaire,Prêt hypothécaire,prêt hypothécaire ING,ING,fr,2022-05-15,0
pret_hypothecaire,Prêt hypothécaire,prêt hypothécaire ING,ING,fr,2022-05-22,0
pret_hypothecaire,Prêt hypothécaire,prêt hypothécaire ING,ING,fr,2022-05-29,0
pret_hypothecaire,Prêt hypothécaire,prêt hypothécaire ING,ING,fr,2022-06-05,0
pret_hypothecaire,Prêt hypothécaire,prêt hypothécaire ING,ING,fr,2022-06-12,0
pret_hypothecaire,Prêt hypothécaire,prêt hypothécaire ING,ING,fr,2022-06-19,0
pret_hypothecaire,Prêt hypothécaire,prêt hypothécaire ING,ING,fr,2022-06-26,0
pret_hypothecaire,Prêt hypothécaire,prêt hypothécaire ING,ING,fr,2022-07-03,0
pret_hypothecaire,Prêt hypothécaire,prêt hypothécaire ING,ING,fr,2022-07-10,0
pret_hypothecaire,Prêt hypothécaire,prêt hypothécaire ING,ING,fr,2022-07-17,0
pret_hypothecaire,Prêt hypothécaire,prêt hypothécaire ING,ING,fr,2022-07-24,0
pret_hypothecaire,Prêt hypothécaire,prêt hypothécaire ING,ING,fr,2022-07-31,0
pret_hypothecaire,Prêt hypothécaire,prêt hypothécaire ING,ING,fr,2022-08-07,0
pret_hypothecaire,Prêt hypothécaire,prêt hypothécaire ING,ING,fr,2022-08-14,0
pret_hypothecaire,Prêt hypothécaire,prêt hypothécaire ING,ING,fr,2022-08-21,0
pret_hypothecaire,Prêt hypothécaire,prêt hypothécaire ING,ING,fr,2022-08-28,0
pret_hypothecaire,Prêt hypothécaire,prêt hypothécaire ING,ING,fr,2022-09-04,0
pret_hypothecaire,Prêt hypothécaire,prêt hypothécaire ING,ING,fr,2022-09-11,0
pret_hypothecaire,Prêt hypothécaire,prêt hypothécaire ING,ING,fr,2022-09-18,0
pret_hypothecaire,Prêt hypothécaire,prêt hypothécaire ING,ING,fr,2022-09-25,0
pret_hypothecaire,Prêt hypothécaire,prêt hypothécaire ING,ING,fr,2022-10-02,0
pret_hypothecaire,Prêt hypothécaire,prêt hypothécaire ING,ING,fr,2022-10-09,0
pret_hypothecaire,Prêt hypothécaire,prêt hypothécaire ING,ING,fr,2022-10-16,0
pret_hypothecaire,Prêt hypothécaire,prêt hypothécaire ING,ING,fr,2022-10-23,0
pret_hypothecaire,Prêt hypothécaire,prêt hypothécaire ING,ING,fr,2022-10-30,0
pret_hypothecaire,Prêt hypothécaire,prêt hypothécaire ING,ING,fr,2022-11-06,0
pret_hypothecaire,Prêt hypothécaire,prêt hypothécaire ING,ING,fr,2022-11-13,0
pret_hypothecaire,Prêt hypothécaire,prêt hypothécaire ING,ING,fr,2022-11-20,0
pret_hypothecaire,Prêt hypothécaire,prêt hypothécaire ING,ING,fr,2022-11-27,0
pret_hypothecaire,Prêt hypothécaire,prêt hypothécaire ING,ING,fr,2022-12-04,0
pret_hypothecaire,Prêt hypothécaire,prêt hypothécaire ING,ING,fr,2022-12-11,0
pret_hypothecaire,Prêt hypothécaire,prêt hypothécaire ING,ING,fr,2022-12-18,0
pret_hypothecaire,Prêt hypothécaire,prêt hypothécaire ING,ING,fr,2022-12-25,0
pret_hypothecaire,Prêt hypothécaire,prêt hypothécaire ING,ING,fr,2023-01-01,0
pret_hypothecaire,Prêt hypothécaire,prêt hypothécaire ING,ING,fr,2023-01-08,0
pret_hypothecaire,Prêt hypothécaire,prêt hypothécaire ING,ING,fr,2023-01-15,0
pret_hypothecaire,Prêt hypothécaire,prêt hypothécaire ING,ING,fr,2023-01-22,0
pret_hypothecaire,Prêt hypothécaire,prêt hypothécaire ING,ING,fr,2023-01-29,0
pret_hypothecaire,Prêt hypothécaire,prêt hypothécaire ING,ING,fr,2023-02-05,0
pret_hypothecaire,Prêt hypothécaire,prêt hypothécaire ING,ING,fr,2023-02-12,0
pret_hypothecaire,Prêt hypothécaire,prêt hypothécaire ING,ING,fr,2023-02-19,0
pret_hypothecaire,Prêt hypothécaire,prêt hypothécaire ING,ING,fr,2023-02-26,0
pret_hypothecaire,Prêt hypothécaire,prêt hypothécaire ING,ING,fr,2023-03-05,0
pret_hypothecaire,Prêt hypothécaire,prêt hypothécaire ING,ING,fr,2023-03-12,0
pret_hypothecaire,Prêt hypothécaire,prêt hypothécaire ING,ING,fr,2023-03-19,0
pret_hypothecaire,Prêt hypothécaire,prêt hypothécaire ING,ING,fr,2023-03-26,0
pret_hypothecaire,Prêt hypothécaire,prêt hypothécaire ING,ING,fr,2023-04-02,0
pret_hypothecaire,Prêt hypothécaire,prêt hypothécaire ING,ING,fr,2023-04-09,0
pret_hypothecaire,Prêt hypothécaire,prêt hypothécaire ING,ING,fr,2023-04-16,0
pret_hypothecaire,Prêt hypothécaire,prêt hypothécaire ING,ING,fr,2023-04-23,0
pret_hypothecaire,Prêt hypothécaire,prêt hypothécaire ING,ING,fr,2023-04-30,0
pret_hypothecaire,Prêt hypothécaire,prêt hypothécaire ING,ING,fr,2023-05-07,0
pret_hypothecaire,Prêt hypothécaire,prêt hypothécaire ING,ING,fr,2023-05-14,0
pret_hypothecaire,Prêt hypothécaire,prêt hypothécaire ING,ING,fr,2023-05-21,0
pret_hypothecaire,Prêt hypothécaire,prêt hypothécaire ING,ING,fr,2023-05-28,0
pret_hypothecaire,Prêt hypothécaire,prêt hypothécaire ING,ING,fr,2023-06-04,0
pret_hypothecaire,Prêt hypothécaire,prêt hypothécaire ING,ING,fr,2023-06-11,0
pret_hypothecaire,Prêt hypothécaire,prêt hypothécaire ING,ING,fr,2023-06-18,0
pret_hypothecaire,Prêt hypothécaire,prêt hypothécaire ING,ING,fr,2023-06-25,0
pret_hypothecaire,Prêt hypothécaire,prêt hypothécaire ING,ING,fr,2023-07-02,0
pret_hypothecaire,Prêt hypothécaire,prêt hypothécaire ING,ING,fr,2023-07-09,0
pret_hypothecaire,Prêt hypothécaire,prêt hypothécaire ING,ING,fr,2023-07-16,0
pret_hypothecaire,Prêt hypothécaire,prêt hypothécaire ING,ING,fr,2023-07-23,0
pret_hypothecaire,Prêt hypothécaire,prêt hypothécaire ING,ING,fr,2023-07-30,0
pret_hypothecaire,Prêt hypothécaire,prêt hypothécaire ING,ING,fr,2023-08-06,0
pret_hypothecaire,Prêt hypothécaire,prêt hypothécaire ING,ING,fr,2023-08-13,0
pret_hypothecaire,Prêt hypothécaire,prêt hypothécaire ING,ING,fr,2023-08-20,0
pret_hypothecaire,Prêt hypothécaire,prêt hypothécaire ING,ING,fr,2023-08-27,0
pret_hypothecaire,Prêt hypothécaire,prêt hypothécaire ING,ING,fr,2023-09-03,0
pret_hypothecaire,Prêt hypothécaire,prêt hypothécaire ING,ING,fr,2023-09-10,0
pret_hypothecaire,Prêt hypothécaire,prêt hypothécaire ING,ING,fr,2023-09-17,0
pret_hypothecaire,Prêt hypothécaire,prêt hypothécaire ING,ING,fr,2023-09-24,0
pret_hypothecaire,Prêt hypothécaire,prêt hypothécaire ING,ING,fr,2023-10-01,0
pret_hypothecaire,Prêt hypothécaire,prêt hypothécaire ING,ING,fr,2023-10-08,0
pret_hypothecaire,Prêt hypothécaire,prêt hypothécaire ING,ING,fr,2023-10-15,0
pret_hypothecaire,Prêt hypothécaire,prêt hypothécaire ING,ING,fr,2023-10-22,0
pret_hypothecaire,Prêt hypothécaire,prêt hypothécaire ING,ING,fr,2023-10-29,0
pret_hypothecaire,Prêt hypothécaire,prêt hypothécaire ING,ING,fr,2023-11-05,0
pret_hypothecaire,Prêt hypothécaire,prêt hypothécaire ING,ING,fr,2023-11-12,0
pret_hypothecaire,Prêt hypothécaire,prêt hypothécaire ING,ING,fr,2023-11-19,0
pret_hypothecaire,Prêt hypothécaire,prêt hypothécaire ING,ING,fr,2023-11-26,0
pret_hypothecaire,Prêt hypothécaire,prêt hypothécaire ING,ING,fr,2023-12-03,0
pret_hypothecaire,Prêt hypothécaire,prêt hypothécaire ING,ING,fr,2023-12-10,0
pret_hypothecaire,Prêt hypothécaire,prêt hypothécaire ING,ING,fr,2023-12-17,0
pret_hypothecaire,Prêt hypothécaire,prêt hypothécaire ING,ING,fr,2023-12-24,0
pret_hypothecaire,Prêt hypothécaire,prêt hypothécaire ING,ING,fr,2023-12-31,0
pret_hypothecaire,Prêt hypothécaire,prêt hypothécaire ING,ING,fr,2024-01-07,0
pret_hypothecaire,Prêt hypothécaire,prêt hypothécaire ING,ING,fr,2024-01-14,0
pret_hypothecaire,Prêt hypothécaire,prêt hypothécaire ING,ING,fr,2024-01-21,0
pret_hypothecaire,Prêt hypothécaire,prêt hypothécaire ING,ING,fr,2024-01-28,0
pret_hypothecaire,Prêt hypothécaire,prêt hypothécaire ING,ING,fr,2024-02-04,0
pret_hypothecaire,Prêt hypothécaire,prêt hypothécaire ING,ING,fr,2024-02-11,0
pret_hypothecaire,Prêt hypothécaire,prêt hypothécaire ING,ING,fr,2024-02-18,0
pret_hypothecaire,Prêt hypothécaire,prêt hypothécaire ING,ING,fr,2024-02-25,0
pret_hypothecaire,Prêt hypothécaire,prêt hypothécaire ING,ING,fr,2024-03-03,0
pret_hypothecaire,Prêt hypothécaire,prêt hypothécaire ING,ING,fr,2024-03-10,0
pret_hypothecaire,Prêt hypothécaire,prêt hypothécaire ING,ING,fr,2024-03-17,0
pret_hypothecaire,Prêt hypothécaire,prêt hypothécaire ING,ING,fr,2024-03-24,0
pret_hypothecaire,Prêt hypothécaire,prêt hypothécaire ING,ING,fr,2024-03-31,0
pret_hypothecaire,Prêt hypothécaire,prêt hypothécaire ING,ING,fr,2024-04-07,0
pret_hypothecaire,Prêt hypothécaire,prêt hypothécaire ING,ING,fr,2024-04-14,0
pret_hypothecaire,Prêt hypothécaire,prêt hypothécaire ING,ING,fr,2024-04-21,0
pret_hypothecaire,Prêt hypothécaire,prêt hypothécaire ING,ING,fr,2024-04-28,0
pret_hypothecaire,Prêt hypothécaire,prêt hypothécaire ING,ING,fr,2024-05-05,0
pret_hypothecaire,Prêt hypothécaire,prêt hypothécaire ING,ING,fr,2024-05-12,0
pret_hypothecaire,Prêt hypothécaire,prêt hypothécaire ING,ING,fr,2024-05-19,0
pret_hypothecaire,Prêt hypothécaire,prêt hypothécaire ING,ING,fr,2024-05-26,0
pret_hypothecaire,Prêt hypothécaire,prêt hypothécaire ING,ING,fr,2024-06-02,0
pret_hypothecaire,Prêt hypothécaire,prêt hypothécaire ING,ING,fr,2024-06-09,0
pret_hypothecaire,Prêt hypothécaire,prêt hypothécaire ING,ING,fr,2024-06-16,0
pret_hypothecaire,Prêt hypothécaire,prêt hypothécaire ING,ING,fr,2024-06-23,0
pret_hypothecaire,Prêt hypothécaire,prêt hypothécaire ING,ING,fr,2024-06-30,0
pret_hypothecaire,Prêt hypothécaire,prêt hypothécaire ING,ING,fr,2024-07-07,0
pret_hypothecaire,Prêt hypothécaire,prêt hypothécaire ING,ING,fr,2024-07-14,0
pret_hypothecaire,Prêt hypothécaire,prêt hypothécaire ING,ING,fr,2024-07-21,0
pret_hypothecaire,Prêt hypothécaire,prêt hypothécaire ING,ING,fr,2024-07-28,0
pret_hypothecaire,Prêt hypothécaire,prêt hypothécaire ING,ING,fr,2024-08-04,0
pret_hypothecaire,Prêt hypothécaire,prêt hypothécaire ING,ING,fr,2024-08-11,0
pret_hypothecaire,Prêt hypothécaire,prêt hypothécaire ING,ING,fr,2024-08-18,0
pret_hypothecaire,Prêt hypothécaire,prêt hypothécaire ING,ING,fr,2024-08-25,0
pret_hypothecaire,Prêt hypothécaire,prêt hypothécaire ING,ING,fr,2024-09-01,0
pret_hypothecaire,Prêt hypothécaire,prêt hypothécaire ING,ING,fr,2024-09-08,0
pret_hypothecaire,Prêt hypothécaire,prêt hypothécaire ING,ING,fr,2024-09-15,0
pret_hypothecaire,Prêt hypothécaire,prêt hypothécaire ING,ING,fr,2024-09-22,0
pret_hypothecaire,Prêt hypothécaire,prêt hypothécaire ING,ING,fr,2024-09-29,0
pret_hypothecaire,Prêt hypothécaire,prêt hypothécaire ING,ING,fr,2024-10-06,0
pret_hypothecaire,Prêt hypothécaire,prêt hypothécaire ING,ING,fr,2024-10-13,0
pret_hypothecaire,Prêt hypothécaire,prêt hypothécaire ING,ING,fr,2024-10-20,0
pret_hypothecaire,Prêt hypothécaire,prêt hypothécaire ING,ING,fr,2024-10-27,0
pret_hypothecaire,Prêt hypothécaire,prêt hypothécaire ING,ING,fr,2024-11-03,0
pret_hypothecaire,Prêt hypothécaire,prêt hypothécaire ING,ING,fr,2024-11-10,0
pret_hypothecaire,Prêt hypothécaire,prêt hypothécaire ING,ING,fr,2024-11-17,0
pret_hypothecaire,Prêt hypothécaire,prêt hypothécaire ING,ING,fr,2024-11-24,0
pret_hypothecaire,Prêt hypothécaire,prêt hypothécaire ING,ING,fr,2024-12-01,0
pret_hypothecaire,Prêt hypothécaire,prêt hypothécaire ING,ING,fr,2024-12-08,0
pret_hypothecaire,Prêt hypothécaire,prêt hypothécaire ING,ING,fr,2024-12-15,0
pret_hypothecaire,Prêt hypothécaire,prêt hypothécaire ING,ING,fr,2024-12-22,0
pret_hypothecaire,Prêt hypothécaire,prêt hypothécaire ING,ING,fr,2024-12-29,0
pret_hypothecaire,Prêt hypothécaire,prêt hypothécaire ING,ING,fr,2025-01-05,0
pret_hypothecaire,Prêt hypothécaire,prêt hypothécaire ING,ING,fr,2025-01-12,0
pret_hypothecaire,Prêt hypothécaire,prêt hypothécaire ING,ING,fr,2025-01-19,0
pret_hypothecaire,Prêt hypothécaire,prêt hypothécaire ING,ING,fr,2025-01-26,0
pret_hypothecaire,Prêt hypothécaire,prêt hypothécaire ING,ING,fr,2025-02-02,0
pret_hypothecaire,Prêt hypothécaire,prêt hypothécaire ING,ING,fr,2025-02-09,0
pret_hypothecaire,Prêt hypothécaire,prêt hypothécaire ING,ING,fr,2025-02-16,0
pret_hypothecaire,Prêt hypothécaire,prêt hypothécaire ING,ING,fr,2025-02-23,0
pret_hypothecaire,Prêt hypothécaire,prêt hypothécaire ING,ING,fr,2025-03-02,0
pret_hypothecaire,Prêt hypothécaire,prêt hypothécaire ING,ING,fr,2025-03-09,0
pret_hypothecaire,Prêt hypothécaire,prêt hypothécaire ING,ING,fr,2025-03-16,0
pret_hypothecaire,Prêt hypothécaire,prêt hypothécaire ING,ING,fr,2025-03-23,0
pret_hypothecaire,Prêt hypothécaire,prêt hypothécaire ING,ING,fr,2025-03-30,0
pret_hypothecaire,Prêt hypothécaire,prêt hypothécaire ING,ING,fr,2025-04-06,0
pret_hypothecaire,Prêt hypothécaire,prêt hypothécaire ING,ING,fr,2025-04-13,0
pret_hypothecaire,Prêt hypothécaire,prêt hypothécaire ING,ING,fr,2025-04-20,0
pret_hypothecaire,Prêt hypothécaire,prêt hypothécaire ING,ING,fr,2025-04-27,0
pret_hypothecaire,Prêt hypothécaire,prêt hypothécaire ING,ING,fr,2025-05-04,0
pret_hypothecaire,Prêt hypothécaire,prêt hypothécaire ING,ING,fr,2025-05-11,0
pret_hypothecaire,Prêt hypothécaire,prêt hypothécaire ING,ING,fr,2025-05-18,0
pret_hypothecaire,Prêt hypothécaire,prêt hypothécaire ING,ING,fr,2025-05-25,75
pret_hypothecaire,Prêt hypothécaire,prêt hypothécaire ING,ING,fr,2025-06-01,0
pret_hypothecaire,Prêt hypothécaire,prêt hypothécaire ING,ING,fr,2025-06-08,0
pret_hypothecaire,Prêt hypothécaire,prêt hypothécaire ING,ING,fr,2025-06-15,0
pret_hypothecaire,Prêt hypothécaire,prêt hypothécaire ING,ING,fr,2025-06-22,0
pret_hypothecaire,Prêt hypothécaire,prêt hypothécaire ING,ING,fr,2025-06-29,0
pret_hypothecaire,Prêt hypothécaire,prêt hypothécaire ING,ING,fr,2025-07-06,0
pret_hypothecaire,Prêt hypothécaire,prêt hypothécaire ING,ING,fr,2025-07-13,0
pret_hypothecaire,Prêt hypothécaire,prêt hypothécaire ING,ING,fr,2025-07-20,0
pret_hypothecaire,Prêt hypothécaire,prêt hypothécaire ING,ING,fr,2025-07-27,0
pret_hypothecaire,Prêt hypothécaire,prêt hypothécaire ING,ING,fr,2025-08-03,0
pret_hypothecaire,Prêt hypothécaire,prêt hypothécaire ING,ING,fr,2025-08-10,0
pret_hypothecaire,Prêt hypothécaire,prêt hypothécaire ING,ING,fr,2025-08-17,0
pret_hypothecaire,Prêt hypothécaire,prêt hypothécaire ING,ING,fr,2025-08-24,0
pret_hypothecaire,Prêt hypothécaire,prêt hypothécaire ING,ING,fr,2025-08-31,0
pret_hypothecaire,Prêt hypothécaire,prêt hypothécaire ING,ING,fr,2025-09-07,0
pret_hypothecaire,Prêt hypothécaire,prêt hypothécaire ING,ING,fr,2025-09-14,0
pret_hypothecaire,Prêt hypothécaire,prêt hypothécaire ING,ING,fr,2025-09-21,0
pret_hypothecaire,Prêt hypothécaire,prêt hypothécaire ING,ING,fr,2025-09-28,0
pret_hypothecaire,Prêt hypothécaire,prêt hypothécaire ING,ING,fr,2025-10-05,0
pret_hypothecaire,Prêt hypothécaire,prêt hypothécaire ING,ING,fr,2025-10-12,0
pret_hypothecaire,Prêt hypothécaire,prêt hypothécaire ING,ING,fr,2025-10-19,0
pret_hypothecaire,Prêt hypothécaire,prêt hypothécaire ING,ING,fr,2025-10-26,0
pret_hypothecaire,Prêt hypothécaire,prêt hypothécaire ING,ING,fr,2025-11-02,0
pret_hypothecaire,Prêt hypothécaire,prêt hypothécaire ING,ING,fr,2025-11-09,0
pret_hypothecaire,Prêt hypothécaire,prêt hypothécaire ING,ING,fr,2025-11-16,0
pret_hypothecaire,Prêt hypothécaire,prêt hypothécaire ING,ING,fr,2025-11-23,0
pret_hypothecaire,Prêt hypothécaire,prêt hypothécaire ING,ING,fr,2025-11-30,0
pret_hypothecaire,Prêt hypothécaire,prêt hypothécaire ING,ING,fr,2025-12-07,0
pret_hypothecaire,Prêt hypothécaire,prêt hypothécaire ING,ING,fr,2025-12-14,0
pret_hypothecaire,Prêt hypothécaire,prêt hypothécaire ING,ING,fr,2025-12-21,0
pret_hypothecaire,Prêt hypothécaire,prêt hypothécaire ING,ING,fr,2025-12-28,0
pret_hypothecaire,Prêt hypothécaire,prêt hypothécaire ING,ING,fr,2026-01-04,0
pret_hypothecaire,Prêt hypothécaire,prêt hypothécaire ING,ING,fr,2026-01-11,0
pret_hypothecaire,Prêt hypothécaire,prêt hypothécaire ING,ING,fr,2026-01-18,0
pret_hypothecaire,Prêt hypothécaire,prêt hypothécaire ING,ING,fr,2026-01-25,60
pret_hypothecaire,Prêt hypothécaire,prêt hypothécaire ING,ING,fr,2026-02-01,0
pret_hypothecaire,Prêt hypothécaire,prêt hypothécaire ING,ING,fr,2026-02-08,0
pret_hypothecaire,Prêt hypothécaire,prêt hypothécaire ING,ING,fr,2026-02-15,0
pret_hypothecaire,Prêt hypothécaire,prêt hypothécaire ING,ING,fr,2026-02-22,0
pret_hypothecaire,Prêt hypothécaire,prêt hypothécaire ING,ING,fr,2026-03-01,0
pret_hypothecaire,Prêt hypothécaire,prêt hypothécaire ING,ING,fr,2026-03-08,0
pret_hypothecaire,Prêt hypothécaire,prêt hypothécaire ING,ING,fr,2026-03-15,0
pret_hypothecaire,Prêt hypothécaire,prêt hypothécaire ING,ING,fr,2026-03-22,0
pret_hypothecaire,Prêt hypothécaire,prêt hypothécaire ING,ING,fr,2026-03-29,0
pret_hypothecaire,Prêt hypothécaire,prêt hypothécaire ING,ING,fr,2026-04-05,0
pret_hypothecaire,Prêt hypothécaire,prêt hypothécaire ING,ING,fr,2026-04-12,0
pret_hypothecaire,Prêt hypothécaire,prêt hypothécaire ING,ING,fr,2026-04-19,0
pret_hypothecaire,Prêt hypothécaire,prêt hypothécaire ING,ING,fr,2026-04-26,0
pret_hypothecaire,Prêt hypothécaire,prêt hypothécaire ING,ING,fr,2026-05-03,0
pret_hypothecaire,Prêt hypothécaire,prêt hypothécaire ING,ING,fr,2026-05-10,0
pret_hypothecaire,Prêt hypothécaire,prêt hypothécaire ING,ING,fr,2026-05-17,0
pret_hypothecaire,Prêt hypothécaire,prêt hypothécaire ING,ING,fr,2026-05-24,0
pret_hypothecaire,Prêt hypothécaire,prêt hypothécaire ING,ING,fr,2026-05-31,0
pret_hypothecaire,Prêt hypothécaire,prêt hypothécaire ING,ING,fr,2026-06-07,0
pret_hypothecaire,Prêt hypothécaire,prêt hypothécaire ING,ING,fr,2026-06-14,0
pret_hypothecaire,Prêt hypothécaire,prêt hypothécaire ING,ING,fr,2026-06-21,0
pret_hypothecaire,Prêt hypothécaire,prêt hypothécaire ING,ING,fr,2026-06-28,0
pret_hypothecaire,Prêt hypothécaire,prêt hypothécaire ING,ING,fr,2026-07-05,0
pret_hypothecaire,Prêt hypothécaire,prêt hypothécaire ING,ING,fr,2026-07-12,0
pret_hypothecaire,Prêt hypothécaire,prêt hypothécaire ING,ING,fr,2026-07-19,0
pret_hypothecaire,Prêt hypothécaire,prêt hypothécaire ING,ING,fr,2026-07-26,0
pret_hypothecaire,Prêt hypothécaire,prêt hypothécaire ING,ING,fr,2026-08-02,0
pret_hypothecaire,Prêt hypothécaire,prêt hypothécaire ING,ING,fr,2026-08-09,0
pret_hypothecaire,Prêt hypothécaire,prêt hypothécaire ING,ING,fr,2026-08-16,0
pret_hypothecaire,Prêt hypothécaire,prêt hypothécaire ING,ING,fr,2026-08-23,0
pret_hypothecaire,Prêt hypothécaire,prêt hypothécaire ING,ING,fr,2026-08-30,7
pret_hypothecaire,Prêt hypothécaire,prêt hypothécaire ING,ING,fr,2026-09-06,6
pret_hypothecaire,Prêt hypothécaire,prêt hypothécaire ING,ING,fr,2026-09-13,0
