product_id,product_label,term,bank,language,date,value
app_mobile,Application mobile bancaire,KBC Mobile,KBC,en,2021-09-12,4
app_mobile,Application mobile bancaire,KBC Mobile,KBC,en,2021-09-19,4
app_mobile,Application mobile bancaire,KBC Mobile,KBC,en,2021-09-26,4
app_mobile,Application mobile bancaire,KBC Mobile,KBC,en,2021-10-03,4
app_mobile,Application mobile bancaire,KBC Mobile,KBC,en,2021-10-10,5
app_mobile,Application mobile bancaire,KBC Mobile,KBC,en,2021-10-17,5
app_mobile,Application mobile bancaire,KBC Mobile,KBC,en,2021-10-24,6
app_mobile,Application mobile bancaire,KBC Mobile,KBC,en,2021-10-31,4
app_mobile,Application mobile bancaire,KBC Mobile,KBC,en,2021-11-07,4
app_mobile,Application mobile bancaire,KBC Mobile,KBC,en,2021-11-14,4
app_mobile,Application mobile bancaire,KBC Mobile,KBC,en,2021-11-21,3
app_mobile,Application mobile bancaire,KBC Mobile,KBC,en,2021-11-28,4
app_mobile,Application mobile bancaire,KBC Mobile,KBC,en,2021-12-05,5
app_mobile,Application mobile bancaire,KBC Mobile,KBC,en,2021-12-12,4
app_mobile,Application mobile bancaire,KBC Mobile,KBC,en,2021-12-19,4
app_mobile,Application mobile bancaire,KBC Mobile,KBC,en,2021-12-26,4
app_mobile,Application mobile bancaire,KBC Mobile,KBC,en,2022-01-02,4
app_mobile,Application mobile bancaire,KBC Mobile,KBC,en,2022-01-09,5
app_mobile,Application mobile bancaire,KBC Mobile,KBC,en,2022-01-16,3
app_mobile,Application mobile bancaire,KBC Mobile,KBC,en,2022-01-23,3
app_mobile,Application mobile bancaire,KBC Mobile,KBC,en,2022-01-30,4
app_mobile,Application mobile bancaire,KBC Mobile,KBC,en,2022-02-06,4
app_mobile,Application mobile bancaire,KBC Mobile,KBC,en,2022-02-13,4
app_mobile,Application mobile bancaire,KBC Mobile,KBC,en,2022-02-20,4
app_mobile,Application mobile bancaire,KBC Mobile,KBC,en,2022-02-27,3
app_mobile,Application mobile bancaire,KBC Mobile,KBC,en,2022-03-06,3
app_mobile,Application mobile bancaire,KBC Mobile,KBC,en,2022-03-13,3
app_mobile,Application mobile bancaire,KBC Mobile,KBC,en,2022-03-20,4
app_mobile,Application mobile bancaire,KBC Mobile,KBC,en,2022-03-27,3
app_mobile,Application mobile bancaire,KBC Mobile,KBC,en,2022-04-03,4
app_mobile,Application mobile bancaire,KBC Mobile,KBC,en,2022-04-10,4
app_mobile,Application mobile bancaire,KBC Mobile,KBC,en,2022-04-17,4
app_mobile,Application mobile bancaire,KBC Mobile,KBC,en,2022-04-24,4
app_mobile,Application mobile bancaire,KBC Mobile,KBC,en,2022-05-01,4
app_mobile,Application mobile bancaire,KBC Mobile,KBC,en,2022-05-08,3
app_mobile,Application mobile bancaire,KBC Mobile,KBC,en,2022-05-15,3
app_mobile,Application mobile bancaire,KBC Mobile,KBC,en,2022-05-22,3
app_mobile,Application mobile bancaire,KBC Mobile,KBC,en,2022-05-29,4
app_mobile,Application mobile bancaire,KBC Mobile,KBC,en,2022-06-05,4
app_mobile,Application mobile bancaire,KBC Mobile,KBC,en,2022-06-12,3
app_mobile,Application mobile bancaire,KBC Mobile,KBC,en,2022-06-19,3
app_mobile,Application mobile bancaire,KBC Mobile,KBC,en,2022-06-26,5
app_mobile,Application mobile bancaire,KBC Mobile,KBC,en,2022-07-03,3
app_mobile,Application mobile bancaire,KBC Mobile,KBC,en,2022-07-10,3
app_mobile,Application mobile bancaire,KBC Mobile,KBC,en,2022-07-17,3
app_mobile,Application mobile bancaire,KBC Mobile,KBC,en,2022-07-24,3
app_mobile,Application mobile bancaire,KBC Mobile,KBC,en,2022-07-31,3
app_mobile,Application mobile bancaire,KBC Mobile,KBC,en,2022-08-07,2
app_mobile,Application mobile bancaire,KBC Mobile,KBC,en,2022-08-14,3
app_mobile,Application mobile bancaire,KBC Mobile,KBC,en,2022-08-21,4
app_mobile,Application mobile bancaire,KBC Mobile,KBC,en,2022-08-28,4
app_mobile,Application mobile bancaire,KBC Mobile,KBC,en,2022-09-04,4
app_mobile,Application mobile bancaire,KBC Mobile,KBC,en,2022-09-11,2
app_mobile,Application mobile bancaire,KBC Mobile,KBC,en,2022-09-18,3
app_mobile,Application mobile bancaire,KBC Mobile,KBC,en,2022-09-25,4
app_mobile,Application mobile bancaire,KBC Mobile,KBC,en,2022-10-02,4
app_mobile,Application mobile bancaire,KBC Mobile,KBC,en,2022-10-09,4
app_mobile,Application mobile bancaire,KBC Mobile,KBC,en,2022-10-16,3
app_mobile,Application mobile bancaire,KBC Mobile,KBC,en,2022-10-23,4
app_mobile,Application mobile bancaire,KBC Mobile,KBC,en,2022-10-30,3
app_mobile,Application mobile bancaire,KBC Mobile,KBC,en,2022-11-06,3
app_mobile,Application mobile bancaire,KBC Mobile,KBC,en,2022-11-13,3
app_mobile,Application mobile bancaire,KBC Mobile,KBC,en,2022-11-20,3
app_mobile,Application mobile bancaire,KBC Mobile,KBC,en,2022-11-27,3
app_mobile,Application mobile bancaire,KBC Mobile,KBC,en,2022-12-04,4
app_mobile,Application mobile bancaire,KBC Mobile,KBC,en,2022-12-11,4
app_mobile,Application mobile bancaire,KBC Mobile,KBC,en,2022-12-18,3
app_mobile,Application mobile bancaire,KBC Mobile,KBC,en,2022-12-25,4
app_mobile,Application mobile bancaire,KBC Mobile,KBC,en,2023-01-01,3
app_mobile,Application mobile bancaire,KBC Mobile,KBC,en,2023-01-08,3
app_mobile,Application mobile bancaire,KBC Mobile,KBC,en,2023-01-15,4
app_mobile,Application mobile bancaire,KBC Mobile,KBC,en,2023-01-22,4
app_mobile,Application mobile bancaire,KBC Mobile,KBC,en,2023-01-29,3
app_mobile,Application mobile bancaire,KBC Mobile,KBC,en,2023-02-05,3
app_mobile,Application mobile bancaire,KBC Mobile,KBC,en,2023-02-12,3
app_mobile,Application mobile bancaire,KBC Mobile,KBC,en,2023-02-19,3
app_mobile,Application mobile bancaire,KBC Mobile,KBC,en,2023-02-26,4
app_mobile,Application mobile bancaire,KBC Mobile,KBC,en,2023-03-05,6
app_mobile,Application mobile bancaire,KBC Mobile,KBC,en,2023-03-12,3
app_mobile,Application mobile bancaire,KBC Mobile,KBC,en,2023-03-19,3
app_mobile,Application mobile bancaire,KBC Mobile,KBC,en,2023-03-26,3
app_mobile,Application mobile bancaire,KBC Mobile,KBC,en,2023-04-02,3
app_mobile,Application mobile bancaire,KBC Mobile,KBC,en,2023-04-09,2
app_mobile,Application mobile bancaire,KBC Mobile,KBC,en,2023-04-16,2
app_mobile,Application mobile bancaire,KBC Mobile,KBC,en,2023-04-23,4
app_mobile,Application mobile bancaire,KBC Mobile,KBC,en,2023-04-30,2
app_mobile,Application mobile bancaire,KBC Mobile,KBC,en,2023-05-07,3
app_mobile,Application mobile bancaire,KBC Mobile,KBC,en,2023-05-14,2
app_mobile,Application mobile bancaire,KBC Mobile,KBC,en,2023-05-21,3
app_mobile,Application mobile bancaire,KBC Mobile,KBC,en,2023-05-28,3
app_mobile,Application mobile bancaire,KBC Mobile,KBC,en,2023-06-04,2
app_mobile,Application mobile bancaire,KBC Mobile,KBC,en,2023-06-11,3
app_mobile,Application mobile bancaire,KBC Mobile,KBC,en,2023-06-18,3
app_mobile,Application mobile bancaire,KBC Mobile,KBC,en,2023-06-25,3
app_mobile,Application mobile bancaire,KBC Mobile,KBC,en,2023-07-02,3
app_mobile,Application mobile bancaire,KBC Mobile,KBC,en,2023-07-09,2
app_mobile,Application mobile bancaire,KBC Mobile,KBC,en,2023-07-16,3
app_mobile,Application mobile bancaire,KBC Mobile,KBC,en,2023-07-23,3
app_mobile,Application mobile bancaire,KBC Mobile,KBC,en,2023-07-30,3
app_mobile,Application mobile bancaire,KBC Mobile,KBC,en,2023-08-06,3
app_mobile,Application mobile bancaire,KBC Mobile,KBC,en,2023-08-13,2
app_mobile,Application mobile bancaire,KBC Mobile,KBC,en,2023-08-20,4
app_mobile,Application mobile bancaire,KBC Mobile,KBC,en,2023-08-27,3
app_mobile,Application mobile bancaire,KBC Mobile,KBC,en,2023-09-03,2
app_mobile,Application mobile bancaire,KBC Mobile,KBC,en,2023-09-10,2
app_mobile,Application mobile bancaire,KBC Mobile,KBC,en,2023-09-17,2
app_mobile,Application mobile bancaire,KBC Mobile,KBC,en,2023-09-24,3
app_mobile,Application mobile bancaire,KBC Mobile,KBC,en,2023-10-01,3
app_mobile,Application mobile bancaire,KBC Mobile,KBC,en,2023-10-08,2
app_mobile,Application mobile bancaire,KBC Mobile,KBC,en,2023-10-15,2
app_mobile,Application mobile bancaire,KBC Mobile,KBC,en,2023-10-22,3
app_mobile,Application mobile bancaire,KBC Mobile,KBC,en,2023-10-29,2
app_mobile,Application mobile bancaire,KBC Mobile,KBC,en,2023-11-05,3
app_mobile,Application mobile bancaire,KBC Mobile,KBC,en,2023-11-12,2
app_mobile,Application mobile bancaire,KBC Mobile,KBC,en,2023-11-19,2
app_mobile,Application mobile bancaire,KBC Mobile,KBC,en,2023-11-26,3
app_mobile,Application mobile bancaire,KBC Mobile,KBC,en,2023-12-03,3
app_mobile,Application mobile bancaire,KBC Mobile,KBC,en,2023-12-10,4
app_mobile,Application mobile bancaire,KBC Mobile,KBC,en,2023-12-17,3
app_mobile,Application mobile bancaire,KBC Mobile,KBC,en,2023-12-24,2
app_mobile,Application mobile bancaire,KBC Mobile,KBC,en,2023-12-31,2
app_mobile,Application mobile bancaire,KBC Mobile,KBC,en,2024-01-07,2
app_mobile,Application mobile bancaire,KBC Mobile,KBC,en,2024-01-14,2
app_mobile,Application mobile bancaire,KBC Mobile,KBC,en,2024-01-21,3
app_mobile,Application mobile bancaire,KBC Mobile,KBC,en,2024-01-28,2
app_mobile,Application mobile bancaire,KBC Mobile,KBC,en,2024-02-04,2
app_mobile,Application mobile bancaire,KBC Mobile,KBC,en,2024-02-11,2
app_mobile,Application mobile bancaire,KBC Mobile,KBC,en,2024-02-18,2
app_mobile,Application mobile bancaire,KBC Mobile,KBC,en,2024-02-25,2
app_mobile,Application mobile bancaire,KBC Mobile,KBC,en,2024-03-03,2
app_mobile,Application mobile bancaire,KBC Mobile,KBC,en,2024-03-10,2
app_mobile,Application mobile bancaire,KBC Mobile,KBC,en,2024-03-17,1
app_mobile,Application mobile bancaire,KBC Mobile,KBC,en,2024-03-24,2
app_mobile,Application mobile bancaire,KBC Mobile,KBC,en,2024-03-31,2
app_mobile,Application mobile bancaire,KBC Mobile,KBC,en,2024-04-07,2
app_mobile,Application mobile bancaire,KBC Mobile,KBC,en,2024-04-14,2
app_mobile,Application mobile bancaire,KBC Mobile,KBC,en,2024-04-21,2
app_mobile,Application mobile bancaire,KBC Mobile,KBC,en,2024-04-28,2
app_mobile,Application mobile bancaire,KBC Mobile,KBC,en,2024-05-05,2
app_mobile,Application mobile bancaire,KBC Mobile,KBC,en,2024-05-12,2
app_mobile,Application mobile bancaire,KBC Mobile,KBC,en,2024-05-19,2
app_mobile,Application mobile bancaire,KBC Mobile,KBC,en,2024-05-26,2
app_mobile,Application mobile bancaire,KBC Mobile,KBC,en,2024-06-02,2
app_mobile,Application mobile bancaire,KBC Mobile,KBC,en,2024-06-09,3
app_mobile,Application mobile bancaire,KBC Mobile,KBC,en,2024-06-16,2
app_mobile,Application mobile bancaire,KBC Mobile,KBC,en,2024-06-23,2
app_mobile,Application mobile bancaire,KBC Mobile,KBC,en,2024-06-30,2
app_mobile,Application mobile bancaire,KBC Mobile,KBC,en,2024-07-07,3
app_mobile,Application mobile bancaire,KBC Mobile,KBC,en,2024-07-14,2
app_mobile,Application mobile bancaire,KBC Mobile,KBC,en,2024-07-21,2
app_mobile,Application mobile bancaire,KBC Mobile,KBC,en,2024-07-28,2
app_mobile,Application mobile bancaire,KBC Mobile,KBC,en,2024-08-04,2
app_mobile,Application mobile bancaire,KBC Mobile,KBC,en,2024-08-11,2
app_mobile,Application mobile bancaire,KBC Mobile,KBC,en,2024-08-18,2
app_mobile,Application mobile bancaire,KBC Mobile,KBC,en,2024-08-25,4
app_mobile,Application mobile bancaire,KBC Mobile,KBC,en,2024-09-01,2
app_mobile,Application mobile bancaire,KBC Mobile,KBC,en,2024-09-08,2
app_mobile,Application mobile bancaire,KBC Mobile,KBC,en,2024-09-15,2
app_mobile,Application mobile bancaire,KBC Mobile,KBC,en,2024-09-22,3
app_mobile,Application mobile bancaire,KBC Mobile,KBC,en,2024-09-29,3
app_mobile,Application mobile bancaire,KBC Mobile,KBC,en,2024-10-06,2
app_mobile,Application mobile bancaire,KBC Mobile,KBC,en,2024-10-13,2
app_mobile,Application mobile bancaire,KBC Mobile,KBC,en,2024-10-20,2
app_mobile,Application mobile bancaire,KBC Mobile,KBC,en,2024-10-27,2
app_mobile,Application mobile bancaire,KBC Mobile,KBC,en,2024-11-03,2
app_mobile,Application mobile bancaire,KBC Mobile,KBC,en,2024-11-10,2
app_mobile,Application mobile bancaire,KBC Mobile,KBC,en,2024-11-17,3
app_mobile,Application mobile bancaire,KBC Mobile,KBC,en,2024-11-24,1
app_mobile,Application mobile bancaire,KBC Mobile,KBC,en,2024-12-01,2
app_mobile,Application mobile bancaire,KBC Mobile,KBC,en,2024-12-08,2
app_mobile,Application mobile bancaire,KBC Mobile,KBC,en,2024-12-15,2
app_mobile,Application mobile bancaire,KBC Mobile,KBC,en,2024-12-22,1
app_mobile,Application mobile bancaire,KBC Mobile,KBC,en,2024-12-29,3
app_mobile,Application mobile bancaire,KBC Mobile,KBC,en,2025-01-05,2
app_mobile,Application mobile bancaire,KBC Mobile,KBC,en,2025-01-12,2
app_mobile,Application mobile bancaire,KBC Mobile,KBC,en,2025-01-19,2
app_mobile,Application mobile bancaire,KBC Mobile,KBC,en,2025-01-26,2
app_mobile,Application mobile bancaire,KBC Mobile,KBC,en,2025-02-02,2
app_mobile,Application mobile bancaire,KBC Mobile,KBC,en,2025-02-09,2
app_mobile,Application mobile bancaire,KBC Mobile,KBC,en,2025-02-16,2
app_mobile,Application mobile bancaire,KBC Mobile,KBC,en,2025-02-23,2
app_mobile,Application mobile bancaire,KBC Mobile,KBC,en,2025-03-02,2
app_mobile,Application mobile bancaire,KBC Mobile,KBC,en,2025-03-09,2
app_mobile,Application mobile bancaire,KBC Mobile,KBC,en,2025-03-16,0
app_mobile,Application mobile bancaire,KBC Mobile,KBC,en,2025-03-23,2
app_mobile,Application mobile bancaire,KBC Mobile,KBC,en,2025-03-30,2
app_mobile,Application mobile bancaire,KBC Mobile,KBC,en,2025-04-06,3
app_mobile,Application mobile bancaire,KBC Mobile,KBC,en,2025-04-13,2
app_mobile,Application mobile bancaire,KBC Mobile,KBC,en,2025-04-20,2
app_mobile,Application mobile bancaire,KBC Mobile,KBC,en,2025-04-27,2
app_mobile,Application mobile bancaire,KBC Mobile,KBC,en,2025-05-04,2
app_mobile,Application mobile bancaire,KBC Mobile,KBC,en,2025-05-11,2
app_mobile,Application mobile bancaire,KBC Mobile,KBC,en,2025-05-18,2
app_mobile,Application mobile bancaire,KBC Mobile,KBC,en,2025-05-25,1
app_mobile,Application mobile bancaire,KBC Mobile,KBC,en,2025-06-01,2
app_mobile,Application mobile bancaire,KBC Mobile,KBC,en,2025-06-08,1
app_mobile,Application mobile bancaire,KBC Mobile,KBC,en,2025-06-15,3
app_mobile,Application mobile bancaire,KBC Mobile,KBC,en,2025-06-22,1
app_mobile,Application mobile bancaire,KBC Mobile,KBC,en,2025-06-29,3
app_mobile,Application mobile bancaire,KBC Mobile,KBC,en,2025-07-06,3
app_mobile,Application mobile bancaire,KBC Mobile,KBC,en,2025-07-13,2
app_mobile,Application mobile bancaire,KBC Mobile,KBC,en,2025-07-20,3
app_mobile,Application mobile bancaire,KBC Mobile,KBC,en,2025-07-27,3
app_mobile,Application mobile bancaire,KBC Mobile,KBC,en,2025-08-03,2
app_mobile,Application mobile bancaire,KBC Mobile,KBC,en,2025-08-10,3
app_mobile,Application mobile bancaire,KBC Mobile,KBC,en,2025-08-17,2
app_mobile,Application mobile bancaire,KBC Mobile,KBC,en,2025-08-24,2
app_mobile,Application mobile bancaire,KBC Mobile,KBC,en,2025-08-31,2
app_mobile,Application mobile bancaire,KBC Mobile,KBC,en,2025-09-07,2
app_mobile,Application mobile bancaire,KBC Mobile,KBC,en,2025-09-14,2
app_mobile,Application mobile bancaire,KBC Mobile,KBC,en,2025-09-21,3
app_mobile,Application mobile bancaire,KBC Mobile,KBC,en,2025-09-28,2
app_mobile,Application mobile bancaire,KBC Mobile,KBC,en,2025-10-05,3
app_mobile,Application mobile bancaire,KBC Mobile,KBC,en,2025-10-12,2
app_mobile,Application mobile bancaire,KBC Mobile,KBC,en,2025-10-19,3
app_mobile,Application mobile bancaire,KBC Mobile,KBC,en,2025-10-26,3
app_mobile,Application mobile bancaire,KBC Mobile,KBC,en,2025-11-02,2
app_mobile,Application mobile bancaire,KBC Mobile,KBC,en,2025-11-09,2
app_mobile,Application mobile bancaire,KBC Mobile,KBC,en,2025-11-16,2
app_mobile,Application mobile bancaire,KBC Mobile,KBC,en,2025-11-23,3
app_mobile,Application mobile bancaire,KBC Mobile,KBC,en,2025-11-30,3
app_mobile,Application mobile bancaire,KBC Mobile,KBC,en,2025-12-07,4
app_mobile,Application mobile bancaire,KBC Mobile,KBC,en,2025-12-14,3
app_mobile,Application mobile bancaire,KBC Mobile,KBC,en,2025-12-21,2
app_mobile,Application mobile bancaire,KBC Mobile,KBC,en,2025-12-28,2
app_mobile,Application mobile bancaire,KBC Mobile,KBC,en,2026-01-04,4
app_mobile,Application mobile bancaire,KBC Mobile,KBC,en,2026-01-11,4
app_mobile,Application mobile bancaire,KBC Mobile,KBC,en,2026-01-18,4
app_mobile,Application mobile bancaire,KBC Mobile,KBC,en,2026-01-25,3
app_mobile,Application mobile bancaire,KBC Mobile,KBC,en,2026-02-01,3
app_mobile,Application mobile bancaire,KBC Mobile,KBC,en,2026-02-08,3
app_mobile,Application mobile bancaire,KBC Mobile,KBC,en,2026-02-15,3
app_mobile,Application mobile bancaire,KBC Mobile,KBC,en,2026-02-22,3
app_mobile,Application mobile bancaire,KBC Mobile,KBC,en,2026-03-01,4
app_mobile,Application mobile bancaire,KBC Mobile,KBC,en,2026-03-08,2
app_mobile,Application mobile bancaire,KBC Mobile,KBC,en,2026-03-15,3
app_mobile,Application mobile bancaire,KBC Mobile,KBC,en,2026-03-22,2
app_mobile,Application mobile bancaire,KBC Mobile,KBC,en,2026-03-29,3
app_mobile,Application mobile bancaire,KBC Mobile,KBC,en,2026-04-05,4
app_mobile,Application mobile bancaire,KBC Mobile,KBC,en,2026-04-12,3
app_mobile,Application mobile bancaire,KBC Mobile,KBC,en,2026-04-19,2
app_mobile,Application mobile bancaire,KBC Mobile,KBC,en,2026-04-26,3
app_mobile,Application mobile bancaire,KBC Mobile,KBC,en,2026-05-03,2
app_mobile,Application mobile bancaire,KBC Mobile,KBC,en,2026-05-10,3
app_mobile,Application mobile bancaire,KBC Mobile,KBC,en,2026-05-17,2
app_mobile,Application mobile bancaire,KBC Mobile,KBC,en,2026-05-24,3
app_mobile,Application mobile bancaire,KBC Mobile,KBC,en,2026-05-31,2
app_mobile,Application mobile bancaire,KBC Mobile,KBC,en,2026-06-07,3
app_mobile,Application mobile bancaire,KBC Mobile,KBC,en,2026-06-14,3
app_mobile,Application mobile bancaire,KBC Mobile,KBC,en,2026-06-21,2
app_mobile,Application mobile bancaire,KBC Mobile,KBC,en,2026-06-28,3
app_mobile,Application mobile bancaire,KBC Mobile,KBC,en,2026-07-05,2
app_mobile,Application mobile bancaire,KBC Mobile,KBC,en,2026-07-12,2
app_mobile,Application mobile bancaire,KBC Mobile,KBC,en,2026-07-19,2
app_mobile,Application mobile bancaire,KBC Mobile,KBC,en,2026-07-26,3
app_mobile,Application mobile bancaire,KBC Mobile,KBC,en,2026-08-02,3
app_mobile,Application mobile bancaire,KBC Mobile,KBC,en,2026-08-09,2
app_mobile,Application mobile bancaire,KBC Mobile,KBC,en,2026-08-16,1
app_mobile,Application mobile bancaire,KBC Mobile,KBC,en,2026-08-23,2
app_mobile,Application mobile bancaire,KBC Mobile,KBC,en,2026-08-30,3
app_mobile,Application mobile bancaire,KBC Mobile,KBC,en,2026-09-06,2
app_mobile,Application mobile bancaire,KBC Mobile,KBC,en,2026-09-13,2
app_mobile,Application mobile bancaire,KBC Touch,KBC,en,2021-09-12,82
app_mobile,Application mobile bancaire,KBC Touch,KBC,en,2021-09-19,87
app_mobile,Application mobile bancaire,KBC Touch,KBC,en,2021-09-26,90
app_mobile,Application mobile bancaire,KBC Touch,KBC,en,2021-10-03,87
app_mobile,Application mobile bancaire,KBC Touch,KBC,en,2021-10-10,86
app_mobile,Application mobile bancaire,KBC Touch,KBC,en,2021-10-17,85
app_mobile,Application mobile bancaire,KBC Touch,KBC,en,2021-10-24,87
app_mobile,Application mobile bancaire,KBC Touch,KBC,en,2021-10-31,85
app_mobile,Application mobile bancaire,KBC Touch,KBC,en,2021-11-07,77
app_mobile,Application mobile bancaire,KBC Touch,KBC,en,2021-11-14,81
app_mobile,Application mobile bancaire,KBC Touch,KBC,en,2021-11-21,84
app_mobile,Application mobile bancaire,KBC Touch,KBC,en,2021-11-28,89
app_mobile,Application mobile bancaire,KBC Touch,KBC,en,2021-12-05,87
app_mobile,Application mobile bancaire,KBC Touch,KBC,en,2021-12-12,94
app_mobile,Application mobile bancaire,KBC Touch,KBC,en,2021-12-19,96
app_mobile,Application mobile bancaire,KBC Touch,KBC,en,2021-12-26,95
app_mobile,Application mobile bancaire,KBC Touch,KBC,en,2022-01-02,100
app_mobile,Application mobile bancaire,KBC Touch,KBC,en,2022-01-09,98
app_mobile,Application mobile bancaire,KBC Touch,KBC,en,2022-01-16,85
app_mobile,Application mobile bancaire,KBC Touch,KBC,en,2022-01-23,77
app_mobile,Application mobile bancaire,KBC Touch,KBC,en,2022-01-30,95
app_mobile,Application mobile bancaire,KBC Touch,KBC,en,2022-02-06,81
app_mobile,Application mobile bancaire,KBC Touch,KBC,en,2022-02-13,70
app_mobile,Application mobile bancaire,KBC Touch,KBC,en,2022-02-20,73
app_mobile,Application mobile bancaire,KBC Touch,KBC,en,2022-02-27,80
app_mobile,Application mobile bancaire,KBC Touch,KBC,en,2022-03-06,77
app_mobile,Application mobile bancaire,KBC Touch,KBC,en,2022-03-13,71
app_mobile,Application mobile bancaire,KBC Touch,KBC,en,2022-03-20,83
app_mobile,Application mobile bancaire,KBC Touch,KBC,en,2022-03-27,88
app_mobile,Application mobile bancaire,KBC Touch,KBC,en,2022-04-03,84
app_mobile,Application mobile bancaire,KBC Touch,KBC,en,2022-04-10,75
app_mobile,Application mobile bancaire,KBC Touch,KBC,en,2022-04-17,75
app_mobile,Application mobile bancaire,KBC Touch,KBC,en,2022-04-24,73
app_mobile,Application mobile bancaire,KBC Touch,KBC,en,2022-05-01,79
app_mobile,Application mobile bancaire,KBC Touch,KBC,en,2022-05-08,76
app_mobile,Application mobile bancaire,KBC Touch,KBC,en,2022-05-15,75
app_mobile,Application mobile bancaire,KBC Touch,KBC,en,2022-05-22,70
app_mobile,Application mobile bancaire,KBC Touch,KBC,en,2022-05-29,77
app_mobile,Application mobile bancaire,KBC Touch,KBC,en,2022-06-05,81
app_mobile,Application mobile bancaire,KBC Touch,KBC,en,2022-06-12,76
app_mobile,Application mobile bancaire,KBC Touch,KBC,en,2022-06-19,81
app_mobile,Application mobile bancaire,KBC Touch,KBC,en,2022-06-26,89
app_mobile,Application mobile bancaire,KBC Touch,KBC,en,2022-07-03,95
app_mobile,Application mobile bancaire,KBC Touch,KBC,en,2022-07-10,90
app_mobile,Application mobile bancaire,KBC Touch,KBC,en,2022-07-17,73
app_mobile,Application mobile bancaire,KBC Touch,KBC,en,2022-07-24,72
app_mobile,Application mobile bancaire,KBC Touch,KBC,en,2022-07-31,84
app_mobile,Application mobile bancaire,KBC Touch,KBC,en,2022-08-07,74
app_mobile,Application mobile bancaire,KBC Touch,KBC,en,2022-08-14,69
app_mobile,Application mobile bancaire,KBC Touch,KBC,en,2022-08-21,79
app_mobile,Application mobile bancaire,KBC Touch,KBC,en,2022-08-28,81
app_mobile,Application mobile bancaire,KBC Touch,KBC,en,2022-09-04,77
app_mobile,Application mobile bancaire,KBC Touch,KBC,en,2022-09-11,74
app_mobile,Application mobile bancaire,KBC Touch,KBC,en,2022-09-18,79
app_mobile,Application mobile bancaire,KBC Touch,KBC,en,2022-09-25,78
app_mobile,Application mobile bancaire,KBC Touch,KBC,en,2022-10-02,85
app_mobile,Application mobile bancaire,KBC Touch,KBC,en,2022-10-09,81
app_mobile,Application mobile bancaire,KBC Touch,KBC,en,2022-10-16,75
app_mobile,Application mobile bancaire,KBC Touch,KBC,en,2022-10-23,73
app_mobile,Application mobile bancaire,KBC Touch,KBC,en,2022-10-30,73
app_mobile,Application mobile bancaire,KBC Touch,KBC,en,2022-11-06,70
app_mobile,Application mobile bancaire,KBC Touch,KBC,en,2022-11-13,80
app_mobile,Application mobile bancaire,KBC Touch,KBC,en,2022-11-20,70
app_mobile,Application mobile bancaire,KBC Touch,KBC,en,2022-11-27,78
app_mobile,Application mobile bancaire,KBC Touch,KBC,en,2022-12-04,76
app_mobile,Application mobile bancaire,KBC Touch,KBC,en,2022-12-11,75
app_mobile,Application mobile bancaire,KBC Touch,KBC,en,2022-12-18,83
app_mobile,Application mobile bancaire,KBC Touch,KBC,en,2022-12-25,75
app_mobile,Application mobile bancaire,KBC Touch,KBC,en,2023-01-01,84
app_mobile,Application mobile bancaire,KBC Touch,KBC,en,2023-01-08,81
app_mobile,Application mobile bancaire,KBC Touch,KBC,en,2023-01-15,79
app_mobile,Application mobile bancaire,KBC Touch,KBC,en,2023-01-22,78
app_mobile,Application mobile bancaire,KBC Touch,KBC,en,2023-01-29,77
app_mobile,Application mobile bancaire,KBC Touch,KBC,en,2023-02-05,70
app_mobile,Application mobile bancaire,KBC Touch,KBC,en,2023-02-12,68
app_mobile,Application mobile bancaire,KBC Touch,KBC,en,2023-02-19,71
app_mobile,Application mobile bancaire,KBC Touch,KBC,en,2023-02-26,78
app_mobile,Application mobile bancaire,KBC Touch,KBC,en,2023-03-05,72
app_mobile,Application mobile bancaire,KBC Touch,KBC,en,2023-03-12,66
app_mobile,Application mobile bancaire,KBC Touch,KBC,en,2023-03-19,78
app_mobile,Application mobile bancaire,KBC Touch,KBC,en,2023-03-26,73
app_mobile,Application mobile bancaire,KBC Touch,KBC,en,2023-04-02,74
app_mobile,Application mobile bancaire,KBC Touch,KBC,en,2023-04-09,69
app_mobile,Application mobile bancaire,KBC Touch,KBC,en,2023-04-16,67
app_mobile,Application mobile bancaire,KBC Touch,KBC,en,2023-04-23,65
app_mobile,Application mobile bancaire,KBC Touch,KBC,en,2023-04-30,65
app_mobile,Application mobile bancaire,KBC Touch,KBC,en,2023-05-07,67
app_mobile,Application mobile bancaire,KBC Touch,KBC,en,2023-05-14,58
app_mobile,Application mobile bancaire,KBC Touch,KBC,en,2023-05-21,75
app_mobile,Application mobile bancaire,KBC Touch,KBC,en,2023-05-28,66
app_mobile,Application mobile bancaire,KBC Touch,KBC,en,2023-06-04,61
app_mobile,Application mobile bancaire,KBC Touch,KBC,en,2023-06-11,66
app_mobile,Application mobile bancaire,KBC Touch,KBC,en,2023-06-18,65
app_mobile,Application mobile bancaire,KBC Touch,KBC,en,2023-06-25,74
app_mobile,Application mobile bancaire,KBC Touch,KBC,en,2023-07-02,83
app_mobile,Application mobile bancaire,KBC Touch,KBC,en,2023-07-09,75
app_mobile,Application mobile bancaire,KBC Touch,KBC,en,2023-07-16,62
app_mobile,Application mobile bancaire,KBC Touch,KBC,en,2023-07-23,67
app_mobile,Application mobile bancaire,KBC Touch,KBC,en,2023-07-30,67
app_mobile,Application mobile bancaire,KBC Touch,KBC,en,2023-08-06,59
app_mobile,Application mobile bancaire,KBC Touch,KBC,en,2023-08-13,58
app_mobile,Application mobile bancaire,KBC Touch,KBC,en,2023-08-20,73
app_mobile,Application mobile bancaire,KBC Touch,KBC,en,2023-08-27,83
app_mobile,Application mobile bancaire,KBC Touch,KBC,en,2023-09-03,68
app_mobile,Application mobile bancaire,KBC Touch,KBC,en,2023-09-10,62
app_mobile,Application mobile bancaire,KBC Touch,KBC,en,2023-09-17,65
app_mobile,Application mobile bancaire,KBC Touch,KBC,en,2023-09-24,70
app_mobile,Application mobile bancaire,KBC Touch,KBC,en,2023-10-01,72
app_mobile,Application mobile bancaire,KBC Touch,KBC,en,2023-10-08,66
app_mobile,Application mobile bancaire,KBC Touch,KBC,en,2023-10-15,71
app_mobile,Application mobile bancaire,KBC Touch,KBC,en,2023-10-22,68
app_mobile,Application mobile bancaire,KBC Touch,KBC,en,2023-10-29,63
app_mobile,Application mobile bancaire,KBC Touch,KBC,en,2023-11-05,62
app_mobile,Application mobile bancaire,KBC Touch,KBC,en,2023-11-12,63
app_mobile,Application mobile bancaire,KBC Touch,KBC,en,2023-11-19,81
app_mobile,Application mobile bancaire,KBC Touch,KBC,en,2023-11-26,67
app_mobile,Application mobile bancaire,KBC Touch,KBC,en,2023-12-03,70
app_mobile,Application mobile bancaire,KBC Touch,KBC,en,2023-12-10,70
app_mobile,Application mobile bancaire,KBC Touch,KBC,en,2023-12-17,75
app_mobile,Application mobile bancaire,KBC Touch,KBC,en,2023-12-24,68
app_mobile,Application mobile bancaire,KBC Touch,KBC,en,2023-12-31,76
app_mobile,Application mobile bancaire,KBC Touch,KBC,en,2024-01-07,72
app_mobile,Application mobile bancaire,KBC Touch,KBC,en,2024-01-14,75
app_mobile,Application mobile bancaire,KBC Touch,KBC,en,2024-01-21,73
app_mobile,Application mobile bancaire,KBC Touch,KBC,en,2024-01-28,78
app_mobile,Application mobile bancaire,KBC Touch,KBC,en,2024-02-04,72
app_mobile,Application mobile bancaire,KBC Touch,KBC,en,2024-02-11,71
app_mobile,Application mobile bancaire,KBC Touch,KBC,en,2024-02-18,70
app_mobile,Application mobile bancaire,KBC Touch,KBC,en,2024-02-25,74
app_mobile,Application mobile bancaire,KBC Touch,KBC,en,2024-03-03,69
app_mobile,Application mobile bancaire,KBC Touch,KBC,en,2024-03-10,68
app_mobile,Application mobile bancaire,KBC Touch,KBC,en,2024-03-17,64
app_mobile,Application mobile bancaire,KBC Touch,KBC,en,2024-03-24,74
app_mobile,Application mobile bancaire,KBC Touch,KBC,en,2024-03-31,75
app_mobile,Application mobile bancaire,KBC Touch,KBC,en,2024-04-07,70
app_mobile,Application mobile bancaire,KBC Touch,KBC,en,2024-04-14,67
app_mobile,Application mobile bancaire,KBC Touch,KBC,en,2024-04-21,63
app_mobile,Application mobile bancaire,KBC Touch,KBC,en,2024-04-28,65
app_mobile,Application mobile bancaire,KBC Touch,KBC,en,2024-05-05,55
app_mobile,Application mobile bancaire,KBC Touch,KBC,en,2024-05-12,64
app_mobile,Application mobile bancaire,KBC Touch,KBC,en,2024-05-19,64
app_mobile,Application mobile bancaire,KBC Touch,KBC,en,2024-05-26,65
app_mobile,Application mobile bancaire,KBC Touch,KBC,en,2024-06-02,64
app_mobile,Application mobile bancaire,KBC Touch,KBC,en,2024-06-09,58
app_mobile,Application mobile bancaire,KBC Touch,KBC,en,2024-06-16,59
app_mobile,Application mobile bancaire,KBC Touch,KBC,en,2024-06-23,56
app_mobile,Application mobile bancaire,KBC Touch,KBC,en,2024-06-30,69
app_mobile,Application mobile bancaire,KBC Touch,KBC,en,2024-07-07,69
app_mobile,Application mobile bancaire,KBC Touch,KBC,en,2024-07-14,62
app_mobile,Application mobile bancaire,KBC Touch,KBC,en,2024-07-21,63
app_mobile,Application mobile bancaire,KBC Touch,KBC,en,2024-07-28,62
app_mobile,Application mobile bancaire,KBC Touch,KBC,en,2024-08-04,58
app_mobile,Application mobile bancaire,KBC Touch,KBC,en,2024-08-11,54
app_mobile,Application mobile bancaire,KBC Touch,KBC,en,2024-08-18,62
app_mobile,Application mobile bancaire,KBC Touch,KBC,en,2024-08-25,58
app_mobile,Application mobile bancaire,KBC Touch,KBC,en,2024-09-01,72
app_mobile,Application mobile bancaire,KBC Touch,KBC,en,2024-09-08,67
app_mobile,Application mobile bancaire,KBC Touch,KBC,en,2024-09-15,60
app_mobile,Application mobile bancaire,KBC Touch,KBC,en,2024-09-22,70
app_mobile,Application mobile bancaire,KBC Touch,KBC,en,2024-09-29,75
app_mobile,Application mobile bancaire,KBC Touch,KBC,en,2024-10-06,60
app_mobile,Application mobile bancaire,KBC Touch,KBC,en,2024-10-13,63
app_mobile,Application mobile bancaire,KBC Touch,KBC,en,2024-10-20,64
app_mobile,Application mobile bancaire,KBC Touch,KBC,en,2024-10-27,62
app_mobile,Application mobile bancaire,KBC Touch,KBC,en,2024-11-03,61
app_mobile,Application mobile bancaire,KBC Touch,KBC,en,2024-11-10,57
app_mobile,Application mobile bancaire,KBC Touch,KBC,en,2024-11-17,62
app_mobile,Application mobile bancaire,KBC Touch,KBC,en,2024-11-24,66
app_mobile,Application mobile bancaire,KBC Touch,KBC,en,2024-12-01,66
app_mobile,Application mobile bancaire,KBC Touch,KBC,en,2024-12-08,69
app_mobile,Application mobile bancaire,KBC Touch,KBC,en,2024-12-15,70
app_mobile,Application mobile bancaire,KBC Touch,KBC,en,2024-12-22,61
app_mobile,Application mobile bancaire,KBC Touch,KBC,en,2024-12-29,77
app_mobile,Application mobile bancaire,KBC Touch,KBC,en,2025-01-05,70
app_mobile,Application mobile bancaire,KBC Touch,KBC,en,2025-01-12,64
app_mobile,Application mobile bancaire,KBC Touch,KBC,en,2025-01-19,64
app_mobile,Application mobile bancaire,KBC Touch,KBC,en,2025-01-26,66
app_mobile,Application mobile bancaire,KBC Touch,KBC,en,2025-02-02,64
app_mobile,Application mobile bancaire,KBC Touch,KBC,en,2025-02-09,61
app_mobile,Application mobile bancaire,KBC Touch,KBC,en,2025-02-16,62
app_mobile,Application mobile bancaire,KBC Touch,KBC,en,2025-02-23,63
app_mobile,Application mobile bancaire,KBC Touch,KBC,en,2025-03-02,65
app_mobile,Application mobile bancaire,KBC Touch,KBC,en,2025-03-09,66
app_mobile,Application mobile bancaire,KBC Touch,KBC,en,2025-03-16,60
app_mobile,Application mobile bancaire,KBC Touch,KBC,en,2025-03-23,62
app_mobile,Application mobile bancaire,KBC Touch,KBC,en,2025-03-30,68
app_mobile,Application mobile bancaire,KBC Touch,KBC,en,2025-04-06,63
app_mobile,Application mobile bancaire,KBC Touch,KBC,en,2025-04-13,60
app_mobile,Application mobile bancaire,KBC Touch,KBC,en,2025-04-20,58
app_mobile,Application mobile bancaire,KBC Touch,KBC,en,2025-04-27,58
app_mobile,Application mobile bancaire,KBC Touch,KBC,en,2025-05-04,60
app_mobile,Application mobile bancaire,KBC Touch,KBC,en,2025-05-11,58
app_mobile,Application mobile bancaire,KBC Touch,KBC,en,2025-05-18,64
app_mobile,Application mobile bancaire,KBC Touch,KBC,en,2025-05-25,55
app_mobile,Application mobile bancaire,KBC Touch,KBC,en,2025-06-01,63
app_mobile,Application mobile bancaire,KBC Touch,KBC,en,2025-06-08,54
app_mobile,Application mobile bancaire,KBC Touch,KBC,en,2025-06-15,59
app_mobile,Application mobile bancaire,KBC Touch,KBC,en,2025-06-22,65
app_mobile,Application mobile bancaire,KBC Touch,KBC,en,2025-06-29,71
app_mobile,Application mobile bancaire,KBC Touch,KBC,en,2025-07-06,69
app_mobile,Application mobile bancaire,KBC Touch,KBC,en,2025-07-13,61
app_mobile,Application mobile bancaire,KBC Touch,KBC,en,2025-07-20,58
app_mobile,Application mobile bancaire,KBC Touch,KBC,en,2025-07-27,63
app_mobile,Application mobile bancaire,KBC Touch,KBC,en,2025-08-03,57
app_mobile,Application mobile bancaire,KBC Touch,KBC,en,2025-08-10,50
app_mobile,Application mobile bancaire,KBC Touch,KBC,en,2025-08-17,62
app_mobile,Application mobile bancaire,KBC Touch,KBC,en,2025-08-24,56
app_mobile,Application mobile bancaire,KBC Touch,KBC,en,2025-08-31,62
app_mobile,Application mobile bancaire,KBC Touch,KBC,en,2025-09-07,56
app_mobile,Application mobile bancaire,KBC Touch,KBC,en,2025-09-14,59
app_mobile,Application mobile bancaire,KBC Touch,KBC,en,2025-09-21,62
app_mobile,Application mobile bancaire,KBC Touch,KBC,en,2025-09-28,70
app_mobile,Application mobile bancaire,KBC Touch,KBC,en,2025-10-05,65
app_mobile,Application mobile bancaire,KBC Touch,KBC,en,2025-10-12,58
app_mobile,Application mobile bancaire,KBC Touch,KBC,en,2025-10-19,64
app_mobile,Application mobile bancaire,KBC Touch,KBC,en,2025-10-26,60
app_mobile,Application mobile bancaire,KBC Touch,KBC,en,2025-11-02,57
app_mobile,Application mobile bancaire,KBC Touch,KBC,en,2025-11-09,56
app_mobile,Application mobile bancaire,KBC Touch,KBC,en,2025-11-16,56
app_mobile,Application mobile bancaire,KBC Touch,KBC,en,2025-11-23,56
app_mobile,Application mobile bancaire,KBC Touch,KBC,en,2025-11-30,63
app_mobile,Application mobile bancaire,KBC Touch,KBC,en,2025-12-07,62
app_mobile,Application mobile bancaire,KBC Touch,KBC,en,2025-12-14,64
app_mobile,Application mobile bancaire,KBC Touch,KBC,en,2025-12-21,59
app_mobile,Application mobile bancaire,KBC Touch,KBC,en,2025-12-28,68
app_mobile,Application mobile bancaire,KBC Touch,KBC,en,2026-01-04,66
app_mobile,Application mobile bancaire,KBC Touch,KBC,en,2026-01-11,62
app_mobile,Application mobile bancaire,KBC Touch,KBC,en,2026-01-18,56
app_mobile,Application mobile bancaire,KBC Touch,KBC,en,2026-01-25,58
app_mobile,Application mobile bancaire,KBC Touch,KBC,en,2026-02-01,62
app_mobile,Application mobile bancaire,KBC Touch,KBC,en,2026-02-08,53
app_mobile,Application mobile bancaire,KBC Touch,KBC,en,2026-02-15,50
app_mobile,Application mobile bancaire,KBC Touch,KBC,en,2026-02-22,56
app_mobile,Application mobile bancaire,KBC Touch,KBC,en,2026-03-01,60
app_mobile,Application mobile bancaire,KBC Touch,KBC,en,2026-03-08,55
app_mobile,Application mobile bancaire,KBC Touch,KBC,en,2026-03-15,54
app_mobile,Application mobile bancaire,KBC Touch,KBC,en,2026-03-22,60
app_mobile,Application mobile bancaire,KBC Touch,KBC,en,2026-03-29,63
app_mobile,Application mobile bancaire,KBC Touch,KBC,en,2026-04-05,49
app_mobile,Application mobile bancaire,KBC Touch,KBC,en,2026-04-12,51
app_mobile,Application mobile bancaire,KBC Touch,KBC,en,2026-04-19,53
app_mobile,Application mobile bancaire,KBC Touch,KBC,en,2026-04-26,54
app_mobile,Application mobile bancaire,KBC Touch,KBC,en,2026-05-03,50
app_mobile,Application mobile bancaire,KBC Touch,KBC,en,2026-05-10,45
app_mobile,Application mobile bancaire,KBC Touch,KBC,en,2026-05-17,53
app_mobile,Application mobile bancaire,KBC Touch,KBC,en,2026-05-24,47
app_mobile,Application mobile bancaire,KBC Touch,KBC,en,2026-05-31,56
app_mobile,Application mobile bancaire,KBC Touch,KBC,en,2026-06-07,50
app_mobile,Application mobile bancaire,KBC Touch,KBC,en,2026-06-14,48
app_mobile,Application mobile bancaire,KBC Touch,KBC,en,2026-06-21,49
app_mobile,Application mobile bancaire,KBC Touch,KBC,en,2026-06-28,56
app_mobile,Application mobile bancaire,KBC Touch,KBC,en,2026-07-05,49
app_mobile,Application mobile bancaire,KBC Touch,KBC,en,2026-07-12,41
app_mobile,Application mobile bancaire,KBC Touch,KBC,en,2026-07-19,39
app_mobile,Application mobile bancaire,KBC Touch,KBC,en,2026-07-26,35
app_mobile,Application mobile bancaire,KBC Touch,KBC,en,2026-08-02,36
app_mobile,Application mobile bancaire,KBC Touch,KBC,en,2026-08-09,36
app_mobile,Application mobile bancaire,KBC Touch,KBC,en,2026-08-16,35
app_mobile,Application mobile bancaire,KBC Touch,KBC,en,2026-08-23,35
app_mobile,Application mobile bancaire,KBC Touch,KBC,en,2026-08-30,40
app_mobile,Application mobile bancaire,KBC Touch,KBC,en,2026-09-06,32
app_mobile,Application mobile bancaire,KBC Touch,KBC,en,2026-09-13,21
assurance_habitation,Assurance habitation,KBC brandverzekering,KBC,nl,2021-09-12,0
assurance_habitation,Assurance habitation,KBC brandverzekering,KBC,nl,2021-09-19,0
assurance_habitation,Assurance habitation,KBC brandverzekering,KBC,nl,2021-09-26,0
assurance_habitation,Assurance habitation,KBC brandverzekering,KBC,nl,2021-10-03,0
assurance_habitation,Assurance habitation,KBC brandverzekering,KBC,nl,2021-10-10,0
assurance_habitation,Assurance habitation,KBC brandverzekering,KBC,nl,2021-10-17,0
assurance_habitation,Assurance habitation,KBC brandverzekering,KBC,nl,2021-10-24,0
assurance_habitation,Assurance habitation,KBC brandverzekering,KBC,nl,2021-10-31,66
assurance_habitation,Assurance habitation,KBC brandverzekering,KBC,nl,2021-11-07,0
assurance_habitation,Assurance habitation,KBC brandverzekering,KBC,nl,2021-11-14,0
assurance_habitation,Assurance habitation,KBC brandverzekering,KBC,nl,2021-11-21,0
assurance_habitation,Assurance habitation,KBC brandverzekering,KBC,nl,2021-11-28,0
assurance_habitation,Assurance habitation,KBC brandverzekering,KBC,nl,2021-12-05,0
assurance_habitation,Assurance habitation,KBC brandverzekering,KBC,nl,2021-12-12,0
assurance_habitation,Assurance habitation,KBC brandverzekering,KBC,nl,2021-12-19,0
assurance_habitation,Assurance habitation,KBC brandverzekering,KBC,nl,2021-12-26,0
assurance_habitation,Assurance habitation,KBC brandverzekering,KBC,nl,2022-01-02,0
assurance_habitation,Assurance habitation,KBC brandverzekering,KBC,nl,2022-01-09,0
assurance_habitation,Assurance habitation,KBC brandverzekering,KBC,nl,2022-01-16,0
assurance_habitation,Assurance habitation,KBC brandverzekering,KBC,nl,2022-01-23,0
assurance_habitation,Assurance habitation,KBC brandverzekering,KBC,nl,2022-01-30,0
assurance_habitation,Assurance habitation,KBC brandverzekering,KBC,nl,2022-02-06,0
assurance_habitation,Assurance habitation,KBC brandverzekering,KBC,nl,2022-02-13,100
assurance_habitation,Assurance habitation,KBC brandverzekering,KBC,nl,2022-02-20,79
assurance_habitation,Assurance habitation,KBC brandverzekering,KBC,nl,2022-02-27,0
assurance_habitation,Assurance habitation,KBC brandverzekering,KBC,nl,2022-03-06,0
assurance_habitation,Assurance habitation,KBC brandverzekering,KBC,nl,2022-03-13,0
assurance_habitation,Assurance habitation,KBC brandverzekering,KBC,nl,2022-03-20,0
assurance_habitation,Assurance habitation,KBC brandverzekering,KBC,nl,2022-03-27,0
assurance_habitation,Assurance habitation,KBC brandverzekering,KBC,nl,2022-04-03,0
assurance_habitation,Assurance habitation,KBC brandverzekering,KBC,nl,2022-04-10,0
assurance_habitation,Assurance habitation,KBC brandverzekering,KBC,nl,2022-04-17,0
assurance_habitation,Assurance habitation,KBC brandverzekering,KBC,nl,2022-04-24,0
assurance_habitation,Assurance habitation,KBC brandverzekering,KBC,nl,2022-05-01,0
assurance_habitation,Assurance habitation,KBC brandverzekering,KBC,nl,2022-05-08,0
assurance_habitation,Assurance habitation,KBC brandverzekering,KBC,nl,2022-05-15,0
assurance_habitation,Assurance habitation,KBC brandverzekering,KBC,nl,2022-05-22,0
assurance_habitation,Assurance habitation,KBC brandverzekering,KBC,nl,2022-05-29,0
assurance_habitation,Assurance habitation,KBC brandverzekering,KBC,nl,2022-06-05,0
assurance_habitation,Assurance habitation,KBC brandverzekering,KBC,nl,2022-06-12,0
assurance_habitation,Assurance habitation,KBC brandverzekering,KBC,nl,2022-06-19,0
assurance_habitation,Assurance habitation,KBC brandverzekering,KBC,nl,2022-06-26,0
assurance_habitation,Assurance habitation,KBC brandverzekering,KBC,nl,2022-07-03,0
assurance_habitation,Assurance habitation,KBC brandverzekering,KBC,nl,2022-07-10,0
assurance_habitation,Assurance habitation,KBC brandverzekering,KBC,nl,2022-07-17,0
assurance_habitation,Assurance habitation,KBC brandverzekering,KBC,nl,2022-07-24,0
assurance_habitation,Assurance habitation,KBC brandverzekering,KBC,nl,2022-07-31,0
assurance_habitation,Assurance habitation,KBC brandverzekering,KBC,nl,2022-08-07,0
assurance_habitation,Assurance habitation,KBC brandverzekering,KBC,nl,2022-08-14,0
assurance_habitation,Assurance habitation,KBC brandverzekering,KBC,nl,2022-08-21,0
assurance_habitation,Assurance habitation,KBC brandverzekering,KBC,nl,2022-08-28,0
assurance_habitation,Assurance habitation,KBC brandverzekering,KBC,nl,2022-09-04,0
assurance_habitation,Assurance habitation,KBC brandverzekering,KBC,nl,2022-09-11,0
assurance_habitation,Assurance habitation,KBC brandverzekering,KBC,nl,2022-09-18,0
assurance_habitation,Assurance habitation,KBC brandverzekering,KBC,nl,2022-09-25,0
assurance_habitation,Assurance habitation,KBC brandverzekering,KBC,nl,2022-10-02,0
assurance_habitation,Assurance habitation,KBC brandverzekering,KBC,nl,2022-10-09,0
assurance_habitation,Assurance habitation,KBC brandverzekering,KBC,nl,2022-10-16,0
assurance_habitation,Assurance habitation,KBC brandverzekering,KBC,nl,2022-10-23,0
assurance_habitation,Assurance habitation,KBC brandverzekering,KBC,nl,2022-10-30,0
assurance_habitation,Assurance habitation,KBC brandverzekering,KBC,nl,2022-11-06,0
assurance_habitation,Assurance habitation,KBC brandverzekering,KBC,nl,2022-11-13,0
assurance_habitation,Assurance habitation,KBC brandverzekering,KBC,nl,2022-11-20,0
assurance_habitation,Assurance habitation,KBC brandverzekering,KBC,nl,2022-11-27,0
assurance_habitation,Assurance habitation,KBC brandverzekering,KBC,nl,2022-12-04,0
assurance_habitation,Assurance habitation,KBC brandverzekering,KBC,nl,2022-12-11,0
assurance_habitation,Assurance habitation,KBC brandverzekering,KBC,nl,2022-12-18,0
assurance_habitation,Assurance habitation,KBC brandverzekering,KBC,nl,2022-12-25,0
assurance_habitation,Assurance habitation,KBC brandverzekering,KBC,nl,2023-01-01,0
assurance_habitation,Assurance habitation,KBC brandverzekering,KBC,nl,2023-01-08,0
assurance_habitation,Assurance habitation,KBC brandverzekering,KBC,nl,2023-01-15,0
assurance_habitation,Assurance habitation,KBC brandverzekering,KBC,nl,2023-01-22,0
assurance_habitation,Assurance habitation,KBC brandverzekering,KBC,nl,2023-01-29,58
assurance_habitation,Assurance habitation,KBC brandverzekering,KBC,nl,2023-02-05,0
assurance_habitation,Assurance habitation,KBC brandverzekering,KBC,nl,2023-02-12,0
assurance_habitation,Assurance habitation,KBC brandverzekering,KBC,nl,2023-02-19,0
assurance_habitation,Assurance habitation,KBC brandverzekering,KBC,nl,2023-02-26,0
assurance_habitation,Assurance habitation,KBC brandverzekering,KBC,nl,2023-03-05,0
assurance_habitation,Assurance habitation,KBC brandverzekering,KBC,nl,2023-03-12,47
assurance_habitation,Assurance habitation,KBC brandverzekering,KBC,nl,2023-03-19,0
assurance_habitation,Assurance habitation,KBC brandverzekering,KBC,nl,2023-03-26,0
assurance_habitation,Assurance habitation,KBC brandverzekering,KBC,nl,2023-04-02,0
assurance_habitation,Assurance habitation,KBC brandverzekering,KBC,nl,2023-04-09,0
assurance_habitation,Assurance habitation,KBC brandverzekering,KBC,nl,2023-04-16,0
assurance_habitation,Assurance habitation,KBC brandverzekering,KBC,nl,2023-04-23,0
assurance_habitation,Assurance habitation,KBC brandverzekering,KBC,nl,2023-04-30,0
assurance_habitation,Assurance habitation,KBC brandverzekering,KBC,nl,2023-05-07,0
assurance_habitation,Assurance habitation,KBC brandverzekering,KBC,nl,2023-05-14,0
assurance_habitation,Assurance habitation,KBC brandverzekering,KBC,nl,2023-05-21,0
assurance_habitation,Assurance habitation,KBC brandverzekering,KBC,nl,2023-05-28,0
assurance_habitation,Assurance habitation,KBC brandverzekering,KBC,nl,2023-06-04,0
assurance_habitation,Assurance habitation,KBC brandverzekering,KBC,nl,2023-06-11,47
assurance_habitation,Assurance habitation,KBC brandverzekering,KBC,nl,2023-06-18,0
assurance_habitation,Assurance habitation,KBC brandverzekering,KBC,nl,2023-06-25,0
assurance_habitation,Assurance habitation,KBC brandverzekering,KBC,nl,2023-07-02,0
assurance_habitation,Assurance habitation,KBC brandverzekering,KBC,nl,2023-07-09,0
assurance_habitation,Assurance habitation,KBC brandverzekering,KBC,nl,2023-07-16,0
assurance_habitation,Assurance habitation,KBC brandverzekering,KBC,nl,2023-07-23,0
assurance_habitation,Assurance habitation,KBC brandverzekering,KBC,nl,2023-07-30,0
assurance_habitation,Assurance habitation,KBC brandverzekering,KBC,nl,2023-08-06,0
assurance_habitation,Assurance habitation,KBC brandverzekering,KBC,nl,2023-08-13,0
assurance_habitation,Assurance habitation,KBC brandverzekering,KBC,nl,2023-08-20,0
assurance_habitation,Assurance habitation,KBC brandverzekering,KBC,nl,2023-08-27,0
assurance_habitation,Assurance habitation,KBC brandverzekering,KBC,nl,2023-09-03,0
assurance_habitation,Assurance habitation,KBC brandverzekering,KBC,nl,2023-09-10,0
assurance_habitation,Assurance habitation,KBC brandverzekering,KBC,nl,2023-09-17,54
assurance_habitation,Assurance habitation,KBC brandverzekering,KBC,nl,2023-09-24,0
assurance_habitation,Assurance habitation,KBC brandverzekering,KBC,nl,2023-10-01,0
assurance_habitation,Assurance habitation,KBC brandverzekering,KBC,nl,2023-10-08,0
assurance_habitation,Assurance habitation,KBC brandverzekering,KBC,nl,2023-10-15,0
assurance_habitation,Assurance habitation,KBC brandverzekering,KBC,nl,2023-10-22,0
assurance_habitation,Assurance habitation,KBC brandverzekering,KBC,nl,2023-10-29,0
assurance_habitation,Assurance habitation,KBC brandverzekering,KBC,nl,2023-11-05,0
assurance_habitation,Assurance habitation,KBC brandverzekering,KBC,nl,2023-11-12,0
assurance_habitation,Assurance habitation,KBC brandverzekering,KBC,nl,2023-11-19,0
assurance_habitation,Assurance habitation,KBC brandverzekering,KBC,nl,2023-11-26,0
assurance_habitation,Assurance habitation,KBC brandverzekering,KBC,nl,2023-12-03,0
assurance_habitation,Assurance habitation,KBC brandverzekering,KBC,nl,2023-12-10,0
assurance_habitation,Assurance habitation,KBC brandverzekering,KBC,nl,2023-12-17,0
assurance_habitation,Assurance habitation,KBC brandverzekering,KBC,nl,2023-12-24,0
assurance_habitation,Assurance habitation,KBC brandverzekering,KBC,nl,2023-12-31,0
assurance_habitation,Assurance habitation,KBC brandverzekering,KBC,nl,2024-01-07,0
assurance_habitation,Assurance habitation,KBC brandverzekering,KBC,nl,2024-01-14,0
assurance_habitation,Assurance habitation,KBC brandverzekering,KBC,nl,2024-01-21,0
assurance_habitation,Assurance habitation,KBC brandverzekering,KBC,nl,2024-01-28,0
assurance_habitation,Assurance habitation,KBC brandverzekering,KBC,nl,2024-02-04,0
assurance_habitation,Assurance habitation,KBC brandverzekering,KBC,nl,2024-02-11,0
assurance_habitation,Assurance habitation,KBC brandverzekering,KBC,nl,2024-02-18,0
assurance_habitation,Assurance habitation,KBC brandverzekering,KBC,nl,2024-02-25,0
assurance_habitation,Assurance habitation,KBC brandverzekering,KBC,nl,2024-03-03,0
assurance_habitation,Assurance habitation,KBC brandverzekering,KBC,nl,2024-03-10,0
assurance_habitation,Assurance habitation,KBC brandverzekering,KBC,nl,2024-03-17,0
assurance_habitation,Assurance habitation,KBC brandverzekering,KBC,nl,2024-03-24,0
assurance_habitation,Assurance habitation,KBC brandverzekering,KBC,nl,2024-03-31,0
assurance_habitation,Assurance habitation,KBC brandverzekering,KBC,nl,2024-04-07,0
assurance_habitation,Assurance habitation,KBC brandverzekering,KBC,nl,2024-04-14,0
assurance_habitation,Assurance habitation,KBC brandverzekering,KBC,nl,2024-04-21,0
assurance_habitation,Assurance habitation,KBC brandverzekering,KBC,nl,2024-04-28,0
assurance_habitation,Assurance habitation,KBC brandverzekering,KBC,nl,2024-05-05,0
assurance_habitation,Assurance habitation,KBC brandverzekering,KBC,nl,2024-05-12,0
assurance_habitation,Assurance habitation,KBC brandverzekering,KBC,nl,2024-05-19,0
assurance_habitation,Assurance habitation,KBC brandverzekering,KBC,nl,2024-05-26,73
assurance_habitation,Assurance habitation,KBC brandverzekering,KBC,nl,2024-06-02,0
assurance_habitation,Assurance habitation,KBC brandverzekering,KBC,nl,2024-06-09,0
assurance_habitation,Assurance habitation,KBC brandverzekering,KBC,nl,2024-06-16,56
assurance_habitation,Assurance habitation,KBC brandverzekering,KBC,nl,2024-06-23,0
assurance_habitation,Assurance habitation,KBC brandverzekering,KBC,nl,2024-06-30,0
assurance_habitation,Assurance habitation,KBC brandverzekering,KBC,nl,2024-07-07,0
assurance_habitation,Assurance habitation,KBC brandverzekering,KBC,nl,2024-07-14,0
assurance_habitation,Assurance habitation,KBC brandverzekering,KBC,nl,2024-07-21,0
assurance_habitation,Assurance habitation,KBC brandverzekering,KBC,nl,2024-07-28,0
assurance_habitation,Assurance habitation,KBC brandverzekering,KBC,nl,2024-08-04,0
assurance_habitation,Assurance habitation,KBC brandverzekering,KBC,nl,2024-08-11,0
assurance_habitation,Assurance habitation,KBC brandverzekering,KBC,nl,2024-08-18,0
assurance_habitation,Assurance habitation,KBC brandverzekering,KBC,nl,2024-08-25,0
assurance_habitation,Assurance habitation,KBC brandverzekering,KBC,nl,2024-09-01,0
assurance_habitation,Assurance habitation,KBC brandverzekering,KBC,nl,2024-09-08,0
assurance_habitation,Assurance habitation,KBC brandverzekering,KBC,nl,2024-09-15,0
assurance_habitation,Assurance habitation,KBC brandverzekering,KBC,nl,2024-09-22,0
assurance_habitation,Assurance habitation,KBC brandverzekering,KBC,nl,2024-09-29,0
assurance_habitation,Assurance habitation,KBC brandverzekering,KBC,nl,2024-10-06,0
assurance_habitation,Assurance habitation,KBC brandverzekering,KBC,nl,2024-10-13,0
assurance_habitation,Assurance habitation,KBC brandverzekering,KBC,nl,2024-10-20,0
assurance_habitation,Assurance habitation,KBC brandverzekering,KBC,nl,2024-10-27,0
assurance_habitation,Assurance habitation,KBC brandverzekering,KBC,nl,2024-11-03,0
assurance_habitation,Assurance habitation,KBC brandverzekering,KBC,nl,2024-11-10,0
assurance_habitation,Assurance habitation,KBC brandverzekering,KBC,nl,2024-11-17,0
assurance_habitation,Assurance habitation,KBC brandverzekering,KBC,nl,2024-11-24,0
assurance_habitation,Assurance habitation,KBC brandverzekering,KBC,nl,2024-12-01,0
assurance_habitation,Assurance habitation,KBC brandverzekering,KBC,nl,2024-12-08,0
assurance_habitation,Assurance habitation,KBC brandverzekering,KBC,nl,2024-12-15,0
assurance_habitation,Assurance habitation,KBC brandverzekering,KBC,nl,2024-12-22,0
assurance_habitation,Assurance habitation,KBC brandverzekering,KBC,nl,2024-12-29,0
assurance_habitation,Assurance habitation,KBC brandverzekering,KBC,nl,2025-01-05,0
assurance_habitation,Assurance habitation,KBC brandverzekering,KBC,nl,2025-01-12,0
assurance_habitation,Assurance habitation,KBC brandverzekering,KBC,nl,2025-01-19,0
assurance_habitation,Assurance habitation,KBC brandverzekering,KBC,nl,2025-01-26,0
assurance_habitation,Assurance habitation,KBC brandverzekering,KBC,nl,2025-02-02,0
assurance_habitation,Assurance habitation,KBC brandverzekering,KBC,nl,2025-02-09,0
assurance_habitation,Assurance habitation,KBC brandverzekering,KBC,nl,2025-02-16,0
assurance_habitation,Assurance habitation,KBC brandverzekering,KBC,nl,2025-02-23,0
assurance_habitation,Assurance habitation,KBC brandverzekering,KBC,nl,2025-03-02,0
assurance_habitation,Assurance habitation,KBC brandverzekering,KBC,nl,2025-03-09,0
assurance_habitation,Assurance habitation,KBC brandverzekering,KBC,nl,2025-03-16,0
assurance_habitation,Assurance habitation,KBC brandverzekering,KBC,nl,2025-03-23,0
assurance_habitation,Assurance habitation,KBC brandverzekering,KBC,nl,2025-03-30,0
assurance_habitation,Assurance habitation,KBC brandverzekering,KBC,nl,2025-04-06,0
assurance_habitation,Assurance habitation,KBC brandverzekering,KBC,nl,2025-04-13,0
assurance_habitation,Assurance habitation,KBC brandverzekering,KBC,nl,2025-04-20,0
assurance_habitation,Assurance habitation,KBC brandverzekering,KBC,nl,2025-04-27,0
assurance_habitation,Assurance habitation,KBC brandverzekering,KBC,nl,2025-05-04,0
assurance_habitation,Assurance habitation,KBC brandverzekering,KBC,nl,2025-05-11,0
assurance_habitation,Assurance habitation,KBC brandverzekering,KBC,nl,2025-05-18,0
assurance_habitation,Assurance habitation,KBC brandverzekering,KBC,nl,2025-05-25,0
assurance_habitation,Assurance habitation,KBC brandverzekering,KBC,nl,2025-06-01,0
assurance_habitation,Assurance habitation,KBC brandverzekering,KBC,nl,2025-06-08,0
assurance_habitation,Assurance habitation,KBC brandverzekering,KBC,nl,2025-06-15,0
assurance_habitation,Assurance habitation,KBC brandverzekering,KBC,nl,2025-06-22,0
assurance_habitation,Assurance habitation,KBC brandverzekering,KBC,nl,2025-06-29,0
assurance_habitation,Assurance habitation,KBC brandverzekering,KBC,nl,2025-07-06,0
assurance_habitation,Assurance habitation,KBC brandverzekering,KBC,nl,2025-07-13,0
assurance_habitation,Assurance habitation,KBC brandverzekering,KBC,nl,2025-07-20,0
assurance_habitation,Assurance habitation,KBC brandverzekering,KBC,nl,2025-07-27,0
assurance_habitation,Assurance habitation,KBC brandverzekering,KBC,nl,2025-08-03,0
assurance_habitation,Assurance habitation,KBC brandverzekering,KBC,nl,2025-08-10,0
assurance_habitation,Assurance habitation,KBC brandverzekering,KBC,nl,2025-08-17,0
assurance_habitation,Assurance habitation,KBC brandverzekering,KBC,nl,2025-08-24,0
assurance_habitation,Assurance habitation,KBC brandverzekering,KBC,nl,2025-08-31,62
assurance_habitation,Assurance habitation,KBC brandverzekering,KBC,nl,2025-09-07,0
assurance_habitation,Assurance habitation,KBC brandverzekering,KBC,nl,2025-09-14,0
assurance_habitation,Assurance habitation,KBC brandverzekering,KBC,nl,2025-09-21,0
assurance_habitation,Assurance habitation,KBC brandverzekering,KBC,nl,2025-09-28,0
assurance_habitation,Assurance habitation,KBC brandverzekering,KBC,nl,2025-10-05,0
assurance_habitation,Assurance habitation,KBC brandverzekering,KBC,nl,2025-10-12,0
assurance_habitation,Assurance habitation,KBC brandverzekering,KBC,nl,2025-10-19,0
assurance_habitation,Assurance habitation,KBC brandverzekering,KBC,nl,2025-10-26,0
assurance_habitation,Assurance habitation,KBC brandverzekering,KBC,nl,2025-11-02,0
assurance_habitation,Assurance habitation,KBC brandverzekering,KBC,nl,2025-11-09,0
assurance_habitation,Assurance habitation,KBC brandverzekering,KBC,nl,2025-11-16,0
assurance_habitation,Assurance habitation,KBC brandverzekering,KBC,nl,2025-11-23,0
assurance_habitation,Assurance habitation,KBC brandverzekering,KBC,nl,2025-11-30,58
assurance_habitation,Assurance habitation,KBC brandverzekering,KBC,nl,2025-12-07,0
assurance_habitation,Assurance habitation,KBC brandverzekering,KBC,nl,2025-12-14,0
assurance_habitation,Assurance habitation,KBC brandverzekering,KBC,nl,2025-12-21,0
assurance_habitation,Assurance habitation,KBC brandverzekering,KBC,nl,2025-12-28,0
assurance_habitation,Assurance habitation,KBC brandverzekering,KBC,nl,2026-01-04,0
assurance_habitation,Assurance habitation,KBC brandverzekering,KBC,nl,2026-01-11,0
assurance_habitation,Assurance habitation,KBC brandverzekering,KBC,nl,2026-01-18,0
assurance_habitation,Assurance habitation,KBC brandverzekering,KBC,nl,2026-01-25,0
assurance_habitation,Assurance habitation,KBC brandverzekering,KBC,nl,2026-02-01,0
assurance_habitation,Assurance habitation,KBC brandverzekering,KBC,nl,2026-02-08,0
assurance_habitation,Assurance habitation,KBC brandverzekering,KBC,nl,2026-02-15,0
assurance_habitation,Assurance habitation,KBC brandverzekering,KBC,nl,2026-02-22,0
assurance_habitation,Assurance habitation,KBC brandverzekering,KBC,nl,2026-03-01,0
assurance_habitation,Assurance habitation,KBC brandverzekering,KBC,nl,2026-03-08,0
assurance_habitation,Assurance habitation,KBC brandverzekering,KBC,nl,2026-03-15,0
assurance_habitation,Assurance habitation,KBC brandverzekering,KBC,nl,2026-03-22,0
assurance_habitation,Assurance habitation,KBC brandverzekering,KBC,nl,2026-03-29,0
assurance_habitation,Assurance habitation,KBC brandverzekering,KBC,nl,2026-04-05,0
assurance_habitation,Assurance habitation,KBC brandverzekering,KBC,nl,2026-04-12,0
assurance_habitation,Assurance habitation,KBC brandverzekering,KBC,nl,2026-04-19,0
assurance_habitation,Assurance habitation,KBC brandverzekering,KBC,nl,2026-04-26,0
assurance_habitation,Assurance habitation,KBC brandverzekering,KBC,nl,2026-05-03,0
assurance_habitation,Assurance habitation,KBC brandverzekering,KBC,nl,2026-05-10,0
assurance_habitation,Assurance habitation,KBC brandverzekering,KBC,nl,2026-05-17,0
assurance_habitation,Assurance habitation,KBC brandverzekering,KBC,nl,2026-05-24,0
assurance_habitation,Assurance habitation,KBC brandverzekering,KBC,nl,2026-05-31,0
assurance_habitation,Assurance habitation,KBC brandverzekering,KBC,nl,2026-06-07,0
assurance_habitation,Assurance habitation,KBC brandverzekering,KBC,nl,2026-06-14,0
assurance_habitation,Assurance habitation,KBC brandverzekering,KBC,nl,2026-06-21,0
assurance_habitation,Assurance habitation,KBC brandverzekering,KBC,nl,2026-06-28,0
assurance_habitation,Assurance habitation,KBC brandverzekering,KBC,nl,2026-07-05,0
assurance_habitation,Assurance habitation,KBC brandverzekering,KBC,nl,2026-07-12,0
assurance_habitation,Assurance habitation,KBC brandverzekering,KBC,nl,2026-07-19,84
assurance_habitation,Assurance habitation,KBC brandverzekering,KBC,nl,2026-07-26,0
assurance_habitation,Assurance habitation,KBC brandverzekering,KBC,nl,2026-08-02,0
assurance_habitation,Assurance habitation,KBC brandverzekering,KBC,nl,2026-08-09,0
assurance_habitation,Assurance habitation,KBC brandverzekering,KBC,nl,2026-08-16,0
assurance_habitation,Assurance habitation,KBC brandverzekering,KBC,nl,2026-08-23,0
assurance_habitation,Assurance habitation,KBC brandverzekering,KBC,nl,2026-08-30,13
assurance_habitation,Assurance habitation,KBC brandverzekering,KBC,nl,2026-09-06,20
assurance_habitation,Assurance habitation,KBC brandverzekering,KBC,nl,2026-09-13,26
carte_credit,Carte de crédit,KBC Flex Budget,KBC,en,2021-09-12,0
carte_credit,Carte de crédit,KBC Flex Budget,KBC,en,2021-09-19,0
carte_credit,Carte de crédit,KBC Flex Budget,KBC,en,2021-09-26,0
carte_credit,Carte de crédit,KBC Flex Budget,KBC,en,2021-10-03,0
carte_credit,Carte de crédit,KBC Flex Budget,KBC,en,2021-10-10,0
carte_credit,Carte de crédit,KBC Flex Budget,KBC,en,2021-10-17,0
carte_credit,Carte de crédit,KBC Flex Budget,KBC,en,2021-10-24,0
carte_credit,Carte de crédit,KBC Flex Budget,KBC,en,2021-10-31,0
carte_credit,Carte de crédit,KBC Flex Budget,KBC,en,2021-11-07,0
carte_credit,Carte de crédit,KBC Flex Budget,KBC,en,2021-11-14,0
carte_credit,Carte de crédit,KBC Flex Budget,KBC,en,2021-11-21,0
carte_credit,Carte de crédit,KBC Flex Budget,KBC,en,2021-11-28,0
carte_credit,Carte de crédit,KBC Flex Budget,KBC,en,2021-12-05,0
carte_credit,Carte de crédit,KBC Flex Budget,KBC,en,2021-12-12,0
carte_credit,Carte de crédit,KBC Flex Budget,KBC,en,2021-12-19,0
carte_credit,Carte de crédit,KBC Flex Budget,KBC,en,2021-12-26,0
carte_credit,Carte de crédit,KBC Flex Budget,KBC,en,2022-01-02,0
carte_credit,Carte de crédit,KBC Flex Budget,KBC,en,2022-01-09,0
carte_credit,Carte de crédit,KBC Flex Budget,KBC,en,2022-01-16,0
carte_credit,Carte de crédit,KBC Flex Budget,KBC,en,2022-01-23,0
carte_credit,Carte de crédit,KBC Flex Budget,KBC,en,2022-01-30,0
carte_credit,Carte de crédit,KBC Flex Budget,KBC,en,2022-02-06,0
carte_credit,Carte de crédit,KBC Flex Budget,KBC,en,2022-02-13,0
carte_credit,Carte de crédit,KBC Flex Budget,KBC,en,2022-02-20,0
carte_credit,Carte de crédit,KBC Flex Budget,KBC,en,2022-02-27,0
carte_credit,Carte de crédit,KBC Flex Budget,KBC,en,2022-03-06,0
carte_credit,Carte de crédit,KBC Flex Budget,KBC,en,2022-03-13,0
carte_credit,Carte de crédit,KBC Flex Budget,KBC,en,2022-03-20,0
carte_credit,Carte de crédit,KBC Flex Budget,KBC,en,2022-03-27,0
carte_credit,Carte de crédit,KBC Flex Budget,KBC,en,2022-04-03,0
carte_credit,Carte de crédit,KBC Flex Budget,KBC,en,2022-04-10,0
carte_credit,Carte de crédit,KBC Flex Budget,KBC,en,2022-04-17,0
carte_credit,Carte de crédit,KBC Flex Budget,KBC,en,2022-04-24,0
carte_credit,Carte de crédit,KBC Flex Budget,KBC,en,2022-05-01,0
carte_credit,Carte de crédit,KBC Flex Budget,KBC,en,2022-05-08,0
carte_credit,Carte de crédit,KBC Flex Budget,KBC,en,2022-05-15,0
carte_credit,Carte de crédit,KBC Flex Budget,KBC,en,2022-05-22,0
carte_credit,Carte de crédit,KBC Flex Budget,KBC,en,2022-05-29,0
carte_credit,Carte de crédit,KBC Flex Budget,KBC,en,2022-06-05,0
carte_credit,Carte de crédit,KBC Flex Budget,KBC,en,2022-06-12,0
carte_credit,Carte de crédit,KBC Flex Budget,KBC,en,2022-06-19,0
carte_credit,Carte de crédit,KBC Flex Budget,KBC,en,2022-06-26,0
carte_credit,Carte de crédit,KBC Flex Budget,KBC,en,2022-07-03,0
carte_credit,Carte de crédit,KBC Flex Budget,KBC,en,2022-07-10,0
carte_credit,Carte de crédit,KBC Flex Budget,KBC,en,2022-07-17,0
carte_credit,Carte de crédit,KBC Flex Budget,KBC,en,2022-07-24,0
carte_credit,Carte de crédit,KBC Flex Budget,KBC,en,2022-07-31,0
carte_credit,Carte de crédit,KBC Flex Budget,KBC,en,2022-08-07,0
carte_credit,Carte de crédit,KBC Flex Budget,KBC,en,2022-08-14,0
carte_credit,Carte de crédit,KBC Flex Budget,KBC,en,2022-08-21,0
carte_credit,Carte de crédit,KBC Flex Budget,KBC,en,2022-08-28,0
carte_credit,Carte de crédit,KBC Flex Budget,KBC,en,2022-09-04,0
carte_credit,Carte de crédit,KBC Flex Budget,KBC,en,2022-09-11,0
carte_credit,Carte de crédit,KBC Flex Budget,KBC,en,2022-09-18,0
carte_credit,Carte de crédit,KBC Flex Budget,KBC,en,2022-09-25,0
carte_credit,Carte de crédit,KBC Flex Budget,KBC,en,2022-10-02,0
carte_credit,Carte de crédit,KBC Flex Budget,KBC,en,2022-10-09,0
carte_credit,Carte de crédit,KBC Flex Budget,KBC,en,2022-10-16,0
carte_credit,Carte de crédit,KBC Flex Budget,KBC,en,2022-10-23,21
carte_credit,Carte de crédit,KBC Flex Budget,KBC,en,2022-10-30,0
carte_credit,Carte de crédit,KBC Flex Budget,KBC,en,2022-11-06,0
carte_credit,Carte de crédit,KBC Flex Budget,KBC,en,2022-11-13,0
carte_credit,Carte de crédit,KBC Flex Budget,KBC,en,2022-11-20,0
carte_credit,Carte de crédit,KBC Flex Budget,KBC,en,2022-11-27,0
carte_credit,Carte de crédit,KBC Flex Budget,KBC,en,2022-12-04,0
carte_credit,Carte de crédit,KBC Flex Budget,KBC,en,2022-12-11,0
carte_credit,Carte de crédit,KBC Flex Budget,KBC,en,2022-12-18,0
carte_credit,Carte de crédit,KBC Flex Budget,KBC,en,2022-12-25,0
carte_credit,Carte de crédit,KBC Flex Budget,KBC,en,2023-01-01,0
carte_credit,Carte de crédit,KBC Flex Budget,KBC,en,2023-01-08,0
carte_credit,Carte de crédit,KBC Flex Budget,KBC,en,2023-01-15,0
carte_credit,Carte de crédit,KBC Flex Budget,KBC,en,2023-01-22,0
carte_credit,Carte de crédit,KBC Flex Budget,KBC,en,2023-01-29,0
carte_credit,Carte de crédit,KBC Flex Budget,KBC,en,2023-02-05,0
carte_credit,Carte de crédit,KBC Flex Budget,KBC,en,2023-02-12,0
carte_credit,Carte de crédit,KBC Flex Budget,KBC,en,2023-02-19,0
carte_credit,Carte de crédit,KBC Flex Budget,KBC,en,2023-02-26,0
carte_credit,Carte de crédit,KBC Flex Budget,KBC,en,2023-03-05,0
carte_credit,Carte de crédit,KBC Flex Budget,KBC,en,2023-03-12,0
carte_credit,Carte de crédit,KBC Flex Budget,KBC,en,2023-03-19,0
carte_credit,Carte de crédit,KBC Flex Budget,KBC,en,2023-03-26,0
carte_credit,Carte de crédit,KBC Flex Budget,KBC,en,2023-04-02,0
carte_credit,Carte de crédit,KBC Flex Budget,KBC,en,2023-04-09,0
carte_credit,Carte de crédit,KBC Flex Budget,KBC,en,2023-04-16,0
carte_credit,Carte de crédit,KBC Flex Budget,KBC,en,2023-04-23,0
carte_credit,Carte de crédit,KBC Flex Budget,KBC,en,2023-04-30,0
carte_credit,Carte de crédit,KBC Flex Budget,KBC,en,2023-05-07,0
carte_credit,Carte de crédit,KBC Flex Budget,KBC,en,2023-05-14,0
carte_credit,Carte de crédit,KBC Flex Budget,KBC,en,2023-05-21,0
carte_credit,Carte de crédit,KBC Flex Budget,KBC,en,2023-05-28,0
carte_credit,Carte de crédit,KBC Flex Budget,KBC,en,2023-06-04,0
carte_credit,Carte de crédit,KBC Flex Budget,KBC,en,2023-06-11,0
carte_credit,Carte de crédit,KBC Flex Budget,KBC,en,2023-06-18,0
carte_credit,Carte de crédit,KBC Flex Budget,KBC,en,2023-06-25,0
carte_credit,Carte de crédit,KBC Flex Budget,KBC,en,2023-07-02,0
carte_credit,Carte de crédit,KBC Flex Budget,KBC,en,2023-07-09,0
carte_credit,Carte de crédit,KBC Flex Budget,KBC,en,2023-07-16,0
carte_credit,Carte de crédit,KBC Flex Budget,KBC,en,2023-07-23,0
carte_credit,Carte de crédit,KBC Flex Budget,KBC,en,2023-07-30,0
carte_credit,Carte de crédit,KBC Flex Budget,KBC,en,2023-08-06,0
carte_credit,Carte de crédit,KBC Flex Budget,KBC,en,2023-08-13,0
carte_credit,Carte de crédit,KBC Flex Budget,KBC,en,2023-08-20,0
carte_credit,Carte de crédit,KBC Flex Budget,KBC,en,2023-08-27,0
carte_credit,Carte de crédit,KBC Flex Budget,KBC,en,2023-09-03,0
carte_credit,Carte de crédit,KBC Flex Budget,KBC,en,2023-09-10,0
carte_credit,Carte de crédit,KBC Flex Budget,KBC,en,2023-09-17,0
carte_credit,Carte de crédit,KBC Flex Budget,KBC,en,2023-09-24,0
carte_credit,Carte de crédit,KBC Flex Budget,KBC,en,2023-10-01,0
carte_credit,Carte de crédit,KBC Flex Budget,KBC,en,2023-10-08,0
carte_credit,Carte de crédit,KBC Flex Budget,KBC,en,2023-10-15,0
carte_credit,Carte de crédit,KBC Flex Budget,KBC,en,2023-10-22,0
carte_credit,Carte de crédit,KBC Flex Budget,KBC,en,2023-10-29,0
carte_credit,Carte de crédit,KBC Flex Budget,KBC,en,2023-11-05,0
carte_credit,Carte de crédit,KBC Flex Budget,KBC,en,2023-11-12,0
carte_credit,Carte de crédit,KBC Flex Budget,KBC,en,2023-11-19,0
carte_credit,Carte de crédit,KBC Flex Budget,KBC,en,2023-11-26,0
carte_credit,Carte de crédit,KBC Flex Budget,KBC,en,2023-12-03,0
carte_credit,Carte de crédit,KBC Flex Budget,KBC,en,2023-12-10,0
carte_credit,Carte de crédit,KBC Flex Budget,KBC,en,2023-12-17,0
carte_credit,Carte de crédit,KBC Flex Budget,KBC,en,2023-12-24,0
carte_credit,Carte de crédit,KBC Flex Budget,KBC,en,2023-12-31,0
carte_credit,Carte de crédit,KBC Flex Budget,KBC,en,2024-01-07,0
carte_credit,Carte de crédit,KBC Flex Budget,KBC,en,2024-01-14,0
carte_credit,Carte de crédit,KBC Flex Budget,KBC,en,2024-01-21,0
carte_credit,Carte de crédit,KBC Flex Budget,KBC,en,2024-01-28,0
carte_credit,Carte de crédit,KBC Flex Budget,KBC,en,2024-02-04,0
carte_credit,Carte de crédit,KBC Flex Budget,KBC,en,2024-02-11,0
carte_credit,Carte de crédit,KBC Flex Budget,KBC,en,2024-02-18,0
carte_credit,Carte de crédit,KBC Flex Budget,KBC,en,2024-02-25,0
carte_credit,Carte de crédit,KBC Flex Budget,KBC,en,2024-03-03,0
carte_credit,Carte de crédit,KBC Flex Budget,KBC,en,2024-03-10,0
carte_credit,Carte de crédit,KBC Flex Budget,KBC,en,2024-03-17,0
carte_credit,Carte de crédit,KBC Flex Budget,KBC,en,2024-03-24,0
carte_credit,Carte de crédit,KBC Flex Budget,KBC,en,2024-03-31,0
carte_credit,Carte de crédit,KBC Flex Budget,KBC,en,2024-04-07,0
carte_credit,Carte de crédit,KBC Flex Budget,KBC,en,2024-04-14,0
carte_credit,Carte de crédit,KBC Flex Budget,KBC,en,2024-04-21,0
carte_credit,Carte de crédit,KBC Flex Budget,KBC,en,2024-04-28,0
carte_credit,Carte de crédit,KBC Flex Budget,KBC,en,2024-05-05,0
carte_credit,Carte de crédit,KBC Flex Budget,KBC,en,2024-05-12,0
carte_credit,Carte de crédit,KBC Flex Budget,KBC,en,2024-05-19,0
carte_credit,Carte de crédit,KBC Flex Budget,KBC,en,2024-05-26,0
carte_credit,Carte de crédit,KBC Flex Budget,KBC,en,2024-06-02,0
carte_credit,Carte de crédit,KBC Flex Budget,KBC,en,2024-06-09,0
carte_credit,Carte de crédit,KBC Flex Budget,KBC,en,2024-06-16,0
carte_credit,Carte de crédit,KBC Flex Budget,KBC,en,2024-06-23,0
carte_credit,Carte de crédit,KBC Flex Budget,KBC,en,2024-06-30,0
carte_credit,Carte de crédit,KBC Flex Budget,KBC,en,2024-07-07,0
carte_credit,Carte de crédit,KBC Flex Budget,KBC,en,2024-07-14,0
carte_credit,Carte de crédit,KBC Flex Budget,KBC,en,2024-07-21,0
carte_credit,Carte de crédit,KBC Flex Budget,KBC,en,2024-07-28,0
carte_credit,Carte de crédit,KBC Flex Budget,KBC,en,2024-08-04,0
carte_credit,Carte de crédit,KBC Flex Budget,KBC,en,2024-08-11,0
carte_credit,Carte de crédit,KBC Flex Budget,KBC,en,2024-08-18,0
carte_credit,Carte de crédit,KBC Flex Budget,KBC,en,2024-08-25,0
carte_credit,Carte de crédit,KBC Flex Budget,KBC,en,2024-09-01,0
carte_credit,Carte de crédit,KBC Flex Budget,KBC,en,2024-09-08,0
carte_credit,Carte de crédit,KBC Flex Budget,KBC,en,2024-09-15,0
carte_credit,Carte de crédit,KBC Flex Budget,KBC,en,2024-09-22,0
carte_credit,Carte de crédit,KBC Flex Budget,KBC,en,2024-09-29,0
carte_credit,Carte de crédit,KBC Flex Budget,KBC,en,2024-10-06,0
carte_credit,Carte de crédit,KBC Flex Budget,KBC,en,2024-10-13,0
carte_credit,Carte de crédit,KBC Flex Budget,KBC,en,2024-10-20,0
carte_credit,Carte de crédit,KBC Flex Budget,KBC,en,2024-10-27,0
carte_credit,Carte de crédit,KBC Flex Budget,KBC,en,2024-11-03,0
carte_credit,Carte de crédit,KBC Flex Budget,KBC,en,2024-11-10,0
carte_credit,Carte de crédit,KBC Flex Budget,KBC,en,2024-11-17,0
carte_credit,Carte de crédit,KBC Flex Budget,KBC,en,2024-11-24,0
carte_credit,Carte de crédit,KBC Flex Budget,KBC,en,2024-12-01,0
carte_credit,Carte de crédit,KBC Flex Budget,KBC,en,2024-12-08,0
carte_credit,Carte de crédit,KBC Flex Budget,KBC,en,2024-12-15,0
carte_credit,Carte de crédit,KBC Flex Budget,KBC,en,2024-12-22,0
carte_credit,Carte de crédit,KBC Flex Budget,KBC,en,2024-12-29,0
carte_credit,Carte de crédit,KBC Flex Budget,KBC,en,2025-01-05,0
carte_credit,Carte de crédit,KBC Flex Budget,KBC,en,2025-01-12,0
carte_credit,Carte de crédit,KBC Flex Budget,KBC,en,2025-01-19,0
carte_credit,Carte de crédit,KBC Flex Budget,KBC,en,2025-01-26,0
carte_credit,Carte de crédit,KBC Flex Budget,KBC,en,2025-02-02,0
carte_credit,Carte de crédit,KBC Flex Budget,KBC,en,2025-02-09,0
carte_credit,Carte de crédit,KBC Flex Budget,KBC,en,2025-02-16,0
carte_credit,Carte de crédit,KBC Flex Budget,KBC,en,2025-02-23,0
carte_credit,Carte de crédit,KBC Flex Budget,KBC,en,2025-03-02,0
carte_credit,Carte de crédit,KBC Flex Budget,KBC,en,2025-03-09,0
carte_credit,Carte de crédit,KBC Flex Budget,KBC,en,2025-03-16,0
carte_credit,Carte de crédit,KBC Flex Budget,KBC,en,2025-03-23,0
carte_credit,Carte de crédit,KBC Flex Budget,KBC,en,2025-03-30,0
carte_credit,Carte de crédit,KBC Flex Budget,KBC,en,2025-04-06,0
carte_credit,Carte de crédit,KBC Flex Budget,KBC,en,2025-04-13,0
carte_credit,Carte de crédit,KBC Flex Budget,KBC,en,2025-04-20,0
carte_credit,Carte de crédit,KBC Flex Budget,KBC,en,2025-04-27,0
carte_credit,Carte de crédit,KBC Flex Budget,KBC,en,2025-05-04,0
carte_credit,Carte de crédit,KBC Flex Budget,KBC,en,2025-05-11,0
carte_credit,Carte de crédit,KBC Flex Budget,KBC,en,2025-05-18,0
carte_credit,Carte de crédit,KBC Flex Budget,KBC,en,2025-05-25,0
carte_credit,Carte de crédit,KBC Flex Budget,KBC,en,2025-06-01,0
carte_credit,Carte de crédit,KBC Flex Budget,KBC,en,2025-06-08,0
carte_credit,Carte de crédit,KBC Flex Budget,KBC,en,2025-06-15,0
carte_credit,Carte de crédit,KBC Flex Budget,KBC,en,2025-06-22,0
carte_credit,Carte de crédit,KBC Flex Budget,KBC,en,2025-06-29,0
carte_credit,Carte de crédit,KBC Flex Budget,KBC,en,2025-07-06,0
carte_credit,Carte de crédit,KBC Flex Budget,KBC,en,2025-07-13,0
carte_credit,Carte de crédit,KBC Flex Budget,KBC,en,2025-07-20,0
carte_credit,Carte de crédit,KBC Flex Budget,KBC,en,2025-07-27,0
carte_credit,Carte de crédit,KBC Flex Budget,KBC,en,2025-08-03,0
carte_credit,Carte de crédit,KBC Flex Budget,KBC,en,2025-08-10,0
carte_credit,Carte de crédit,KBC Flex Budget,KBC,en,2025-08-17,0
carte_credit,Carte de crédit,KBC Flex Budget,KBC,en,2025-08-24,0
carte_credit,Carte de crédit,KBC Flex Budget,KBC,en,2025-08-31,0
carte_credit,Carte de crédit,KBC Flex Budget,KBC,en,2025-09-07,0
carte_credit,Carte de crédit,KBC Flex Budget,KBC,en,2025-09-14,0
carte_credit,Carte de crédit,KBC Flex Budget,KBC,en,2025-09-21,0
carte_credit,Carte de crédit,KBC Flex Budget,KBC,en,2025-09-28,0
carte_credit,Carte de crédit,KBC Flex Budget,KBC,en,2025-10-05,0
carte_credit,Carte de crédit,KBC Flex Budget,KBC,en,2025-10-12,0
carte_credit,Carte de crédit,KBC Flex Budget,KBC,en,2025-10-19,0
carte_credit,Carte de crédit,KBC Flex Budget,KBC,en,2025-10-26,0
carte_credit,Carte de crédit,KBC Flex Budget,KBC,en,2025-11-02,0
carte_credit,Carte de crédit,KBC Flex Budget,KBC,en,2025-11-09,0
carte_credit,Carte de crédit,KBC Flex Budget,KBC,en,2025-11-16,0
carte_credit,Carte de crédit,KBC Flex Budget,KBC,en,2025-11-23,0
carte_credit,Carte de crédit,KBC Flex Budget,KBC,en,2025-11-30,0
carte_credit,Carte de crédit,KBC Flex Budget,KBC,en,2025-12-07,0
carte_credit,Carte de crédit,KBC Flex Budget,KBC,en,2025-12-14,0
carte_credit,Carte de crédit,KBC Flex Budget,KBC,en,2025-12-21,0
carte_credit,Carte de crédit,KBC Flex Budget,KBC,en,2025-12-28,0
carte_credit,Carte de crédit,KBC Flex Budget,KBC,en,2026-01-04,0
carte_credit,Carte de crédit,KBC Flex Budget,KBC,en,2026-01-11,0
carte_credit,Carte de crédit,KBC Flex Budget,KBC,en,2026-01-18,0
carte_credit,Carte de crédit,KBC Flex Budget,KBC,en,2026-01-25,0
carte_credit,Carte de crédit,KBC Flex Budget,KBC,en,2026-02-01,0
carte_credit,Carte de crédit,KBC Flex Budget,KBC,en,2026-02-08,0
carte_credit,Carte de crédit,KBC Flex Budget,KBC,en,2026-02-15,0
carte_credit,Carte de crédit,KBC Flex Budget,KBC,en,2026-02-22,30
carte_credit,Carte de crédit,KBC Flex Budget,KBC,en,2026-03-01,0
carte_credit,Carte de crédit,KBC Flex Budget,KBC,en,2026-03-08,0
carte_credit,Carte de crédit,KBC Flex Budget,KBC,en,2026-03-15,0
carte_credit,Carte de crédit,KBC Flex Budget,KBC,en,2026-03-22,0
carte_credit,Carte de crédit,KBC Flex Budget,KBC,en,2026-03-29,0
carte_credit,Carte de crédit,KBC Flex Budget,KBC,en,2026-04-05,0
carte_credit,Carte de crédit,KBC Flex Budget,KBC,en,2026-04-12,0
carte_credit,Carte de crédit,KBC Flex Budget,KBC,en,2026-04-19,0
carte_credit,Carte de crédit,KBC Flex Budget,KBC,en,2026-04-26,0
carte_credit,Carte de crédit,KBC Flex Budget,KBC,en,2026-05-03,0
carte_credit,Carte de crédit,KBC Flex Budget,KBC,en,2026-05-10,0
carte_credit,Carte de crédit,KBC Flex Budget,KBC,en,2026-05-17,0
carte_credit,Carte de crédit,KBC Flex Budget,KBC,en,2026-05-24,0
carte_credit,Carte de crédit,KBC Flex Budget,KBC,en,2026-05-31,0
carte_credit,Carte de crédit,KBC Flex Budget,KBC,en,2026-06-07,0
carte_credit,Carte de crédit,KBC Flex Budget,KBC,en,2026-06-14,0
carte_credit,Carte de crédit,KBC Flex Budget,KBC,en,2026-06-21,0
carte_credit,Carte de crédit,KBC Flex Budget,KBC,en,2026-06-28,0
carte_credit,Carte de crédit,KBC Flex Budget,KBC,en,2026-07-05,0
carte_credit,Carte de crédit,KBC Flex Budget,KBC,en,2026-07-12,0
carte_credit,Carte de crédit,KBC Flex Budget,KBC,en,2026-07-19,0
carte_credit,Carte de crédit,KBC Flex Budget,KBC,en,2026-07-26,0
carte_credit,Carte de crédit,KBC Flex Budget,KBC,en,2026-08-02,0
carte_credit,Carte de crédit,KBC Flex Budget,KBC,en,2026-08-09,0
carte_credit,Carte de crédit,KBC Flex Budget,KBC,en,2026-08-16,0
carte_credit,Carte de crédit,KBC Flex Budget,KBC,en,2026-08-23,0
carte_credit,Carte de crédit,KBC Flex Budget,KBC,en,2026-08-30,2
carte_credit,Carte de crédit,KBC Flex Budget,KBC,en,2026-09-06,0
carte_credit,Carte de crédit,KBC Flex Budget,KBC,en,2026-09-13,0
carte_credit,Carte de crédit,KBC kredietkaart,KBC,nl,2021-09-12,0
carte_credit,Carte de crédit,KBC kredietkaart,KBC,nl,2021-09-19,0
carte_credit,Carte de crédit,KBC kredietkaart,KBC,nl,2021-09-26,0
carte_credit,Carte de crédit,KBC kredietkaart,KBC,nl,2021-10-03,0
carte_credit,Carte de crédit,KBC kredietkaart,KBC,nl,2021-10-10,0
carte_credit,Carte de crédit,KBC kredietkaart,KBC,nl,2021-10-17,0
carte_credit,Carte de crédit,KBC kredietkaart,KBC,nl,2021-10-24,31
carte_credit,Carte de crédit,KBC kredietkaart,KBC,nl,2021-10-31,0
carte_credit,Carte de crédit,KBC kredietkaart,KBC,nl,2021-11-07,0
carte_credit,Carte de crédit,KBC kredietkaart,KBC,nl,2021-11-14,28
carte_credit,Carte de crédit,KBC kredietkaart,KBC,nl,2021-11-21,0
carte_credit,Carte de crédit,KBC kredietkaart,KBC,nl,2021-11-28,0
carte_credit,Carte de crédit,KBC kredietkaart,KBC,nl,2021-12-05,0
carte_credit,Carte de crédit,KBC kredietkaart,KBC,nl,2021-12-12,0
carte_credit,Carte de crédit,KBC kredietkaart,KBC,nl,2021-12-19,0
carte_credit,Carte de crédit,KBC kredietkaart,KBC,nl,2021-12-26,0
carte_credit,Carte de crédit,KBC kredietkaart,KBC,nl,2022-01-02,0
carte_credit,Carte de crédit,KBC kredietkaart,KBC,nl,2022-01-09,29
carte_credit,Carte de crédit,KBC kredietkaart,KBC,nl,2022-01-16,0
carte_credit,Carte de crédit,KBC kredietkaart,KBC,nl,2022-01-23,0
carte_credit,Carte de crédit,KBC kredietkaart,KBC,nl,2022-01-30,25
carte_credit,Carte de crédit,KBC kredietkaart,KBC,nl,2022-02-06,0
carte_credit,Carte de crédit,KBC kredietkaart,KBC,nl,2022-02-13,0
carte_credit,Carte de crédit,KBC kredietkaart,KBC,nl,2022-02-20,0
carte_credit,Carte de crédit,KBC kredietkaart,KBC,nl,2022-02-27,0
carte_credit,Carte de crédit,KBC kredietkaart,KBC,nl,2022-03-06,26
carte_credit,Carte de crédit,KBC kredietkaart,KBC,nl,2022-03-13,0
carte_credit,Carte de crédit,KBC kredietkaart,KBC,nl,2022-03-20,0
carte_credit,Carte de crédit,KBC kredietkaart,KBC,nl,2022-03-27,0
carte_credit,Carte de crédit,KBC kredietkaart,KBC,nl,2022-04-03,19
carte_credit,Carte de crédit,KBC kredietkaart,KBC,nl,2022-04-10,0
carte_credit,Carte de crédit,KBC kredietkaart,KBC,nl,2022-04-17,0
carte_credit,Carte de crédit,KBC kredietkaart,KBC,nl,2022-04-24,0
carte_credit,Carte de crédit,KBC kredietkaart,KBC,nl,2022-05-01,0
carte_credit,Carte de crédit,KBC kredietkaart,KBC,nl,2022-05-08,0
carte_credit,Carte de crédit,KBC kredietkaart,KBC,nl,2022-05-15,0
carte_credit,Carte de crédit,KBC kredietkaart,KBC,nl,2022-05-22,0
carte_credit,Carte de crédit,KBC kredietkaart,KBC,nl,2022-05-29,0
carte_credit,Carte de crédit,KBC kredietkaart,KBC,nl,2022-06-05,0
carte_credit,Carte de crédit,KBC kredietkaart,KBC,nl,2022-06-12,0
carte_credit,Carte de crédit,KBC kredietkaart,KBC,nl,2022-06-19,0
carte_credit,Carte de crédit,KBC kredietkaart,KBC,nl,2022-06-26,0
carte_credit,Carte de crédit,KBC kredietkaart,KBC,nl,2022-07-03,0
carte_credit,Carte de crédit,KBC kredietkaart,KBC,nl,2022-07-10,31
carte_credit,Carte de crédit,KBC kredietkaart,KBC,nl,2022-07-17,28
carte_credit,Carte de crédit,KBC kredietkaart,KBC,nl,2022-07-24,34
carte_credit,Carte de crédit,KBC kredietkaart,KBC,nl,2022-07-31,0
carte_credit,Carte de crédit,KBC kredietkaart,KBC,nl,2022-08-07,0
carte_credit,Carte de crédit,KBC kredietkaart,KBC,nl,2022-08-14,26
carte_credit,Carte de crédit,KBC kredietkaart,KBC,nl,2022-08-21,0
carte_credit,Carte de crédit,KBC kredietkaart,KBC,nl,2022-08-28,22
carte_credit,Carte de crédit,KBC kredietkaart,KBC,nl,2022-09-04,25
carte_credit,Carte de crédit,KBC kredietkaart,KBC,nl,2022-09-11,23
carte_credit,Carte de crédit,KBC kredietkaart,KBC,nl,2022-09-18,0
carte_credit,Carte de crédit,KBC kredietkaart,KBC,nl,2022-09-25,0
carte_credit,Carte de crédit,KBC kredietkaart,KBC,nl,2022-10-02,0
carte_credit,Carte de crédit,KBC kredietkaart,KBC,nl,2022-10-09,0
carte_credit,Carte de crédit,KBC kredietkaart,KBC,nl,2022-10-16,0
carte_credit,Carte de crédit,KBC kredietkaart,KBC,nl,2022-10-23,0
carte_credit,Carte de crédit,KBC kredietkaart,KBC,nl,2022-10-30,0
carte_credit,Carte de crédit,KBC kredietkaart,KBC,nl,2022-11-06,0
carte_credit,Carte de crédit,KBC kredietkaart,KBC,nl,2022-11-13,22
carte_credit,Carte de crédit,KBC kredietkaart,KBC,nl,2022-11-20,23
carte_credit,Carte de crédit,KBC kredietkaart,KBC,nl,2022-11-27,0
carte_credit,Carte de crédit,KBC kredietkaart,KBC,nl,2022-12-04,0
carte_credit,Carte de crédit,KBC kredietkaart,KBC,nl,2022-12-11,0
carte_credit,Carte de crédit,KBC kredietkaart,KBC,nl,2022-12-18,0
carte_credit,Carte de crédit,KBC kredietkaart,KBC,nl,2022-12-25,0
carte_credit,Carte de crédit,KBC kredietkaart,KBC,nl,2023-01-01,32
carte_credit,Carte de crédit,KBC kredietkaart,KBC,nl,2023-01-08,21
carte_credit,Carte de crédit,KBC kredietkaart,KBC,nl,2023-01-15,27
carte_credit,Carte de crédit,KBC kredietkaart,KBC,nl,2023-01-22,20
carte_credit,Carte de crédit,KBC kredietkaart,KBC,nl,2023-01-29,26
carte_credit,Carte de crédit,KBC kredietkaart,KBC,nl,2023-02-05,0
carte_credit,Carte de crédit,KBC kredietkaart,KBC,nl,2023-02-12,22
carte_credit,Carte de crédit,KBC kredietkaart,KBC,nl,2023-02-19,0
carte_credit,Carte de crédit,KBC kredietkaart,KBC,nl,2023-02-26,25
carte_credit,Carte de crédit,KBC kredietkaart,KBC,nl,2023-03-05,0
carte_credit,Carte de crédit,KBC kredietkaart,KBC,nl,2023-03-12,24
carte_credit,Carte de crédit,KBC kredietkaart,KBC,nl,2023-03-19,32
carte_credit,Carte de crédit,KBC kredietkaart,KBC,nl,2023-03-26,27
carte_credit,Carte de crédit,KBC kredietkaart,KBC,nl,2023-04-02,29
carte_credit,Carte de crédit,KBC kredietkaart,KBC,nl,2023-04-09,0
carte_credit,Carte de crédit,KBC kredietkaart,KBC,nl,2023-04-16,0
carte_credit,Carte de crédit,KBC kredietkaart,KBC,nl,2023-04-23,26
carte_credit,Carte de crédit,KBC kredietkaart,KBC,nl,2023-04-30,21
carte_credit,Carte de crédit,KBC kredietkaart,KBC,nl,2023-05-07,0
carte_credit,Carte de crédit,KBC kredietkaart,KBC,nl,2023-05-14,28
carte_credit,Carte de crédit,KBC kredietkaart,KBC,nl,2023-05-21,24
carte_credit,Carte de crédit,KBC kredietkaart,KBC,nl,2023-05-28,31
carte_credit,Carte de crédit,KBC kredietkaart,KBC,nl,2023-06-04,30
carte_credit,Carte de crédit,KBC kredietkaart,KBC,nl,2023-06-11,0
carte_credit,Carte de crédit,KBC kredietkaart,KBC,nl,2023-06-18,22
carte_credit,Carte de crédit,KBC kredietkaart,KBC,nl,2023-06-25,0
carte_credit,Carte de crédit,KBC kredietkaart,KBC,nl,2023-07-02,31
carte_credit,Carte de crédit,KBC kredietkaart,KBC,nl,2023-07-09,28
carte_credit,Carte de crédit,KBC kredietkaart,KBC,nl,2023-07-16,62
carte_credit,Carte de crédit,KBC kredietkaart,KBC,nl,2023-07-23,0
carte_credit,Carte de crédit,KBC kredietkaart,KBC,nl,2023-07-30,0
carte_credit,Carte de crédit,KBC kredietkaart,KBC,nl,2023-08-06,0
carte_credit,Carte de crédit,KBC kredietkaart,KBC,nl,2023-08-13,0
carte_credit,Carte de crédit,KBC kredietkaart,KBC,nl,2023-08-20,34
carte_credit,Carte de crédit,KBC kredietkaart,KBC,nl,2023-08-27,30
carte_credit,Carte de crédit,KBC kredietkaart,KBC,nl,2023-09-03,28
carte_credit,Carte de crédit,KBC kredietkaart,KBC,nl,2023-09-10,26
carte_credit,Carte de crédit,KBC kredietkaart,KBC,nl,2023-09-17,0
carte_credit,Carte de crédit,KBC kredietkaart,KBC,nl,2023-09-24,25
carte_credit,Carte de crédit,KBC kredietkaart,KBC,nl,2023-10-01,0
carte_credit,Carte de crédit,KBC kredietkaart,KBC,nl,2023-10-08,0
carte_credit,Carte de crédit,KBC kredietkaart,KBC,nl,2023-10-15,23
carte_credit,Carte de crédit,KBC kredietkaart,KBC,nl,2023-10-22,0
carte_credit,Carte de crédit,KBC kredietkaart,KBC,nl,2023-10-29,0
carte_credit,Carte de crédit,KBC kredietkaart,KBC,nl,2023-11-05,0
carte_credit,Carte de crédit,KBC kredietkaart,KBC,nl,2023-11-12,23
carte_credit,Carte de crédit,KBC kredietkaart,KBC,nl,2023-11-19,0
carte_credit,Carte de crédit,KBC kredietkaart,KBC,nl,2023-11-26,0
carte_credit,Carte de crédit,KBC kredietkaart,KBC,nl,2023-12-03,0
carte_credit,Carte de crédit,KBC kredietkaart,KBC,nl,2023-12-10,0
carte_credit,Carte de crédit,KBC kredietkaart,KBC,nl,2023-12-17,36
carte_credit,Carte de crédit,KBC kredietkaart,KBC,nl,2023-12-24,0
carte_credit,Carte de crédit,KBC kredietkaart,KBC,nl,2023-12-31,0
carte_credit,Carte de crédit,KBC kredietkaart,KBC,nl,2024-01-07,0
carte_credit,Carte de crédit,KBC kredietkaart,KBC,nl,2024-01-14,0
carte_credit,Carte de crédit,KBC kredietkaart,KBC,nl,2024-01-21,0
carte_credit,Carte de crédit,KBC kredietkaart,KBC,nl,2024-01-28,27
carte_credit,Carte de crédit,KBC kredietkaart,KBC,nl,2024-02-04,0
carte_credit,Carte de crédit,KBC kredietkaart,KBC,nl,2024-02-11,0
carte_credit,Carte de crédit,KBC kredietkaart,KBC,nl,2024-02-18,30
carte_credit,Carte de crédit,KBC kredietkaart,KBC,nl,2024-02-25,0
carte_credit,Carte de crédit,KBC kredietkaart,KBC,nl,2024-03-03,26
carte_credit,Carte de crédit,KBC kredietkaart,KBC,nl,2024-03-10,36
carte_credit,Carte de crédit,KBC kredietkaart,KBC,nl,2024-03-17,0
carte_credit,Carte de crédit,KBC kredietkaart,KBC,nl,2024-03-24,36
carte_credit,Carte de crédit,KBC kredietkaart,KBC,nl,2024-03-31,0
carte_credit,Carte de crédit,KBC kredietkaart,KBC,nl,2024-04-07,0
carte_credit,Carte de crédit,KBC kredietkaart,KBC,nl,2024-04-14,0
carte_credit,Carte de crédit,KBC kredietkaart,KBC,nl,2024-04-21,38
carte_credit,Carte de crédit,KBC kredietkaart,KBC,nl,2024-04-28,0
carte_credit,Carte de crédit,KBC kredietkaart,KBC,nl,2024-05-05,0
carte_credit,Carte de crédit,KBC kredietkaart,KBC,nl,2024-05-12,36
carte_credit,Carte de crédit,KBC kredietkaart,KBC,nl,2024-05-19,39
carte_credit,Carte de crédit,KBC kredietkaart,KBC,nl,2024-05-26,0
carte_credit,Carte de crédit,KBC kredietkaart,KBC,nl,2024-06-02,0
carte_credit,Carte de crédit,KBC kredietkaart,KBC,nl,2024-06-09,0
carte_credit,Carte de crédit,KBC kredietkaart,KBC,nl,2024-06-16,0
carte_credit,Carte de crédit,KBC kredietkaart,KBC,nl,2024-06-23,0
carte_credit,Carte de crédit,KBC kredietkaart,KBC,nl,2024-06-30,0
carte_credit,Carte de crédit,KBC kredietkaart,KBC,nl,2024-07-07,0
carte_credit,Carte de crédit,KBC kredietkaart,KBC,nl,2024-07-14,33
carte_credit,Carte de crédit,KBC kredietkaart,KBC,nl,2024-07-21,0
carte_credit,Carte de crédit,KBC kredietkaart,KBC,nl,2024-07-28,36
carte_credit,Carte de crédit,KBC kredietkaart,KBC,nl,2024-08-04,36
carte_credit,Carte de crédit,KBC kredietkaart,KBC,nl,2024-08-11,30
carte_credit,Carte de crédit,KBC kredietkaart,KBC,nl,2024-08-18,35
carte_credit,Carte de crédit,KBC kredietkaart,KBC,nl,2024-08-25,30
carte_credit,Carte de crédit,KBC kredietkaart,KBC,nl,2024-09-01,0
carte_credit,Carte de crédit,KBC kredietkaart,KBC,nl,2024-09-08,0
carte_credit,Carte de crédit,KBC kredietkaart,KBC,nl,2024-09-15,26
carte_credit,Carte de crédit,KBC kredietkaart,KBC,nl,2024-09-22,0
carte_credit,Carte de crédit,KBC kredietkaart,KBC,nl,2024-09-29,0
carte_credit,Carte de crédit,KBC kredietkaart,KBC,nl,2024-10-06,0
carte_credit,Carte de crédit,KBC kredietkaart,KBC,nl,2024-10-13,0
carte_credit,Carte de crédit,KBC kredietkaart,KBC,nl,2024-10-20,30
carte_credit,Carte de crédit,KBC kredietkaart,KBC,nl,2024-10-27,29
carte_credit,Carte de crédit,KBC kredietkaart,KBC,nl,2024-11-03,25
carte_credit,Carte de crédit,KBC kredietkaart,KBC,nl,2024-11-10,0
carte_credit,Carte de crédit,KBC kredietkaart,KBC,nl,2024-11-17,26
carte_credit,Carte de crédit,KBC kredietkaart,KBC,nl,2024-11-24,26
carte_credit,Carte de crédit,KBC kredietkaart,KBC,nl,2024-12-01,0
carte_credit,Carte de crédit,KBC kredietkaart,KBC,nl,2024-12-08,0
carte_credit,Carte de crédit,KBC kredietkaart,KBC,nl,2024-12-15,0
carte_credit,Carte de crédit,KBC kredietkaart,KBC,nl,2024-12-22,0
carte_credit,Carte de crédit,KBC kredietkaart,KBC,nl,2024-12-29,0
carte_credit,Carte de crédit,KBC kredietkaart,KBC,nl,2025-01-05,0
carte_credit,Carte de crédit,KBC kredietkaart,KBC,nl,2025-01-12,0
carte_credit,Carte de crédit,KBC kredietkaart,KBC,nl,2025-01-19,0
carte_credit,Carte de crédit,KBC kredietkaart,KBC,nl,2025-01-26,29
carte_credit,Carte de crédit,KBC kredietkaart,KBC,nl,2025-02-02,0
carte_credit,Carte de crédit,KBC kredietkaart,KBC,nl,2025-02-09,0
carte_credit,Carte de crédit,KBC kredietkaart,KBC,nl,2025-02-16,0
carte_credit,Carte de crédit,KBC kredietkaart,KBC,nl,2025-02-23,32
carte_credit,Carte de crédit,KBC kredietkaart,KBC,nl,2025-03-02,0
carte_credit,Carte de crédit,KBC kredietkaart,KBC,nl,2025-03-09,0
carte_credit,Carte de crédit,KBC kredietkaart,KBC,nl,2025-03-16,29
carte_credit,Carte de crédit,KBC kredietkaart,KBC,nl,2025-03-23,34
carte_credit,Carte de crédit,KBC kredietkaart,KBC,nl,2025-03-30,27
carte_credit,Carte de crédit,KBC kredietkaart,KBC,nl,2025-04-06,36
carte_credit,Carte de crédit,KBC kredietkaart,KBC,nl,2025-04-13,0
carte_credit,Carte de crédit,KBC kredietkaart,KBC,nl,2025-04-20,0
carte_credit,Carte de crédit,KBC kredietkaart,KBC,nl,2025-04-27,31
carte_credit,Carte de crédit,KBC kredietkaart,KBC,nl,2025-05-04,0
carte_credit,Carte de crédit,KBC kredietkaart,KBC,nl,2025-05-11,27
carte_credit,Carte de crédit,KBC kredietkaart,KBC,nl,2025-05-18,0
carte_credit,Carte de crédit,KBC kredietkaart,KBC,nl,2025-05-25,0
carte_credit,Carte de crédit,KBC kredietkaart,KBC,nl,2025-06-01,26
carte_credit,Carte de crédit,KBC kredietkaart,KBC,nl,2025-06-08,34
carte_credit,Carte de crédit,KBC kredietkaart,KBC,nl,2025-06-15,29
carte_credit,Carte de crédit,KBC kredietkaart,KBC,nl,2025-06-22,0
carte_credit,Carte de crédit,KBC kredietkaart,KBC,nl,2025-06-29,32
carte_credit,Carte de crédit,KBC kredietkaart,KBC,nl,2025-07-06,28
carte_credit,Carte de crédit,KBC kredietkaart,KBC,nl,2025-07-13,0
carte_credit,Carte de crédit,KBC kredietkaart,KBC,nl,2025-07-20,33
carte_credit,Carte de crédit,KBC kredietkaart,KBC,nl,2025-07-27,30
carte_credit,Carte de crédit,KBC kredietkaart,KBC,nl,2025-08-03,0
carte_credit,Carte de crédit,KBC kredietkaart,KBC,nl,2025-08-10,0
carte_credit,Carte de crédit,KBC kredietkaart,KBC,nl,2025-08-17,0
carte_credit,Carte de crédit,KBC kredietkaart,KBC,nl,2025-08-24,0
carte_credit,Carte de crédit,KBC kredietkaart,KBC,nl,2025-08-31,0
carte_credit,Carte de crédit,KBC kredietkaart,KBC,nl,2025-09-07,29
carte_credit,Carte de crédit,KBC kredietkaart,KBC,nl,2025-09-14,0
carte_credit,Carte de crédit,KBC kredietkaart,KBC,nl,2025-09-21,0
carte_credit,Carte de crédit,KBC kredietkaart,KBC,nl,2025-09-28,0
carte_credit,Carte de crédit,KBC kredietkaart,KBC,nl,2025-10-05,32
carte_credit,Carte de crédit,KBC kredietkaart,KBC,nl,2025-10-12,27
carte_credit,Carte de crédit,KBC kredietkaart,KBC,nl,2025-10-19,0
carte_credit,Carte de crédit,KBC kredietkaart,KBC,nl,2025-10-26,0
carte_credit,Carte de crédit,KBC kredietkaart,KBC,nl,2025-11-02,0
carte_credit,Carte de crédit,KBC kredietkaart,KBC,nl,2025-11-09,0
carte_credit,Carte de crédit,KBC kredietkaart,KBC,nl,2025-11-16,0
carte_credit,Carte de crédit,KBC kredietkaart,KBC,nl,2025-11-23,0
carte_credit,Carte de crédit,KBC kredietkaart,KBC,nl,2025-11-30,0
carte_credit,Carte de crédit,KBC kredietkaart,KBC,nl,2025-12-07,32
carte_credit,Carte de crédit,KBC kredietkaart,KBC,nl,2025-12-14,0
carte_credit,Carte de crédit,KBC kredietkaart,KBC,nl,2025-12-21,0
carte_credit,Carte de crédit,KBC kredietkaart,KBC,nl,2025-12-28,0
carte_credit,Carte de crédit,KBC kredietkaart,KBC,nl,2026-01-04,33
carte_credit,Carte de crédit,KBC kredietkaart,KBC,nl,2026-01-11,32
carte_credit,Carte de crédit,KBC kredietkaart,KBC,nl,2026-01-18,0
carte_credit,Carte de crédit,KBC kredietkaart,KBC,nl,2026-01-25,0
carte_credit,Carte de crédit,KBC kredietkaart,KBC,nl,2026-02-01,35
carte_credit,Carte de crédit,KBC kredietkaart,KBC,nl,2026-02-08,0
carte_credit,Carte de crédit,KBC kredietkaart,KBC,nl,2026-02-15,0
carte_credit,Carte de crédit,KBC kredietkaart,KBC,nl,2026-02-22,27
carte_credit,Carte de crédit,KBC kredietkaart,KBC,nl,2026-03-01,0
carte_credit,Carte de crédit,KBC kredietkaart,KBC,nl,2026-03-08,0
carte_credit,Carte de crédit,KBC kredietkaart,KBC,nl,2026-03-15,36
carte_credit,Carte de crédit,KBC kredietkaart,KBC,nl,2026-03-22,26
carte_credit,Carte de crédit,KBC kredietkaart,KBC,nl,2026-03-29,30
carte_credit,Carte de crédit,KBC kredietkaart,KBC,nl,2026-04-05,0
carte_credit,Carte de crédit,KBC kredietkaart,KBC,nl,2026-04-12,0
carte_credit,Carte de crédit,KBC kredietkaart,KBC,nl,2026-04-19,26
carte_credit,Carte de crédit,KBC kredietkaart,KBC,nl,2026-04-26,0
carte_credit,Carte de crédit,KBC kredietkaart,KBC,nl,2026-05-03,0
carte_credit,Carte de crédit,KBC kredietkaart,KBC,nl,2026-05-10,0
carte_credit,Carte de crédit,KBC kredietkaart,KBC,nl,2026-05-17,40
carte_credit,Carte de crédit,KBC kredietkaart,KBC,nl,2026-05-24,0
carte_credit,Carte de crédit,KBC kredietkaart,KBC,nl,2026-05-31,24
carte_credit,Carte de crédit,KBC kredietkaart,KBC,nl,2026-06-07,0
carte_credit,Carte de crédit,KBC kredietkaart,KBC,nl,2026-06-14,26
carte_credit,Carte de crédit,KBC kredietkaart,KBC,nl,2026-06-21,0
carte_credit,Carte de crédit,KBC kredietkaart,KBC,nl,2026-06-28,29
carte_credit,Carte de crédit,KBC kredietkaart,KBC,nl,2026-07-05,28
carte_credit,Carte de crédit,KBC kredietkaart,KBC,nl,2026-07-12,0
carte_credit,Carte de crédit,KBC kredietkaart,KBC,nl,2026-07-19,59
carte_credit,Carte de crédit,KBC kredietkaart,KBC,nl,2026-07-26,37
carte_credit,Carte de crédit,KBC kredietkaart,KBC,nl,2026-08-02,32
carte_credit,Carte de crédit,KBC kredietkaart,KBC,nl,2026-08-09,29
carte_credit,Carte de crédit,KBC kredietkaart,KBC,nl,2026-08-16,0
carte_credit,Carte de crédit,KBC kredietkaart,KBC,nl,2026-08-23,0
carte_credit,Carte de crédit,KBC kredietkaart,KBC,nl,2026-08-30,15
carte_credit,Carte de crédit,KBC kredietkaart,KBC,nl,2026-09-06,18
carte_credit,Carte de crédit,KBC kredietkaart,KBC,nl,2026-09-13,9
compte_a_vue,Compte à vue particulier,Compte Plus KBC,KBC,fr,2021-09-12,0
compte_a_vue,Compte à vue particulier,Compte Plus KBC,KBC,fr,2021-09-19,0
compte_a_vue,Compte à vue particulier,Compte Plus KBC,KBC,fr,2021-09-26,0
compte_a_vue,Compte à vue particulier,Compte Plus KBC,KBC,fr,2021-10-03,0
compte_a_vue,Compte à vue particulier,Compte Plus KBC,KBC,fr,2021-10-10,0
compte_a_vue,Compte à vue particulier,Compte Plus KBC,KBC,fr,2021-10-17,0
compte_a_vue,Compte à vue particulier,Compte Plus KBC,KBC,fr,2021-10-24,0
compte_a_vue,Compte à vue particulier,Compte Plus KBC,KBC,fr,2021-10-31,0
compte_a_vue,Compte à vue particulier,Compte Plus KBC,KBC,fr,2021-11-07,0
compte_a_vue,Compte à vue particulier,Compte Plus KBC,KBC,fr,2021-11-14,0
compte_a_vue,Compte à vue particulier,Compte Plus KBC,KBC,fr,2021-11-21,0
compte_a_vue,Compte à vue particulier,Compte Plus KBC,KBC,fr,2021-11-28,0
compte_a_vue,Compte à vue particulier,Compte Plus KBC,KBC,fr,2021-12-05,0
compte_a_vue,Compte à vue particulier,Compte Plus KBC,KBC,fr,2021-12-12,0
compte_a_vue,Compte à vue particulier,Compte Plus KBC,KBC,fr,2021-12-19,0
compte_a_vue,Compte à vue particulier,Compte Plus KBC,KBC,fr,2021-12-26,0
compte_a_vue,Compte à vue particulier,Compte Plus KBC,KBC,fr,2022-01-02,0
compte_a_vue,Compte à vue particulier,Compte Plus KBC,KBC,fr,2022-01-09,0
compte_a_vue,Compte à vue particulier,Compte Plus KBC,KBC,fr,2022-01-16,0
compte_a_vue,Compte à vue particulier,Compte Plus KBC,KBC,fr,2022-01-23,0
compte_a_vue,Compte à vue particulier,Compte Plus KBC,KBC,fr,2022-01-30,0
compte_a_vue,Compte à vue particulier,Compte Plus KBC,KBC,fr,2022-02-06,0
compte_a_vue,Compte à vue particulier,Compte Plus KBC,KBC,fr,2022-02-13,0
compte_a_vue,Compte à vue particulier,Compte Plus KBC,KBC,fr,2022-02-20,0
compte_a_vue,Compte à vue particulier,Compte Plus KBC,KBC,fr,2022-02-27,0
compte_a_vue,Compte à vue particulier,Compte Plus KBC,KBC,fr,2022-03-06,0
compte_a_vue,Compte à vue particulier,Compte Plus KBC,KBC,fr,2022-03-13,0
compte_a_vue,Compte à vue particulier,Compte Plus KBC,KBC,fr,2022-03-20,0
compte_a_vue,Compte à vue particulier,Compte Plus KBC,KBC,fr,2022-03-27,0
compte_a_vue,Compte à vue particulier,Compte Plus KBC,KBC,fr,2022-04-03,0
compte_a_vue,Compte à vue particulier,Compte Plus KBC,KBC,fr,2022-04-10,0
compte_a_vue,Compte à vue particulier,Compte Plus KBC,KBC,fr,2022-04-17,0
compte_a_vue,Compte à vue particulier,Compte Plus KBC,KBC,fr,2022-04-24,0
compte_a_vue,Compte à vue particulier,Compte Plus KBC,KBC,fr,2022-05-01,0
compte_a_vue,Compte à vue particulier,Compte Plus KBC,KBC,fr,2022-05-08,0
compte_a_vue,Compte à vue particulier,Compte Plus KBC,KBC,fr,2022-05-15,0
compte_a_vue,Compte à vue particulier,Compte Plus KBC,KBC,fr,2022-05-22,0
compte_a_vue,Compte à vue particulier,Compte Plus KBC,KBC,fr,2022-05-29,0
compte_a_vue,Compte à vue particulier,Compte Plus KBC,KBC,fr,2022-06-05,0
compte_a_vue,Compte à vue particulier,Compte Plus KBC,KBC,fr,2022-06-12,16
compte_a_vue,Compte à vue particulier,Compte Plus KBC,KBC,fr,2022-06-19,0
compte_a_vue,Compte à vue particulier,Compte Plus KBC,KBC,fr,2022-06-26,0
compte_a_vue,Compte à vue particulier,Compte Plus KBC,KBC,fr,2022-07-03,0
compte_a_vue,Compte à vue particulier,Compte Plus KBC,KBC,fr,2022-07-10,0
compte_a_vue,Compte à vue particulier,Compte Plus KBC,KBC,fr,2022-07-17,0
compte_a_vue,Compte à vue particulier,Compte Plus KBC,KBC,fr,2022-07-24,0
compte_a_vue,Compte à vue particulier,Compte Plus KBC,KBC,fr,2022-07-31,0
compte_a_vue,Compte à vue particulier,Compte Plus KBC,KBC,fr,2022-08-07,0
compte_a_vue,Compte à vue particulier,Compte Plus KBC,KBC,fr,2022-08-14,0
compte_a_vue,Compte à vue particulier,Compte Plus KBC,KBC,fr,2022-08-21,0
compte_a_vue,Compte à vue particulier,Compte Plus KBC,KBC,fr,2022-08-28,0
compte_a_vue,Compte à vue particulier,Compte Plus KBC,KBC,fr,2022-09-04,0
compte_a_vue,Compte à vue particulier,Compte Plus KBC,KBC,fr,2022-09-11,0
compte_a_vue,Compte à vue particulier,Compte Plus KBC,KBC,fr,2022-09-18,0
compte_a_vue,Compte à vue particulier,Compte Plus KBC,KBC,fr,2022-09-25,0
compte_a_vue,Compte à vue particulier,Compte Plus KBC,KBC,fr,2022-10-02,0
compte_a_vue,Compte à vue particulier,Compte Plus KBC,KBC,fr,2022-10-09,0
compte_a_vue,Compte à vue particulier,Compte Plus KBC,KBC,fr,2022-10-16,0
compte_a_vue,Compte à vue particulier,Compte Plus KBC,KBC,fr,2022-10-23,0
compte_a_vue,Compte à vue particulier,Compte Plus KBC,KBC,fr,2022-10-30,0
compte_a_vue,Compte à vue particulier,Compte Plus KBC,KBC,fr,2022-11-06,0
compte_a_vue,Compte à vue particulier,Compte Plus KBC,KBC,fr,2022-11-13,0
compte_a_vue,Compte à vue particulier,Compte Plus KBC,KBC,fr,2022-11-20,0
compte_a_vue,Compte à vue particulier,Compte Plus KBC,KBC,fr,2022-11-27,0
compte_a_vue,Compte à vue particulier,Compte Plus KBC,KBC,fr,2022-12-04,0
compte_a_vue,Compte à vue particulier,Compte Plus KBC,KBC,fr,2022-12-11,0
compte_a_vue,Compte à vue particulier,Compte Plus KBC,KBC,fr,2022-12-18,0
compte_a_vue,Compte à vue particulier,Compte Plus KBC,KBC,fr,2022-12-25,0
compte_a_vue,Compte à vue particulier,Compte Plus KBC,KBC,fr,2023-01-01,0
compte_a_vue,Compte à vue particulier,Compte Plus KBC,KBC,fr,2023-01-08,0
compte_a_vue,Compte à vue particulier,Compte Plus KBC,KBC,fr,2023-01-15,0
compte_a_vue,Compte à vue particulier,Compte Plus KBC,KBC,fr,2023-01-22,0
compte_a_vue,Compte à vue particulier,Compte Plus KBC,KBC,fr,2023-01-29,0
compte_a_vue,Compte à vue particulier,Compte Plus KBC,KBC,fr,2023-02-05,0
compte_a_vue,Compte à vue particulier,Compte Plus KBC,KBC,fr,2023-02-12,0
compte_a_vue,Compte à vue particulier,Compte Plus KBC,KBC,fr,2023-02-19,0
compte_a_vue,Compte à vue particulier,Compte Plus KBC,KBC,fr,2023-02-26,0
compte_a_vue,Compte à vue particulier,Compte Plus KBC,KBC,fr,2023-03-05,0
compte_a_vue,Compte à vue particulier,Compte Plus KBC,KBC,fr,2023-03-12,0
compte_a_vue,Compte à vue particulier,Compte Plus KBC,KBC,fr,2023-03-19,0
compte_a_vue,Compte à vue particulier,Compte Plus KBC,KBC,fr,2023-03-26,0
compte_a_vue,Compte à vue particulier,Compte Plus KBC,KBC,fr,2023-04-02,0
compte_a_vue,Compte à vue particulier,Compte Plus KBC,KBC,fr,2023-04-09,0
compte_a_vue,Compte à vue particulier,Compte Plus KBC,KBC,fr,2023-04-16,0
compte_a_vue,Compte à vue particulier,Compte Plus KBC,KBC,fr,2023-04-23,0
compte_a_vue,Compte à vue particulier,Compte Plus KBC,KBC,fr,2023-04-30,0
compte_a_vue,Compte à vue particulier,Compte Plus KBC,KBC,fr,2023-05-07,0
compte_a_vue,Compte à vue particulier,Compte Plus KBC,KBC,fr,2023-05-14,0
compte_a_vue,Compte à vue particulier,Compte Plus KBC,KBC,fr,2023-05-21,0
compte_a_vue,Compte à vue particulier,Compte Plus KBC,KBC,fr,2023-05-28,0
compte_a_vue,Compte à vue particulier,Compte Plus KBC,KBC,fr,2023-06-04,0
compte_a_vue,Compte à vue particulier,Compte Plus KBC,KBC,fr,2023-06-11,0
compte_a_vue,Compte à vue particulier,Compte Plus KBC,KBC,fr,2023-06-18,0
compte_a_vue,Compte à vue particulier,Compte Plus KBC,KBC,fr,2023-06-25,0
compte_a_vue,Compte à vue particulier,Compte Plus KBC,KBC,fr,2023-07-02,0
compte_a_vue,Compte à vue particulier,Compte Plus KBC,KBC,fr,2023-07-09,0
compte_a_vue,Compte à vue particulier,Compte Plus KBC,KBC,fr,2023-07-16,0
compte_a_vue,Compte à vue particulier,Compte Plus KBC,KBC,fr,2023-07-23,0
compte_a_vue,Compte à vue particulier,Compte Plus KBC,KBC,fr,2023-07-30,0
compte_a_vue,Compte à vue particulier,Compte Plus KBC,KBC,fr,2023-08-06,0
compte_a_vue,Compte à vue particulier,Compte Plus KBC,KBC,fr,2023-08-13,0
compte_a_vue,Compte à vue particulier,Compte Plus KBC,KBC,fr,2023-08-20,0
compte_a_vue,Compte à vue particulier,Compte Plus KBC,KBC,fr,2023-08-27,0
compte_a_vue,Compte à vue particulier,Compte Plus KBC,KBC,fr,2023-09-03,0
compte_a_vue,Compte à vue particulier,Compte Plus KBC,KBC,fr,2023-09-10,0
compte_a_vue,Compte à vue particulier,Compte Plus KBC,KBC,fr,2023-09-17,0
compte_a_vue,Compte à vue particulier,Compte Plus KBC,KBC,fr,2023-09-24,0
compte_a_vue,Compte à vue particulier,Compte Plus KBC,KBC,fr,2023-10-01,0
compte_a_vue,Compte à vue particulier,Compte Plus KBC,KBC,fr,2023-10-08,0
compte_a_vue,Compte à vue particulier,Compte Plus KBC,KBC,fr,2023-10-15,0
compte_a_vue,Compte à vue particulier,Compte Plus KBC,KBC,fr,2023-10-22,0
compte_a_vue,Compte à vue particulier,Compte Plus KBC,KBC,fr,2023-10-29,0
compte_a_vue,Compte à vue particulier,Compte Plus KBC,KBC,fr,2023-11-05,0
compte_a_vue,Compte à vue particulier,Compte Plus KBC,KBC,fr,2023-11-12,0
compte_a_vue,Compte à vue particulier,Compte Plus KBC,KBC,fr,2023-11-19,0
compte_a_vue,Compte à vue particulier,Compte Plus KBC,KBC,fr,2023-11-26,0
compte_a_vue,Compte à vue particulier,Compte Plus KBC,KBC,fr,2023-12-03,0
compte_a_vue,Compte à vue particulier,Compte Plus KBC,KBC,fr,2023-12-10,0
compte_a_vue,Compte à vue particulier,Compte Plus KBC,KBC,fr,2023-12-17,0
compte_a_vue,Compte à vue particulier,Compte Plus KBC,KBC,fr,2023-12-24,21
compte_a_vue,Compte à vue particulier,Compte Plus KBC,KBC,fr,2023-12-31,0
compte_a_vue,Compte à vue particulier,Compte Plus KBC,KBC,fr,2024-01-07,0
compte_a_vue,Compte à vue particulier,Compte Plus KBC,KBC,fr,2024-01-14,0
compte_a_vue,Compte à vue particulier,Compte Plus KBC,KBC,fr,2024-01-21,0
compte_a_vue,Compte à vue particulier,Compte Plus KBC,KBC,fr,2024-01-28,0
compte_a_vue,Compte à vue particulier,Compte Plus KBC,KBC,fr,2024-02-04,0
compte_a_vue,Compte à vue particulier,Compte Plus KBC,KBC,fr,2024-02-11,0
compte_a_vue,Compte à vue particulier,Compte Plus KBC,KBC,fr,2024-02-18,0
compte_a_vue,Compte à vue particulier,Compte Plus KBC,KBC,fr,2024-02-25,0
compte_a_vue,Compte à vue particulier,Compte Plus KBC,KBC,fr,2024-03-03,0
compte_a_vue,Compte à vue particulier,Compte Plus KBC,KBC,fr,2024-03-10,0
compte_a_vue,Compte à vue particulier,Compte Plus KBC,KBC,fr,2024-03-17,0
compte_a_vue,Compte à vue particulier,Compte Plus KBC,KBC,fr,2024-03-24,0
compte_a_vue,Compte à vue particulier,Compte Plus KBC,KBC,fr,2024-03-31,0
compte_a_vue,Compte à vue particulier,Compte Plus KBC,KBC,fr,2024-04-07,0
compte_a_vue,Compte à vue particulier,Compte Plus KBC,KBC,fr,2024-04-14,0
compte_a_vue,Compte à vue particulier,Compte Plus KBC,KBC,fr,2024-04-21,0
compte_a_vue,Compte à vue particulier,Compte Plus KBC,KBC,fr,2024-04-28,0
compte_a_vue,Compte à vue particulier,Compte Plus KBC,KBC,fr,2024-05-05,0
compte_a_vue,Compte à vue particulier,Compte Plus KBC,KBC,fr,2024-05-12,0
compte_a_vue,Compte à vue particulier,Compte Plus KBC,KBC,fr,2024-05-19,0
compte_a_vue,Compte à vue particulier,Compte Plus KBC,KBC,fr,2024-05-26,0
compte_a_vue,Compte à vue particulier,Compte Plus KBC,KBC,fr,2024-06-02,0
compte_a_vue,Compte à vue particulier,Compte Plus KBC,KBC,fr,2024-06-09,0
compte_a_vue,Compte à vue particulier,Compte Plus KBC,KBC,fr,2024-06-16,0
compte_a_vue,Compte à vue particulier,Compte Plus KBC,KBC,fr,2024-06-23,0
compte_a_vue,Compte à vue particulier,Compte Plus KBC,KBC,fr,2024-06-30,0
compte_a_vue,Compte à vue particulier,Compte Plus KBC,KBC,fr,2024-07-07,0
compte_a_vue,Compte à vue particulier,Compte Plus KBC,KBC,fr,2024-07-14,0
compte_a_vue,Compte à vue particulier,Compte Plus KBC,KBC,fr,2024-07-21,0
compte_a_vue,Compte à vue particulier,Compte Plus KBC,KBC,fr,2024-07-28,0
compte_a_vue,Compte à vue particulier,Compte Plus KBC,KBC,fr,2024-08-04,0
compte_a_vue,Compte à vue particulier,Compte Plus KBC,KBC,fr,2024-08-11,0
compte_a_vue,Compte à vue particulier,Compte Plus KBC,KBC,fr,2024-08-18,0
compte_a_vue,Compte à vue particulier,Compte Plus KBC,KBC,fr,2024-08-25,0
compte_a_vue,Compte à vue particulier,Compte Plus KBC,KBC,fr,2024-09-01,0
compte_a_vue,Compte à vue particulier,Compte Plus KBC,KBC,fr,2024-09-08,0
compte_a_vue,Compte à vue particulier,Compte Plus KBC,KBC,fr,2024-09-15,0
compte_a_vue,Compte à vue particulier,Compte Plus KBC,KBC,fr,2024-09-22,0
compte_a_vue,Compte à vue particulier,Compte Plus KBC,KBC,fr,2024-09-29,0
compte_a_vue,Compte à vue particulier,Compte Plus KBC,KBC,fr,2024-10-06,0
compte_a_vue,Compte à vue particulier,Compte Plus KBC,KBC,fr,2024-10-13,0
compte_a_vue,Compte à vue particulier,Compte Plus KBC,KBC,fr,2024-10-20,0
compte_a_vue,Compte à vue particulier,Compte Plus KBC,KBC,fr,2024-10-27,0
compte_a_vue,Compte à vue particulier,Compte Plus KBC,KBC,fr,2024-11-03,0
compte_a_vue,Compte à vue particulier,Compte Plus KBC,KBC,fr,2024-11-10,0
compte_a_vue,Compte à vue particulier,Compte Plus KBC,KBC,fr,2024-11-17,0
compte_a_vue,Compte à vue particulier,Compte Plus KBC,KBC,fr,2024-11-24,0
compte_a_vue,Compte à vue particulier,Compte Plus KBC,KBC,fr,2024-12-01,0
compte_a_vue,Compte à vue particulier,Compte Plus KBC,KBC,fr,2024-12-08,0
compte_a_vue,Compte à vue particulier,Compte Plus KBC,KBC,fr,2024-12-15,0
compte_a_vue,Compte à vue particulier,Compte Plus KBC,KBC,fr,2024-12-22,0
compte_a_vue,Compte à vue particulier,Compte Plus KBC,KBC,fr,2024-12-29,0
compte_a_vue,Compte à vue particulier,Compte Plus KBC,KBC,fr,2025-01-05,0
compte_a_vue,Compte à vue particulier,Compte Plus KBC,KBC,fr,2025-01-12,0
compte_a_vue,Compte à vue particulier,Compte Plus KBC,KBC,fr,2025-01-19,0
compte_a_vue,Compte à vue particulier,Compte Plus KBC,KBC,fr,2025-01-26,0
compte_a_vue,Compte à vue particulier,Compte Plus KBC,KBC,fr,2025-02-02,0
compte_a_vue,Compte à vue particulier,Compte Plus KBC,KBC,fr,2025-02-09,0
compte_a_vue,Compte à vue particulier,Compte Plus KBC,KBC,fr,2025-02-16,0
compte_a_vue,Compte à vue particulier,Compte Plus KBC,KBC,fr,2025-02-23,0
compte_a_vue,Compte à vue particulier,Compte Plus KBC,KBC,fr,2025-03-02,0
compte_a_vue,Compte à vue particulier,Compte Plus KBC,KBC,fr,2025-03-09,0
compte_a_vue,Compte à vue particulier,Compte Plus KBC,KBC,fr,2025-03-16,0
compte_a_vue,Compte à vue particulier,Compte Plus KBC,KBC,fr,2025-03-23,0
compte_a_vue,Compte à vue particulier,Compte Plus KBC,KBC,fr,2025-03-30,0
compte_a_vue,Compte à vue particulier,Compte Plus KBC,KBC,fr,2025-04-06,0
compte_a_vue,Compte à vue particulier,Compte Plus KBC,KBC,fr,2025-04-13,0
compte_a_vue,Compte à vue particulier,Compte Plus KBC,KBC,fr,2025-04-20,0
compte_a_vue,Compte à vue particulier,Compte Plus KBC,KBC,fr,2025-04-27,0
compte_a_vue,Compte à vue particulier,Compte Plus KBC,KBC,fr,2025-05-04,0
compte_a_vue,Compte à vue particulier,Compte Plus KBC,KBC,fr,2025-05-11,0
compte_a_vue,Compte à vue particulier,Compte Plus KBC,KBC,fr,2025-05-18,0
compte_a_vue,Compte à vue particulier,Compte Plus KBC,KBC,fr,2025-05-25,0
compte_a_vue,Compte à vue particulier,Compte Plus KBC,KBC,fr,2025-06-01,0
compte_a_vue,Compte à vue particulier,Compte Plus KBC,KBC,fr,2025-06-08,0
compte_a_vue,Compte à vue particulier,Compte Plus KBC,KBC,fr,2025-06-15,0
compte_a_vue,Compte à vue particulier,Compte Plus KBC,KBC,fr,2025-06-22,0
compte_a_vue,Compte à vue particulier,Compte Plus KBC,KBC,fr,2025-06-29,0
compte_a_vue,Compte à vue particulier,Compte Plus KBC,KBC,fr,2025-07-06,0
compte_a_vue,Compte à vue particulier,Compte Plus KBC,KBC,fr,2025-07-13,0
compte_a_vue,Compte à vue particulier,Compte Plus KBC,KBC,fr,2025-07-20,0
compte_a_vue,Compte à vue particulier,Compte Plus KBC,KBC,fr,2025-07-27,0
compte_a_vue,Compte à vue particulier,Compte Plus KBC,KBC,fr,2025-08-03,0
compte_a_vue,Compte à vue particulier,Compte Plus KBC,KBC,fr,2025-08-10,21
compte_a_vue,Compte à vue particulier,Compte Plus KBC,KBC,fr,2025-08-17,0
compte_a_vue,Compte à vue particulier,Compte Plus KBC,KBC,fr,2025-08-24,0
compte_a_vue,Compte à vue particulier,Compte Plus KBC,KBC,fr,2025-08-31,0
compte_a_vue,Compte à vue particulier,Compte Plus KBC,KBC,fr,2025-09-07,0
compte_a_vue,Compte à vue particulier,Compte Plus KBC,KBC,fr,2025-09-14,0
compte_a_vue,Compte à vue particulier,Compte Plus KBC,KBC,fr,2025-09-21,0
compte_a_vue,Compte à vue particulier,Compte Plus KBC,KBC,fr,2025-09-28,0
compte_a_vue,Compte à vue particulier,Compte Plus KBC,KBC,fr,2025-10-05,0
compte_a_vue,Compte à vue particulier,Compte Plus KBC,KBC,fr,2025-10-12,0
compte_a_vue,Compte à vue particulier,Compte Plus KBC,KBC,fr,2025-10-19,0
compte_a_vue,Compte à vue particulier,Compte Plus KBC,KBC,fr,2025-10-26,0
compte_a_vue,Compte à vue particulier,Compte Plus KBC,KBC,fr,2025-11-02,0
compte_a_vue,Compte à vue particulier,Compte Plus KBC,KBC,fr,2025-11-09,0
compte_a_vue,Compte à vue particulier,Compte Plus KBC,KBC,fr,2025-11-16,0
compte_a_vue,Compte à vue particulier,Compte Plus KBC,KBC,fr,2025-11-23,0
compte_a_vue,Compte à vue particulier,Compte Plus KBC,KBC,fr,2025-11-30,0
compte_a_vue,Compte à vue particulier,Compte Plus KBC,KBC,fr,2025-12-07,0
compte_a_vue,Compte à vue particulier,Compte Plus KBC,KBC,fr,2025-12-14,0
compte_a_vue,Compte à vue particulier,Compte Plus KBC,KBC,fr,2025-12-21,0
compte_a_vue,Compte à vue particulier,Compte Plus KBC,KBC,fr,2025-12-28,0
compte_a_vue,Compte à vue particulier,Compte Plus KBC,KBC,fr,2026-01-04,0
compte_a_vue,Compte à vue particulier,Compte Plus KBC,KBC,fr,2026-01-11,0
compte_a_vue,Compte à vue particulier,Compte Plus KBC,KBC,fr,2026-01-18,0
compte_a_vue,Compte à vue particulier,Compte Plus KBC,KBC,fr,2026-01-25,0
compte_a_vue,Compte à vue particulier,Compte Plus KBC,KBC,fr,2026-02-01,0
compte_a_vue,Compte à vue particulier,Compte Plus KBC,KBC,fr,2026-02-08,0
compte_a_vue,Compte à vue particulier,Compte Plus KBC,KBC,fr,2026-02-15,0
compte_a_vue,Compte à vue particulier,Compte Plus KBC,KBC,fr,2026-02-22,0
compte_a_vue,Compte à vue particulier,Compte Plus KBC,KBC,fr,2026-03-01,0
compte_a_vue,Compte à vue particulier,Compte Plus KBC,KBC,fr,2026-03-08,0
compte_a_vue,Compte à vue particulier,Compte Plus KBC,KBC,fr,2026-03-15,0
compte_a_vue,Compte à vue particulier,Compte Plus KBC,KBC,fr,2026-03-22,0
compte_a_vue,Compte à vue particulier,Compte Plus KBC,KBC,fr,2026-03-29,0
compte_a_vue,Compte à vue particulier,Compte Plus KBC,KBC,fr,2026-04-05,0
compte_a_vue,Compte à vue particulier,Compte Plus KBC,KBC,fr,2026-04-12,0
compte_a_vue,Compte à vue particulier,Compte Plus KBC,KBC,fr,2026-04-19,0
compte_a_vue,Compte à vue particulier,Compte Plus KBC,KBC,fr,2026-04-26,0
compte_a_vue,Compte à vue particulier,Compte Plus KBC,KBC,fr,2026-05-03,0
compte_a_vue,Compte à vue particulier,Compte Plus KBC,KBC,fr,2026-05-10,0
compte_a_vue,Compte à vue particulier,Compte Plus KBC,KBC,fr,2026-05-17,0
compte_a_vue,Compte à vue particulier,Compte Plus KBC,KBC,fr,2026-05-24,0
compte_a_vue,Compte à vue particulier,Compte Plus KBC,KBC,fr,2026-05-31,0
compte_a_vue,Compte à vue particulier,Compte Plus KBC,KBC,fr,2026-06-07,0
compte_a_vue,Compte à vue particulier,Compte Plus KBC,KBC,fr,2026-06-14,0
compte_a_vue,Compte à vue particulier,Compte Plus KBC,KBC,fr,2026-06-21,0
compte_a_vue,Compte à vue particulier,Compte Plus KBC,KBC,fr,2026-06-28,0
compte_a_vue,Compte à vue particulier,Compte Plus KBC,KBC,fr,2026-07-05,0
compte_a_vue,Compte à vue particulier,Compte Plus KBC,KBC,fr,2026-07-12,0
compte_a_vue,Compte à vue particulier,Compte Plus KBC,KBC,fr,2026-07-19,0
compte_a_vue,Compte à vue particulier,Compte Plus KBC,KBC,fr,2026-07-26,0
compte_a_vue,Compte à vue particulier,Compte Plus KBC,KBC,fr,2026-08-02,0
compte_a_vue,Compte à vue particulier,Compte Plus KBC,KBC,fr,2026-08-09,0
compte_a_vue,Compte à vue particulier,Compte Plus KBC,KBC,fr,2026-08-16,0
compte_a_vue,Compte à vue particulier,Compte Plus KBC,KBC,fr,2026-08-23,0
compte_a_vue,Compte à vue particulier,Compte Plus KBC,KBC,fr,2026-08-30,0
compte_a_vue,Compte à vue particulier,Compte Plus KBC,KBC,fr,2026-09-06,0
compte_a_vue,Compte à vue particulier,Compte Plus KBC,KBC,fr,2026-09-13,0
compte_a_vue,Compte à vue particulier,KBC zichtrekening,KBC,nl,2021-09-12,0
compte_a_vue,Compte à vue particulier,KBC zichtrekening,KBC,nl,2021-09-19,0
compte_a_vue,Compte à vue particulier,KBC zichtrekening,KBC,nl,2021-09-26,0
compte_a_vue,Compte à vue particulier,KBC zichtrekening,KBC,nl,2021-10-03,0
compte_a_vue,Compte à vue particulier,KBC zichtrekening,KBC,nl,2021-10-10,0
compte_a_vue,Compte à vue particulier,KBC zichtrekening,KBC,nl,2021-10-17,0
compte_a_vue,Compte à vue particulier,KBC zichtrekening,KBC,nl,2021-10-24,0
compte_a_vue,Compte à vue particulier,KBC zichtrekening,KBC,nl,2021-10-31,0
compte_a_vue,Compte à vue particulier,KBC zichtrekening,KBC,nl,2021-11-07,28
compte_a_vue,Compte à vue particulier,KBC zichtrekening,KBC,nl,2021-11-14,0
compte_a_vue,Compte à vue particulier,KBC zichtrekening,KBC,nl,2021-11-21,0
compte_a_vue,Compte à vue particulier,KBC zichtrekening,KBC,nl,2021-11-28,23
compte_a_vue,Compte à vue particulier,KBC zichtrekening,KBC,nl,2021-12-05,0
compte_a_vue,Compte à vue particulier,KBC zichtrekening,KBC,nl,2021-12-12,0
compte_a_vue,Compte à vue particulier,KBC zichtrekening,KBC,nl,2021-12-19,0
compte_a_vue,Compte à vue particulier,KBC zichtrekening,KBC,nl,2021-12-26,0
compte_a_vue,Compte à vue particulier,KBC zichtrekening,KBC,nl,2022-01-02,0
compte_a_vue,Compte à vue particulier,KBC zichtrekening,KBC,nl,2022-01-09,0
compte_a_vue,Compte à vue particulier,KBC zichtrekening,KBC,nl,2022-01-16,24
compte_a_vue,Compte à vue particulier,KBC zichtrekening,KBC,nl,2022-01-23,0
compte_a_vue,Compte à vue particulier,KBC zichtrekening,KBC,nl,2022-01-30,21
compte_a_vue,Compte à vue particulier,KBC zichtrekening,KBC,nl,2022-02-06,0
compte_a_vue,Compte à vue particulier,KBC zichtrekening,KBC,nl,2022-02-13,0
compte_a_vue,Compte à vue particulier,KBC zichtrekening,KBC,nl,2022-02-20,0
compte_a_vue,Compte à vue particulier,KBC zichtrekening,KBC,nl,2022-02-27,0
compte_a_vue,Compte à vue particulier,KBC zichtrekening,KBC,nl,2022-03-06,16
compte_a_vue,Compte à vue particulier,KBC zichtrekening,KBC,nl,2022-03-13,0
compte_a_vue,Compte à vue particulier,KBC zichtrekening,KBC,nl,2022-03-20,0
compte_a_vue,Compte à vue particulier,KBC zichtrekening,KBC,nl,2022-03-27,13
compte_a_vue,Compte à vue particulier,KBC zichtrekening,KBC,nl,2022-04-03,0
compte_a_vue,Compte à vue particulier,KBC zichtrekening,KBC,nl,2022-04-10,19
compte_a_vue,Compte à vue particulier,KBC zichtrekening,KBC,nl,2022-04-17,0
compte_a_vue,Compte à vue particulier,KBC zichtrekening,KBC,nl,2022-04-24,12
compte_a_vue,Compte à vue particulier,KBC zichtrekening,KBC,nl,2022-05-01,21
compte_a_vue,Compte à vue particulier,KBC zichtrekening,KBC,nl,2022-05-08,0
compte_a_vue,Compte à vue particulier,KBC zichtrekening,KBC,nl,2022-05-15,0
compte_a_vue,Compte à vue particulier,KBC zichtrekening,KBC,nl,2022-05-22,0
compte_a_vue,Compte à vue particulier,KBC zichtrekening,KBC,nl,2022-05-29,0
compte_a_vue,Compte à vue particulier,KBC zichtrekening,KBC,nl,2022-06-05,0
compte_a_vue,Compte à vue particulier,KBC zichtrekening,KBC,nl,2022-06-12,0
compte_a_vue,Compte à vue particulier,KBC zichtrekening,KBC,nl,2022-06-19,0
compte_a_vue,Compte à vue particulier,KBC zichtrekening,KBC,nl,2022-06-26,16
compte_a_vue,Compte à vue particulier,KBC zichtrekening,KBC,nl,2022-07-03,0
compte_a_vue,Compte à vue particulier,KBC zichtrekening,KBC,nl,2022-07-10,0
compte_a_vue,Compte à vue particulier,KBC zichtrekening,KBC,nl,2022-07-17,0
compte_a_vue,Compte à vue particulier,KBC zichtrekening,KBC,nl,2022-07-24,0
compte_a_vue,Compte à vue particulier,KBC zichtrekening,KBC,nl,2022-07-31,0
compte_a_vue,Compte à vue particulier,KBC zichtrekening,KBC,nl,2022-08-07,0
compte_a_vue,Compte à vue particulier,KBC zichtrekening,KBC,nl,2022-08-14,0
compte_a_vue,Compte à vue particulier,KBC zichtrekening,KBC,nl,2022-08-21,0
compte_a_vue,Compte à vue particulier,KBC zichtrekening,KBC,nl,2022-08-28,0
compte_a_vue,Compte à vue particulier,KBC zichtrekening,KBC,nl,2022-09-04,14
compte_a_vue,Compte à vue particulier,KBC zichtrekening,KBC,nl,2022-09-11,15
compte_a_vue,Compte à vue particulier,KBC zichtrekening,KBC,nl,2022-09-18,0
compte_a_vue,Compte à vue particulier,KBC zichtrekening,KBC,nl,2022-09-25,17
compte_a_vue,Compte à vue particulier,KBC zichtrekening,KBC,nl,2022-10-02,0
compte_a_vue,Compte à vue particulier,KBC zichtrekening,KBC,nl,2022-10-09,0
compte_a_vue,Compte à vue particulier,KBC zichtrekening,KBC,nl,2022-10-16,0
compte_a_vue,Compte à vue particulier,KBC zichtrekening,KBC,nl,2022-10-23,17
compte_a_vue,Compte à vue particulier,KBC zichtrekening,KBC,nl,2022-10-30,0
compte_a_vue,Compte à vue particulier,KBC zichtrekening,KBC,nl,2022-11-06,0
compte_a_vue,Compte à vue particulier,KBC zichtrekening,KBC,nl,2022-11-13,14
compte_a_vue,Compte à vue particulier,KBC zichtrekening,KBC,nl,2022-11-20,0
compte_a_vue,Compte à vue particulier,KBC zichtrekening,KBC,nl,2022-11-27,0
compte_a_vue,Compte à vue particulier,KBC zichtrekening,KBC,nl,2022-12-04,0
compte_a_vue,Compte à vue particulier,KBC zichtrekening,KBC,nl,2022-12-11,0
compte_a_vue,Compte à vue particulier,KBC zichtrekening,KBC,nl,2022-12-18,0
compte_a_vue,Compte à vue particulier,KBC zichtrekening,KBC,nl,2022-12-25,0
compte_a_vue,Compte à vue particulier,KBC zichtrekening,KBC,nl,2023-01-01,16
compte_a_vue,Compte à vue particulier,KBC zichtrekening,KBC,nl,2023-01-08,15
compte_a_vue,Compte à vue particulier,KBC zichtrekening,KBC,nl,2023-01-15,0
compte_a_vue,Compte à vue particulier,KBC zichtrekening,KBC,nl,2023-01-22,16
compte_a_vue,Compte à vue particulier,KBC zichtrekening,KBC,nl,2023-01-29,0
compte_a_vue,Compte à vue particulier,KBC zichtrekening,KBC,nl,2023-02-05,0
compte_a_vue,Compte à vue particulier,KBC zichtrekening,KBC,nl,2023-02-12,0
compte_a_vue,Compte à vue particulier,KBC zichtrekening,KBC,nl,2023-02-19,0
compte_a_vue,Compte à vue particulier,KBC zichtrekening,KBC,nl,2023-02-26,0
compte_a_vue,Compte à vue particulier,KBC zichtrekening,KBC,nl,2023-03-05,0
compte_a_vue,Compte à vue particulier,KBC zichtrekening,KBC,nl,2023-03-12,15
compte_a_vue,Compte à vue particulier,KBC zichtrekening,KBC,nl,2023-03-19,0
compte_a_vue,Compte à vue particulier,KBC zichtrekening,KBC,nl,2023-03-26,0
compte_a_vue,Compte à vue particulier,KBC zichtrekening,KBC,nl,2023-04-02,0
compte_a_vue,Compte à vue particulier,KBC zichtrekening,KBC,nl,2023-04-09,0
compte_a_vue,Compte à vue particulier,KBC zichtrekening,KBC,nl,2023-04-16,17
compte_a_vue,Compte à vue particulier,KBC zichtrekening,KBC,nl,2023-04-23,0
compte_a_vue,Compte à vue particulier,KBC zichtrekening,KBC,nl,2023-04-30,0
compte_a_vue,Compte à vue particulier,KBC zichtrekening,KBC,nl,2023-05-07,0
compte_a_vue,Compte à vue particulier,KBC zichtrekening,KBC,nl,2023-05-14,0
compte_a_vue,Compte à vue particulier,KBC zichtrekening,KBC,nl,2023-05-21,0
compte_a_vue,Compte à vue particulier,KBC zichtrekening,KBC,nl,2023-05-28,0
compte_a_vue,Compte à vue particulier,KBC zichtrekening,KBC,nl,2023-06-04,0
compte_a_vue,Compte à vue particulier,KBC zichtrekening,KBC,nl,2023-06-11,0
compte_a_vue,Compte à vue particulier,KBC zichtrekening,KBC,nl,2023-06-18,0
compte_a_vue,Compte à vue particulier,KBC zichtrekening,KBC,nl,2023-06-25,0
compte_a_vue,Compte à vue particulier,KBC zichtrekening,KBC,nl,2023-07-02,18
compte_a_vue,Compte à vue particulier,KBC zichtrekening,KBC,nl,2023-07-09,0
compte_a_vue,Compte à vue particulier,KBC zichtrekening,KBC,nl,2023-07-16,0
compte_a_vue,Compte à vue particulier,KBC zichtrekening,KBC,nl,2023-07-23,0
compte_a_vue,Compte à vue particulier,KBC zichtrekening,KBC,nl,2023-07-30,0
compte_a_vue,Compte à vue particulier,KBC zichtrekening,KBC,nl,2023-08-06,0
compte_a_vue,Compte à vue particulier,KBC zichtrekening,KBC,nl,2023-08-13,0
compte_a_vue,Compte à vue particulier,KBC zichtrekening,KBC,nl,2023-08-20,0
compte_a_vue,Compte à vue particulier,KBC zichtrekening,KBC,nl,2023-08-27,17
compte_a_vue,Compte à vue particulier,KBC zichtrekening,KBC,nl,2023-09-03,0
compte_a_vue,Compte à vue particulier,KBC zichtrekening,KBC,nl,2023-09-10,0
compte_a_vue,Compte à vue particulier,KBC zichtrekening,KBC,nl,2023-09-17,0
compte_a_vue,Compte à vue particulier,KBC zichtrekening,KBC,nl,2023-09-24,15
compte_a_vue,Compte à vue particulier,KBC zichtrekening,KBC,nl,2023-10-01,15
compte_a_vue,Compte à vue particulier,KBC zichtrekening,KBC,nl,2023-10-08,0
compte_a_vue,Compte à vue particulier,KBC zichtrekening,KBC,nl,2023-10-15,0
compte_a_vue,Compte à vue particulier,KBC zichtrekening,KBC,nl,2023-10-22,0
compte_a_vue,Compte à vue particulier,KBC zichtrekening,KBC,nl,2023-10-29,0
compte_a_vue,Compte à vue particulier,KBC zichtrekening,KBC,nl,2023-11-05,0
compte_a_vue,Compte à vue particulier,KBC zichtrekening,KBC,nl,2023-11-12,0
compte_a_vue,Compte à vue particulier,KBC zichtrekening,KBC,nl,2023-11-19,0
compte_a_vue,Compte à vue particulier,KBC zichtrekening,KBC,nl,2023-11-26,0
compte_a_vue,Compte à vue particulier,KBC zichtrekening,KBC,nl,2023-12-03,0
compte_a_vue,Compte à vue particulier,KBC zichtrekening,KBC,nl,2023-12-10,0
compte_a_vue,Compte à vue particulier,KBC zichtrekening,KBC,nl,2023-12-17,0
compte_a_vue,Compte à vue particulier,KBC zichtrekening,KBC,nl,2023-12-24,0
compte_a_vue,Compte à vue particulier,KBC zichtrekening,KBC,nl,2023-12-31,16
compte_a_vue,Compte à vue particulier,KBC zichtrekening,KBC,nl,2024-01-07,100
compte_a_vue,Compte à vue particulier,KBC zichtrekening,KBC,nl,2024-01-14,26
compte_a_vue,Compte à vue particulier,KBC zichtrekening,KBC,nl,2024-01-21,16
compte_a_vue,Compte à vue particulier,KBC zichtrekening,KBC,nl,2024-01-28,18
compte_a_vue,Compte à vue particulier,KBC zichtrekening,KBC,nl,2024-02-04,0
compte_a_vue,Compte à vue particulier,KBC zichtrekening,KBC,nl,2024-02-11,0
compte_a_vue,Compte à vue particulier,KBC zichtrekening,KBC,nl,2024-02-18,0
compte_a_vue,Compte à vue particulier,KBC zichtrekening,KBC,nl,2024-02-25,0
compte_a_vue,Compte à vue particulier,KBC zichtrekening,KBC,nl,2024-03-03,0
compte_a_vue,Compte à vue particulier,KBC zichtrekening,KBC,nl,2024-03-10,0
compte_a_vue,Compte à vue particulier,KBC zichtrekening,KBC,nl,2024-03-17,0
compte_a_vue,Compte à vue particulier,KBC zichtrekening,KBC,nl,2024-03-24,0
compte_a_vue,Compte à vue particulier,KBC zichtrekening,KBC,nl,2024-03-31,18
compte_a_vue,Compte à vue particulier,KBC zichtrekening,KBC,nl,2024-04-07,0
compte_a_vue,Compte à vue particulier,KBC zichtrekening,KBC,nl,2024-04-14,0
compte_a_vue,Compte à vue particulier,KBC zichtrekening,KBC,nl,2024-04-21,0
compte_a_vue,Compte à vue particulier,KBC zichtrekening,KBC,nl,2024-04-28,0
compte_a_vue,Compte à vue particulier,KBC zichtrekening,KBC,nl,2024-05-05,0
compte_a_vue,Compte à vue particulier,KBC zichtrekening,KBC,nl,2024-05-12,0
compte_a_vue,Compte à vue particulier,KBC zichtrekening,KBC,nl,2024-05-19,0
compte_a_vue,Compte à vue particulier,KBC zichtrekening,KBC,nl,2024-05-26,0
compte_a_vue,Compte à vue particulier,KBC zichtrekening,KBC,nl,2024-06-02,0
compte_a_vue,Compte à vue particulier,KBC zichtrekening,KBC,nl,2024-06-09,0
compte_a_vue,Compte à vue particulier,KBC zichtrekening,KBC,nl,2024-06-16,0
compte_a_vue,Compte à vue particulier,KBC zichtrekening,KBC,nl,2024-06-23,0
compte_a_vue,Compte à vue particulier,KBC zichtrekening,KBC,nl,2024-06-30,0
compte_a_vue,Compte à vue particulier,KBC zichtrekening,KBC,nl,2024-07-07,0
compte_a_vue,Compte à vue particulier,KBC zichtrekening,KBC,nl,2024-07-14,0
compte_a_vue,Compte à vue particulier,KBC zichtrekening,KBC,nl,2024-07-21,0
compte_a_vue,Compte à vue particulier,KBC zichtrekening,KBC,nl,2024-07-28,20
compte_a_vue,Compte à vue particulier,KBC zichtrekening,KBC,nl,2024-08-04,0
compte_a_vue,Compte à vue particulier,KBC zichtrekening,KBC,nl,2024-08-11,0
compte_a_vue,Compte à vue particulier,KBC zichtrekening,KBC,nl,2024-08-18,0
compte_a_vue,Compte à vue particulier,KBC zichtrekening,KBC,nl,2024-08-25,25
compte_a_vue,Compte à vue particulier,KBC zichtrekening,KBC,nl,2024-09-01,42
compte_a_vue,Compte à vue particulier,KBC zichtrekening,KBC,nl,2024-09-08,34
compte_a_vue,Compte à vue particulier,KBC zichtrekening,KBC,nl,2024-09-15,0
compte_a_vue,Compte à vue particulier,KBC zichtrekening,KBC,nl,2024-09-22,0
compte_a_vue,Compte à vue particulier,KBC zichtrekening,KBC,nl,2024-09-29,24
compte_a_vue,Compte à vue particulier,KBC zichtrekening,KBC,nl,2024-10-06,0
compte_a_vue,Compte à vue particulier,KBC zichtrekening,KBC,nl,2024-10-13,0
compte_a_vue,Compte à vue particulier,KBC zichtrekening,KBC,nl,2024-10-20,0
compte_a_vue,Compte à vue particulier,KBC zichtrekening,KBC,nl,2024-10-27,0
compte_a_vue,Compte à vue particulier,KBC zichtrekening,KBC,nl,2024-11-03,21
compte_a_vue,Compte à vue particulier,KBC zichtrekening,KBC,nl,2024-11-10,19
compte_a_vue,Compte à vue particulier,KBC zichtrekening,KBC,nl,2024-11-17,0
compte_a_vue,Compte à vue particulier,KBC zichtrekening,KBC,nl,2024-11-24,0
compte_a_vue,Compte à vue particulier,KBC zichtrekening,KBC,nl,2024-12-01,0
compte_a_vue,Compte à vue particulier,KBC zichtrekening,KBC,nl,2024-12-08,0
compte_a_vue,Compte à vue particulier,KBC zichtrekening,KBC,nl,2024-12-15,0
compte_a_vue,Compte à vue particulier,KBC zichtrekening,KBC,nl,2024-12-22,0
compte_a_vue,Compte à vue particulier,KBC zichtrekening,KBC,nl,2024-12-29,0
compte_a_vue,Compte à vue particulier,KBC zichtrekening,KBC,nl,2025-01-05,0
compte_a_vue,Compte à vue particulier,KBC zichtrekening,KBC,nl,2025-01-12,18
compte_a_vue,Compte à vue particulier,KBC zichtrekening,KBC,nl,2025-01-19,0
compte_a_vue,Compte à vue particulier,KBC zichtrekening,KBC,nl,2025-01-26,17
compte_a_vue,Compte à vue particulier,KBC zichtrekening,KBC,nl,2025-02-02,18
compte_a_vue,Compte à vue particulier,KBC zichtrekening,KBC,nl,2025-02-09,0
compte_a_vue,Compte à vue particulier,KBC zichtrekening,KBC,nl,2025-02-16,0
compte_a_vue,Compte à vue particulier,KBC zichtrekening,KBC,nl,2025-02-23,0
compte_a_vue,Compte à vue particulier,KBC zichtrekening,KBC,nl,2025-03-02,0
compte_a_vue,Compte à vue particulier,KBC zichtrekening,KBC,nl,2025-03-09,0
compte_a_vue,Compte à vue particulier,KBC zichtrekening,KBC,nl,2025-03-16,21
compte_a_vue,Compte à vue particulier,KBC zichtrekening,KBC,nl,2025-03-23,0
compte_a_vue,Compte à vue particulier,KBC zichtrekening,KBC,nl,2025-03-30,0
compte_a_vue,Compte à vue particulier,KBC zichtrekening,KBC,nl,2025-04-06,0
compte_a_vue,Compte à vue particulier,KBC zichtrekening,KBC,nl,2025-04-13,0
compte_a_vue,Compte à vue particulier,KBC zichtrekening,KBC,nl,2025-04-20,0
compte_a_vue,Compte à vue particulier,KBC zichtrekening,KBC,nl,2025-04-27,0
compte_a_vue,Compte à vue particulier,KBC zichtrekening,KBC,nl,2025-05-04,0
compte_a_vue,Compte à vue particulier,KBC zichtrekening,KBC,nl,2025-05-11,0
compte_a_vue,Compte à vue particulier,KBC zichtrekening,KBC,nl,2025-05-18,0
compte_a_vue,Compte à vue particulier,KBC zichtrekening,KBC,nl,2025-05-25,0
compte_a_vue,Compte à vue particulier,KBC zichtrekening,KBC,nl,2025-06-01,0
compte_a_vue,Compte à vue particulier,KBC zichtrekening,KBC,nl,2025-06-08,0
compte_a_vue,Compte à vue particulier,KBC zichtrekening,KBC,nl,2025-06-15,0
compte_a_vue,Compte à vue particulier,KBC zichtrekening,KBC,nl,2025-06-22,0
compte_a_vue,Compte à vue particulier,KBC zichtrekening,KBC,nl,2025-06-29,0
compte_a_vue,Compte à vue particulier,KBC zichtrekening,KBC,nl,2025-07-06,0
compte_a_vue,Compte à vue particulier,KBC zichtrekening,KBC,nl,2025-07-13,0
compte_a_vue,Compte à vue particulier,KBC zichtrekening,KBC,nl,2025-07-20,0
compte_a_vue,Compte à vue particulier,KBC zichtrekening,KBC,nl,2025-07-27,0
compte_a_vue,Compte à vue particulier,KBC zichtrekening,KBC,nl,2025-08-03,0
compte_a_vue,Compte à vue particulier,KBC zichtrekening,KBC,nl,2025-08-10,0
compte_a_vue,Compte à vue particulier,KBC zichtrekening,KBC,nl,2025-08-17,0
compte_a_vue,Compte à vue particulier,KBC zichtrekening,KBC,nl,2025-08-24,0
compte_a_vue,Compte à vue particulier,KBC zichtrekening,KBC,nl,2025-08-31,27
compte_a_vue,Compte à vue particulier,KBC zichtrekening,KBC,nl,2025-09-07,0
compte_a_vue,Compte à vue particulier,KBC zichtrekening,KBC,nl,2025-09-14,0
compte_a_vue,Compte à vue particulier,KBC zichtrekening,KBC,nl,2025-09-21,0
compte_a_vue,Compte à vue particulier,KBC zichtrekening,KBC,nl,2025-09-28,18
compte_a_vue,Compte à vue particulier,KBC zichtrekening,KBC,nl,2025-10-05,0
compte_a_vue,Compte à vue particulier,KBC zichtrekening,KBC,nl,2025-10-12,0
compte_a_vue,Compte à vue particulier,KBC zichtrekening,KBC,nl,2025-10-19,0
compte_a_vue,Compte à vue particulier,KBC zichtrekening,KBC,nl,2025-10-26,0
compte_a_vue,Compte à vue particulier,KBC zichtrekening,KBC,nl,2025-11-02,0
compte_a_vue,Compte à vue particulier,KBC zichtrekening,KBC,nl,2025-11-09,0
compte_a_vue,Compte à vue particulier,KBC zichtrekening,KBC,nl,2025-11-16,0
compte_a_vue,Compte à vue particulier,KBC zichtrekening,KBC,nl,2025-11-23,0
compte_a_vue,Compte à vue particulier,KBC zichtrekening,KBC,nl,2025-11-30,0
compte_a_vue,Compte à vue particulier,KBC zichtrekening,KBC,nl,2025-12-07,0
compte_a_vue,Compte à vue particulier,KBC zichtrekening,KBC,nl,2025-12-14,0
compte_a_vue,Compte à vue particulier,KBC zichtrekening,KBC,nl,2025-12-21,0
compte_a_vue,Compte à vue particulier,KBC zichtrekening,KBC,nl,2025-12-28,0
compte_a_vue,Compte à vue particulier,KBC zichtrekening,KBC,nl,2026-01-04,0
compte_a_vue,Compte à vue particulier,KBC zichtrekening,KBC,nl,2026-01-11,0
compte_a_vue,Compte à vue particulier,KBC zichtrekening,KBC,nl,2026-01-18,0
compte_a_vue,Compte à vue particulier,KBC zichtrekening,KBC,nl,2026-01-25,0
compte_a_vue,Compte à vue particulier,KBC zichtrekening,KBC,nl,2026-02-01,0
compte_a_vue,Compte à vue particulier,KBC zichtrekening,KBC,nl,2026-02-08,0
compte_a_vue,Compte à vue particulier,KBC zichtrekening,KBC,nl,2026-02-15,0
compte_a_vue,Compte à vue particulier,KBC zichtrekening,KBC,nl,2026-02-22,0
compte_a_vue,Compte à vue particulier,KBC zichtrekening,KBC,nl,2026-03-01,0
compte_a_vue,Compte à vue particulier,KBC zichtrekening,KBC,nl,2026-03-08,0
compte_a_vue,Compte à vue particulier,KBC zichtrekening,KBC,nl,2026-03-15,0
compte_a_vue,Compte à vue particulier,KBC zichtrekening,KBC,nl,2026-03-22,27
compte_a_vue,Compte à vue particulier,KBC zichtrekening,KBC,nl,2026-03-29,0
compte_a_vue,Compte à vue particulier,KBC zichtrekening,KBC,nl,2026-04-05,0
compte_a_vue,Compte à vue particulier,KBC zichtrekening,KBC,nl,2026-04-12,0
compte_a_vue,Compte à vue particulier,KBC zichtrekening,KBC,nl,2026-04-19,0
compte_a_vue,Compte à vue particulier,KBC zichtrekening,KBC,nl,2026-04-26,0
compte_a_vue,Compte à vue particulier,KBC zichtrekening,KBC,nl,2026-05-03,0
compte_a_vue,Compte à vue particulier,KBC zichtrekening,KBC,nl,2026-05-10,0
compte_a_vue,Compte à vue particulier,KBC zichtrekening,KBC,nl,2026-05-17,19
compte_a_vue,Compte à vue particulier,KBC zichtrekening,KBC,nl,2026-05-24,0
compte_a_vue,Compte à vue particulier,KBC zichtrekening,KBC,nl,2026-05-31,0
compte_a_vue,Compte à vue particulier,KBC zichtrekening,KBC,nl,2026-06-07,0
compte_a_vue,Compte à vue particulier,KBC zichtrekening,KBC,nl,2026-06-14,0
compte_a_vue,Compte à vue particulier,KBC zichtrekening,KBC,nl,2026-06-21,0
compte_a_vue,Compte à vue particulier,KBC zichtrekening,KBC,nl,2026-06-28,0
compte_a_vue,Compte à vue particulier,KBC zichtrekening,KBC,nl,2026-07-05,0
compte_a_vue,Compte à vue particulier,KBC zichtrekening,KBC,nl,2026-07-12,0
compte_a_vue,Compte à vue particulier,KBC zichtrekening,KBC,nl,2026-07-19,0
compte_a_vue,Compte à vue particulier,KBC zichtrekening,KBC,nl,2026-07-26,25
compte_a_vue,Compte à vue particulier,KBC zichtrekening,KBC,nl,2026-08-02,0
compte_a_vue,Compte à vue particulier,KBC zichtrekening,KBC,nl,2026-08-09,0
compte_a_vue,Compte à vue particulier,KBC zichtrekening,KBC,nl,2026-08-16,0
compte_a_vue,Compte à vue particulier,KBC zichtrekening,KBC,nl,2026-08-23,0
compte_a_vue,Compte à vue particulier,KBC zichtrekening,KBC,nl,2026-08-30,10
compte_a_vue,Compte à vue particulier,KBC zichtrekening,KBC,nl,2026-09-06,11
compte_a_vue,Compte à vue particulier,KBC zichtrekening,KBC,nl,2026-09-13,15
compte_epargne,Compte épargne particulier,KBC Start2Save,KBC,en,2021-09-12,0
compte_epargne,Compte épargne particulier,KBC Start2Save,KBC,en,2021-09-19,0
compte_epargne,Compte épargne particulier,KBC Start2Save,KBC,en,2021-09-26,0
compte_epargne,Compte épargne particulier,KBC Start2Save,KBC,en,2021-10-03,0
compte_epargne,Compte épargne particulier,KBC Start2Save,KBC,en,2021-10-10,0
compte_epargne,Compte épargne particulier,KBC Start2Save,KBC,en,2021-10-17,0
compte_epargne,Compte épargne particulier,KBC Start2Save,KBC,en,2021-10-24,0
compte_epargne,Compte épargne particulier,KBC Start2Save,KBC,en,2021-10-31,0
compte_epargne,Compte épargne particulier,KBC Start2Save,KBC,en,2021-11-07,0
compte_epargne,Compte épargne particulier,KBC Start2Save,KBC,en,2021-11-14,0
compte_epargne,Compte épargne particulier,KBC Start2Save,KBC,en,2021-11-21,0
compte_epargne,Compte épargne particulier,KBC Start2Save,KBC,en,2021-11-28,0
compte_epargne,Compte épargne particulier,KBC Start2Save,KBC,en,2021-12-05,0
compte_epargne,Compte épargne particulier,KBC Start2Save,KBC,en,2021-12-12,0
compte_epargne,Compte épargne particulier,KBC Start2Save,KBC,en,2021-12-19,0
compte_epargne,Compte épargne particulier,KBC Start2Save,KBC,en,2021-12-26,0
compte_epargne,Compte épargne particulier,KBC Start2Save,KBC,en,2022-01-02,0
compte_epargne,Compte épargne particulier,KBC Start2Save,KBC,en,2022-01-09,0
compte_epargne,Compte épargne particulier,KBC Start2Save,KBC,en,2022-01-16,0
compte_epargne,Compte épargne particulier,KBC Start2Save,KBC,en,2022-01-23,0
compte_epargne,Compte épargne particulier,KBC Start2Save,KBC,en,2022-01-30,0
compte_epargne,Compte épargne particulier,KBC Start2Save,KBC,en,2022-02-06,0
compte_epargne,Compte épargne particulier,KBC Start2Save,KBC,en,2022-02-13,0
compte_epargne,Compte épargne particulier,KBC Start2Save,KBC,en,2022-02-20,0
compte_epargne,Compte épargne particulier,KBC Start2Save,KBC,en,2022-02-27,0
compte_epargne,Compte épargne particulier,KBC Start2Save,KBC,en,2022-03-06,0
compte_epargne,Compte épargne particulier,KBC Start2Save,KBC,en,2022-03-13,0
compte_epargne,Compte épargne particulier,KBC Start2Save,KBC,en,2022-03-20,0
compte_epargne,Compte épargne particulier,KBC Start2Save,KBC,en,2022-03-27,0
compte_epargne,Compte épargne particulier,KBC Start2Save,KBC,en,2022-04-03,0
compte_epargne,Compte épargne particulier,KBC Start2Save,KBC,en,2022-04-10,0
compte_epargne,Compte épargne particulier,KBC Start2Save,KBC,en,2022-04-17,0
compte_epargne,Compte épargne particulier,KBC Start2Save,KBC,en,2022-04-24,0
compte_epargne,Compte épargne particulier,KBC Start2Save,KBC,en,2022-05-01,0
compte_epargne,Compte épargne particulier,KBC Start2Save,KBC,en,2022-05-08,0
compte_epargne,Compte épargne particulier,KBC Start2Save,KBC,en,2022-05-15,0
compte_epargne,Compte épargne particulier,KBC Start2Save,KBC,en,2022-05-22,0
compte_epargne,Compte épargne particulier,KBC Start2Save,KBC,en,2022-05-29,0
compte_epargne,Compte épargne particulier,KBC Start2Save,KBC,en,2022-06-05,0
compte_epargne,Compte épargne particulier,KBC Start2Save,KBC,en,2022-06-12,0
compte_epargne,Compte épargne particulier,KBC Start2Save,KBC,en,2022-06-19,0
compte_epargne,Compte épargne particulier,KBC Start2Save,KBC,en,2022-06-26,0
compte_epargne,Compte épargne particulier,KBC Start2Save,KBC,en,2022-07-03,0
compte_epargne,Compte épargne particulier,KBC Start2Save,KBC,en,2022-07-10,0
compte_epargne,Compte épargne particulier,KBC Start2Save,KBC,en,2022-07-17,0
compte_epargne,Compte épargne particulier,KBC Start2Save,KBC,en,2022-07-24,0
compte_epargne,Compte épargne particulier,KBC Start2Save,KBC,en,2022-07-31,0
compte_epargne,Compte épargne particulier,KBC Start2Save,KBC,en,2022-08-07,0
compte_epargne,Compte épargne particulier,KBC Start2Save,KBC,en,2022-08-14,0
compte_epargne,Compte épargne particulier,KBC Start2Save,KBC,en,2022-08-21,0
compte_epargne,Compte épargne particulier,KBC Start2Save,KBC,en,2022-08-28,0
compte_epargne,Compte épargne particulier,KBC Start2Save,KBC,en,2022-09-04,0
compte_epargne,Compte épargne particulier,KBC Start2Save,KBC,en,2022-09-11,0
compte_epargne,Compte épargne particulier,KBC Start2Save,KBC,en,2022-09-18,0
compte_epargne,Compte épargne particulier,KBC Start2Save,KBC,en,2022-09-25,0
compte_epargne,Compte épargne particulier,KBC Start2Save,KBC,en,2022-10-02,0
compte_epargne,Compte épargne particulier,KBC Start2Save,KBC,en,2022-10-09,0
compte_epargne,Compte épargne particulier,KBC Start2Save,KBC,en,2022-10-16,0
compte_epargne,Compte épargne particulier,KBC Start2Save,KBC,en,2022-10-23,0
compte_epargne,Compte épargne particulier,KBC Start2Save,KBC,en,2022-10-30,0
compte_epargne,Compte épargne particulier,KBC Start2Save,KBC,en,2022-11-06,0
compte_epargne,Compte épargne particulier,KBC Start2Save,KBC,en,2022-11-13,0
compte_epargne,Compte épargne particulier,KBC Start2Save,KBC,en,2022-11-20,0
compte_epargne,Compte épargne particulier,KBC Start2Save,KBC,en,2022-11-27,0
compte_epargne,Compte épargne particulier,KBC Start2Save,KBC,en,2022-12-04,0
compte_epargne,Compte épargne particulier,KBC Start2Save,KBC,en,2022-12-11,0
compte_epargne,Compte épargne particulier,KBC Start2Save,KBC,en,2022-12-18,0
compte_epargne,Compte épargne particulier,KBC Start2Save,KBC,en,2022-12-25,0
compte_epargne,Compte épargne particulier,KBC Start2Save,KBC,en,2023-01-01,0
compte_epargne,Compte épargne particulier,KBC Start2Save,KBC,en,2023-01-08,0
compte_epargne,Compte épargne particulier,KBC Start2Save,KBC,en,2023-01-15,0
compte_epargne,Compte épargne particulier,KBC Start2Save,KBC,en,2023-01-22,0
compte_epargne,Compte épargne particulier,KBC Start2Save,KBC,en,2023-01-29,0
compte_epargne,Compte épargne particulier,KBC Start2Save,KBC,en,2023-02-05,0
compte_epargne,Compte épargne particulier,KBC Start2Save,KBC,en,2023-02-12,0
compte_epargne,Compte épargne particulier,KBC Start2Save,KBC,en,2023-02-19,0
compte_epargne,Compte épargne particulier,KBC Start2Save,KBC,en,2023-02-26,0
compte_epargne,Compte épargne particulier,KBC Start2Save,KBC,en,2023-03-05,0
compte_epargne,Compte épargne particulier,KBC Start2Save,KBC,en,2023-03-12,0
compte_epargne,Compte épargne particulier,KBC Start2Save,KBC,en,2023-03-19,0
compte_epargne,Compte épargne particulier,KBC Start2Save,KBC,en,2023-03-26,0
compte_epargne,Compte épargne particulier,KBC Start2Save,KBC,en,2023-04-02,0
compte_epargne,Compte épargne particulier,KBC Start2Save,KBC,en,2023-04-09,0
compte_epargne,Compte épargne particulier,KBC Start2Save,KBC,en,2023-04-16,0
compte_epargne,Compte épargne particulier,KBC Start2Save,KBC,en,2023-04-23,0
compte_epargne,Compte épargne particulier,KBC Start2Save,KBC,en,2023-04-30,0
compte_epargne,Compte épargne particulier,KBC Start2Save,KBC,en,2023-05-07,0
compte_epargne,Compte épargne particulier,KBC Start2Save,KBC,en,2023-05-14,0
compte_epargne,Compte épargne particulier,KBC Start2Save,KBC,en,2023-05-21,0
compte_epargne,Compte épargne particulier,KBC Start2Save,KBC,en,2023-05-28,0
compte_epargne,Compte épargne particulier,KBC Start2Save,KBC,en,2023-06-04,0
compte_epargne,Compte épargne particulier,KBC Start2Save,KBC,en,2023-06-11,0
compte_epargne,Compte épargne particulier,KBC Start2Save,KBC,en,2023-06-18,0
compte_epargne,Compte épargne particulier,KBC Start2Save,KBC,en,2023-06-25,0
compte_epargne,Compte épargne particulier,KBC Start2Save,KBC,en,2023-07-02,0
compte_epargne,Compte épargne particulier,KBC Start2Save,KBC,en,2023-07-09,0
compte_epargne,Compte épargne particulier,KBC Start2Save,KBC,en,2023-07-16,0
compte_epargne,Compte épargne particulier,KBC Start2Save,KBC,en,2023-07-23,0
compte_epargne,Compte épargne particulier,KBC Start2Save,KBC,en,2023-07-30,0
compte_epargne,Compte épargne particulier,KBC Start2Save,KBC,en,2023-08-06,0
compte_epargne,Compte épargne particulier,KBC Start2Save,KBC,en,2023-08-13,0
compte_epargne,Compte épargne particulier,KBC Start2Save,KBC,en,2023-08-20,0
compte_epargne,Compte épargne particulier,KBC Start2Save,KBC,en,2023-08-27,0
compte_epargne,Compte épargne particulier,KBC Start2Save,KBC,en,2023-09-03,0
compte_epargne,Compte épargne particulier,KBC Start2Save,KBC,en,2023-09-10,0
compte_epargne,Compte épargne particulier,KBC Start2Save,KBC,en,2023-09-17,0
compte_epargne,Compte épargne particulier,KBC Start2Save,KBC,en,2023-09-24,0
compte_epargne,Compte épargne particulier,KBC Start2Save,KBC,en,2023-10-01,0
compte_epargne,Compte épargne particulier,KBC Start2Save,KBC,en,2023-10-08,0
compte_epargne,Compte épargne particulier,KBC Start2Save,KBC,en,2023-10-15,0
compte_epargne,Compte épargne particulier,KBC Start2Save,KBC,en,2023-10-22,15
compte_epargne,Compte épargne particulier,KBC Start2Save,KBC,en,2023-10-29,0
compte_epargne,Compte épargne particulier,KBC Start2Save,KBC,en,2023-11-05,0
compte_epargne,Compte épargne particulier,KBC Start2Save,KBC,en,2023-11-12,0
compte_epargne,Compte épargne particulier,KBC Start2Save,KBC,en,2023-11-19,0
compte_epargne,Compte épargne particulier,KBC Start2Save,KBC,en,2023-11-26,15
compte_epargne,Compte épargne particulier,KBC Start2Save,KBC,en,2023-12-03,0
compte_epargne,Compte épargne particulier,KBC Start2Save,KBC,en,2023-12-10,0
compte_epargne,Compte épargne particulier,KBC Start2Save,KBC,en,2023-12-17,0
compte_epargne,Compte épargne particulier,KBC Start2Save,KBC,en,2023-12-24,0
compte_epargne,Compte épargne particulier,KBC Start2Save,KBC,en,2023-12-31,0
compte_epargne,Compte épargne particulier,KBC Start2Save,KBC,en,2024-01-07,12
compte_epargne,Compte épargne particulier,KBC Start2Save,KBC,en,2024-01-14,0
compte_epargne,Compte épargne particulier,KBC Start2Save,KBC,en,2024-01-21,0
compte_epargne,Compte épargne particulier,KBC Start2Save,KBC,en,2024-01-28,0
compte_epargne,Compte épargne particulier,KBC Start2Save,KBC,en,2024-02-04,0
compte_epargne,Compte épargne particulier,KBC Start2Save,KBC,en,2024-02-11,0
compte_epargne,Compte épargne particulier,KBC Start2Save,KBC,en,2024-02-18,0
compte_epargne,Compte épargne particulier,KBC Start2Save,KBC,en,2024-02-25,0
compte_epargne,Compte épargne particulier,KBC Start2Save,KBC,en,2024-03-03,0
compte_epargne,Compte épargne particulier,KBC Start2Save,KBC,en,2024-03-10,0
compte_epargne,Compte épargne particulier,KBC Start2Save,KBC,en,2024-03-17,0
compte_epargne,Compte épargne particulier,KBC Start2Save,KBC,en,2024-03-24,0
compte_epargne,Compte épargne particulier,KBC Start2Save,KBC,en,2024-03-31,0
compte_epargne,Compte épargne particulier,KBC Start2Save,KBC,en,2024-04-07,0
compte_epargne,Compte épargne particulier,KBC Start2Save,KBC,en,2024-04-14,0
compte_epargne,Compte épargne particulier,KBC Start2Save,KBC,en,2024-04-21,0
compte_epargne,Compte épargne particulier,KBC Start2Save,KBC,en,2024-04-28,0
compte_epargne,Compte épargne particulier,KBC Start2Save,KBC,en,2024-05-05,0
compte_epargne,Compte épargne particulier,KBC Start2Save,KBC,en,2024-05-12,0
compte_epargne,Compte épargne particulier,KBC Start2Save,KBC,en,2024-05-19,0
compte_epargne,Compte épargne particulier,KBC Start2Save,KBC,en,2024-05-26,0
compte_epargne,Compte épargne particulier,KBC Start2Save,KBC,en,2024-06-02,0
compte_epargne,Compte épargne particulier,KBC Start2Save,KBC,en,2024-06-09,0
compte_epargne,Compte épargne particulier,KBC Start2Save,KBC,en,2024-06-16,0
compte_epargne,Compte épargne particulier,KBC Start2Save,KBC,en,2024-06-23,0
compte_epargne,Compte épargne particulier,KBC Start2Save,KBC,en,2024-06-30,0
compte_epargne,Compte épargne particulier,KBC Start2Save,KBC,en,2024-07-07,0
compte_epargne,Compte épargne particulier,KBC Start2Save,KBC,en,2024-07-14,0
compte_epargne,Compte épargne particulier,KBC Start2Save,KBC,en,2024-07-21,0
compte_epargne,Compte épargne particulier,KBC Start2Save,KBC,en,2024-07-28,0
compte_epargne,Compte épargne particulier,KBC Start2Save,KBC,en,2024-08-04,0
compte_epargne,Compte épargne particulier,KBC Start2Save,KBC,en,2024-08-11,0
compte_epargne,Compte épargne particulier,KBC Start2Save,KBC,en,2024-08-18,0
compte_epargne,Compte épargne particulier,KBC Start2Save,KBC,en,2024-08-25,0
compte_epargne,Compte épargne particulier,KBC Start2Save,KBC,en,2024-09-01,0
compte_epargne,Compte épargne particulier,KBC Start2Save,KBC,en,2024-09-08,0
compte_epargne,Compte épargne particulier,KBC Start2Save,KBC,en,2024-09-15,0
compte_epargne,Compte épargne particulier,KBC Start2Save,KBC,en,2024-09-22,0
compte_epargne,Compte épargne particulier,KBC Start2Save,KBC,en,2024-09-29,0
compte_epargne,Compte épargne particulier,KBC Start2Save,KBC,en,2024-10-06,0
compte_epargne,Compte épargne particulier,KBC Start2Save,KBC,en,2024-10-13,0
compte_epargne,Compte épargne particulier,KBC Start2Save,KBC,en,2024-10-20,0
compte_epargne,Compte épargne particulier,KBC Start2Save,KBC,en,2024-10-27,0
compte_epargne,Compte épargne particulier,KBC Start2Save,KBC,en,2024-11-03,0
compte_epargne,Compte épargne particulier,KBC Start2Save,KBC,en,2024-11-10,0
compte_epargne,Compte épargne particulier,KBC Start2Save,KBC,en,2024-11-17,0
compte_epargne,Compte épargne particulier,KBC Start2Save,KBC,en,2024-11-24,0
compte_epargne,Compte épargne particulier,KBC Start2Save,KBC,en,2024-12-01,0
compte_epargne,Compte épargne particulier,KBC Start2Save,KBC,en,2024-12-08,0
compte_epargne,Compte épargne particulier,KBC Start2Save,KBC,en,2024-12-15,0
compte_epargne,Compte épargne particulier,KBC Start2Save,KBC,en,2024-12-22,0
compte_epargne,Compte épargne particulier,KBC Start2Save,KBC,en,2024-12-29,0
compte_epargne,Compte épargne particulier,KBC Start2Save,KBC,en,2025-01-05,0
compte_epargne,Compte épargne particulier,KBC Start2Save,KBC,en,2025-01-12,0
compte_epargne,Compte épargne particulier,KBC Start2Save,KBC,en,2025-01-19,0
compte_epargne,Compte épargne particulier,KBC Start2Save,KBC,en,2025-01-26,0
compte_epargne,Compte épargne particulier,KBC Start2Save,KBC,en,2025-02-02,0
compte_epargne,Compte épargne particulier,KBC Start2Save,KBC,en,2025-02-09,0
compte_epargne,Compte épargne particulier,KBC Start2Save,KBC,en,2025-02-16,0
compte_epargne,Compte épargne particulier,KBC Start2Save,KBC,en,2025-02-23,0
compte_epargne,Compte épargne particulier,KBC Start2Save,KBC,en,2025-03-02,0
compte_epargne,Compte épargne particulier,KBC Start2Save,KBC,en,2025-03-09,0
compte_epargne,Compte épargne particulier,KBC Start2Save,KBC,en,2025-03-16,0
compte_epargne,Compte épargne particulier,KBC Start2Save,KBC,en,2025-03-23,0
compte_epargne,Compte épargne particulier,KBC Start2Save,KBC,en,2025-03-30,0
compte_epargne,Compte épargne particulier,KBC Start2Save,KBC,en,2025-04-06,0
compte_epargne,Compte épargne particulier,KBC Start2Save,KBC,en,2025-04-13,0
compte_epargne,Compte épargne particulier,KBC Start2Save,KBC,en,2025-04-20,0
compte_epargne,Compte épargne particulier,KBC Start2Save,KBC,en,2025-04-27,0
compte_epargne,Compte épargne particulier,KBC Start2Save,KBC,en,2025-05-04,0
compte_epargne,Compte épargne particulier,KBC Start2Save,KBC,en,2025-05-11,0
compte_epargne,Compte épargne particulier,KBC Start2Save,KBC,en,2025-05-18,0
compte_epargne,Compte épargne particulier,KBC Start2Save,KBC,en,2025-05-25,0
compte_epargne,Compte épargne particulier,KBC Start2Save,KBC,en,2025-06-01,0
compte_epargne,Compte épargne particulier,KBC Start2Save,KBC,en,2025-06-08,0
compte_epargne,Compte épargne particulier,KBC Start2Save,KBC,en,2025-06-15,0
compte_epargne,Compte épargne particulier,KBC Start2Save,KBC,en,2025-06-22,0
compte_epargne,Compte épargne particulier,KBC Start2Save,KBC,en,2025-06-29,0
compte_epargne,Compte épargne particulier,KBC Start2Save,KBC,en,2025-07-06,0
compte_epargne,Compte épargne particulier,KBC Start2Save,KBC,en,2025-07-13,0
compte_epargne,Compte épargne particulier,KBC Start2Save,KBC,en,2025-07-20,0
compte_epargne,Compte épargne particulier,KBC Start2Save,KBC,en,2025-07-27,0
compte_epargne,Compte épargne particulier,KBC Start2Save,KBC,en,2025-08-03,0
compte_epargne,Compte épargne particulier,KBC Start2Save,KBC,en,2025-08-10,0
compte_epargne,Compte épargne particulier,KBC Start2Save,KBC,en,2025-08-17,0
compte_epargne,Compte épargne particulier,KBC Start2Save,KBC,en,2025-08-24,0
compte_epargne,Compte épargne particulier,KBC Start2Save,KBC,en,2025-08-31,0
compte_epargne,Compte épargne particulier,KBC Start2Save,KBC,en,2025-09-07,0
compte_epargne,Compte épargne particulier,KBC Start2Save,KBC,en,2025-09-14,0
compte_epargne,Compte épargne particulier,KBC Start2Save,KBC,en,2025-09-21,0
compte_epargne,Compte épargne particulier,KBC Start2Save,KBC,en,2025-09-28,0
compte_epargne,Compte épargne particulier,KBC Start2Save,KBC,en,2025-10-05,0
compte_epargne,Compte épargne particulier,KBC Start2Save,KBC,en,2025-10-12,0
compte_epargne,Compte épargne particulier,KBC Start2Save,KBC,en,2025-10-19,0
compte_epargne,Compte épargne particulier,KBC Start2Save,KBC,en,2025-10-26,0
compte_epargne,Compte épargne particulier,KBC Start2Save,KBC,en,2025-11-02,0
compte_epargne,Compte épargne particulier,KBC Start2Save,KBC,en,2025-11-09,0
compte_epargne,Compte épargne particulier,KBC Start2Save,KBC,en,2025-11-16,0
compte_epargne,Compte épargne particulier,KBC Start2Save,KBC,en,2025-11-23,0
compte_epargne,Compte épargne particulier,KBC Start2Save,KBC,en,2025-11-30,0
compte_epargne,Compte épargne particulier,KBC Start2Save,KBC,en,2025-12-07,0
compte_epargne,Compte épargne particulier,KBC Start2Save,KBC,en,2025-12-14,0
compte_epargne,Compte épargne particulier,KBC Start2Save,KBC,en,2025-12-21,0
compte_epargne,Compte épargne particulier,KBC Start2Save,KBC,en,2025-12-28,0
compte_epargne,Compte épargne particulier,KBC Start2Save,KBC,en,2026-01-04,0
compte_epargne,Compte épargne particulier,KBC Start2Save,KBC,en,2026-01-11,0
compte_epargne,Compte épargne particulier,KBC Start2Save,KBC,en,2026-01-18,0
compte_epargne,Compte épargne particulier,KBC Start2Save,KBC,en,2026-01-25,0
compte_epargne,Compte épargne particulier,KBC Start2Save,KBC,en,2026-02-01,0
compte_epargne,Compte épargne particulier,KBC Start2Save,KBC,en,2026-02-08,0
compte_epargne,Compte épargne particulier,KBC Start2Save,KBC,en,2026-02-15,0
compte_epargne,Compte épargne particulier,KBC Start2Save,KBC,en,2026-02-22,0
compte_epargne,Compte épargne particulier,KBC Start2Save,KBC,en,2026-03-01,0
compte_epargne,Compte épargne particulier,KBC Start2Save,KBC,en,2026-03-08,0
compte_epargne,Compte épargne particulier,KBC Start2Save,KBC,en,2026-03-15,0
compte_epargne,Compte épargne particulier,KBC Start2Save,KBC,en,2026-03-22,0
compte_epargne,Compte épargne particulier,KBC Start2Save,KBC,en,2026-03-29,0
compte_epargne,Compte épargne particulier,KBC Start2Save,KBC,en,2026-04-05,0
compte_epargne,Compte épargne particulier,KBC Start2Save,KBC,en,2026-04-12,0
compte_epargne,Compte épargne particulier,KBC Start2Save,KBC,en,2026-04-19,20
compte_epargne,Compte épargne particulier,KBC Start2Save,KBC,en,2026-04-26,0
compte_epargne,Compte épargne particulier,KBC Start2Save,KBC,en,2026-05-03,0
compte_epargne,Compte épargne particulier,KBC Start2Save,KBC,en,2026-05-10,0
compte_epargne,Compte épargne particulier,KBC Start2Save,KBC,en,2026-05-17,0
compte_epargne,Compte épargne particulier,KBC Start2Save,KBC,en,2026-05-24,0
compte_epargne,Compte épargne particulier,KBC Start2Save,KBC,en,2026-05-31,0
compte_epargne,Compte épargne particulier,KBC Start2Save,KBC,en,2026-06-07,0
compte_epargne,Compte épargne particulier,KBC Start2Save,KBC,en,2026-06-14,0
compte_epargne,Compte épargne particulier,KBC Start2Save,KBC,en,2026-06-21,0
compte_epargne,Compte épargne particulier,KBC Start2Save,KBC,en,2026-06-28,14
compte_epargne,Compte épargne particulier,KBC Start2Save,KBC,en,2026-07-05,0
compte_epargne,Compte épargne particulier,KBC Start2Save,KBC,en,2026-07-12,0
compte_epargne,Compte épargne particulier,KBC Start2Save,KBC,en,2026-07-19,0
compte_epargne,Compte épargne particulier,KBC Start2Save,KBC,en,2026-07-26,0
compte_epargne,Compte épargne particulier,KBC Start2Save,KBC,en,2026-08-02,0
compte_epargne,Compte épargne particulier,KBC Start2Save,KBC,en,2026-08-09,0
compte_epargne,Compte épargne particulier,KBC Start2Save,KBC,en,2026-08-16,0
compte_epargne,Compte épargne particulier,KBC Start2Save,KBC,en,2026-08-23,0
compte_epargne,Compte épargne particulier,KBC Start2Save,KBC,en,2026-08-30,6
compte_epargne,Compte épargne particulier,KBC Start2Save,KBC,en,2026-09-06,6
compte_epargne,Compte épargne particulier,KBC Start2Save,KBC,en,2026-09-13,3
compte_epargne,Compte épargne particulier,KBC spaarrekening,KBC,nl,2021-09-12,0
compte_epargne,Compte épargne particulier,KBC spaarrekening,KBC,nl,2021-09-19,14
compte_epargne,Compte épargne particulier,KBC spaarrekening,KBC,nl,2021-09-26,13
compte_epargne,Compte épargne particulier,KBC spaarrekening,KBC,nl,2021-10-03,0
compte_epargne,Compte épargne particulier,KBC spaarrekening,KBC,nl,2021-10-10,0
compte_epargne,Compte épargne particulier,KBC spaarrekening,KBC,nl,2021-10-17,0
compte_epargne,Compte épargne particulier,KBC spaarrekening,KBC,nl,2021-10-24,0
compte_epargne,Compte épargne particulier,KBC spaarrekening,KBC,nl,2021-10-31,0
compte_epargne,Compte épargne particulier,KBC spaarrekening,KBC,nl,2021-11-07,0
compte_epargne,Compte épargne particulier,KBC spaarrekening,KBC,nl,2021-11-14,0
compte_epargne,Compte épargne particulier,KBC spaarrekening,KBC,nl,2021-11-21,0
compte_epargne,Compte épargne particulier,KBC spaarrekening,KBC,nl,2021-11-28,0
compte_epargne,Compte épargne particulier,KBC spaarrekening,KBC,nl,2021-12-05,0
compte_epargne,Compte épargne particulier,KBC spaarrekening,KBC,nl,2021-12-12,0
compte_epargne,Compte épargne particulier,KBC spaarrekening,KBC,nl,2021-12-19,0
compte_epargne,Compte épargne particulier,KBC spaarrekening,KBC,nl,2021-12-26,0
compte_epargne,Compte épargne particulier,KBC spaarrekening,KBC,nl,2022-01-02,0
compte_epargne,Compte épargne particulier,KBC spaarrekening,KBC,nl,2022-01-09,0
compte_epargne,Compte épargne particulier,KBC spaarrekening,KBC,nl,2022-01-16,0
compte_epargne,Compte épargne particulier,KBC spaarrekening,KBC,nl,2022-01-23,13
compte_epargne,Compte épargne particulier,KBC spaarrekening,KBC,nl,2022-01-30,0
compte_epargne,Compte épargne particulier,KBC spaarrekening,KBC,nl,2022-02-06,0
compte_epargne,Compte épargne particulier,KBC spaarrekening,KBC,nl,2022-02-13,0
compte_epargne,Compte épargne particulier,KBC spaarrekening,KBC,nl,2022-02-20,9
compte_epargne,Compte épargne particulier,KBC spaarrekening,KBC,nl,2022-02-27,0
compte_epargne,Compte épargne particulier,KBC spaarrekening,KBC,nl,2022-03-06,14
compte_epargne,Compte épargne particulier,KBC spaarrekening,KBC,nl,2022-03-13,0
compte_epargne,Compte épargne particulier,KBC spaarrekening,KBC,nl,2022-03-20,10
compte_epargne,Compte épargne particulier,KBC spaarrekening,KBC,nl,2022-03-27,0
compte_epargne,Compte épargne particulier,KBC spaarrekening,KBC,nl,2022-04-03,13
compte_epargne,Compte épargne particulier,KBC spaarrekening,KBC,nl,2022-04-10,0
compte_epargne,Compte épargne particulier,KBC spaarrekening,KBC,nl,2022-04-17,9
compte_epargne,Compte épargne particulier,KBC spaarrekening,KBC,nl,2022-04-24,10
compte_epargne,Compte épargne particulier,KBC spaarrekening,KBC,nl,2022-05-01,0
compte_epargne,Compte épargne particulier,KBC spaarrekening,KBC,nl,2022-05-08,10
compte_epargne,Compte épargne particulier,KBC spaarrekening,KBC,nl,2022-05-15,0
compte_epargne,Compte épargne particulier,KBC spaarrekening,KBC,nl,2022-05-22,11
compte_epargne,Compte épargne particulier,KBC spaarrekening,KBC,nl,2022-05-29,0
compte_epargne,Compte épargne particulier,KBC spaarrekening,KBC,nl,2022-06-05,0
compte_epargne,Compte épargne particulier,KBC spaarrekening,KBC,nl,2022-06-12,0
compte_epargne,Compte épargne particulier,KBC spaarrekening,KBC,nl,2022-06-19,0
compte_epargne,Compte épargne particulier,KBC spaarrekening,KBC,nl,2022-06-26,0
compte_epargne,Compte épargne particulier,KBC spaarrekening,KBC,nl,2022-07-03,0
compte_epargne,Compte épargne particulier,KBC spaarrekening,KBC,nl,2022-07-10,0
compte_epargne,Compte épargne particulier,KBC spaarrekening,KBC,nl,2022-07-17,0
compte_epargne,Compte épargne particulier,KBC spaarrekening,KBC,nl,2022-07-24,0
compte_epargne,Compte épargne particulier,KBC spaarrekening,KBC,nl,2022-07-31,0
compte_epargne,Compte épargne particulier,KBC spaarrekening,KBC,nl,2022-08-07,0
compte_epargne,Compte épargne particulier,KBC spaarrekening,KBC,nl,2022-08-14,0
compte_epargne,Compte épargne particulier,KBC spaarrekening,KBC,nl,2022-08-21,0
compte_epargne,Compte épargne particulier,KBC spaarrekening,KBC,nl,2022-08-28,0
compte_epargne,Compte épargne particulier,KBC spaarrekening,KBC,nl,2022-09-04,0
compte_epargne,Compte épargne particulier,KBC spaarrekening,KBC,nl,2022-09-11,0
compte_epargne,Compte épargne particulier,KBC spaarrekening,KBC,nl,2022-09-18,0
compte_epargne,Compte épargne particulier,KBC spaarrekening,KBC,nl,2022-09-25,0
compte_epargne,Compte épargne particulier,KBC spaarrekening,KBC,nl,2022-10-02,0
compte_epargne,Compte épargne particulier,KBC spaarrekening,KBC,nl,2022-10-09,12
compte_epargne,Compte épargne particulier,KBC spaarrekening,KBC,nl,2022-10-16,0
compte_epargne,Compte épargne particulier,KBC spaarrekening,KBC,nl,2022-10-23,0
compte_epargne,Compte épargne particulier,KBC spaarrekening,KBC,nl,2022-10-30,0
compte_epargne,Compte épargne particulier,KBC spaarrekening,KBC,nl,2022-11-06,0
compte_epargne,Compte épargne particulier,KBC spaarrekening,KBC,nl,2022-11-13,0
compte_epargne,Compte épargne particulier,KBC spaarrekening,KBC,nl,2022-11-20,0
compte_epargne,Compte épargne particulier,KBC spaarrekening,KBC,nl,2022-11-27,16
compte_epargne,Compte épargne particulier,KBC spaarrekening,KBC,nl,2022-12-04,10
compte_epargne,Compte épargne particulier,KBC spaarrekening,KBC,nl,2022-12-11,23
compte_epargne,Compte épargne particulier,KBC spaarrekening,KBC,nl,2022-12-18,26
compte_epargne,Compte épargne particulier,KBC spaarrekening,KBC,nl,2022-12-25,40
compte_epargne,Compte épargne particulier,KBC spaarrekening,KBC,nl,2023-01-01,60
compte_epargne,Compte épargne particulier,KBC spaarrekening,KBC,nl,2023-01-08,37
compte_epargne,Compte épargne particulier,KBC spaarrekening,KBC,nl,2023-01-15,35
compte_epargne,Compte épargne particulier,KBC spaarrekening,KBC,nl,2023-01-22,24
compte_epargne,Compte épargne particulier,KBC spaarrekening,KBC,nl,2023-01-29,37
compte_epargne,Compte épargne particulier,KBC spaarrekening,KBC,nl,2023-02-05,41
compte_epargne,Compte épargne particulier,KBC spaarrekening,KBC,nl,2023-02-12,22
compte_epargne,Compte épargne particulier,KBC spaarrekening,KBC,nl,2023-02-19,18
compte_epargne,Compte épargne particulier,KBC spaarrekening,KBC,nl,2023-02-26,27
compte_epargne,Compte épargne particulier,KBC spaarrekening,KBC,nl,2023-03-05,22
compte_epargne,Compte épargne particulier,KBC spaarrekening,KBC,nl,2023-03-12,28
compte_epargne,Compte épargne particulier,KBC spaarrekening,KBC,nl,2023-03-19,24
compte_epargne,Compte épargne particulier,KBC spaarrekening,KBC,nl,2023-03-26,25
compte_epargne,Compte épargne particulier,KBC spaarrekening,KBC,nl,2023-04-02,27
compte_epargne,Compte épargne particulier,KBC spaarrekening,KBC,nl,2023-04-09,17
compte_epargne,Compte épargne particulier,KBC spaarrekening,KBC,nl,2023-04-16,25
compte_epargne,Compte épargne particulier,KBC spaarrekening,KBC,nl,2023-04-23,19
compte_epargne,Compte épargne particulier,KBC spaarrekening,KBC,nl,2023-04-30,12
compte_epargne,Compte épargne particulier,KBC spaarrekening,KBC,nl,2023-05-07,13
compte_epargne,Compte épargne particulier,KBC spaarrekening,KBC,nl,2023-05-14,22
compte_epargne,Compte épargne particulier,KBC spaarrekening,KBC,nl,2023-05-21,31
compte_epargne,Compte épargne particulier,KBC spaarrekening,KBC,nl,2023-05-28,25
compte_epargne,Compte épargne particulier,KBC spaarrekening,KBC,nl,2023-06-04,27
compte_epargne,Compte épargne particulier,KBC spaarrekening,KBC,nl,2023-06-11,23
compte_epargne,Compte épargne particulier,KBC spaarrekening,KBC,nl,2023-06-18,12
compte_epargne,Compte épargne particulier,KBC spaarrekening,KBC,nl,2023-06-25,28
compte_epargne,Compte épargne particulier,KBC spaarrekening,KBC,nl,2023-07-02,28
compte_epargne,Compte épargne particulier,KBC spaarrekening,KBC,nl,2023-07-09,28
compte_epargne,Compte épargne particulier,KBC spaarrekening,KBC,nl,2023-07-16,26
compte_epargne,Compte épargne particulier,KBC spaarrekening,KBC,nl,2023-07-23,16
compte_epargne,Compte épargne particulier,KBC spaarrekening,KBC,nl,2023-07-30,46
compte_epargne,Compte épargne particulier,KBC spaarrekening,KBC,nl,2023-08-06,28
compte_epargne,Compte épargne particulier,KBC spaarrekening,KBC,nl,2023-08-13,26
compte_epargne,Compte épargne particulier,KBC spaarrekening,KBC,nl,2023-08-20,100
compte_epargne,Compte épargne particulier,KBC spaarrekening,KBC,nl,2023-08-27,80
compte_epargne,Compte épargne particulier,KBC spaarrekening,KBC,nl,2023-09-03,26
compte_epargne,Compte épargne particulier,KBC spaarrekening,KBC,nl,2023-09-10,24
compte_epargne,Compte épargne particulier,KBC spaarrekening,KBC,nl,2023-09-17,17
compte_epargne,Compte épargne particulier,KBC spaarrekening,KBC,nl,2023-09-24,19
compte_epargne,Compte épargne particulier,KBC spaarrekening,KBC,nl,2023-10-01,22
compte_epargne,Compte épargne particulier,KBC spaarrekening,KBC,nl,2023-10-08,15
compte_epargne,Compte épargne particulier,KBC spaarrekening,KBC,nl,2023-10-15,25
compte_epargne,Compte épargne particulier,KBC spaarrekening,KBC,nl,2023-10-22,23
compte_epargne,Compte épargne particulier,KBC spaarrekening,KBC,nl,2023-10-29,33
compte_epargne,Compte épargne particulier,KBC spaarrekening,KBC,nl,2023-11-05,21
compte_epargne,Compte épargne particulier,KBC spaarrekening,KBC,nl,2023-11-12,20
compte_epargne,Compte épargne particulier,KBC spaarrekening,KBC,nl,2023-11-19,16
compte_epargne,Compte épargne particulier,KBC spaarrekening,KBC,nl,2023-11-26,30
compte_epargne,Compte épargne particulier,KBC spaarrekening,KBC,nl,2023-12-03,36
compte_epargne,Compte épargne particulier,KBC spaarrekening,KBC,nl,2023-12-10,17
compte_epargne,Compte épargne particulier,KBC spaarrekening,KBC,nl,2023-12-17,15
compte_epargne,Compte épargne particulier,KBC spaarrekening,KBC,nl,2023-12-24,51
compte_epargne,Compte épargne particulier,KBC spaarrekening,KBC,nl,2023-12-31,50
compte_epargne,Compte épargne particulier,KBC spaarrekening,KBC,nl,2024-01-07,41
compte_epargne,Compte épargne particulier,KBC spaarrekening,KBC,nl,2024-01-14,26
compte_epargne,Compte épargne particulier,KBC spaarrekening,KBC,nl,2024-01-21,17
compte_epargne,Compte épargne particulier,KBC spaarrekening,KBC,nl,2024-01-28,28
compte_epargne,Compte épargne particulier,KBC spaarrekening,KBC,nl,2024-02-04,22
compte_epargne,Compte épargne particulier,KBC spaarrekening,KBC,nl,2024-02-11,22
compte_epargne,Compte épargne particulier,KBC spaarrekening,KBC,nl,2024-02-18,28
compte_epargne,Compte épargne particulier,KBC spaarrekening,KBC,nl,2024-02-25,25
compte_epargne,Compte épargne particulier,KBC spaarrekening,KBC,nl,2024-03-03,23
compte_epargne,Compte épargne particulier,KBC spaarrekening,KBC,nl,2024-03-10,0
compte_epargne,Compte épargne particulier,KBC spaarrekening,KBC,nl,2024-03-17,17
compte_epargne,Compte épargne particulier,KBC spaarrekening,KBC,nl,2024-03-24,23
compte_epargne,Compte épargne particulier,KBC spaarrekening,KBC,nl,2024-03-31,29
compte_epargne,Compte épargne particulier,KBC spaarrekening,KBC,nl,2024-04-07,0
compte_epargne,Compte épargne particulier,KBC spaarrekening,KBC,nl,2024-04-14,24
compte_epargne,Compte épargne particulier,KBC spaarrekening,KBC,nl,2024-04-21,19
compte_epargne,Compte épargne particulier,KBC spaarrekening,KBC,nl,2024-04-28,16
compte_epargne,Compte épargne particulier,KBC spaarrekening,KBC,nl,2024-05-05,0
compte_epargne,Compte épargne particulier,KBC spaarrekening,KBC,nl,2024-05-12,23
compte_epargne,Compte épargne particulier,KBC spaarrekening,KBC,nl,2024-05-19,0
compte_epargne,Compte épargne particulier,KBC spaarrekening,KBC,nl,2024-05-26,34
compte_epargne,Compte épargne particulier,KBC spaarrekening,KBC,nl,2024-06-02,15
compte_epargne,Compte épargne particulier,KBC spaarrekening,KBC,nl,2024-06-09,21
compte_epargne,Compte épargne particulier,KBC spaarrekening,KBC,nl,2024-06-16,16
compte_epargne,Compte épargne particulier,KBC spaarrekening,KBC,nl,2024-06-23,14
compte_epargne,Compte épargne particulier,KBC spaarrekening,KBC,nl,2024-06-30,12
compte_epargne,Compte épargne particulier,KBC spaarrekening,KBC,nl,2024-07-07,22
compte_epargne,Compte épargne particulier,KBC spaarrekening,KBC,nl,2024-07-14,0
compte_epargne,Compte épargne particulier,KBC spaarrekening,KBC,nl,2024-07-21,14
compte_epargne,Compte épargne particulier,KBC spaarrekening,KBC,nl,2024-07-28,0
compte_epargne,Compte épargne particulier,KBC spaarrekening,KBC,nl,2024-08-04,0
compte_epargne,Compte épargne particulier,KBC spaarrekening,KBC,nl,2024-08-11,17
compte_epargne,Compte épargne particulier,KBC spaarrekening,KBC,nl,2024-08-18,25
compte_epargne,Compte épargne particulier,KBC spaarrekening,KBC,nl,2024-08-25,39
compte_epargne,Compte épargne particulier,KBC spaarrekening,KBC,nl,2024-09-01,89
compte_epargne,Compte épargne particulier,KBC spaarrekening,KBC,nl,2024-09-08,48
compte_epargne,Compte épargne particulier,KBC spaarrekening,KBC,nl,2024-09-15,30
compte_epargne,Compte épargne particulier,KBC spaarrekening,KBC,nl,2024-09-22,12
compte_epargne,Compte épargne particulier,KBC spaarrekening,KBC,nl,2024-09-29,21
compte_epargne,Compte épargne particulier,KBC spaarrekening,KBC,nl,2024-10-06,13
compte_epargne,Compte épargne particulier,KBC spaarrekening,KBC,nl,2024-10-13,13
compte_epargne,Compte épargne particulier,KBC spaarrekening,KBC,nl,2024-10-20,18
compte_epargne,Compte épargne particulier,KBC spaarrekening,KBC,nl,2024-10-27,15
compte_epargne,Compte épargne particulier,KBC spaarrekening,KBC,nl,2024-11-03,17
compte_epargne,Compte épargne particulier,KBC spaarrekening,KBC,nl,2024-11-10,15
compte_epargne,Compte épargne particulier,KBC spaarrekening,KBC,nl,2024-11-17,19
compte_epargne,Compte épargne particulier,KBC spaarrekening,KBC,nl,2024-11-24,30
compte_epargne,Compte épargne particulier,KBC spaarrekening,KBC,nl,2024-12-01,18
compte_epargne,Compte épargne particulier,KBC spaarrekening,KBC,nl,2024-12-08,13
compte_epargne,Compte épargne particulier,KBC spaarrekening,KBC,nl,2024-12-15,19
compte_epargne,Compte épargne particulier,KBC spaarrekening,KBC,nl,2024-12-22,28
compte_epargne,Compte épargne particulier,KBC spaarrekening,KBC,nl,2024-12-29,41
compte_epargne,Compte épargne particulier,KBC spaarrekening,KBC,nl,2025-01-05,27
compte_epargne,Compte épargne particulier,KBC spaarrekening,KBC,nl,2025-01-12,22
compte_epargne,Compte épargne particulier,KBC spaarrekening,KBC,nl,2025-01-19,27
compte_epargne,Compte épargne particulier,KBC spaarrekening,KBC,nl,2025-01-26,22
compte_epargne,Compte épargne particulier,KBC spaarrekening,KBC,nl,2025-02-02,15
compte_epargne,Compte épargne particulier,KBC spaarrekening,KBC,nl,2025-02-09,14
compte_epargne,Compte épargne particulier,KBC spaarrekening,KBC,nl,2025-02-16,13
compte_epargne,Compte épargne particulier,KBC spaarrekening,KBC,nl,2025-02-23,22
compte_epargne,Compte épargne particulier,KBC spaarrekening,KBC,nl,2025-03-02,16
compte_epargne,Compte épargne particulier,KBC spaarrekening,KBC,nl,2025-03-09,18
compte_epargne,Compte épargne particulier,KBC spaarrekening,KBC,nl,2025-03-16,18
compte_epargne,Compte épargne particulier,KBC spaarrekening,KBC,nl,2025-03-23,17
compte_epargne,Compte épargne particulier,KBC spaarrekening,KBC,nl,2025-03-30,22
compte_epargne,Compte épargne particulier,KBC spaarrekening,KBC,nl,2025-04-06,17
compte_epargne,Compte épargne particulier,KBC spaarrekening,KBC,nl,2025-04-13,19
compte_epargne,Compte épargne particulier,KBC spaarrekening,KBC,nl,2025-04-20,0
compte_epargne,Compte épargne particulier,KBC spaarrekening,KBC,nl,2025-04-27,0
compte_epargne,Compte épargne particulier,KBC spaarrekening,KBC,nl,2025-05-04,13
compte_epargne,Compte épargne particulier,KBC spaarrekening,KBC,nl,2025-05-11,12
compte_epargne,Compte épargne particulier,KBC spaarrekening,KBC,nl,2025-05-18,17
compte_epargne,Compte épargne particulier,KBC spaarrekening,KBC,nl,2025-05-25,15
compte_epargne,Compte épargne particulier,KBC spaarrekening,KBC,nl,2025-06-01,16
compte_epargne,Compte épargne particulier,KBC spaarrekening,KBC,nl,2025-06-08,18
compte_epargne,Compte épargne particulier,KBC spaarrekening,KBC,nl,2025-06-15,21
compte_epargne,Compte épargne particulier,KBC spaarrekening,KBC,nl,2025-06-22,16
compte_epargne,Compte épargne particulier,KBC spaarrekening,KBC,nl,2025-06-29,19
compte_epargne,Compte épargne particulier,KBC spaarrekening,KBC,nl,2025-07-06,14
compte_epargne,Compte épargne particulier,KBC spaarrekening,KBC,nl,2025-07-13,16
compte_epargne,Compte épargne particulier,KBC spaarrekening,KBC,nl,2025-07-20,21
compte_epargne,Compte épargne particulier,KBC spaarrekening,KBC,nl,2025-07-27,20
compte_epargne,Compte épargne particulier,KBC spaarrekening,KBC,nl,2025-08-03,0
compte_epargne,Compte épargne particulier,KBC spaarrekening,KBC,nl,2025-08-10,0
compte_epargne,Compte épargne particulier,KBC spaarrekening,KBC,nl,2025-08-17,19
compte_epargne,Compte épargne particulier,KBC spaarrekening,KBC,nl,2025-08-24,35
compte_epargne,Compte épargne particulier,KBC spaarrekening,KBC,nl,2025-08-31,29
compte_epargne,Compte épargne particulier,KBC spaarrekening,KBC,nl,2025-09-07,30
compte_epargne,Compte épargne particulier,KBC spaarrekening,KBC,nl,2025-09-14,21
compte_epargne,Compte épargne particulier,KBC spaarrekening,KBC,nl,2025-09-21,20
compte_epargne,Compte épargne particulier,KBC spaarrekening,KBC,nl,2025-09-28,22
compte_epargne,Compte épargne particulier,KBC spaarrekening,KBC,nl,2025-10-05,21
compte_epargne,Compte épargne particulier,KBC spaarrekening,KBC,nl,2025-10-12,23
compte_epargne,Compte épargne particulier,KBC spaarrekening,KBC,nl,2025-10-19,23
compte_epargne,Compte épargne particulier,KBC spaarrekening,KBC,nl,2025-10-26,27
compte_epargne,Compte épargne particulier,KBC spaarrekening,KBC,nl,2025-11-02,17
compte_epargne,Compte épargne particulier,KBC spaarrekening,KBC,nl,2025-11-09,0
compte_epargne,Compte épargne particulier,KBC spaarrekening,KBC,nl,2025-11-16,0
compte_epargne,Compte épargne particulier,KBC spaarrekening,KBC,nl,2025-11-23,22
compte_epargne,Compte épargne particulier,KBC spaarrekening,KBC,nl,2025-11-30,19
compte_epargne,Compte épargne particulier,KBC spaarrekening,KBC,nl,2025-12-07,14
compte_epargne,Compte épargne particulier,KBC spaarrekening,KBC,nl,2025-12-14,22
compte_epargne,Compte épargne particulier,KBC spaarrekening,KBC,nl,2025-12-21,0
compte_epargne,Compte épargne particulier,KBC spaarrekening,KBC,nl,2025-12-28,20
compte_epargne,Compte épargne particulier,KBC spaarrekening,KBC,nl,2026-01-04,22
compte_epargne,Compte épargne particulier,KBC spaarrekening,KBC,nl,2026-01-11,25
compte_epargne,Compte épargne particulier,KBC spaarrekening,KBC,nl,2026-01-18,20
compte_epargne,Compte épargne particulier,KBC spaarrekening,KBC,nl,2026-01-25,24
compte_epargne,Compte épargne particulier,KBC spaarrekening,KBC,nl,2026-02-01,19
compte_epargne,Compte épargne particulier,KBC spaarrekening,KBC,nl,2026-02-08,0
compte_epargne,Compte épargne particulier,KBC spaarrekening,KBC,nl,2026-02-15,16
compte_epargne,Compte épargne particulier,KBC spaarrekening,KBC,nl,2026-02-22,19
compte_epargne,Compte épargne particulier,KBC spaarrekening,KBC,nl,2026-03-01,29
compte_epargne,Compte épargne particulier,KBC spaarrekening,KBC,nl,2026-03-08,24
compte_epargne,Compte épargne particulier,KBC spaarrekening,KBC,nl,2026-03-15,28
compte_epargne,Compte épargne particulier,KBC spaarrekening,KBC,nl,2026-03-22,19
compte_epargne,Compte épargne particulier,KBC spaarrekening,KBC,nl,2026-03-29,23
compte_epargne,Compte épargne particulier,KBC spaarrekening,KBC,nl,2026-04-05,0
compte_epargne,Compte épargne particulier,KBC spaarrekening,KBC,nl,2026-04-12,19
compte_epargne,Compte épargne particulier,KBC spaarrekening,KBC,nl,2026-04-19,18
compte_epargne,Compte épargne particulier,KBC spaarrekening,KBC,nl,2026-04-26,0
compte_epargne,Compte épargne particulier,KBC spaarrekening,KBC,nl,2026-05-03,22
compte_epargne,Compte épargne particulier,KBC spaarrekening,KBC,nl,2026-05-10,20
compte_epargne,Compte épargne particulier,KBC spaarrekening,KBC,nl,2026-05-17,14
compte_epargne,Compte épargne particulier,KBC spaarrekening,KBC,nl,2026-05-24,0
compte_epargne,Compte épargne particulier,KBC spaarrekening,KBC,nl,2026-05-31,16
compte_epargne,Compte épargne particulier,KBC spaarrekening,KBC,nl,2026-06-07,23
compte_epargne,Compte épargne particulier,KBC spaarrekening,KBC,nl,2026-06-14,19
compte_epargne,Compte épargne particulier,KBC spaarrekening,KBC,nl,2026-06-21,22
compte_epargne,Compte épargne particulier,KBC spaarrekening,KBC,nl,2026-06-28,38
compte_epargne,Compte épargne particulier,KBC spaarrekening,KBC,nl,2026-07-05,38
compte_epargne,Compte épargne particulier,KBC spaarrekening,KBC,nl,2026-07-12,19
compte_epargne,Compte épargne particulier,KBC spaarrekening,KBC,nl,2026-07-19,0
compte_epargne,Compte épargne particulier,KBC spaarrekening,KBC,nl,2026-07-26,16
compte_epargne,Compte épargne particulier,KBC spaarrekening,KBC,nl,2026-08-02,19
compte_epargne,Compte épargne particulier,KBC spaarrekening,KBC,nl,2026-08-09,24
compte_epargne,Compte épargne particulier,KBC spaarrekening,KBC,nl,2026-08-16,22
compte_epargne,Compte épargne particulier,KBC spaarrekening,KBC,nl,2026-08-23,33
compte_epargne,Compte épargne particulier,KBC spaarrekening,KBC,nl,2026-08-30,22
compte_epargne,Compte épargne particulier,KBC spaarrekening,KBC,nl,2026-09-06,18
compte_epargne,Compte épargne particulier,KBC spaarrekening,KBC,nl,2026-09-13,18
compte_professionnel,Compte professionnel / indépendant,KBC Business Pro,KBC,en,2021-09-12,0
compte_professionnel,Compte professionnel / indépendant,KBC Business Pro,KBC,en,2021-09-19,0
compte_professionnel,Compte professionnel / indépendant,KBC Business Pro,KBC,en,2021-09-26,0
compte_professionnel,Compte professionnel / indépendant,KBC Business Pro,KBC,en,2021-10-03,0
compte_professionnel,Compte professionnel / indépendant,KBC Business Pro,KBC,en,2021-10-10,0
compte_professionnel,Compte professionnel / indépendant,KBC Business Pro,KBC,en,2021-10-17,0
compte_professionnel,Compte professionnel / indépendant,KBC Business Pro,KBC,en,2021-10-24,0
compte_professionnel,Compte professionnel / indépendant,KBC Business Pro,KBC,en,2021-10-31,0
compte_professionnel,Compte professionnel / indépendant,KBC Business Pro,KBC,en,2021-11-07,0
compte_professionnel,Compte professionnel / indépendant,KBC Business Pro,KBC,en,2021-11-14,0
compte_professionnel,Compte professionnel / indépendant,KBC Business Pro,KBC,en,2021-11-21,0
compte_professionnel,Compte professionnel / indépendant,KBC Business Pro,KBC,en,2021-11-28,0
compte_professionnel,Compte professionnel / indépendant,KBC Business Pro,KBC,en,2021-12-05,0
compte_professionnel,Compte professionnel / indépendant,KBC Business Pro,KBC,en,2021-12-12,0
compte_professionnel,Compte professionnel / indépendant,KBC Business Pro,KBC,en,2021-12-19,0
compte_professionnel,Compte professionnel / indépendant,KBC Business Pro,KBC,en,2021-12-26,0
compte_professionnel,Compte professionnel / indépendant,KBC Business Pro,KBC,en,2022-01-02,0
compte_professionnel,Compte professionnel / indépendant,KBC Business Pro,KBC,en,2022-01-09,0
compte_professionnel,Compte professionnel / indépendant,KBC Business Pro,KBC,en,2022-01-16,0
compte_professionnel,Compte professionnel / indépendant,KBC Business Pro,KBC,en,2022-01-23,0
compte_professionnel,Compte professionnel / indépendant,KBC Business Pro,KBC,en,2022-01-30,0
compte_professionnel,Compte professionnel / indépendant,KBC Business Pro,KBC,en,2022-02-06,0
compte_professionnel,Compte professionnel / indépendant,KBC Business Pro,KBC,en,2022-02-13,0
compte_professionnel,Compte professionnel / indépendant,KBC Business Pro,KBC,en,2022-02-20,0
compte_professionnel,Compte professionnel / indépendant,KBC Business Pro,KBC,en,2022-02-27,0
compte_professionnel,Compte professionnel / indépendant,KBC Business Pro,KBC,en,2022-03-06,0
compte_professionnel,Compte professionnel / indépendant,KBC Business Pro,KBC,en,2022-03-13,0
compte_professionnel,Compte professionnel / indépendant,KBC Business Pro,KBC,en,2022-03-20,0
compte_professionnel,Compte professionnel / indépendant,KBC Business Pro,KBC,en,2022-03-27,0
compte_professionnel,Compte professionnel / indépendant,KBC Business Pro,KBC,en,2022-04-03,0
compte_professionnel,Compte professionnel / indépendant,KBC Business Pro,KBC,en,2022-04-10,0
compte_professionnel,Compte professionnel / indépendant,KBC Business Pro,KBC,en,2022-04-17,0
compte_professionnel,Compte professionnel / indépendant,KBC Business Pro,KBC,en,2022-04-24,0
compte_professionnel,Compte professionnel / indépendant,KBC Business Pro,KBC,en,2022-05-01,0
compte_professionnel,Compte professionnel / indépendant,KBC Business Pro,KBC,en,2022-05-08,0
compte_professionnel,Compte professionnel / indépendant,KBC Business Pro,KBC,en,2022-05-15,0
compte_professionnel,Compte professionnel / indépendant,KBC Business Pro,KBC,en,2022-05-22,0
compte_professionnel,Compte professionnel / indépendant,KBC Business Pro,KBC,en,2022-05-29,0
compte_professionnel,Compte professionnel / indépendant,KBC Business Pro,KBC,en,2022-06-05,0
compte_professionnel,Compte professionnel / indépendant,KBC Business Pro,KBC,en,2022-06-12,0
compte_professionnel,Compte professionnel / indépendant,KBC Business Pro,KBC,en,2022-06-19,0
compte_professionnel,Compte professionnel / indépendant,KBC Business Pro,KBC,en,2022-06-26,0
compte_professionnel,Compte professionnel / indépendant,KBC Business Pro,KBC,en,2022-07-03,0
compte_professionnel,Compte professionnel / indépendant,KBC Business Pro,KBC,en,2022-07-10,0
compte_professionnel,Compte professionnel / indépendant,KBC Business Pro,KBC,en,2022-07-17,0
compte_professionnel,Compte professionnel / indépendant,KBC Business Pro,KBC,en,2022-07-24,0
compte_professionnel,Compte professionnel / indépendant,KBC Business Pro,KBC,en,2022-07-31,0
compte_professionnel,Compte professionnel / indépendant,KBC Business Pro,KBC,en,2022-08-07,0
compte_professionnel,Compte professionnel / indépendant,KBC Business Pro,KBC,en,2022-08-14,0
compte_professionnel,Compte professionnel / indépendant,KBC Business Pro,KBC,en,2022-08-21,0
compte_professionnel,Compte professionnel / indépendant,KBC Business Pro,KBC,en,2022-08-28,0
compte_professionnel,Compte professionnel / indépendant,KBC Business Pro,KBC,en,2022-09-04,0
compte_professionnel,Compte professionnel / indépendant,KBC Business Pro,KBC,en,2022-09-11,0
compte_professionnel,Compte professionnel / indépendant,KBC Business Pro,KBC,en,2022-09-18,0
compte_professionnel,Compte professionnel / indépendant,KBC Business Pro,KBC,en,2022-09-25,0
compte_professionnel,Compte professionnel / indépendant,KBC Business Pro,KBC,en,2022-10-02,0
compte_professionnel,Compte professionnel / indépendant,KBC Business Pro,KBC,en,2022-10-09,0
compte_professionnel,Compte professionnel / indépendant,KBC Business Pro,KBC,en,2022-10-16,0
compte_professionnel,Compte professionnel / indépendant,KBC Business Pro,KBC,en,2022-10-23,0
compte_professionnel,Compte professionnel / indépendant,KBC Business Pro,KBC,en,2022-10-30,0
compte_professionnel,Compte professionnel / indépendant,KBC Business Pro,KBC,en,2022-11-06,0
compte_professionnel,Compte professionnel / indépendant,KBC Business Pro,KBC,en,2022-11-13,0
compte_professionnel,Compte professionnel / indépendant,KBC Business Pro,KBC,en,2022-11-20,0
compte_professionnel,Compte professionnel / indépendant,KBC Business Pro,KBC,en,2022-11-27,0
compte_professionnel,Compte professionnel / indépendant,KBC Business Pro,KBC,en,2022-12-04,0
compte_professionnel,Compte professionnel / indépendant,KBC Business Pro,KBC,en,2022-12-11,0
compte_professionnel,Compte professionnel / indépendant,KBC Business Pro,KBC,en,2022-12-18,0
compte_professionnel,Compte professionnel / indépendant,KBC Business Pro,KBC,en,2022-12-25,0
compte_professionnel,Compte professionnel / indépendant,KBC Business Pro,KBC,en,2023-01-01,0
compte_professionnel,Compte professionnel / indépendant,KBC Business Pro,KBC,en,2023-01-08,0
compte_professionnel,Compte professionnel / indépendant,KBC Business Pro,KBC,en,2023-01-15,0
compte_professionnel,Compte professionnel / indépendant,KBC Business Pro,KBC,en,2023-01-22,0
compte_professionnel,Compte professionnel / indépendant,KBC Business Pro,KBC,en,2023-01-29,0
compte_professionnel,Compte professionnel / indépendant,KBC Business Pro,KBC,en,2023-02-05,0
compte_professionnel,Compte professionnel / indépendant,KBC Business Pro,KBC,en,2023-02-12,0
compte_professionnel,Compte professionnel / indépendant,KBC Business Pro,KBC,en,2023-02-19,0
compte_professionnel,Compte professionnel / indépendant,KBC Business Pro,KBC,en,2023-02-26,0
compte_professionnel,Compte professionnel / indépendant,KBC Business Pro,KBC,en,2023-03-05,0
compte_professionnel,Compte professionnel / indépendant,KBC Business Pro,KBC,en,2023-03-12,0
compte_professionnel,Compte professionnel / indépendant,KBC Business Pro,KBC,en,2023-03-19,0
compte_professionnel,Compte professionnel / indépendant,KBC Business Pro,KBC,en,2023-03-26,0
compte_professionnel,Compte professionnel / indépendant,KBC Business Pro,KBC,en,2023-04-02,0
compte_professionnel,Compte professionnel / indépendant,KBC Business Pro,KBC,en,2023-04-09,0
compte_professionnel,Compte professionnel / indépendant,KBC Business Pro,KBC,en,2023-04-16,0
compte_professionnel,Compte professionnel / indépendant,KBC Business Pro,KBC,en,2023-04-23,0
compte_professionnel,Compte professionnel / indépendant,KBC Business Pro,KBC,en,2023-04-30,0
compte_professionnel,Compte professionnel / indépendant,KBC Business Pro,KBC,en,2023-05-07,0
compte_professionnel,Compte professionnel / indépendant,KBC Business Pro,KBC,en,2023-05-14,0
compte_professionnel,Compte professionnel / indépendant,KBC Business Pro,KBC,en,2023-05-21,0
compte_professionnel,Compte professionnel / indépendant,KBC Business Pro,KBC,en,2023-05-28,0
compte_professionnel,Compte professionnel / indépendant,KBC Business Pro,KBC,en,2023-06-04,0
compte_professionnel,Compte professionnel / indépendant,KBC Business Pro,KBC,en,2023-06-11,0
compte_professionnel,Compte professionnel / indépendant,KBC Business Pro,KBC,en,2023-06-18,0
compte_professionnel,Compte professionnel / indépendant,KBC Business Pro,KBC,en,2023-06-25,0
compte_professionnel,Compte professionnel / indépendant,KBC Business Pro,KBC,en,2023-07-02,0
compte_professionnel,Compte professionnel / indépendant,KBC Business Pro,KBC,en,2023-07-09,0
compte_professionnel,Compte professionnel / indépendant,KBC Business Pro,KBC,en,2023-07-16,0
compte_professionnel,Compte professionnel / indépendant,KBC Business Pro,KBC,en,2023-07-23,0
compte_professionnel,Compte professionnel / indépendant,KBC Business Pro,KBC,en,2023-07-30,0
compte_professionnel,Compte professionnel / indépendant,KBC Business Pro,KBC,en,2023-08-06,0
compte_professionnel,Compte professionnel / indépendant,KBC Business Pro,KBC,en,2023-08-13,0
compte_professionnel,Compte professionnel / indépendant,KBC Business Pro,KBC,en,2023-08-20,0
compte_professionnel,Compte professionnel / indépendant,KBC Business Pro,KBC,en,2023-08-27,0
compte_professionnel,Compte professionnel / indépendant,KBC Business Pro,KBC,en,2023-09-03,0
compte_professionnel,Compte professionnel / indépendant,KBC Business Pro,KBC,en,2023-09-10,0
compte_professionnel,Compte professionnel / indépendant,KBC Business Pro,KBC,en,2023-09-17,0
compte_professionnel,Compte professionnel / indépendant,KBC Business Pro,KBC,en,2023-09-24,0
compte_professionnel,Compte professionnel / indépendant,KBC Business Pro,KBC,en,2023-10-01,0
compte_professionnel,Compte professionnel / indépendant,KBC Business Pro,KBC,en,2023-10-08,0
compte_professionnel,Compte professionnel / indépendant,KBC Business Pro,KBC,en,2023-10-15,0
compte_professionnel,Compte professionnel / indépendant,KBC Business Pro,KBC,en,2023-10-22,0
compte_professionnel,Compte professionnel / indépendant,KBC Business Pro,KBC,en,2023-10-29,0
compte_professionnel,Compte professionnel / indépendant,KBC Business Pro,KBC,en,2023-11-05,0
compte_professionnel,Compte professionnel / indépendant,KBC Business Pro,KBC,en,2023-11-12,0
compte_professionnel,Compte professionnel / indépendant,KBC Business Pro,KBC,en,2023-11-19,0
compte_professionnel,Compte professionnel / indépendant,KBC Business Pro,KBC,en,2023-11-26,0
compte_professionnel,Compte professionnel / indépendant,KBC Business Pro,KBC,en,2023-12-03,0
compte_professionnel,Compte professionnel / indépendant,KBC Business Pro,KBC,en,2023-12-10,0
compte_professionnel,Compte professionnel / indépendant,KBC Business Pro,KBC,en,2023-12-17,0
compte_professionnel,Compte professionnel / indépendant,KBC Business Pro,KBC,en,2023-12-24,0
compte_professionnel,Compte professionnel / indépendant,KBC Business Pro,KBC,en,2023-12-31,0
compte_professionnel,Compte professionnel / indépendant,KBC Business Pro,KBC,en,2024-01-07,0
compte_professionnel,Compte professionnel / indépendant,KBC Business Pro,KBC,en,2024-01-14,0
compte_professionnel,Compte professionnel / indépendant,KBC Business Pro,KBC,en,2024-01-21,0
compte_professionnel,Compte professionnel / indépendant,KBC Business Pro,KBC,en,2024-01-28,0
compte_professionnel,Compte professionnel / indépendant,KBC Business Pro,KBC,en,2024-02-04,0
compte_professionnel,Compte professionnel / indépendant,KBC Business Pro,KBC,en,2024-02-11,0
compte_professionnel,Compte professionnel / indépendant,KBC Business Pro,KBC,en,2024-02-18,0
compte_professionnel,Compte professionnel / indépendant,KBC Business Pro,KBC,en,2024-02-25,0
compte_professionnel,Compte professionnel / indépendant,KBC Business Pro,KBC,en,2024-03-03,0
compte_professionnel,Compte professionnel / indépendant,KBC Business Pro,KBC,en,2024-03-10,0
compte_professionnel,Compte professionnel / indépendant,KBC Business Pro,KBC,en,2024-03-17,0
compte_professionnel,Compte professionnel / indépendant,KBC Business Pro,KBC,en,2024-03-24,0
compte_professionnel,Compte professionnel / indépendant,KBC Business Pro,KBC,en,2024-03-31,0
compte_professionnel,Compte professionnel / indépendant,KBC Business Pro,KBC,en,2024-04-07,0
compte_professionnel,Compte professionnel / indépendant,KBC Business Pro,KBC,en,2024-04-14,0
compte_professionnel,Compte professionnel / indépendant,KBC Business Pro,KBC,en,2024-04-21,0
compte_professionnel,Compte professionnel / indépendant,KBC Business Pro,KBC,en,2024-04-28,0
compte_professionnel,Compte professionnel / indépendant,KBC Business Pro,KBC,en,2024-05-05,0
compte_professionnel,Compte professionnel / indépendant,KBC Business Pro,KBC,en,2024-05-12,0
compte_professionnel,Compte professionnel / indépendant,KBC Business Pro,KBC,en,2024-05-19,0
compte_professionnel,Compte professionnel / indépendant,KBC Business Pro,KBC,en,2024-05-26,0
compte_professionnel,Compte professionnel / indépendant,KBC Business Pro,KBC,en,2024-06-02,0
compte_professionnel,Compte professionnel / indépendant,KBC Business Pro,KBC,en,2024-06-09,0
compte_professionnel,Compte professionnel / indépendant,KBC Business Pro,KBC,en,2024-06-16,0
compte_professionnel,Compte professionnel / indépendant,KBC Business Pro,KBC,en,2024-06-23,0
compte_professionnel,Compte professionnel / indépendant,KBC Business Pro,KBC,en,2024-06-30,0
compte_professionnel,Compte professionnel / indépendant,KBC Business Pro,KBC,en,2024-07-07,0
compte_professionnel,Compte professionnel / indépendant,KBC Business Pro,KBC,en,2024-07-14,0
compte_professionnel,Compte professionnel / indépendant,KBC Business Pro,KBC,en,2024-07-21,0
compte_professionnel,Compte professionnel / indépendant,KBC Business Pro,KBC,en,2024-07-28,0
compte_professionnel,Compte professionnel / indépendant,KBC Business Pro,KBC,en,2024-08-04,0
compte_professionnel,Compte professionnel / indépendant,KBC Business Pro,KBC,en,2024-08-11,0
compte_professionnel,Compte professionnel / indépendant,KBC Business Pro,KBC,en,2024-08-18,0
compte_professionnel,Compte professionnel / indépendant,KBC Business Pro,KBC,en,2024-08-25,0
compte_professionnel,Compte professionnel / indépendant,KBC Business Pro,KBC,en,2024-09-01,0
compte_professionnel,Compte professionnel / indépendant,KBC Business Pro,KBC,en,2024-09-08,0
compte_professionnel,Compte professionnel / indépendant,KBC Business Pro,KBC,en,2024-09-15,0
compte_professionnel,Compte professionnel / indépendant,KBC Business Pro,KBC,en,2024-09-22,0
compte_professionnel,Compte professionnel / indépendant,KBC Business Pro,KBC,en,2024-09-29,0
compte_professionnel,Compte professionnel / indépendant,KBC Business Pro,KBC,en,2024-10-06,0
compte_professionnel,Compte professionnel / indépendant,KBC Business Pro,KBC,en,2024-10-13,0
compte_professionnel,Compte professionnel / indépendant,KBC Business Pro,KBC,en,2024-10-20,0
compte_professionnel,Compte professionnel / indépendant,KBC Business Pro,KBC,en,2024-10-27,0
compte_professionnel,Compte professionnel / indépendant,KBC Business Pro,KBC,en,2024-11-03,0
compte_professionnel,Compte professionnel / indépendant,KBC Business Pro,KBC,en,2024-11-10,0
compte_professionnel,Compte professionnel / indépendant,KBC Business Pro,KBC,en,2024-11-17,0
compte_professionnel,Compte professionnel / indépendant,KBC Business Pro,KBC,en,2024-11-24,0
compte_professionnel,Compte professionnel / indépendant,KBC Business Pro,KBC,en,2024-12-01,0
compte_professionnel,Compte professionnel / indépendant,KBC Business Pro,KBC,en,2024-12-08,0
compte_professionnel,Compte professionnel / indépendant,KBC Business Pro,KBC,en,2024-12-15,0
compte_professionnel,Compte professionnel / indépendant,KBC Business Pro,KBC,en,2024-12-22,0
compte_professionnel,Compte professionnel / indépendant,KBC Business Pro,KBC,en,2024-12-29,0
compte_professionnel,Compte professionnel / indépendant,KBC Business Pro,KBC,en,2025-01-05,0
compte_professionnel,Compte professionnel / indépendant,KBC Business Pro,KBC,en,2025-01-12,0
compte_professionnel,Compte professionnel / indépendant,KBC Business Pro,KBC,en,2025-01-19,0
compte_professionnel,Compte professionnel / indépendant,KBC Business Pro,KBC,en,2025-01-26,0
compte_professionnel,Compte professionnel / indépendant,KBC Business Pro,KBC,en,2025-02-02,0
compte_professionnel,Compte professionnel / indépendant,KBC Business Pro,KBC,en,2025-02-09,0
compte_professionnel,Compte professionnel / indépendant,KBC Business Pro,KBC,en,2025-02-16,0
compte_professionnel,Compte professionnel / indépendant,KBC Business Pro,KBC,en,2025-02-23,0
compte_professionnel,Compte professionnel / indépendant,KBC Business Pro,KBC,en,2025-03-02,0
compte_professionnel,Compte professionnel / indépendant,KBC Business Pro,KBC,en,2025-03-09,0
compte_professionnel,Compte professionnel / indépendant,KBC Business Pro,KBC,en,2025-03-16,0
compte_professionnel,Compte professionnel / indépendant,KBC Business Pro,KBC,en,2025-03-23,0
compte_professionnel,Compte professionnel / indépendant,KBC Business Pro,KBC,en,2025-03-30,0
compte_professionnel,Compte professionnel / indépendant,KBC Business Pro,KBC,en,2025-04-06,0
compte_professionnel,Compte professionnel / indépendant,KBC Business Pro,KBC,en,2025-04-13,0
compte_professionnel,Compte professionnel / indépendant,KBC Business Pro,KBC,en,2025-04-20,0
compte_professionnel,Compte professionnel / indépendant,KBC Business Pro,KBC,en,2025-04-27,0
compte_professionnel,Compte professionnel / indépendant,KBC Business Pro,KBC,en,2025-05-04,0
compte_professionnel,Compte professionnel / indépendant,KBC Business Pro,KBC,en,2025-05-11,0
compte_professionnel,Compte professionnel / indépendant,KBC Business Pro,KBC,en,2025-05-18,0
compte_professionnel,Compte professionnel / indépendant,KBC Business Pro,KBC,en,2025-05-25,0
compte_professionnel,Compte professionnel / indépendant,KBC Business Pro,KBC,en,2025-06-01,0
compte_professionnel,Compte professionnel / indépendant,KBC Business Pro,KBC,en,2025-06-08,0
compte_professionnel,Compte professionnel / indépendant,KBC Business Pro,KBC,en,2025-06-15,0
compte_professionnel,Compte professionnel / indépendant,KBC Business Pro,KBC,en,2025-06-22,0
compte_professionnel,Compte professionnel / indépendant,KBC Business Pro,KBC,en,2025-06-29,0
compte_professionnel,Compte professionnel / indépendant,KBC Business Pro,KBC,en,2025-07-06,0
compte_professionnel,Compte professionnel / indépendant,KBC Business Pro,KBC,en,2025-07-13,0
compte_professionnel,Compte professionnel / indépendant,KBC Business Pro,KBC,en,2025-07-20,0
compte_professionnel,Compte professionnel / indépendant,KBC Business Pro,KBC,en,2025-07-27,0
compte_professionnel,Compte professionnel / indépendant,KBC Business Pro,KBC,en,2025-08-03,0
compte_professionnel,Compte professionnel / indépendant,KBC Business Pro,KBC,en,2025-08-10,0
compte_professionnel,Compte professionnel / indépendant,KBC Business Pro,KBC,en,2025-08-17,0
compte_professionnel,Compte professionnel / indépendant,KBC Business Pro,KBC,en,2025-08-24,0
compte_professionnel,Compte professionnel / indépendant,KBC Business Pro,KBC,en,2025-08-31,0
compte_professionnel,Compte professionnel / indépendant,KBC Business Pro,KBC,en,2025-09-07,0
compte_professionnel,Compte professionnel / indépendant,KBC Business Pro,KBC,en,2025-09-14,0
compte_professionnel,Compte professionnel / indépendant,KBC Business Pro,KBC,en,2025-09-21,0
compte_professionnel,Compte professionnel / indépendant,KBC Business Pro,KBC,en,2025-09-28,0
compte_professionnel,Compte professionnel / indépendant,KBC Business Pro,KBC,en,2025-10-05,0
compte_professionnel,Compte professionnel / indépendant,KBC Business Pro,KBC,en,2025-10-12,0
compte_professionnel,Compte professionnel / indépendant,KBC Business Pro,KBC,en,2025-10-19,0
compte_professionnel,Compte professionnel / indépendant,KBC Business Pro,KBC,en,2025-10-26,0
compte_professionnel,Compte professionnel / indépendant,KBC Business Pro,KBC,en,2025-11-02,0
compte_professionnel,Compte professionnel / indépendant,KBC Business Pro,KBC,en,2025-11-09,0
compte_professionnel,Compte professionnel / indépendant,KBC Business Pro,KBC,en,2025-11-16,0
compte_professionnel,Compte professionnel / indépendant,KBC Business Pro,KBC,en,2025-11-23,0
compte_professionnel,Compte professionnel / indépendant,KBC Business Pro,KBC,en,2025-11-30,0
compte_professionnel,Compte professionnel / indépendant,KBC Business Pro,KBC,en,2025-12-07,0
compte_professionnel,Compte professionnel / indépendant,KBC Business Pro,KBC,en,2025-12-14,0
compte_professionnel,Compte professionnel / indépendant,KBC Business Pro,KBC,en,2025-12-21,0
compte_professionnel,Compte professionnel / indépendant,KBC Business Pro,KBC,en,2025-12-28,0
compte_professionnel,Compte professionnel / indépendant,KBC Business Pro,KBC,en,2026-01-04,0
compte_professionnel,Compte professionnel / indépendant,KBC Business Pro,KBC,en,2026-01-11,0
compte_professionnel,Compte professionnel / indépendant,KBC Business Pro,KBC,en,2026-01-18,0
compte_professionnel,Compte professionnel / indépendant,KBC Business Pro,KBC,en,2026-01-25,0
compte_professionnel,Compte professionnel / indépendant,KBC Business Pro,KBC,en,2026-02-01,0
compte_professionnel,Compte professionnel / indépendant,KBC Business Pro,KBC,en,2026-02-08,0
compte_professionnel,Compte professionnel / indépendant,KBC Business Pro,KBC,en,2026-02-15,0
compte_professionnel,Compte professionnel / indépendant,KBC Business Pro,KBC,en,2026-02-22,0
compte_professionnel,Compte professionnel / indépendant,KBC Business Pro,KBC,en,2026-03-01,0
compte_professionnel,Compte professionnel / indépendant,KBC Business Pro,KBC,en,2026-03-08,0
compte_professionnel,Compte professionnel / indépendant,KBC Business Pro,KBC,en,2026-03-15,0
compte_professionnel,Compte professionnel / indépendant,KBC Business Pro,KBC,en,2026-03-22,0
compte_professionnel,Compte professionnel / indépendant,KBC Business Pro,KBC,en,2026-03-29,0
compte_professionnel,Compte professionnel / indépendant,KBC Business Pro,KBC,en,2026-04-05,0
compte_professionnel,Compte professionnel / indépendant,KBC Business Pro,KBC,en,2026-04-12,0
compte_professionnel,Compte professionnel / indépendant,KBC Business Pro,KBC,en,2026-04-19,0
compte_professionnel,Compte professionnel / indépendant,KBC Business Pro,KBC,en,2026-04-26,0
compte_professionnel,Compte professionnel / indépendant,KBC Business Pro,KBC,en,2026-05-03,0
compte_professionnel,Compte professionnel / indépendant,KBC Business Pro,KBC,en,2026-05-10,0
compte_professionnel,Compte professionnel / indépendant,KBC Business Pro,KBC,en,2026-05-17,0
compte_professionnel,Compte professionnel / indépendant,KBC Business Pro,KBC,en,2026-05-24,0
compte_professionnel,Compte professionnel / indépendant,KBC Business Pro,KBC,en,2026-05-31,0
compte_professionnel,Compte professionnel / indépendant,KBC Business Pro,KBC,en,2026-06-07,0
compte_professionnel,Compte professionnel / indépendant,KBC Business Pro,KBC,en,2026-06-14,0
compte_professionnel,Compte professionnel / indépendant,KBC Business Pro,KBC,en,2026-06-21,0
compte_professionnel,Compte professionnel / indépendant,KBC Business Pro,KBC,en,2026-06-28,0
compte_professionnel,Compte professionnel / indépendant,KBC Business Pro,KBC,en,2026-07-05,0
compte_professionnel,Compte professionnel / indépendant,KBC Business Pro,KBC,en,2026-07-12,0
compte_professionnel,Compte professionnel / indépendant,KBC Business Pro,KBC,en,2026-07-19,0
compte_professionnel,Compte professionnel / indépendant,KBC Business Pro,KBC,en,2026-07-26,0
compte_professionnel,Compte professionnel / indépendant,KBC Business Pro,KBC,en,2026-08-02,0
compte_professionnel,Compte professionnel / indépendant,KBC Business Pro,KBC,en,2026-08-09,0
compte_professionnel,Compte professionnel / indépendant,KBC Business Pro,KBC,en,2026-08-16,0
compte_professionnel,Compte professionnel / indépendant,KBC Business Pro,KBC,en,2026-08-23,0
compte_professionnel,Compte professionnel / indépendant,KBC Business Pro,KBC,en,2026-08-30,0
compte_professionnel,Compte professionnel / indépendant,KBC Business Pro,KBC,en,2026-09-06,0
compte_professionnel,Compte professionnel / indépendant,KBC Business Pro,KBC,en,2026-09-13,0
compte_professionnel,Compte professionnel / indépendant,KBC zakelijke rekening,KBC,nl,2021-09-12,0
compte_professionnel,Compte professionnel / indépendant,KBC zakelijke rekening,KBC,nl,2021-09-19,0
compte_professionnel,Compte professionnel / indépendant,KBC zakelijke rekening,KBC,nl,2021-09-26,0
compte_professionnel,Compte professionnel / indépendant,KBC zakelijke rekening,KBC,nl,2021-10-03,0
compte_professionnel,Compte professionnel / indépendant,KBC zakelijke rekening,KBC,nl,2021-10-10,0
compte_professionnel,Compte professionnel / indépendant,KBC zakelijke rekening,KBC,nl,2021-10-17,0
compte_professionnel,Compte professionnel / indépendant,KBC zakelijke rekening,KBC,nl,2021-10-24,0
compte_professionnel,Compte professionnel / indépendant,KBC zakelijke rekening,KBC,nl,2021-10-31,0
compte_professionnel,Compte professionnel / indépendant,KBC zakelijke rekening,KBC,nl,2021-11-07,0
compte_professionnel,Compte professionnel / indépendant,KBC zakelijke rekening,KBC,nl,2021-11-14,0
compte_professionnel,Compte professionnel / indépendant,KBC zakelijke rekening,KBC,nl,2021-11-21,0
compte_professionnel,Compte professionnel / indépendant,KBC zakelijke rekening,KBC,nl,2021-11-28,0
compte_professionnel,Compte professionnel / indépendant,KBC zakelijke rekening,KBC,nl,2021-12-05,0
compte_professionnel,Compte professionnel / indépendant,KBC zakelijke rekening,KBC,nl,2021-12-12,0
compte_professionnel,Compte professionnel / indépendant,KBC zakelijke rekening,KBC,nl,2021-12-19,0
compte_professionnel,Compte professionnel / indépendant,KBC zakelijke rekening,KBC,nl,2021-12-26,0
compte_professionnel,Compte professionnel / indépendant,KBC zakelijke rekening,KBC,nl,2022-01-02,0
compte_professionnel,Compte professionnel / indépendant,KBC zakelijke rekening,KBC,nl,2022-01-09,0
compte_professionnel,Compte professionnel / indépendant,KBC zakelijke rekening,KBC,nl,2022-01-16,0
compte_professionnel,Compte professionnel / indépendant,KBC zakelijke rekening,KBC,nl,2022-01-23,0
compte_professionnel,Compte professionnel / indépendant,KBC zakelijke rekening,KBC,nl,2022-01-30,0
compte_professionnel,Compte professionnel / indépendant,KBC zakelijke rekening,KBC,nl,2022-02-06,0
compte_professionnel,Compte professionnel / indépendant,KBC zakelijke rekening,KBC,nl,2022-02-13,0
compte_professionnel,Compte professionnel / indépendant,KBC zakelijke rekening,KBC,nl,2022-02-20,0
compte_professionnel,Compte professionnel / indépendant,KBC zakelijke rekening,KBC,nl,2022-02-27,0
compte_professionnel,Compte professionnel / indépendant,KBC zakelijke rekening,KBC,nl,2022-03-06,0
compte_professionnel,Compte professionnel / indépendant,KBC zakelijke rekening,KBC,nl,2022-03-13,0
compte_professionnel,Compte professionnel / indépendant,KBC zakelijke rekening,KBC,nl,2022-03-20,0
compte_professionnel,Compte professionnel / indépendant,KBC zakelijke rekening,KBC,nl,2022-03-27,0
compte_professionnel,Compte professionnel / indépendant,KBC zakelijke rekening,KBC,nl,2022-04-03,0
compte_professionnel,Compte professionnel / indépendant,KBC zakelijke rekening,KBC,nl,2022-04-10,0
compte_professionnel,Compte professionnel / indépendant,KBC zakelijke rekening,KBC,nl,2022-04-17,0
compte_professionnel,Compte professionnel / indépendant,KBC zakelijke rekening,KBC,nl,2022-04-24,0
compte_professionnel,Compte professionnel / indépendant,KBC zakelijke rekening,KBC,nl,2022-05-01,0
compte_professionnel,Compte professionnel / indépendant,KBC zakelijke rekening,KBC,nl,2022-05-08,0
compte_professionnel,Compte professionnel / indépendant,KBC zakelijke rekening,KBC,nl,2022-05-15,0
compte_professionnel,Compte professionnel / indépendant,KBC zakelijke rekening,KBC,nl,2022-05-22,0
compte_professionnel,Compte professionnel / indépendant,KBC zakelijke rekening,KBC,nl,2022-05-29,0
compte_professionnel,Compte professionnel / indépendant,KBC zakelijke rekening,KBC,nl,2022-06-05,0
compte_professionnel,Compte professionnel / indépendant,KBC zakelijke rekening,KBC,nl,2022-06-12,0
compte_professionnel,Compte professionnel / indépendant,KBC zakelijke rekening,KBC,nl,2022-06-19,0
compte_professionnel,Compte professionnel / indépendant,KBC zakelijke rekening,KBC,nl,2022-06-26,0
compte_professionnel,Compte professionnel / indépendant,KBC zakelijke rekening,KBC,nl,2022-07-03,0
compte_professionnel,Compte professionnel / indépendant,KBC zakelijke rekening,KBC,nl,2022-07-10,0
compte_professionnel,Compte professionnel / indépendant,KBC zakelijke rekening,KBC,nl,2022-07-17,0
compte_professionnel,Compte professionnel / indépendant,KBC zakelijke rekening,KBC,nl,2022-07-24,0
compte_professionnel,Compte professionnel / indépendant,KBC zakelijke rekening,KBC,nl,2022-07-31,0
compte_professionnel,Compte professionnel / indépendant,KBC zakelijke rekening,KBC,nl,2022-08-07,0
compte_professionnel,Compte professionnel / indépendant,KBC zakelijke rekening,KBC,nl,2022-08-14,0
compte_professionnel,Compte professionnel / indépendant,KBC zakelijke rekening,KBC,nl,2022-08-21,0
compte_professionnel,Compte professionnel / indépendant,KBC zakelijke rekening,KBC,nl,2022-08-28,0
compte_professionnel,Compte professionnel / indépendant,KBC zakelijke rekening,KBC,nl,2022-09-04,0
compte_professionnel,Compte professionnel / indépendant,KBC zakelijke rekening,KBC,nl,2022-09-11,0
compte_professionnel,Compte professionnel / indépendant,KBC zakelijke rekening,KBC,nl,2022-09-18,0
compte_professionnel,Compte professionnel / indépendant,KBC zakelijke rekening,KBC,nl,2022-09-25,0
compte_professionnel,Compte professionnel / indépendant,KBC zakelijke rekening,KBC,nl,2022-10-02,0
compte_professionnel,Compte professionnel / indépendant,KBC zakelijke rekening,KBC,nl,2022-10-09,0
compte_professionnel,Compte professionnel / indépendant,KBC zakelijke rekening,KBC,nl,2022-10-16,0
compte_professionnel,Compte professionnel / indépendant,KBC zakelijke rekening,KBC,nl,2022-10-23,0
compte_professionnel,Compte professionnel / indépendant,KBC zakelijke rekening,KBC,nl,2022-10-30,0
compte_professionnel,Compte professionnel / indépendant,KBC zakelijke rekening,KBC,nl,2022-11-06,0
compte_professionnel,Compte professionnel / indépendant,KBC zakelijke rekening,KBC,nl,2022-11-13,0
compte_professionnel,Compte professionnel / indépendant,KBC zakelijke rekening,KBC,nl,2022-11-20,0
compte_professionnel,Compte professionnel / indépendant,KBC zakelijke rekening,KBC,nl,2022-11-27,0
compte_professionnel,Compte professionnel / indépendant,KBC zakelijke rekening,KBC,nl,2022-12-04,0
compte_professionnel,Compte professionnel / indépendant,KBC zakelijke rekening,KBC,nl,2022-12-11,0
compte_professionnel,Compte professionnel / indépendant,KBC zakelijke rekening,KBC,nl,2022-12-18,0
compte_professionnel,Compte professionnel / indépendant,KBC zakelijke rekening,KBC,nl,2022-12-25,0
compte_professionnel,Compte professionnel / indépendant,KBC zakelijke rekening,KBC,nl,2023-01-01,0
compte_professionnel,Compte professionnel / indépendant,KBC zakelijke rekening,KBC,nl,2023-01-08,0
compte_professionnel,Compte professionnel / indépendant,KBC zakelijke rekening,KBC,nl,2023-01-15,0
compte_professionnel,Compte professionnel / indépendant,KBC zakelijke rekening,KBC,nl,2023-01-22,0
compte_professionnel,Compte professionnel / indépendant,KBC zakelijke rekening,KBC,nl,2023-01-29,0
compte_professionnel,Compte professionnel / indépendant,KBC zakelijke rekening,KBC,nl,2023-02-05,0
compte_professionnel,Compte professionnel / indépendant,KBC zakelijke rekening,KBC,nl,2023-02-12,0
compte_professionnel,Compte professionnel / indépendant,KBC zakelijke rekening,KBC,nl,2023-02-19,0
compte_professionnel,Compte professionnel / indépendant,KBC zakelijke rekening,KBC,nl,2023-02-26,0
compte_professionnel,Compte professionnel / indépendant,KBC zakelijke rekening,KBC,nl,2023-03-05,0
compte_professionnel,Compte professionnel / indépendant,KBC zakelijke rekening,KBC,nl,2023-03-12,0
compte_professionnel,Compte professionnel / indépendant,KBC zakelijke rekening,KBC,nl,2023-03-19,0
compte_professionnel,Compte professionnel / indépendant,KBC zakelijke rekening,KBC,nl,2023-03-26,0
compte_professionnel,Compte professionnel / indépendant,KBC zakelijke rekening,KBC,nl,2023-04-02,0
compte_professionnel,Compte professionnel / indépendant,KBC zakelijke rekening,KBC,nl,2023-04-09,0
compte_professionnel,Compte professionnel / indépendant,KBC zakelijke rekening,KBC,nl,2023-04-16,0
compte_professionnel,Compte professionnel / indépendant,KBC zakelijke rekening,KBC,nl,2023-04-23,0
compte_professionnel,Compte professionnel / indépendant,KBC zakelijke rekening,KBC,nl,2023-04-30,0
compte_professionnel,Compte professionnel / indépendant,KBC zakelijke rekening,KBC,nl,2023-05-07,0
compte_professionnel,Compte professionnel / indépendant,KBC zakelijke rekening,KBC,nl,2023-05-14,0
compte_professionnel,Compte professionnel / indépendant,KBC zakelijke rekening,KBC,nl,2023-05-21,0
compte_professionnel,Compte professionnel / indépendant,KBC zakelijke rekening,KBC,nl,2023-05-28,0
compte_professionnel,Compte professionnel / indépendant,KBC zakelijke rekening,KBC,nl,2023-06-04,0
compte_professionnel,Compte professionnel / indépendant,KBC zakelijke rekening,KBC,nl,2023-06-11,0
compte_professionnel,Compte professionnel / indépendant,KBC zakelijke rekening,KBC,nl,2023-06-18,0
compte_professionnel,Compte professionnel / indépendant,KBC zakelijke rekening,KBC,nl,2023-06-25,0
compte_professionnel,Compte professionnel / indépendant,KBC zakelijke rekening,KBC,nl,2023-07-02,0
compte_professionnel,Compte professionnel / indépendant,KBC zakelijke rekening,KBC,nl,2023-07-09,0
compte_professionnel,Compte professionnel / indépendant,KBC zakelijke rekening,KBC,nl,2023-07-16,0
compte_professionnel,Compte professionnel / indépendant,KBC zakelijke rekening,KBC,nl,2023-07-23,0
compte_professionnel,Compte professionnel / indépendant,KBC zakelijke rekening,KBC,nl,2023-07-30,0
compte_professionnel,Compte professionnel / indépendant,KBC zakelijke rekening,KBC,nl,2023-08-06,0
compte_professionnel,Compte professionnel / indépendant,KBC zakelijke rekening,KBC,nl,2023-08-13,0
compte_professionnel,Compte professionnel / indépendant,KBC zakelijke rekening,KBC,nl,2023-08-20,0
compte_professionnel,Compte professionnel / indépendant,KBC zakelijke rekening,KBC,nl,2023-08-27,0
compte_professionnel,Compte professionnel / indépendant,KBC zakelijke rekening,KBC,nl,2023-09-03,0
compte_professionnel,Compte professionnel / indépendant,KBC zakelijke rekening,KBC,nl,2023-09-10,0
compte_professionnel,Compte professionnel / indépendant,KBC zakelijke rekening,KBC,nl,2023-09-17,0
compte_professionnel,Compte professionnel / indépendant,KBC zakelijke rekening,KBC,nl,2023-09-24,0
compte_professionnel,Compte professionnel / indépendant,KBC zakelijke rekening,KBC,nl,2023-10-01,0
compte_professionnel,Compte professionnel / indépendant,KBC zakelijke rekening,KBC,nl,2023-10-08,0
compte_professionnel,Compte professionnel / indépendant,KBC zakelijke rekening,KBC,nl,2023-10-15,62
compte_professionnel,Compte professionnel / indépendant,KBC zakelijke rekening,KBC,nl,2023-10-22,0
compte_professionnel,Compte professionnel / indépendant,KBC zakelijke rekening,KBC,nl,2023-10-29,0
compte_professionnel,Compte professionnel / indépendant,KBC zakelijke rekening,KBC,nl,2023-11-05,0
compte_professionnel,Compte professionnel / indépendant,KBC zakelijke rekening,KBC,nl,2023-11-12,0
compte_professionnel,Compte professionnel / indépendant,KBC zakelijke rekening,KBC,nl,2023-11-19,0
compte_professionnel,Compte professionnel / indépendant,KBC zakelijke rekening,KBC,nl,2023-11-26,0
compte_professionnel,Compte professionnel / indépendant,KBC zakelijke rekening,KBC,nl,2023-12-03,0
compte_professionnel,Compte professionnel / indépendant,KBC zakelijke rekening,KBC,nl,2023-12-10,0
compte_professionnel,Compte professionnel / indépendant,KBC zakelijke rekening,KBC,nl,2023-12-17,0
compte_professionnel,Compte professionnel / indépendant,KBC zakelijke rekening,KBC,nl,2023-12-24,0
compte_professionnel,Compte professionnel / indépendant,KBC zakelijke rekening,KBC,nl,2023-12-31,0
compte_professionnel,Compte professionnel / indépendant,KBC zakelijke rekening,KBC,nl,2024-01-07,0
compte_professionnel,Compte professionnel / indépendant,KBC zakelijke rekening,KBC,nl,2024-01-14,0
compte_professionnel,Compte professionnel / indépendant,KBC zakelijke rekening,KBC,nl,2024-01-21,0
compte_professionnel,Compte professionnel / indépendant,KBC zakelijke rekening,KBC,nl,2024-01-28,0
compte_professionnel,Compte professionnel / indépendant,KBC zakelijke rekening,KBC,nl,2024-02-04,0
compte_professionnel,Compte professionnel / indépendant,KBC zakelijke rekening,KBC,nl,2024-02-11,0
compte_professionnel,Compte professionnel / indépendant,KBC zakelijke rekening,KBC,nl,2024-02-18,0
compte_professionnel,Compte professionnel / indépendant,KBC zakelijke rekening,KBC,nl,2024-02-25,0
compte_professionnel,Compte professionnel / indépendant,KBC zakelijke rekening,KBC,nl,2024-03-03,0
compte_professionnel,Compte professionnel / indépendant,KBC zakelijke rekening,KBC,nl,2024-03-10,0
compte_professionnel,Compte professionnel / indépendant,KBC zakelijke rekening,KBC,nl,2024-03-17,0
compte_professionnel,Compte professionnel / indépendant,KBC zakelijke rekening,KBC,nl,2024-03-24,0
compte_professionnel,Compte professionnel / indépendant,KBC zakelijke rekening,KBC,nl,2024-03-31,0
compte_professionnel,Compte professionnel / indépendant,KBC zakelijke rekening,KBC,nl,2024-04-07,0
compte_professionnel,Compte professionnel / indépendant,KBC zakelijke rekening,KBC,nl,2024-04-14,0
compte_professionnel,Compte professionnel / indépendant,KBC zakelijke rekening,KBC,nl,2024-04-21,0
compte_professionnel,Compte professionnel / indépendant,KBC zakelijke rekening,KBC,nl,2024-04-28,0
compte_professionnel,Compte professionnel / indépendant,KBC zakelijke rekening,KBC,nl,2024-05-05,0
compte_professionnel,Compte professionnel / indépendant,KBC zakelijke rekening,KBC,nl,2024-05-12,0
compte_professionnel,Compte professionnel / indépendant,KBC zakelijke rekening,KBC,nl,2024-05-19,0
compte_professionnel,Compte professionnel / indépendant,KBC zakelijke rekening,KBC,nl,2024-05-26,0
compte_professionnel,Compte professionnel / indépendant,KBC zakelijke rekening,KBC,nl,2024-06-02,0
compte_professionnel,Compte professionnel / indépendant,KBC zakelijke rekening,KBC,nl,2024-06-09,0
compte_professionnel,Compte professionnel / indépendant,KBC zakelijke rekening,KBC,nl,2024-06-16,0
compte_professionnel,Compte professionnel / indépendant,KBC zakelijke rekening,KBC,nl,2024-06-23,0
compte_professionnel,Compte professionnel / indépendant,KBC zakelijke rekening,KBC,nl,2024-06-30,0
compte_professionnel,Compte professionnel / indépendant,KBC zakelijke rekening,KBC,nl,2024-07-07,0
compte_professionnel,Compte professionnel / indépendant,KBC zakelijke rekening,KBC,nl,2024-07-14,0
compte_professionnel,Compte professionnel / indépendant,KBC zakelijke rekening,KBC,nl,2024-07-21,0
compte_professionnel,Compte professionnel / indépendant,KBC zakelijke rekening,KBC,nl,2024-07-28,0
compte_professionnel,Compte professionnel / indépendant,KBC zakelijke rekening,KBC,nl,2024-08-04,0
compte_professionnel,Compte professionnel / indépendant,KBC zakelijke rekening,KBC,nl,2024-08-11,0
compte_professionnel,Compte professionnel / indépendant,KBC zakelijke rekening,KBC,nl,2024-08-18,0
compte_professionnel,Compte professionnel / indépendant,KBC zakelijke rekening,KBC,nl,2024-08-25,0
compte_professionnel,Compte professionnel / indépendant,KBC zakelijke rekening,KBC,nl,2024-09-01,0
compte_professionnel,Compte professionnel / indépendant,KBC zakelijke rekening,KBC,nl,2024-09-08,0
compte_professionnel,Compte professionnel / indépendant,KBC zakelijke rekening,KBC,nl,2024-09-15,0
compte_professionnel,Compte professionnel / indépendant,KBC zakelijke rekening,KBC,nl,2024-09-22,0
compte_professionnel,Compte professionnel / indépendant,KBC zakelijke rekening,KBC,nl,2024-09-29,0
compte_professionnel,Compte professionnel / indépendant,KBC zakelijke rekening,KBC,nl,2024-10-06,0
compte_professionnel,Compte professionnel / indépendant,KBC zakelijke rekening,KBC,nl,2024-10-13,0
compte_professionnel,Compte professionnel / indépendant,KBC zakelijke rekening,KBC,nl,2024-10-20,0
compte_professionnel,Compte professionnel / indépendant,KBC zakelijke rekening,KBC,nl,2024-10-27,0
compte_professionnel,Compte professionnel / indépendant,KBC zakelijke rekening,KBC,nl,2024-11-03,0
compte_professionnel,Compte professionnel / indépendant,KBC zakelijke rekening,KBC,nl,2024-11-10,0
compte_professionnel,Compte professionnel / indépendant,KBC zakelijke rekening,KBC,nl,2024-11-17,0
compte_professionnel,Compte professionnel / indépendant,KBC zakelijke rekening,KBC,nl,2024-11-24,0
compte_professionnel,Compte professionnel / indépendant,KBC zakelijke rekening,KBC,nl,2024-12-01,0
compte_professionnel,Compte professionnel / indépendant,KBC zakelijke rekening,KBC,nl,2024-12-08,0
compte_professionnel,Compte professionnel / indépendant,KBC zakelijke rekening,KBC,nl,2024-12-15,0
compte_professionnel,Compte professionnel / indépendant,KBC zakelijke rekening,KBC,nl,2024-12-22,0
compte_professionnel,Compte professionnel / indépendant,KBC zakelijke rekening,KBC,nl,2024-12-29,0
compte_professionnel,Compte professionnel / indépendant,KBC zakelijke rekening,KBC,nl,2025-01-05,0
compte_professionnel,Compte professionnel / indépendant,KBC zakelijke rekening,KBC,nl,2025-01-12,0
compte_professionnel,Compte professionnel / indépendant,KBC zakelijke rekening,KBC,nl,2025-01-19,0
compte_professionnel,Compte professionnel / indépendant,KBC zakelijke rekening,KBC,nl,2025-01-26,0
compte_professionnel,Compte professionnel / indépendant,KBC zakelijke rekening,KBC,nl,2025-02-02,0
compte_professionnel,Compte professionnel / indépendant,KBC zakelijke rekening,KBC,nl,2025-02-09,0
compte_professionnel,Compte professionnel / indépendant,KBC zakelijke rekening,KBC,nl,2025-02-16,0
compte_professionnel,Compte professionnel / indépendant,KBC zakelijke rekening,KBC,nl,2025-02-23,0
compte_professionnel,Compte professionnel / indépendant,KBC zakelijke rekening,KBC,nl,2025-03-02,0
compte_professionnel,Compte professionnel / indépendant,KBC zakelijke rekening,KBC,nl,2025-03-09,84
compte_professionnel,Compte professionnel / indépendant,KBC zakelijke rekening,KBC,nl,2025-03-16,0
compte_professionnel,Compte professionnel / indépendant,KBC zakelijke rekening,KBC,nl,2025-03-23,0
compte_professionnel,Compte professionnel / indépendant,KBC zakelijke rekening,KBC,nl,2025-03-30,0
compte_professionnel,Compte professionnel / indépendant,KBC zakelijke rekening,KBC,nl,2025-04-06,0
compte_professionnel,Compte professionnel / indépendant,KBC zakelijke rekening,KBC,nl,2025-04-13,0
compte_professionnel,Compte professionnel / indépendant,KBC zakelijke rekening,KBC,nl,2025-04-20,0
compte_professionnel,Compte professionnel / indépendant,KBC zakelijke rekening,KBC,nl,2025-04-27,0
compte_professionnel,Compte professionnel / indépendant,KBC zakelijke rekening,KBC,nl,2025-05-04,0
compte_professionnel,Compte professionnel / indépendant,KBC zakelijke rekening,KBC,nl,2025-05-11,0
compte_professionnel,Compte professionnel / indépendant,KBC zakelijke rekening,KBC,nl,2025-05-18,0
compte_professionnel,Compte professionnel / indépendant,KBC zakelijke rekening,KBC,nl,2025-05-25,0
compte_professionnel,Compte professionnel / indépendant,KBC zakelijke rekening,KBC,nl,2025-06-01,0
compte_professionnel,Compte professionnel / indépendant,KBC zakelijke rekening,KBC,nl,2025-06-08,0
compte_professionnel,Compte professionnel / indépendant,KBC zakelijke rekening,KBC,nl,2025-06-15,0
compte_professionnel,Compte professionnel / indépendant,KBC zakelijke rekening,KBC,nl,2025-06-22,0
compte_professionnel,Compte professionnel / indépendant,KBC zakelijke rekening,KBC,nl,2025-06-29,0
compte_professionnel,Compte professionnel / indépendant,KBC zakelijke rekening,KBC,nl,2025-07-06,0
compte_professionnel,Compte professionnel / indépendant,KBC zakelijke rekening,KBC,nl,2025-07-13,0
compte_professionnel,Compte professionnel / indépendant,KBC zakelijke rekening,KBC,nl,2025-07-20,0
compte_professionnel,Compte professionnel / indépendant,KBC zakelijke rekening,KBC,nl,2025-07-27,0
compte_professionnel,Compte professionnel / indépendant,KBC zakelijke rekening,KBC,nl,2025-08-03,0
compte_professionnel,Compte professionnel / indépendant,KBC zakelijke rekening,KBC,nl,2025-08-10,0
compte_professionnel,Compte professionnel / indépendant,KBC zakelijke rekening,KBC,nl,2025-08-17,0
compte_professionnel,Compte professionnel / indépendant,KBC zakelijke rekening,KBC,nl,2025-08-24,0
compte_professionnel,Compte professionnel / indépendant,KBC zakelijke rekening,KBC,nl,2025-08-31,0
compte_professionnel,Compte professionnel / indépendant,KBC zakelijke rekening,KBC,nl,2025-09-07,0
compte_professionnel,Compte professionnel / indépendant,KBC zakelijke rekening,KBC,nl,2025-09-14,0
compte_professionnel,Compte professionnel / indépendant,KBC zakelijke rekening,KBC,nl,2025-09-21,0
compte_professionnel,Compte professionnel / indépendant,KBC zakelijke rekening,KBC,nl,2025-09-28,0
compte_professionnel,Compte professionnel / indépendant,KBC zakelijke rekening,KBC,nl,2025-10-05,0
compte_professionnel,Compte professionnel / indépendant,KBC zakelijke rekening,KBC,nl,2025-10-12,0
compte_professionnel,Compte professionnel / indépendant,KBC zakelijke rekening,KBC,nl,2025-10-19,0
compte_professionnel,Compte professionnel / indépendant,KBC zakelijke rekening,KBC,nl,2025-10-26,0
compte_professionnel,Compte professionnel / indépendant,KBC zakelijke rekening,KBC,nl,2025-11-02,0
compte_professionnel,Compte professionnel / indépendant,KBC zakelijke rekening,KBC,nl,2025-11-09,0
compte_professionnel,Compte professionnel / indépendant,KBC zakelijke rekening,KBC,nl,2025-11-16,0
compte_professionnel,Compte professionnel / indépendant,KBC zakelijke rekening,KBC,nl,2025-11-23,0
compte_professionnel,Compte professionnel / indépendant,KBC zakelijke rekening,KBC,nl,2025-11-30,0
compte_professionnel,Compte professionnel / indépendant,KBC zakelijke rekening,KBC,nl,2025-12-07,0
compte_professionnel,Compte professionnel / indépendant,KBC zakelijke rekening,KBC,nl,2025-12-14,0
compte_professionnel,Compte professionnel / indépendant,KBC zakelijke rekening,KBC,nl,2025-12-21,0
compte_professionnel,Compte professionnel / indépendant,KBC zakelijke rekening,KBC,nl,2025-12-28,0
compte_professionnel,Compte professionnel / indépendant,KBC zakelijke rekening,KBC,nl,2026-01-04,0
compte_professionnel,Compte professionnel / indépendant,KBC zakelijke rekening,KBC,nl,2026-01-11,0
compte_professionnel,Compte professionnel / indépendant,KBC zakelijke rekening,KBC,nl,2026-01-18,0
compte_professionnel,Compte professionnel / indépendant,KBC zakelijke rekening,KBC,nl,2026-01-25,0
compte_professionnel,Compte professionnel / indépendant,KBC zakelijke rekening,KBC,nl,2026-02-01,0
compte_professionnel,Compte professionnel / indépendant,KBC zakelijke rekening,KBC,nl,2026-02-08,0
compte_professionnel,Compte professionnel / indépendant,KBC zakelijke rekening,KBC,nl,2026-02-15,0
compte_professionnel,Compte professionnel / indépendant,KBC zakelijke rekening,KBC,nl,2026-02-22,0
compte_professionnel,Compte professionnel / indépendant,KBC zakelijke rekening,KBC,nl,2026-03-01,0
compte_professionnel,Compte professionnel / indépendant,KBC zakelijke rekening,KBC,nl,2026-03-08,0
compte_professionnel,Compte professionnel / indépendant,KBC zakelijke rekening,KBC,nl,2026-03-15,0
compte_professionnel,Compte professionnel / indépendant,KBC zakelijke rekening,KBC,nl,2026-03-22,0
compte_professionnel,Compte professionnel / indépendant,KBC zakelijke rekening,KBC,nl,2026-03-29,0
compte_professionnel,Compte professionnel / indépendant,KBC zakelijke rekening,KBC,nl,2026-04-05,0
compte_professionnel,Compte professionnel / indépendant,KBC zakelijke rekening,KBC,nl,2026-04-12,0
compte_professionnel,Compte professionnel / indépendant,KBC zakelijke rekening,KBC,nl,2026-04-19,0
compte_professionnel,Compte professionnel / indépendant,KBC zakelijke rekening,KBC,nl,2026-04-26,0
compte_professionnel,Compte professionnel / indépendant,KBC zakelijke rekening,KBC,nl,2026-05-03,0
compte_professionnel,Compte professionnel / indépendant,KBC zakelijke rekening,KBC,nl,2026-05-10,0
compte_professionnel,Compte professionnel / indépendant,KBC zakelijke rekening,KBC,nl,2026-05-17,0
compte_professionnel,Compte professionnel / indépendant,KBC zakelijke rekening,KBC,nl,2026-05-24,0
compte_professionnel,Compte professionnel / indépendant,KBC zakelijke rekening,KBC,nl,2026-05-31,0
compte_professionnel,Compte professionnel / indépendant,KBC zakelijke rekening,KBC,nl,2026-06-07,0
compte_professionnel,Compte professionnel / indépendant,KBC zakelijke rekening,KBC,nl,2026-06-14,0
compte_professionnel,Compte professionnel / indépendant,KBC zakelijke rekening,KBC,nl,2026-06-21,0
compte_professionnel,Compte professionnel / indépendant,KBC zakelijke rekening,KBC,nl,2026-06-28,0
compte_professionnel,Compte professionnel / indépendant,KBC zakelijke rekening,KBC,nl,2026-07-05,0
compte_professionnel,Compte professionnel / indépendant,KBC zakelijke rekening,KBC,nl,2026-07-12,0
compte_professionnel,Compte professionnel / indépendant,KBC zakelijke rekening,KBC,nl,2026-07-19,0
compte_professionnel,Compte professionnel / indépendant,KBC zakelijke rekening,KBC,nl,2026-07-26,0
compte_professionnel,Compte professionnel / indépendant,KBC zakelijke rekening,KBC,nl,2026-08-02,0
compte_professionnel,Compte professionnel / indépendant,KBC zakelijke rekening,KBC,nl,2026-08-09,0
compte_professionnel,Compte professionnel / indépendant,KBC zakelijke rekening,KBC,nl,2026-08-16,0
compte_professionnel,Compte professionnel / indépendant,KBC zakelijke rekening,KBC,nl,2026-08-23,100
compte_professionnel,Compte professionnel / indépendant,KBC zakelijke rekening,KBC,nl,2026-08-30,11
compte_professionnel,Compte professionnel / indépendant,KBC zakelijke rekening,KBC,nl,2026-09-06,14
compte_professionnel,Compte professionnel / indépendant,KBC zakelijke rekening,KBC,nl,2026-09-13,0
epargne_pension,Épargne-pension,KBC Pension Savings Fund,KBC,en,2021-09-12,0
epargne_pension,Épargne-pension,KBC Pension Savings Fund,KBC,en,2021-09-19,0
epargne_pension,Épargne-pension,KBC Pension Savings Fund,KBC,en,2021-09-26,0
epargne_pension,Épargne-pension,KBC Pension Savings Fund,KBC,en,2021-10-03,0
epargne_pension,Épargne-pension,KBC Pension Savings Fund,KBC,en,2021-10-10,0
epargne_pension,Épargne-pension,KBC Pension Savings Fund,KBC,en,2021-10-17,0
epargne_pension,Épargne-pension,KBC Pension Savings Fund,KBC,en,2021-10-24,0
epargne_pension,Épargne-pension,KBC Pension Savings Fund,KBC,en,2021-10-31,0
epargne_pension,Épargne-pension,KBC Pension Savings Fund,KBC,en,2021-11-07,0
epargne_pension,Épargne-pension,KBC Pension Savings Fund,KBC,en,2021-11-14,0
epargne_pension,Épargne-pension,KBC Pension Savings Fund,KBC,en,2021-11-21,0
epargne_pension,Épargne-pension,KBC Pension Savings Fund,KBC,en,2021-11-28,0
epargne_pension,Épargne-pension,KBC Pension Savings Fund,KBC,en,2021-12-05,0
epargne_pension,Épargne-pension,KBC Pension Savings Fund,KBC,en,2021-12-12,0
epargne_pension,Épargne-pension,KBC Pension Savings Fund,KBC,en,2021-12-19,0
epargne_pension,Épargne-pension,KBC Pension Savings Fund,KBC,en,2021-12-26,0
epargne_pension,Épargne-pension,KBC Pension Savings Fund,KBC,en,2022-01-02,0
epargne_pension,Épargne-pension,KBC Pension Savings Fund,KBC,en,2022-01-09,0
epargne_pension,Épargne-pension,KBC Pension Savings Fund,KBC,en,2022-01-16,0
epargne_pension,Épargne-pension,KBC Pension Savings Fund,KBC,en,2022-01-23,0
epargne_pension,Épargne-pension,KBC Pension Savings Fund,KBC,en,2022-01-30,0
epargne_pension,Épargne-pension,KBC Pension Savings Fund,KBC,en,2022-02-06,0
epargne_pension,Épargne-pension,KBC Pension Savings Fund,KBC,en,2022-02-13,0
epargne_pension,Épargne-pension,KBC Pension Savings Fund,KBC,en,2022-02-20,0
epargne_pension,Épargne-pension,KBC Pension Savings Fund,KBC,en,2022-02-27,0
epargne_pension,Épargne-pension,KBC Pension Savings Fund,KBC,en,2022-03-06,0
epargne_pension,Épargne-pension,KBC Pension Savings Fund,KBC,en,2022-03-13,0
epargne_pension,Épargne-pension,KBC Pension Savings Fund,KBC,en,2022-03-20,0
epargne_pension,Épargne-pension,KBC Pension Savings Fund,KBC,en,2022-03-27,0
epargne_pension,Épargne-pension,KBC Pension Savings Fund,KBC,en,2022-04-03,0
epargne_pension,Épargne-pension,KBC Pension Savings Fund,KBC,en,2022-04-10,0
epargne_pension,Épargne-pension,KBC Pension Savings Fund,KBC,en,2022-04-17,0
epargne_pension,Épargne-pension,KBC Pension Savings Fund,KBC,en,2022-04-24,0
epargne_pension,Épargne-pension,KBC Pension Savings Fund,KBC,en,2022-05-01,0
epargne_pension,Épargne-pension,KBC Pension Savings Fund,KBC,en,2022-05-08,0
epargne_pension,Épargne-pension,KBC Pension Savings Fund,KBC,en,2022-05-15,0
epargne_pension,Épargne-pension,KBC Pension Savings Fund,KBC,en,2022-05-22,0
epargne_pension,Épargne-pension,KBC Pension Savings Fund,KBC,en,2022-05-29,0
epargne_pension,Épargne-pension,KBC Pension Savings Fund,KBC,en,2022-06-05,0
epargne_pension,Épargne-pension,KBC Pension Savings Fund,KBC,en,2022-06-12,0
epargne_pension,Épargne-pension,KBC Pension Savings Fund,KBC,en,2022-06-19,0
epargne_pension,Épargne-pension,KBC Pension Savings Fund,KBC,en,2022-06-26,0
epargne_pension,Épargne-pension,KBC Pension Savings Fund,KBC,en,2022-07-03,0
epargne_pension,Épargne-pension,KBC Pension Savings Fund,KBC,en,2022-07-10,0
epargne_pension,Épargne-pension,KBC Pension Savings Fund,KBC,en,2022-07-17,0
epargne_pension,Épargne-pension,KBC Pension Savings Fund,KBC,en,2022-07-24,0
epargne_pension,Épargne-pension,KBC Pension Savings Fund,KBC,en,2022-07-31,0
epargne_pension,Épargne-pension,KBC Pension Savings Fund,KBC,en,2022-08-07,0
epargne_pension,Épargne-pension,KBC Pension Savings Fund,KBC,en,2022-08-14,0
epargne_pension,Épargne-pension,KBC Pension Savings Fund,KBC,en,2022-08-21,0
epargne_pension,Épargne-pension,KBC Pension Savings Fund,KBC,en,2022-08-28,0
epargne_pension,Épargne-pension,KBC Pension Savings Fund,KBC,en,2022-09-04,0
epargne_pension,Épargne-pension,KBC Pension Savings Fund,KBC,en,2022-09-11,0
epargne_pension,Épargne-pension,KBC Pension Savings Fund,KBC,en,2022-09-18,0
epargne_pension,Épargne-pension,KBC Pension Savings Fund,KBC,en,2022-09-25,0
epargne_pension,Épargne-pension,KBC Pension Savings Fund,KBC,en,2022-10-02,0
epargne_pension,Épargne-pension,KBC Pension Savings Fund,KBC,en,2022-10-09,0
epargne_pension,Épargne-pension,KBC Pension Savings Fund,KBC,en,2022-10-16,0
epargne_pension,Épargne-pension,KBC Pension Savings Fund,KBC,en,2022-10-23,0
epargne_pension,Épargne-pension,KBC Pension Savings Fund,KBC,en,2022-10-30,0
epargne_pension,Épargne-pension,KBC Pension Savings Fund,KBC,en,2022-11-06,0
epargne_pension,Épargne-pension,KBC Pension Savings Fund,KBC,en,2022-11-13,0
epargne_pension,Épargne-pension,KBC Pension Savings Fund,KBC,en,2022-11-20,0
epargne_pension,Épargne-pension,KBC Pension Savings Fund,KBC,en,2022-11-27,0
epargne_pension,Épargne-pension,KBC Pension Savings Fund,KBC,en,2022-12-04,0
epargne_pension,Épargne-pension,KBC Pension Savings Fund,KBC,en,2022-12-11,0
epargne_pension,Épargne-pension,KBC Pension Savings Fund,KBC,en,2022-12-18,0
epargne_pension,Épargne-pension,KBC Pension Savings Fund,KBC,en,2022-12-25,0
epargne_pension,Épargne-pension,KBC Pension Savings Fund,KBC,en,2023-01-01,0
epargne_pension,Épargne-pension,KBC Pension Savings Fund,KBC,en,2023-01-08,0
epargne_pension,Épargne-pension,KBC Pension Savings Fund,KBC,en,2023-01-15,0
epargne_pension,Épargne-pension,KBC Pension Savings Fund,KBC,en,2023-01-22,0
epargne_pension,Épargne-pension,KBC Pension Savings Fund,KBC,en,2023-01-29,0
epargne_pension,Épargne-pension,KBC Pension Savings Fund,KBC,en,2023-02-05,0
epargne_pension,Épargne-pension,KBC Pension Savings Fund,KBC,en,2023-02-12,0
epargne_pension,Épargne-pension,KBC Pension Savings Fund,KBC,en,2023-02-19,0
epargne_pension,Épargne-pension,KBC Pension Savings Fund,KBC,en,2023-02-26,0
epargne_pension,Épargne-pension,KBC Pension Savings Fund,KBC,en,2023-03-05,0
epargne_pension,Épargne-pension,KBC Pension Savings Fund,KBC,en,2023-03-12,0
epargne_pension,Épargne-pension,KBC Pension Savings Fund,KBC,en,2023-03-19,0
epargne_pension,Épargne-pension,KBC Pension Savings Fund,KBC,en,2023-03-26,0
epargne_pension,Épargne-pension,KBC Pension Savings Fund,KBC,en,2023-04-02,0
epargne_pension,Épargne-pension,KBC Pension Savings Fund,KBC,en,2023-04-09,0
epargne_pension,Épargne-pension,KBC Pension Savings Fund,KBC,en,2023-04-16,0
epargne_pension,Épargne-pension,KBC Pension Savings Fund,KBC,en,2023-04-23,0
epargne_pension,Épargne-pension,KBC Pension Savings Fund,KBC,en,2023-04-30,0
epargne_pension,Épargne-pension,KBC Pension Savings Fund,KBC,en,2023-05-07,0
epargne_pension,Épargne-pension,KBC Pension Savings Fund,KBC,en,2023-05-14,0
epargne_pension,Épargne-pension,KBC Pension Savings Fund,KBC,en,2023-05-21,0
epargne_pension,Épargne-pension,KBC Pension Savings Fund,KBC,en,2023-05-28,0
epargne_pension,Épargne-pension,KBC Pension Savings Fund,KBC,en,2023-06-04,0
epargne_pension,Épargne-pension,KBC Pension Savings Fund,KBC,en,2023-06-11,0
epargne_pension,Épargne-pension,KBC Pension Savings Fund,KBC,en,2023-06-18,0
epargne_pension,Épargne-pension,KBC Pension Savings Fund,KBC,en,2023-06-25,0
epargne_pension,Épargne-pension,KBC Pension Savings Fund,KBC,en,2023-07-02,0
epargne_pension,Épargne-pension,KBC Pension Savings Fund,KBC,en,2023-07-09,0
epargne_pension,Épargne-pension,KBC Pension Savings Fund,KBC,en,2023-07-16,0
epargne_pension,Épargne-pension,KBC Pension Savings Fund,KBC,en,2023-07-23,0
epargne_pension,Épargne-pension,KBC Pension Savings Fund,KBC,en,2023-07-30,0
epargne_pension,Épargne-pension,KBC Pension Savings Fund,KBC,en,2023-08-06,0
epargne_pension,Épargne-pension,KBC Pension Savings Fund,KBC,en,2023-08-13,0
epargne_pension,Épargne-pension,KBC Pension Savings Fund,KBC,en,2023-08-20,0
epargne_pension,Épargne-pension,KBC Pension Savings Fund,KBC,en,2023-08-27,0
epargne_pension,Épargne-pension,KBC Pension Savings Fund,KBC,en,2023-09-03,0
epargne_pension,Épargne-pension,KBC Pension Savings Fund,KBC,en,2023-09-10,0
epargne_pension,Épargne-pension,KBC Pension Savings Fund,KBC,en,2023-09-17,0
epargne_pension,Épargne-pension,KBC Pension Savings Fund,KBC,en,2023-09-24,0
epargne_pension,Épargne-pension,KBC Pension Savings Fund,KBC,en,2023-10-01,0
epargne_pension,Épargne-pension,KBC Pension Savings Fund,KBC,en,2023-10-08,0
epargne_pension,Épargne-pension,KBC Pension Savings Fund,KBC,en,2023-10-15,0
epargne_pension,Épargne-pension,KBC Pension Savings Fund,KBC,en,2023-10-22,0
epargne_pension,Épargne-pension,KBC Pension Savings Fund,KBC,en,2023-10-29,0
epargne_pension,Épargne-pension,KBC Pension Savings Fund,KBC,en,2023-11-05,0
epargne_pension,Épargne-pension,KBC Pension Savings Fund,KBC,en,2023-11-12,0
epargne_pension,Épargne-pension,KBC Pension Savings Fund,KBC,en,2023-11-19,0
epargne_pension,Épargne-pension,KBC Pension Savings Fund,KBC,en,2023-11-26,0
epargne_pension,Épargne-pension,KBC Pension Savings Fund,KBC,en,2023-12-03,0
epargne_pension,Épargne-pension,KBC Pension Savings Fund,KBC,en,2023-12-10,0
epargne_pension,Épargne-pension,KBC Pension Savings Fund,KBC,en,2023-12-17,0
epargne_pension,Épargne-pension,KBC Pension Savings Fund,KBC,en,2023-12-24,0
epargne_pension,Épargne-pension,KBC Pension Savings Fund,KBC,en,2023-12-31,0
epargne_pension,Épargne-pension,KBC Pension Savings Fund,KBC,en,2024-01-07,0
epargne_pension,Épargne-pension,KBC Pension Savings Fund,KBC,en,2024-01-14,0
epargne_pension,Épargne-pension,KBC Pension Savings Fund,KBC,en,2024-01-21,0
epargne_pension,Épargne-pension,KBC Pension Savings Fund,KBC,en,2024-01-28,0
epargne_pension,Épargne-pension,KBC Pension Savings Fund,KBC,en,2024-02-04,0
epargne_pension,Épargne-pension,KBC Pension Savings Fund,KBC,en,2024-02-11,0
epargne_pension,Épargne-pension,KBC Pension Savings Fund,KBC,en,2024-02-18,0
epargne_pension,Épargne-pension,KBC Pension Savings Fund,KBC,en,2024-02-25,0
epargne_pension,Épargne-pension,KBC Pension Savings Fund,KBC,en,2024-03-03,0
epargne_pension,Épargne-pension,KBC Pension Savings Fund,KBC,en,2024-03-10,0
epargne_pension,Épargne-pension,KBC Pension Savings Fund,KBC,en,2024-03-17,0
epargne_pension,Épargne-pension,KBC Pension Savings Fund,KBC,en,2024-03-24,0
epargne_pension,Épargne-pension,KBC Pension Savings Fund,KBC,en,2024-03-31,0
epargne_pension,Épargne-pension,KBC Pension Savings Fund,KBC,en,2024-04-07,0
epargne_pension,Épargne-pension,KBC Pension Savings Fund,KBC,en,2024-04-14,0
epargne_pension,Épargne-pension,KBC Pension Savings Fund,KBC,en,2024-04-21,0
epargne_pension,Épargne-pension,KBC Pension Savings Fund,KBC,en,2024-04-28,0
epargne_pension,Épargne-pension,KBC Pension Savings Fund,KBC,en,2024-05-05,0
epargne_pension,Épargne-pension,KBC Pension Savings Fund,KBC,en,2024-05-12,0
epargne_pension,Épargne-pension,KBC Pension Savings Fund,KBC,en,2024-05-19,0
epargne_pension,Épargne-pension,KBC Pension Savings Fund,KBC,en,2024-05-26,0
epargne_pension,Épargne-pension,KBC Pension Savings Fund,KBC,en,2024-06-02,0
epargne_pension,Épargne-pension,KBC Pension Savings Fund,KBC,en,2024-06-09,0
epargne_pension,Épargne-pension,KBC Pension Savings Fund,KBC,en,2024-06-16,0
epargne_pension,Épargne-pension,KBC Pension Savings Fund,KBC,en,2024-06-23,0
epargne_pension,Épargne-pension,KBC Pension Savings Fund,KBC,en,2024-06-30,0
epargne_pension,Épargne-pension,KBC Pension Savings Fund,KBC,en,2024-07-07,0
epargne_pension,Épargne-pension,KBC Pension Savings Fund,KBC,en,2024-07-14,0
epargne_pension,Épargne-pension,KBC Pension Savings Fund,KBC,en,2024-07-21,0
epargne_pension,Épargne-pension,KBC Pension Savings Fund,KBC,en,2024-07-28,0
epargne_pension,Épargne-pension,KBC Pension Savings Fund,KBC,en,2024-08-04,0
epargne_pension,Épargne-pension,KBC Pension Savings Fund,KBC,en,2024-08-11,0
epargne_pension,Épargne-pension,KBC Pension Savings Fund,KBC,en,2024-08-18,0
epargne_pension,Épargne-pension,KBC Pension Savings Fund,KBC,en,2024-08-25,0
epargne_pension,Épargne-pension,KBC Pension Savings Fund,KBC,en,2024-09-01,0
epargne_pension,Épargne-pension,KBC Pension Savings Fund,KBC,en,2024-09-08,0
epargne_pension,Épargne-pension,KBC Pension Savings Fund,KBC,en,2024-09-15,0
epargne_pension,Épargne-pension,KBC Pension Savings Fund,KBC,en,2024-09-22,0
epargne_pension,Épargne-pension,KBC Pension Savings Fund,KBC,en,2024-09-29,0
epargne_pension,Épargne-pension,KBC Pension Savings Fund,KBC,en,2024-10-06,0
epargne_pension,Épargne-pension,KBC Pension Savings Fund,KBC,en,2024-10-13,0
epargne_pension,Épargne-pension,KBC Pension Savings Fund,KBC,en,2024-10-20,0
epargne_pension,Épargne-pension,KBC Pension Savings Fund,KBC,en,2024-10-27,0
epargne_pension,Épargne-pension,KBC Pension Savings Fund,KBC,en,2024-11-03,0
epargne_pension,Épargne-pension,KBC Pension Savings Fund,KBC,en,2024-11-10,0
epargne_pension,Épargne-pension,KBC Pension Savings Fund,KBC,en,2024-11-17,0
epargne_pension,Épargne-pension,KBC Pension Savings Fund,KBC,en,2024-11-24,0
epargne_pension,Épargne-pension,KBC Pension Savings Fund,KBC,en,2024-12-01,0
epargne_pension,Épargne-pension,KBC Pension Savings Fund,KBC,en,2024-12-08,0
epargne_pension,Épargne-pension,KBC Pension Savings Fund,KBC,en,2024-12-15,0
epargne_pension,Épargne-pension,KBC Pension Savings Fund,KBC,en,2024-12-22,0
epargne_pension,Épargne-pension,KBC Pension Savings Fund,KBC,en,2024-12-29,0
epargne_pension,Épargne-pension,KBC Pension Savings Fund,KBC,en,2025-01-05,0
epargne_pension,Épargne-pension,KBC Pension Savings Fund,KBC,en,2025-01-12,0
epargne_pension,Épargne-pension,KBC Pension Savings Fund,KBC,en,2025-01-19,0
epargne_pension,Épargne-pension,KBC Pension Savings Fund,KBC,en,2025-01-26,0
epargne_pension,Épargne-pension,KBC Pension Savings Fund,KBC,en,2025-02-02,0
epargne_pension,Épargne-pension,KBC Pension Savings Fund,KBC,en,2025-02-09,0
epargne_pension,Épargne-pension,KBC Pension Savings Fund,KBC,en,2025-02-16,0
epargne_pension,Épargne-pension,KBC Pension Savings Fund,KBC,en,2025-02-23,0
epargne_pension,Épargne-pension,KBC Pension Savings Fund,KBC,en,2025-03-02,0
epargne_pension,Épargne-pension,KBC Pension Savings Fund,KBC,en,2025-03-09,0
epargne_pension,Épargne-pension,KBC Pension Savings Fund,KBC,en,2025-03-16,0
epargne_pension,Épargne-pension,KBC Pension Savings Fund,KBC,en,2025-03-23,0
epargne_pension,Épargne-pension,KBC Pension Savings Fund,KBC,en,2025-03-30,0
epargne_pension,Épargne-pension,KBC Pension Savings Fund,KBC,en,2025-04-06,0
epargne_pension,Épargne-pension,KBC Pension Savings Fund,KBC,en,2025-04-13,0
epargne_pension,Épargne-pension,KBC Pension Savings Fund,KBC,en,2025-04-20,0
epargne_pension,Épargne-pension,KBC Pension Savings Fund,KBC,en,2025-04-27,0
epargne_pension,Épargne-pension,KBC Pension Savings Fund,KBC,en,2025-05-04,0
epargne_pension,Épargne-pension,KBC Pension Savings Fund,KBC,en,2025-05-11,0
epargne_pension,Épargne-pension,KBC Pension Savings Fund,KBC,en,2025-05-18,0
epargne_pension,Épargne-pension,KBC Pension Savings Fund,KBC,en,2025-05-25,0
epargne_pension,Épargne-pension,KBC Pension Savings Fund,KBC,en,2025-06-01,0
epargne_pension,Épargne-pension,KBC Pension Savings Fund,KBC,en,2025-06-08,0
epargne_pension,Épargne-pension,KBC Pension Savings Fund,KBC,en,2025-06-15,0
epargne_pension,Épargne-pension,KBC Pension Savings Fund,KBC,en,2025-06-22,0
epargne_pension,Épargne-pension,KBC Pension Savings Fund,KBC,en,2025-06-29,0
epargne_pension,Épargne-pension,KBC Pension Savings Fund,KBC,en,2025-07-06,0
epargne_pension,Épargne-pension,KBC Pension Savings Fund,KBC,en,2025-07-13,0
epargne_pension,Épargne-pension,KBC Pension Savings Fund,KBC,en,2025-07-20,0
epargne_pension,Épargne-pension,KBC Pension Savings Fund,KBC,en,2025-07-27,0
epargne_pension,Épargne-pension,KBC Pension Savings Fund,KBC,en,2025-08-03,0
epargne_pension,Épargne-pension,KBC Pension Savings Fund,KBC,en,2025-08-10,0
epargne_pension,Épargne-pension,KBC Pension Savings Fund,KBC,en,2025-08-17,0
epargne_pension,Épargne-pension,KBC Pension Savings Fund,KBC,en,2025-08-24,0
epargne_pension,Épargne-pension,KBC Pension Savings Fund,KBC,en,2025-08-31,0
epargne_pension,Épargne-pension,KBC Pension Savings Fund,KBC,en,2025-09-07,0
epargne_pension,Épargne-pension,KBC Pension Savings Fund,KBC,en,2025-09-14,0
epargne_pension,Épargne-pension,KBC Pension Savings Fund,KBC,en,2025-09-21,0
epargne_pension,Épargne-pension,KBC Pension Savings Fund,KBC,en,2025-09-28,0
epargne_pension,Épargne-pension,KBC Pension Savings Fund,KBC,en,2025-10-05,0
epargne_pension,Épargne-pension,KBC Pension Savings Fund,KBC,en,2025-10-12,0
epargne_pension,Épargne-pension,KBC Pension Savings Fund,KBC,en,2025-10-19,0
epargne_pension,Épargne-pension,KBC Pension Savings Fund,KBC,en,2025-10-26,0
epargne_pension,Épargne-pension,KBC Pension Savings Fund,KBC,en,2025-11-02,0
epargne_pension,Épargne-pension,KBC Pension Savings Fund,KBC,en,2025-11-09,0
epargne_pension,Épargne-pension,KBC Pension Savings Fund,KBC,en,2025-11-16,0
epargne_pension,Épargne-pension,KBC Pension Savings Fund,KBC,en,2025-11-23,0
epargne_pension,Épargne-pension,KBC Pension Savings Fund,KBC,en,2025-11-30,0
epargne_pension,Épargne-pension,KBC Pension Savings Fund,KBC,en,2025-12-07,0
epargne_pension,Épargne-pension,KBC Pension Savings Fund,KBC,en,2025-12-14,0
epargne_pension,Épargne-pension,KBC Pension Savings Fund,KBC,en,2025-12-21,0
epargne_pension,Épargne-pension,KBC Pension Savings Fund,KBC,en,2025-12-28,0
epargne_pension,Épargne-pension,KBC Pension Savings Fund,KBC,en,2026-01-04,0
epargne_pension,Épargne-pension,KBC Pension Savings Fund,KBC,en,2026-01-11,0
epargne_pension,Épargne-pension,KBC Pension Savings Fund,KBC,en,2026-01-18,0
epargne_pension,Épargne-pension,KBC Pension Savings Fund,KBC,en,2026-01-25,0
epargne_pension,Épargne-pension,KBC Pension Savings Fund,KBC,en,2026-02-01,0
epargne_pension,Épargne-pension,KBC Pension Savings Fund,KBC,en,2026-02-08,0
epargne_pension,Épargne-pension,KBC Pension Savings Fund,KBC,en,2026-02-15,0
epargne_pension,Épargne-pension,KBC Pension Savings Fund,KBC,en,2026-02-22,0
epargne_pension,Épargne-pension,KBC Pension Savings Fund,KBC,en,2026-03-01,0
epargne_pension,Épargne-pension,KBC Pension Savings Fund,KBC,en,2026-03-08,0
epargne_pension,Épargne-pension,KBC Pension Savings Fund,KBC,en,2026-03-15,0
epargne_pension,Épargne-pension,KBC Pension Savings Fund,KBC,en,2026-03-22,0
epargne_pension,Épargne-pension,KBC Pension Savings Fund,KBC,en,2026-03-29,0
epargne_pension,Épargne-pension,KBC Pension Savings Fund,KBC,en,2026-04-05,0
epargne_pension,Épargne-pension,KBC Pension Savings Fund,KBC,en,2026-04-12,0
epargne_pension,Épargne-pension,KBC Pension Savings Fund,KBC,en,2026-04-19,0
epargne_pension,Épargne-pension,KBC Pension Savings Fund,KBC,en,2026-04-26,0
epargne_pension,Épargne-pension,KBC Pension Savings Fund,KBC,en,2026-05-03,0
epargne_pension,Épargne-pension,KBC Pension Savings Fund,KBC,en,2026-05-10,0
epargne_pension,Épargne-pension,KBC Pension Savings Fund,KBC,en,2026-05-17,0
epargne_pension,Épargne-pension,KBC Pension Savings Fund,KBC,en,2026-05-24,0
epargne_pension,Épargne-pension,KBC Pension Savings Fund,KBC,en,2026-05-31,0
epargne_pension,Épargne-pension,KBC Pension Savings Fund,KBC,en,2026-06-07,0
epargne_pension,Épargne-pension,KBC Pension Savings Fund,KBC,en,2026-06-14,0
epargne_pension,Épargne-pension,KBC Pension Savings Fund,KBC,en,2026-06-21,0
epargne_pension,Épargne-pension,KBC Pension Savings Fund,KBC,en,2026-06-28,0
epargne_pension,Épargne-pension,KBC Pension Savings Fund,KBC,en,2026-07-05,0
epargne_pension,Épargne-pension,KBC Pension Savings Fund,KBC,en,2026-07-12,0
epargne_pension,Épargne-pension,KBC Pension Savings Fund,KBC,en,2026-07-19,0
epargne_pension,Épargne-pension,KBC Pension Savings Fund,KBC,en,2026-07-26,0
epargne_pension,Épargne-pension,KBC Pension Savings Fund,KBC,en,2026-08-02,0
epargne_pension,Épargne-pension,KBC Pension Savings Fund,KBC,en,2026-08-09,0
epargne_pension,Épargne-pension,KBC Pension Savings Fund,KBC,en,2026-08-16,0
epargne_pension,Épargne-pension,KBC Pension Savings Fund,KBC,en,2026-08-23,0
epargne_pension,Épargne-pension,KBC Pension Savings Fund,KBC,en,2026-08-30,6
epargne_pension,Épargne-pension,KBC Pension Savings Fund,KBC,en,2026-09-06,5
epargne_pension,Épargne-pension,KBC Pension Savings Fund,KBC,en,2026-09-13,0
epargne_pension,Épargne-pension,KBC pensioensparen,KBC,nl,2021-09-12,0
epargne_pension,Épargne-pension,KBC pensioensparen,KBC,nl,2021-09-19,0
epargne_pension,Épargne-pension,KBC pensioensparen,KBC,nl,2021-09-26,54
epargne_pension,Épargne-pension,KBC pensioensparen,KBC,nl,2021-10-03,0
epargne_pension,Épargne-pension,KBC pensioensparen,KBC,nl,2021-10-10,0
epargne_pension,Épargne-pension,KBC pensioensparen,KBC,nl,2021-10-17,0
epargne_pension,Épargne-pension,KBC pensioensparen,KBC,nl,2021-10-24,0
epargne_pension,Épargne-pension,KBC pensioensparen,KBC,nl,2021-10-31,0
epargne_pension,Épargne-pension,KBC pensioensparen,KBC,nl,2021-11-07,0
epargne_pension,Épargne-pension,KBC pensioensparen,KBC,nl,2021-11-14,0
epargne_pension,Épargne-pension,KBC pensioensparen,KBC,nl,2021-11-21,0
epargne_pension,Épargne-pension,KBC pensioensparen,KBC,nl,2021-11-28,49
epargne_pension,Épargne-pension,KBC pensioensparen,KBC,nl,2021-12-05,0
epargne_pension,Épargne-pension,KBC pensioensparen,KBC,nl,2021-12-12,0
epargne_pension,Épargne-pension,KBC pensioensparen,KBC,nl,2021-12-19,0
epargne_pension,Épargne-pension,KBC pensioensparen,KBC,nl,2021-12-26,0
epargne_pension,Épargne-pension,KBC pensioensparen,KBC,nl,2022-01-02,76
epargne_pension,Épargne-pension,KBC pensioensparen,KBC,nl,2022-01-09,0
epargne_pension,Épargne-pension,KBC pensioensparen,KBC,nl,2022-01-16,0
epargne_pension,Épargne-pension,KBC pensioensparen,KBC,nl,2022-01-23,0
epargne_pension,Épargne-pension,KBC pensioensparen,KBC,nl,2022-01-30,0
epargne_pension,Épargne-pension,KBC pensioensparen,KBC,nl,2022-02-06,0
epargne_pension,Épargne-pension,KBC pensioensparen,KBC,nl,2022-02-13,0
epargne_pension,Épargne-pension,KBC pensioensparen,KBC,nl,2022-02-20,39
epargne_pension,Épargne-pension,KBC pensioensparen,KBC,nl,2022-02-27,0
epargne_pension,Épargne-pension,KBC pensioensparen,KBC,nl,2022-03-06,0
epargne_pension,Épargne-pension,KBC pensioensparen,KBC,nl,2022-03-13,0
epargne_pension,Épargne-pension,KBC pensioensparen,KBC,nl,2022-03-20,0
epargne_pension,Épargne-pension,KBC pensioensparen,KBC,nl,2022-03-27,0
epargne_pension,Épargne-pension,KBC pensioensparen,KBC,nl,2022-04-03,0
epargne_pension,Épargne-pension,KBC pensioensparen,KBC,nl,2022-04-10,0
epargne_pension,Épargne-pension,KBC pensioensparen,KBC,nl,2022-04-17,0
epargne_pension,Épargne-pension,KBC pensioensparen,KBC,nl,2022-04-24,0
epargne_pension,Épargne-pension,KBC pensioensparen,KBC,nl,2022-05-01,0
epargne_pension,Épargne-pension,KBC pensioensparen,KBC,nl,2022-05-08,0
epargne_pension,Épargne-pension,KBC pensioensparen,KBC,nl,2022-05-15,0
epargne_pension,Épargne-pension,KBC pensioensparen,KBC,nl,2022-05-22,0
epargne_pension,Épargne-pension,KBC pensioensparen,KBC,nl,2022-05-29,0
epargne_pension,Épargne-pension,KBC pensioensparen,KBC,nl,2022-06-05,45
epargne_pension,Épargne-pension,KBC pensioensparen,KBC,nl,2022-06-12,0
epargne_pension,Épargne-pension,KBC pensioensparen,KBC,nl,2022-06-19,0
epargne_pension,Épargne-pension,KBC pensioensparen,KBC,nl,2022-06-26,0
epargne_pension,Épargne-pension,KBC pensioensparen,KBC,nl,2022-07-03,51
epargne_pension,Épargne-pension,KBC pensioensparen,KBC,nl,2022-07-10,0
epargne_pension,Épargne-pension,KBC pensioensparen,KBC,nl,2022-07-17,0
epargne_pension,Épargne-pension,KBC pensioensparen,KBC,nl,2022-07-24,0
epargne_pension,Épargne-pension,KBC pensioensparen,KBC,nl,2022-07-31,0
epargne_pension,Épargne-pension,KBC pensioensparen,KBC,nl,2022-08-07,0
epargne_pension,Épargne-pension,KBC pensioensparen,KBC,nl,2022-08-14,0
epargne_pension,Épargne-pension,KBC pensioensparen,KBC,nl,2022-08-21,0
epargne_pension,Épargne-pension,KBC pensioensparen,KBC,nl,2022-08-28,0
epargne_pension,Épargne-pension,KBC pensioensparen,KBC,nl,2022-09-04,0
epargne_pension,Épargne-pension,KBC pensioensparen,KBC,nl,2022-09-11,0
epargne_pension,Épargne-pension,KBC pensioensparen,KBC,nl,2022-09-18,0
epargne_pension,Épargne-pension,KBC pensioensparen,KBC,nl,2022-09-25,0
epargne_pension,Épargne-pension,KBC pensioensparen,KBC,nl,2022-10-02,0
epargne_pension,Épargne-pension,KBC pensioensparen,KBC,nl,2022-10-09,0
epargne_pension,Épargne-pension,KBC pensioensparen,KBC,nl,2022-10-16,0
epargne_pension,Épargne-pension,KBC pensioensparen,KBC,nl,2022-10-23,0
epargne_pension,Épargne-pension,KBC pensioensparen,KBC,nl,2022-10-30,0
epargne_pension,Épargne-pension,KBC pensioensparen,KBC,nl,2022-11-06,0
epargne_pension,Épargne-pension,KBC pensioensparen,KBC,nl,2022-11-13,0
epargne_pension,Épargne-pension,KBC pensioensparen,KBC,nl,2022-11-20,0
epargne_pension,Épargne-pension,KBC pensioensparen,KBC,nl,2022-11-27,0
epargne_pension,Épargne-pension,KBC pensioensparen,KBC,nl,2022-12-04,0
epargne_pension,Épargne-pension,KBC pensioensparen,KBC,nl,2022-12-11,0
epargne_pension,Épargne-pension,KBC pensioensparen,KBC,nl,2022-12-18,0
epargne_pension,Épargne-pension,KBC pensioensparen,KBC,nl,2022-12-25,77
epargne_pension,Épargne-pension,KBC pensioensparen,KBC,nl,2023-01-01,0
epargne_pension,Épargne-pension,KBC pensioensparen,KBC,nl,2023-01-08,0
epargne_pension,Épargne-pension,KBC pensioensparen,KBC,nl,2023-01-15,0
epargne_pension,Épargne-pension,KBC pensioensparen,KBC,nl,2023-01-22,0
epargne_pension,Épargne-pension,KBC pensioensparen,KBC,nl,2023-01-29,0
epargne_pension,Épargne-pension,KBC pensioensparen,KBC,nl,2023-02-05,0
epargne_pension,Épargne-pension,KBC pensioensparen,KBC,nl,2023-02-12,0
epargne_pension,Épargne-pension,KBC pensioensparen,KBC,nl,2023-02-19,0
epargne_pension,Épargne-pension,KBC pensioensparen,KBC,nl,2023-02-26,0
epargne_pension,Épargne-pension,KBC pensioensparen,KBC,nl,2023-03-05,0
epargne_pension,Épargne-pension,KBC pensioensparen,KBC,nl,2023-03-12,0
epargne_pension,Épargne-pension,KBC pensioensparen,KBC,nl,2023-03-19,0
epargne_pension,Épargne-pension,KBC pensioensparen,KBC,nl,2023-03-26,0
epargne_pension,Épargne-pension,KBC pensioensparen,KBC,nl,2023-04-02,0
epargne_pension,Épargne-pension,KBC pensioensparen,KBC,nl,2023-04-09,0
epargne_pension,Épargne-pension,KBC pensioensparen,KBC,nl,2023-04-16,0
epargne_pension,Épargne-pension,KBC pensioensparen,KBC,nl,2023-04-23,0
epargne_pension,Épargne-pension,KBC pensioensparen,KBC,nl,2023-04-30,0
epargne_pension,Épargne-pension,KBC pensioensparen,KBC,nl,2023-05-07,0
epargne_pension,Épargne-pension,KBC pensioensparen,KBC,nl,2023-05-14,0
epargne_pension,Épargne-pension,KBC pensioensparen,KBC,nl,2023-05-21,0
epargne_pension,Épargne-pension,KBC pensioensparen,KBC,nl,2023-05-28,42
epargne_pension,Épargne-pension,KBC pensioensparen,KBC,nl,2023-06-04,0
epargne_pension,Épargne-pension,KBC pensioensparen,KBC,nl,2023-06-11,0
epargne_pension,Épargne-pension,KBC pensioensparen,KBC,nl,2023-06-18,0
epargne_pension,Épargne-pension,KBC pensioensparen,KBC,nl,2023-06-25,0
epargne_pension,Épargne-pension,KBC pensioensparen,KBC,nl,2023-07-02,0
epargne_pension,Épargne-pension,KBC pensioensparen,KBC,nl,2023-07-09,0
epargne_pension,Épargne-pension,KBC pensioensparen,KBC,nl,2023-07-16,0
epargne_pension,Épargne-pension,KBC pensioensparen,KBC,nl,2023-07-23,0
epargne_pension,Épargne-pension,KBC pensioensparen,KBC,nl,2023-07-30,59
epargne_pension,Épargne-pension,KBC pensioensparen,KBC,nl,2023-08-06,0
epargne_pension,Épargne-pension,KBC pensioensparen,KBC,nl,2023-08-13,0
epargne_pension,Épargne-pension,KBC pensioensparen,KBC,nl,2023-08-20,0
epargne_pension,Épargne-pension,KBC pensioensparen,KBC,nl,2023-08-27,0
epargne_pension,Épargne-pension,KBC pensioensparen,KBC,nl,2023-09-03,0
epargne_pension,Épargne-pension,KBC pensioensparen,KBC,nl,2023-09-10,0
epargne_pension,Épargne-pension,KBC pensioensparen,KBC,nl,2023-09-17,0
epargne_pension,Épargne-pension,KBC pensioensparen,KBC,nl,2023-09-24,0
epargne_pension,Épargne-pension,KBC pensioensparen,KBC,nl,2023-10-01,0
epargne_pension,Épargne-pension,KBC pensioensparen,KBC,nl,2023-10-08,0
epargne_pension,Épargne-pension,KBC pensioensparen,KBC,nl,2023-10-15,0
epargne_pension,Épargne-pension,KBC pensioensparen,KBC,nl,2023-10-22,0
epargne_pension,Épargne-pension,KBC pensioensparen,KBC,nl,2023-10-29,0
epargne_pension,Épargne-pension,KBC pensioensparen,KBC,nl,2023-11-05,0
epargne_pension,Épargne-pension,KBC pensioensparen,KBC,nl,2023-11-12,0
epargne_pension,Épargne-pension,KBC pensioensparen,KBC,nl,2023-11-19,0
epargne_pension,Épargne-pension,KBC pensioensparen,KBC,nl,2023-11-26,48
epargne_pension,Épargne-pension,KBC pensioensparen,KBC,nl,2023-12-03,0
epargne_pension,Épargne-pension,KBC pensioensparen,KBC,nl,2023-12-10,0
epargne_pension,Épargne-pension,KBC pensioensparen,KBC,nl,2023-12-17,0
epargne_pension,Épargne-pension,KBC pensioensparen,KBC,nl,2023-12-24,0
epargne_pension,Épargne-pension,KBC pensioensparen,KBC,nl,2023-12-31,0
epargne_pension,Épargne-pension,KBC pensioensparen,KBC,nl,2024-01-07,0
epargne_pension,Épargne-pension,KBC pensioensparen,KBC,nl,2024-01-14,0
epargne_pension,Épargne-pension,KBC pensioensparen,KBC,nl,2024-01-21,0
epargne_pension,Épargne-pension,KBC pensioensparen,KBC,nl,2024-01-28,0
epargne_pension,Épargne-pension,KBC pensioensparen,KBC,nl,2024-02-04,0
epargne_pension,Épargne-pension,KBC pensioensparen,KBC,nl,2024-02-11,0
epargne_pension,Épargne-pension,KBC pensioensparen,KBC,nl,2024-02-18,0
epargne_pension,Épargne-pension,KBC pensioensparen,KBC,nl,2024-02-25,0
epargne_pension,Épargne-pension,KBC pensioensparen,KBC,nl,2024-03-03,0
epargne_pension,Épargne-pension,KBC pensioensparen,KBC,nl,2024-03-10,0
epargne_pension,Épargne-pension,KBC pensioensparen,KBC,nl,2024-03-17,0
epargne_pension,Épargne-pension,KBC pensioensparen,KBC,nl,2024-03-24,0
epargne_pension,Épargne-pension,KBC pensioensparen,KBC,nl,2024-03-31,0
epargne_pension,Épargne-pension,KBC pensioensparen,KBC,nl,2024-04-07,0
epargne_pension,Épargne-pension,KBC pensioensparen,KBC,nl,2024-04-14,0
epargne_pension,Épargne-pension,KBC pensioensparen,KBC,nl,2024-04-21,0
epargne_pension,Épargne-pension,KBC pensioensparen,KBC,nl,2024-04-28,0
epargne_pension,Épargne-pension,KBC pensioensparen,KBC,nl,2024-05-05,0
epargne_pension,Épargne-pension,KBC pensioensparen,KBC,nl,2024-05-12,49
epargne_pension,Épargne-pension,KBC pensioensparen,KBC,nl,2024-05-19,0
epargne_pension,Épargne-pension,KBC pensioensparen,KBC,nl,2024-05-26,58
epargne_pension,Épargne-pension,KBC pensioensparen,KBC,nl,2024-06-02,0
epargne_pension,Épargne-pension,KBC pensioensparen,KBC,nl,2024-06-09,0
epargne_pension,Épargne-pension,KBC pensioensparen,KBC,nl,2024-06-16,0
epargne_pension,Épargne-pension,KBC pensioensparen,KBC,nl,2024-06-23,0
epargne_pension,Épargne-pension,KBC pensioensparen,KBC,nl,2024-06-30,0
epargne_pension,Épargne-pension,KBC pensioensparen,KBC,nl,2024-07-07,0
epargne_pension,Épargne-pension,KBC pensioensparen,KBC,nl,2024-07-14,0
epargne_pension,Épargne-pension,KBC pensioensparen,KBC,nl,2024-07-21,0
epargne_pension,Épargne-pension,KBC pensioensparen,KBC,nl,2024-07-28,0
epargne_pension,Épargne-pension,KBC pensioensparen,KBC,nl,2024-08-04,0
epargne_pension,Épargne-pension,KBC pensioensparen,KBC,nl,2024-08-11,0
epargne_pension,Épargne-pension,KBC pensioensparen,KBC,nl,2024-08-18,0
epargne_pension,Épargne-pension,KBC pensioensparen,KBC,nl,2024-08-25,0
epargne_pension,Épargne-pension,KBC pensioensparen,KBC,nl,2024-09-01,0
epargne_pension,Épargne-pension,KBC pensioensparen,KBC,nl,2024-09-08,0
epargne_pension,Épargne-pension,KBC pensioensparen,KBC,nl,2024-09-15,0
epargne_pension,Épargne-pension,KBC pensioensparen,KBC,nl,2024-09-22,0
epargne_pension,Épargne-pension,KBC pensioensparen,KBC,nl,2024-09-29,0
epargne_pension,Épargne-pension,KBC pensioensparen,KBC,nl,2024-10-06,0
epargne_pension,Épargne-pension,KBC pensioensparen,KBC,nl,2024-10-13,0
epargne_pension,Épargne-pension,KBC pensioensparen,KBC,nl,2024-10-20,0
epargne_pension,Épargne-pension,KBC pensioensparen,KBC,nl,2024-10-27,0
epargne_pension,Épargne-pension,KBC pensioensparen,KBC,nl,2024-11-03,0
epargne_pension,Épargne-pension,KBC pensioensparen,KBC,nl,2024-11-10,0
epargne_pension,Épargne-pension,KBC pensioensparen,KBC,nl,2024-11-17,0
epargne_pension,Épargne-pension,KBC pensioensparen,KBC,nl,2024-11-24,61
epargne_pension,Épargne-pension,KBC pensioensparen,KBC,nl,2024-12-01,0
epargne_pension,Épargne-pension,KBC pensioensparen,KBC,nl,2024-12-08,52
epargne_pension,Épargne-pension,KBC pensioensparen,KBC,nl,2024-12-15,0
epargne_pension,Épargne-pension,KBC pensioensparen,KBC,nl,2024-12-22,67
epargne_pension,Épargne-pension,KBC pensioensparen,KBC,nl,2024-12-29,0
epargne_pension,Épargne-pension,KBC pensioensparen,KBC,nl,2025-01-05,48
epargne_pension,Épargne-pension,KBC pensioensparen,KBC,nl,2025-01-12,0
epargne_pension,Épargne-pension,KBC pensioensparen,KBC,nl,2025-01-19,0
epargne_pension,Épargne-pension,KBC pensioensparen,KBC,nl,2025-01-26,0
epargne_pension,Épargne-pension,KBC pensioensparen,KBC,nl,2025-02-02,0
epargne_pension,Épargne-pension,KBC pensioensparen,KBC,nl,2025-02-09,0
epargne_pension,Épargne-pension,KBC pensioensparen,KBC,nl,2025-02-16,0
epargne_pension,Épargne-pension,KBC pensioensparen,KBC,nl,2025-02-23,0
epargne_pension,Épargne-pension,KBC pensioensparen,KBC,nl,2025-03-02,0
epargne_pension,Épargne-pension,KBC pensioensparen,KBC,nl,2025-03-09,0
epargne_pension,Épargne-pension,KBC pensioensparen,KBC,nl,2025-03-16,0
epargne_pension,Épargne-pension,KBC pensioensparen,KBC,nl,2025-03-23,0
epargne_pension,Épargne-pension,KBC pensioensparen,KBC,nl,2025-03-30,0
epargne_pension,Épargne-pension,KBC pensioensparen,KBC,nl,2025-04-06,0
epargne_pension,Épargne-pension,KBC pensioensparen,KBC,nl,2025-04-13,0
epargne_pension,Épargne-pension,KBC pensioensparen,KBC,nl,2025-04-20,0
epargne_pension,Épargne-pension,KBC pensioensparen,KBC,nl,2025-04-27,0
epargne_pension,Épargne-pension,KBC pensioensparen,KBC,nl,2025-05-04,0
epargne_pension,Épargne-pension,KBC pensioensparen,KBC,nl,2025-05-11,0
epargne_pension,Épargne-pension,KBC pensioensparen,KBC,nl,2025-05-18,61
epargne_pension,Épargne-pension,KBC pensioensparen,KBC,nl,2025-05-25,0
epargne_pension,Épargne-pension,KBC pensioensparen,KBC,nl,2025-06-01,0
epargne_pension,Épargne-pension,KBC pensioensparen,KBC,nl,2025-06-08,0
epargne_pension,Épargne-pension,KBC pensioensparen,KBC,nl,2025-06-15,0
epargne_pension,Épargne-pension,KBC pensioensparen,KBC,nl,2025-06-22,0
epargne_pension,Épargne-pension,KBC pensioensparen,KBC,nl,2025-06-29,0
epargne_pension,Épargne-pension,KBC pensioensparen,KBC,nl,2025-07-06,0
epargne_pension,Épargne-pension,KBC pensioensparen,KBC,nl,2025-07-13,0
epargne_pension,Épargne-pension,KBC pensioensparen,KBC,nl,2025-07-20,0
epargne_pension,Épargne-pension,KBC pensioensparen,KBC,nl,2025-07-27,0
epargne_pension,Épargne-pension,KBC pensioensparen,KBC,nl,2025-08-03,0
epargne_pension,Épargne-pension,KBC pensioensparen,KBC,nl,2025-08-10,0
epargne_pension,Épargne-pension,KBC pensioensparen,KBC,nl,2025-08-17,0
epargne_pension,Épargne-pension,KBC pensioensparen,KBC,nl,2025-08-24,0
epargne_pension,Épargne-pension,KBC pensioensparen,KBC,nl,2025-08-31,0
epargne_pension,Épargne-pension,KBC pensioensparen,KBC,nl,2025-09-07,0
epargne_pension,Épargne-pension,KBC pensioensparen,KBC,nl,2025-09-14,0
epargne_pension,Épargne-pension,KBC pensioensparen,KBC,nl,2025-09-21,0
epargne_pension,Épargne-pension,KBC pensioensparen,KBC,nl,2025-09-28,0
epargne_pension,Épargne-pension,KBC pensioensparen,KBC,nl,2025-10-05,0
epargne_pension,Épargne-pension,KBC pensioensparen,KBC,nl,2025-10-12,0
epargne_pension,Épargne-pension,KBC pensioensparen,KBC,nl,2025-10-19,0
epargne_pension,Épargne-pension,KBC pensioensparen,KBC,nl,2025-10-26,0
epargne_pension,Épargne-pension,KBC pensioensparen,KBC,nl,2025-11-02,0
epargne_pension,Épargne-pension,KBC pensioensparen,KBC,nl,2025-11-09,0
epargne_pension,Épargne-pension,KBC pensioensparen,KBC,nl,2025-11-16,0
epargne_pension,Épargne-pension,KBC pensioensparen,KBC,nl,2025-11-23,0
epargne_pension,Épargne-pension,KBC pensioensparen,KBC,nl,2025-11-30,0
epargne_pension,Épargne-pension,KBC pensioensparen,KBC,nl,2025-12-07,0
epargne_pension,Épargne-pension,KBC pensioensparen,KBC,nl,2025-12-14,0
epargne_pension,Épargne-pension,KBC pensioensparen,KBC,nl,2025-12-21,63
epargne_pension,Épargne-pension,KBC pensioensparen,KBC,nl,2025-12-28,0
epargne_pension,Épargne-pension,KBC pensioensparen,KBC,nl,2026-01-04,61
epargne_pension,Épargne-pension,KBC pensioensparen,KBC,nl,2026-01-11,0
epargne_pension,Épargne-pension,KBC pensioensparen,KBC,nl,2026-01-18,0
epargne_pension,Épargne-pension,KBC pensioensparen,KBC,nl,2026-01-25,49
epargne_pension,Épargne-pension,KBC pensioensparen,KBC,nl,2026-02-01,0
epargne_pension,Épargne-pension,KBC pensioensparen,KBC,nl,2026-02-08,0
epargne_pension,Épargne-pension,KBC pensioensparen,KBC,nl,2026-02-15,0
epargne_pension,Épargne-pension,KBC pensioensparen,KBC,nl,2026-02-22,0
epargne_pension,Épargne-pension,KBC pensioensparen,KBC,nl,2026-03-01,0
epargne_pension,Épargne-pension,KBC pensioensparen,KBC,nl,2026-03-08,0
epargne_pension,Épargne-pension,KBC pensioensparen,KBC,nl,2026-03-15,0
epargne_pension,Épargne-pension,KBC pensioensparen,KBC,nl,2026-03-22,0
epargne_pension,Épargne-pension,KBC pensioensparen,KBC,nl,2026-03-29,0
epargne_pension,Épargne-pension,KBC pensioensparen,KBC,nl,2026-04-05,0
epargne_pension,Épargne-pension,KBC pensioensparen,KBC,nl,2026-04-12,0
epargne_pension,Épargne-pension,KBC pensioensparen,KBC,nl,2026-04-19,0
epargne_pension,Épargne-pension,KBC pensioensparen,KBC,nl,2026-04-26,0
epargne_pension,Épargne-pension,KBC pensioensparen,KBC,nl,2026-05-03,0
epargne_pension,Épargne-pension,KBC pensioensparen,KBC,nl,2026-05-10,0
epargne_pension,Épargne-pension,KBC pensioensparen,KBC,nl,2026-05-17,0
epargne_pension,Épargne-pension,KBC pensioensparen,KBC,nl,2026-05-24,0
epargne_pension,Épargne-pension,KBC pensioensparen,KBC,nl,2026-05-31,0
epargne_pension,Épargne-pension,KBC pensioensparen,KBC,nl,2026-06-07,0
epargne_pension,Épargne-pension,KBC pensioensparen,KBC,nl,2026-06-14,0
epargne_pension,Épargne-pension,KBC pensioensparen,KBC,nl,2026-06-21,0
epargne_pension,Épargne-pension,KBC pensioensparen,KBC,nl,2026-06-28,0
epargne_pension,Épargne-pension,KBC pensioensparen,KBC,nl,2026-07-05,0
epargne_pension,Épargne-pension,KBC pensioensparen,KBC,nl,2026-07-12,0
epargne_pension,Épargne-pension,KBC pensioensparen,KBC,nl,2026-07-19,0
epargne_pension,Épargne-pension,KBC pensioensparen,KBC,nl,2026-07-26,0
epargne_pension,Épargne-pension,KBC pensioensparen,KBC,nl,2026-08-02,0
epargne_pension,Épargne-pension,KBC pensioensparen,KBC,nl,2026-08-09,0
epargne_pension,Épargne-pension,KBC pensioensparen,KBC,nl,2026-08-16,0
epargne_pension,Épargne-pension,KBC pensioensparen,KBC,nl,2026-08-23,0
epargne_pension,Épargne-pension,KBC pensioensparen,KBC,nl,2026-08-30,7
epargne_pension,Épargne-pension,KBC pensioensparen,KBC,nl,2026-09-06,13
epargne_pension,Épargne-pension,KBC pensioensparen,KBC,nl,2026-09-13,13
investissement_courtage,Investissement / courtage en ligne,Bolero,KBC,en,2021-09-12,53
investissement_courtage,Investissement / courtage en ligne,Bolero,KBC,en,2021-09-19,51
investissement_courtage,Investissement / courtage en ligne,Bolero,KBC,en,2021-09-26,59
investissement_courtage,Investissement / courtage en ligne,Bolero,KBC,en,2021-10-03,61
investissement_courtage,Investissement / courtage en ligne,Bolero,KBC,en,2021-10-10,53
investissement_courtage,Investissement / courtage en ligne,Bolero,KBC,en,2021-10-17,63
investissement_courtage,Investissement / courtage en ligne,Bolero,KBC,en,2021-10-24,69
investissement_courtage,Investissement / courtage en ligne,Bolero,KBC,en,2021-10-31,70
investissement_courtage,Investissement / courtage en ligne,Bolero,KBC,en,2021-11-07,70
investissement_courtage,Investissement / courtage en ligne,Bolero,KBC,en,2021-11-14,74
investissement_courtage,Investissement / courtage en ligne,Bolero,KBC,en,2021-11-21,69
investissement_courtage,Investissement / courtage en ligne,Bolero,KBC,en,2021-11-28,70
investissement_courtage,Investissement / courtage en ligne,Bolero,KBC,en,2021-12-05,68
investissement_courtage,Investissement / courtage en ligne,Bolero,KBC,en,2021-12-12,66
investissement_courtage,Investissement / courtage en ligne,Bolero,KBC,en,2021-12-19,64
investissement_courtage,Investissement / courtage en ligne,Bolero,KBC,en,2021-12-26,70
investissement_courtage,Investissement / courtage en ligne,Bolero,KBC,en,2022-01-02,100
investissement_courtage,Investissement / courtage en ligne,Bolero,KBC,en,2022-01-09,81
investissement_courtage,Investissement / courtage en ligne,Bolero,KBC,en,2022-01-16,74
investissement_courtage,Investissement / courtage en ligne,Bolero,KBC,en,2022-01-23,79
investissement_courtage,Investissement / courtage en ligne,Bolero,KBC,en,2022-01-30,77
investissement_courtage,Investissement / courtage en ligne,Bolero,KBC,en,2022-02-06,74
investissement_courtage,Investissement / courtage en ligne,Bolero,KBC,en,2022-02-13,66
investissement_courtage,Investissement / courtage en ligne,Bolero,KBC,en,2022-02-20,67
investissement_courtage,Investissement / courtage en ligne,Bolero,KBC,en,2022-02-27,76
investissement_courtage,Investissement / courtage en ligne,Bolero,KBC,en,2022-03-06,70
investissement_courtage,Investissement / courtage en ligne,Bolero,KBC,en,2022-03-13,73
investissement_courtage,Investissement / courtage en ligne,Bolero,KBC,en,2022-03-20,74
investissement_courtage,Investissement / courtage en ligne,Bolero,KBC,en,2022-03-27,66
investissement_courtage,Investissement / courtage en ligne,Bolero,KBC,en,2022-04-03,72
investissement_courtage,Investissement / courtage en ligne,Bolero,KBC,en,2022-04-10,51
investissement_courtage,Investissement / courtage en ligne,Bolero,KBC,en,2022-04-17,55
investissement_courtage,Investissement / courtage en ligne,Bolero,KBC,en,2022-04-24,61
investissement_courtage,Investissement / courtage en ligne,Bolero,KBC,en,2022-05-01,58
investissement_courtage,Investissement / courtage en ligne,Bolero,KBC,en,2022-05-08,59
investissement_courtage,Investissement / courtage en ligne,Bolero,KBC,en,2022-05-15,57
investissement_courtage,Investissement / courtage en ligne,Bolero,KBC,en,2022-05-22,51
investissement_courtage,Investissement / courtage en ligne,Bolero,KBC,en,2022-05-29,53
investissement_courtage,Investissement / courtage en ligne,Bolero,KBC,en,2022-06-05,51
investissement_courtage,Investissement / courtage en ligne,Bolero,KBC,en,2022-06-12,56
investissement_courtage,Investissement / courtage en ligne,Bolero,KBC,en,2022-06-19,51
investissement_courtage,Investissement / courtage en ligne,Bolero,KBC,en,2022-06-26,52
investissement_courtage,Investissement / courtage en ligne,Bolero,KBC,en,2022-07-03,55
investissement_courtage,Investissement / courtage en ligne,Bolero,KBC,en,2022-07-10,48
investissement_courtage,Investissement / courtage en ligne,Bolero,KBC,en,2022-07-17,45
investissement_courtage,Investissement / courtage en ligne,Bolero,KBC,en,2022-07-24,55
investissement_courtage,Investissement / courtage en ligne,Bolero,KBC,en,2022-07-31,60
investissement_courtage,Investissement / courtage en ligne,Bolero,KBC,en,2022-08-07,60
investissement_courtage,Investissement / courtage en ligne,Bolero,KBC,en,2022-08-14,56
investissement_courtage,Investissement / courtage en ligne,Bolero,KBC,en,2022-08-21,48
investissement_courtage,Investissement / courtage en ligne,Bolero,KBC,en,2022-08-28,50
investissement_courtage,Investissement / courtage en ligne,Bolero,KBC,en,2022-09-04,46
investissement_courtage,Investissement / courtage en ligne,Bolero,KBC,en,2022-09-11,50
investissement_courtage,Investissement / courtage en ligne,Bolero,KBC,en,2022-09-18,42
investissement_courtage,Investissement / courtage en ligne,Bolero,KBC,en,2022-09-25,46
investissement_courtage,Investissement / courtage en ligne,Bolero,KBC,en,2022-10-02,40
investissement_courtage,Investissement / courtage en ligne,Bolero,KBC,en,2022-10-09,44
investissement_courtage,Investissement / courtage en ligne,Bolero,KBC,en,2022-10-16,44
investissement_courtage,Investissement / courtage en ligne,Bolero,KBC,en,2022-10-23,50
investissement_courtage,Investissement / courtage en ligne,Bolero,KBC,en,2022-10-30,50
investissement_courtage,Investissement / courtage en ligne,Bolero,KBC,en,2022-11-06,48
investissement_courtage,Investissement / courtage en ligne,Bolero,KBC,en,2022-11-13,53
investissement_courtage,Investissement / courtage en ligne,Bolero,KBC,en,2022-11-20,46
investissement_courtage,Investissement / courtage en ligne,Bolero,KBC,en,2022-11-27,45
investissement_courtage,Investissement / courtage en ligne,Bolero,KBC,en,2022-12-04,50
investissement_courtage,Investissement / courtage en ligne,Bolero,KBC,en,2022-12-11,49
investissement_courtage,Investissement / courtage en ligne,Bolero,KBC,en,2022-12-18,43
investissement_courtage,Investissement / courtage en ligne,Bolero,KBC,en,2022-12-25,52
investissement_courtage,Investissement / courtage en ligne,Bolero,KBC,en,2023-01-01,66
investissement_courtage,Investissement / courtage en ligne,Bolero,KBC,en,2023-01-08,66
investissement_courtage,Investissement / courtage en ligne,Bolero,KBC,en,2023-01-15,57
investissement_courtage,Investissement / courtage en ligne,Bolero,KBC,en,2023-01-22,62
investissement_courtage,Investissement / courtage en ligne,Bolero,KBC,en,2023-01-29,61
investissement_courtage,Investissement / courtage en ligne,Bolero,KBC,en,2023-02-05,55
investissement_courtage,Investissement / courtage en ligne,Bolero,KBC,en,2023-02-12,59
investissement_courtage,Investissement / courtage en ligne,Bolero,KBC,en,2023-02-19,60
investissement_courtage,Investissement / courtage en ligne,Bolero,KBC,en,2023-02-26,58
investissement_courtage,Investissement / courtage en ligne,Bolero,KBC,en,2023-03-05,63
investissement_courtage,Investissement / courtage en ligne,Bolero,KBC,en,2023-03-12,62
investissement_courtage,Investissement / courtage en ligne,Bolero,KBC,en,2023-03-19,50
investissement_courtage,Investissement / courtage en ligne,Bolero,KBC,en,2023-03-26,57
investissement_courtage,Investissement / courtage en ligne,Bolero,KBC,en,2023-04-02,49
investissement_courtage,Investissement / courtage en ligne,Bolero,KBC,en,2023-04-09,52
investissement_courtage,Investissement / courtage en ligne,Bolero,KBC,en,2023-04-16,53
investissement_courtage,Investissement / courtage en ligne,Bolero,KBC,en,2023-04-23,51
investissement_courtage,Investissement / courtage en ligne,Bolero,KBC,en,2023-04-30,55
investissement_courtage,Investissement / courtage en ligne,Bolero,KBC,en,2023-05-07,49
investissement_courtage,Investissement / courtage en ligne,Bolero,KBC,en,2023-05-14,54
investissement_courtage,Investissement / courtage en ligne,Bolero,KBC,en,2023-05-21,55
investissement_courtage,Investissement / courtage en ligne,Bolero,KBC,en,2023-05-28,66
investissement_courtage,Investissement / courtage en ligne,Bolero,KBC,en,2023-06-04,61
investissement_courtage,Investissement / courtage en ligne,Bolero,KBC,en,2023-06-11,61
investissement_courtage,Investissement / courtage en ligne,Bolero,KBC,en,2023-06-18,54
investissement_courtage,Investissement / courtage en ligne,Bolero,KBC,en,2023-06-25,53
investissement_courtage,Investissement / courtage en ligne,Bolero,KBC,en,2023-07-02,49
investissement_courtage,Investissement / courtage en ligne,Bolero,KBC,en,2023-07-09,52
investissement_courtage,Investissement / courtage en ligne,Bolero,KBC,en,2023-07-16,46
investissement_courtage,Investissement / courtage en ligne,Bolero,KBC,en,2023-07-23,55
investissement_courtage,Investissement / courtage en ligne,Bolero,KBC,en,2023-07-30,54
investissement_courtage,Investissement / courtage en ligne,Bolero,KBC,en,2023-08-06,53
investissement_courtage,Investissement / courtage en ligne,Bolero,KBC,en,2023-08-13,46
investissement_courtage,Investissement / courtage en ligne,Bolero,KBC,en,2023-08-20,64
investissement_courtage,Investissement / courtage en ligne,Bolero,KBC,en,2023-08-27,71
investissement_courtage,Investissement / courtage en ligne,Bolero,KBC,en,2023-09-03,54
investissement_courtage,Investissement / courtage en ligne,Bolero,KBC,en,2023-09-10,54
investissement_courtage,Investissement / courtage en ligne,Bolero,KBC,en,2023-09-17,47
investissement_courtage,Investissement / courtage en ligne,Bolero,KBC,en,2023-09-24,43
investissement_courtage,Investissement / courtage en ligne,Bolero,KBC,en,2023-10-01,51
investissement_courtage,Investissement / courtage en ligne,Bolero,KBC,en,2023-10-08,50
investissement_courtage,Investissement / courtage en ligne,Bolero,KBC,en,2023-10-15,43
investissement_courtage,Investissement / courtage en ligne,Bolero,KBC,en,2023-10-22,45
investissement_courtage,Investissement / courtage en ligne,Bolero,KBC,en,2023-10-29,50
investissement_courtage,Investissement / courtage en ligne,Bolero,KBC,en,2023-11-05,46
investissement_courtage,Investissement / courtage en ligne,Bolero,KBC,en,2023-11-12,50
investissement_courtage,Investissement / courtage en ligne,Bolero,KBC,en,2023-11-19,55
investissement_courtage,Investissement / courtage en ligne,Bolero,KBC,en,2023-11-26,52
investissement_courtage,Investissement / courtage en ligne,Bolero,KBC,en,2023-12-03,59
investissement_courtage,Investissement / courtage en ligne,Bolero,KBC,en,2023-12-10,64
investissement_courtage,Investissement / courtage en ligne,Bolero,KBC,en,2023-12-17,66
investissement_courtage,Investissement / courtage en ligne,Bolero,KBC,en,2023-12-24,59
investissement_courtage,Investissement / courtage en ligne,Bolero,KBC,en,2023-12-31,72
investissement_courtage,Investissement / courtage en ligne,Bolero,KBC,en,2024-01-07,60
investissement_courtage,Investissement / courtage en ligne,Bolero,KBC,en,2024-01-14,58
investissement_courtage,Investissement / courtage en ligne,Bolero,KBC,en,2024-01-21,67
investissement_courtage,Investissement / courtage en ligne,Bolero,KBC,en,2024-01-28,66
investissement_courtage,Investissement / courtage en ligne,Bolero,KBC,en,2024-02-04,66
investissement_courtage,Investissement / courtage en ligne,Bolero,KBC,en,2024-02-11,65
investissement_courtage,Investissement / courtage en ligne,Bolero,KBC,en,2024-02-18,74
investissement_courtage,Investissement / courtage en ligne,Bolero,KBC,en,2024-02-25,81
investissement_courtage,Investissement / courtage en ligne,Bolero,KBC,en,2024-03-03,86
investissement_courtage,Investissement / courtage en ligne,Bolero,KBC,en,2024-03-10,77
investissement_courtage,Investissement / courtage en ligne,Bolero,KBC,en,2024-03-17,77
investissement_courtage,Investissement / courtage en ligne,Bolero,KBC,en,2024-03-24,68
investissement_courtage,Investissement / courtage en ligne,Bolero,KBC,en,2024-03-31,69
investissement_courtage,Investissement / courtage en ligne,Bolero,KBC,en,2024-04-07,65
investissement_courtage,Investissement / courtage en ligne,Bolero,KBC,en,2024-04-14,58
investissement_courtage,Investissement / courtage en ligne,Bolero,KBC,en,2024-04-21,61
investissement_courtage,Investissement / courtage en ligne,Bolero,KBC,en,2024-04-28,68
investissement_courtage,Investissement / courtage en ligne,Bolero,KBC,en,2024-05-05,60
investissement_courtage,Investissement / courtage en ligne,Bolero,KBC,en,2024-05-12,65
investissement_courtage,Investissement / courtage en ligne,Bolero,KBC,en,2024-05-19,73
investissement_courtage,Investissement / courtage en ligne,Bolero,KBC,en,2024-05-26,62
investissement_courtage,Investissement / courtage en ligne,Bolero,KBC,en,2024-06-02,60
investissement_courtage,Investissement / courtage en ligne,Bolero,KBC,en,2024-06-09,56
investissement_courtage,Investissement / courtage en ligne,Bolero,KBC,en,2024-06-16,51
investissement_courtage,Investissement / courtage en ligne,Bolero,KBC,en,2024-06-23,55
investissement_courtage,Investissement / courtage en ligne,Bolero,KBC,en,2024-06-30,62
investissement_courtage,Investissement / courtage en ligne,Bolero,KBC,en,2024-07-07,63
investissement_courtage,Investissement / courtage en ligne,Bolero,KBC,en,2024-07-14,61
investissement_courtage,Investissement / courtage en ligne,Bolero,KBC,en,2024-07-21,65
investissement_courtage,Investissement / courtage en ligne,Bolero,KBC,en,2024-07-28,61
investissement_courtage,Investissement / courtage en ligne,Bolero,KBC,en,2024-08-04,69
investissement_courtage,Investissement / courtage en ligne,Bolero,KBC,en,2024-08-11,56
investissement_courtage,Investissement / courtage en ligne,Bolero,KBC,en,2024-08-18,56
investissement_courtage,Investissement / courtage en ligne,Bolero,KBC,en,2024-08-25,62
investissement_courtage,Investissement / courtage en ligne,Bolero,KBC,en,2024-09-01,65
investissement_courtage,Investissement / courtage en ligne,Bolero,KBC,en,2024-09-08,72
investissement_courtage,Investissement / courtage en ligne,Bolero,KBC,en,2024-09-15,63
investissement_courtage,Investissement / courtage en ligne,Bolero,KBC,en,2024-09-22,67
investissement_courtage,Investissement / courtage en ligne,Bolero,KBC,en,2024-09-29,67
investissement_courtage,Investissement / courtage en ligne,Bolero,KBC,en,2024-10-06,61
investissement_courtage,Investissement / courtage en ligne,Bolero,KBC,en,2024-10-13,60
investissement_courtage,Investissement / courtage en ligne,Bolero,KBC,en,2024-10-20,62
investissement_courtage,Investissement / courtage en ligne,Bolero,KBC,en,2024-10-27,72
investissement_courtage,Investissement / courtage en ligne,Bolero,KBC,en,2024-11-03,70
investissement_courtage,Investissement / courtage en ligne,Bolero,KBC,en,2024-11-10,73
investissement_courtage,Investissement / courtage en ligne,Bolero,KBC,en,2024-11-17,64
investissement_courtage,Investissement / courtage en ligne,Bolero,KBC,en,2024-11-24,66
investissement_courtage,Investissement / courtage en ligne,Bolero,KBC,en,2024-12-01,69
investissement_courtage,Investissement / courtage en ligne,Bolero,KBC,en,2024-12-08,70
investissement_courtage,Investissement / courtage en ligne,Bolero,KBC,en,2024-12-15,75
investissement_courtage,Investissement / courtage en ligne,Bolero,KBC,en,2024-12-22,63
investissement_courtage,Investissement / courtage en ligne,Bolero,KBC,en,2024-12-29,81
investissement_courtage,Investissement / courtage en ligne,Bolero,KBC,en,2025-01-05,84
investissement_courtage,Investissement / courtage en ligne,Bolero,KBC,en,2025-01-12,71
investissement_courtage,Investissement / courtage en ligne,Bolero,KBC,en,2025-01-19,80
investissement_courtage,Investissement / courtage en ligne,Bolero,KBC,en,2025-01-26,77
investissement_courtage,Investissement / courtage en ligne,Bolero,KBC,en,2025-02-02,74
investissement_courtage,Investissement / courtage en ligne,Bolero,KBC,en,2025-02-09,80
investissement_courtage,Investissement / courtage en ligne,Bolero,KBC,en,2025-02-16,81
investissement_courtage,Investissement / courtage en ligne,Bolero,KBC,en,2025-02-23,70
investissement_courtage,Investissement / courtage en ligne,Bolero,KBC,en,2025-03-02,71
investissement_courtage,Investissement / courtage en ligne,Bolero,KBC,en,2025-03-09,67
investissement_courtage,Investissement / courtage en ligne,Bolero,KBC,en,2025-03-16,63
investissement_courtage,Investissement / courtage en ligne,Bolero,KBC,en,2025-03-23,66
investissement_courtage,Investissement / courtage en ligne,Bolero,KBC,en,2025-03-30,66
investissement_courtage,Investissement / courtage en ligne,Bolero,KBC,en,2025-04-06,93
investissement_courtage,Investissement / courtage en ligne,Bolero,KBC,en,2025-04-13,61
investissement_courtage,Investissement / courtage en ligne,Bolero,KBC,en,2025-04-20,51
investissement_courtage,Investissement / courtage en ligne,Bolero,KBC,en,2025-04-27,57
investissement_courtage,Investissement / courtage en ligne,Bolero,KBC,en,2025-05-04,65
investissement_courtage,Investissement / courtage en ligne,Bolero,KBC,en,2025-05-11,73
investissement_courtage,Investissement / courtage en ligne,Bolero,KBC,en,2025-05-18,75
investissement_courtage,Investissement / courtage en ligne,Bolero,KBC,en,2025-05-25,66
investissement_courtage,Investissement / courtage en ligne,Bolero,KBC,en,2025-06-01,62
investissement_courtage,Investissement / courtage en ligne,Bolero,KBC,en,2025-06-08,73
investissement_courtage,Investissement / courtage en ligne,Bolero,KBC,en,2025-06-15,61
investissement_courtage,Investissement / courtage en ligne,Bolero,KBC,en,2025-06-22,67
investissement_courtage,Investissement / courtage en ligne,Bolero,KBC,en,2025-06-29,75
investissement_courtage,Investissement / courtage en ligne,Bolero,KBC,en,2025-07-06,76
investissement_courtage,Investissement / courtage en ligne,Bolero,KBC,en,2025-07-13,66
investissement_courtage,Investissement / courtage en ligne,Bolero,KBC,en,2025-07-20,68
investissement_courtage,Investissement / courtage en ligne,Bolero,KBC,en,2025-07-27,85
investissement_courtage,Investissement / courtage en ligne,Bolero,KBC,en,2025-08-03,76
investissement_courtage,Investissement / courtage en ligne,Bolero,KBC,en,2025-08-10,68
investissement_courtage,Investissement / courtage en ligne,Bolero,KBC,en,2025-08-17,64
investissement_courtage,Investissement / courtage en ligne,Bolero,KBC,en,2025-08-24,63
investissement_courtage,Investissement / courtage en ligne,Bolero,KBC,en,2025-08-31,55
investissement_courtage,Investissement / courtage en ligne,Bolero,KBC,en,2025-09-07,68
investissement_courtage,Investissement / courtage en ligne,Bolero,KBC,en,2025-09-14,56
investissement_courtage,Investissement / courtage en ligne,Bolero,KBC,en,2025-09-21,71
investissement_courtage,Investissement / courtage en ligne,Bolero,KBC,en,2025-09-28,77
investissement_courtage,Investissement / courtage en ligne,Bolero,KBC,en,2025-10-05,84
investissement_courtage,Investissement / courtage en ligne,Bolero,KBC,en,2025-10-12,82
investissement_courtage,Investissement / courtage en ligne,Bolero,KBC,en,2025-10-19,72
investissement_courtage,Investissement / courtage en ligne,Bolero,KBC,en,2025-10-26,76
investissement_courtage,Investissement / courtage en ligne,Bolero,KBC,en,2025-11-02,66
investissement_courtage,Investissement / courtage en ligne,Bolero,KBC,en,2025-11-09,58
investissement_courtage,Investissement / courtage en ligne,Bolero,KBC,en,2025-11-16,66
investissement_courtage,Investissement / courtage en ligne,Bolero,KBC,en,2025-11-23,59
investissement_courtage,Investissement / courtage en ligne,Bolero,KBC,en,2025-11-30,62
investissement_courtage,Investissement / courtage en ligne,Bolero,KBC,en,2025-12-07,61
investissement_courtage,Investissement / courtage en ligne,Bolero,KBC,en,2025-12-14,70
investissement_courtage,Investissement / courtage en ligne,Bolero,KBC,en,2025-12-21,60
investissement_courtage,Investissement / courtage en ligne,Bolero,KBC,en,2025-12-28,90
investissement_courtage,Investissement / courtage en ligne,Bolero,KBC,en,2026-01-04,87
investissement_courtage,Investissement / courtage en ligne,Bolero,KBC,en,2026-01-11,95
investissement_courtage,Investissement / courtage en ligne,Bolero,KBC,en,2026-01-18,88
investissement_courtage,Investissement / courtage en ligne,Bolero,KBC,en,2026-01-25,81
investissement_courtage,Investissement / courtage en ligne,Bolero,KBC,en,2026-02-01,80
investissement_courtage,Investissement / courtage en ligne,Bolero,KBC,en,2026-02-08,75
investissement_courtage,Investissement / courtage en ligne,Bolero,KBC,en,2026-02-15,71
investissement_courtage,Investissement / courtage en ligne,Bolero,KBC,en,2026-02-22,76
investissement_courtage,Investissement / courtage en ligne,Bolero,KBC,en,2026-03-01,74
investissement_courtage,Investissement / courtage en ligne,Bolero,KBC,en,2026-03-08,67
investissement_courtage,Investissement / courtage en ligne,Bolero,KBC,en,2026-03-15,66
investissement_courtage,Investissement / courtage en ligne,Bolero,KBC,en,2026-03-22,71
investissement_courtage,Investissement / courtage en ligne,Bolero,KBC,en,2026-03-29,54
investissement_courtage,Investissement / courtage en ligne,Bolero,KBC,en,2026-04-05,54
investissement_courtage,Investissement / courtage en ligne,Bolero,KBC,en,2026-04-12,66
investissement_courtage,Investissement / courtage en ligne,Bolero,KBC,en,2026-04-19,67
investissement_courtage,Investissement / courtage en ligne,Bolero,KBC,en,2026-04-26,52
investissement_courtage,Investissement / courtage en ligne,Bolero,KBC,en,2026-05-03,69
investissement_courtage,Investissement / courtage en ligne,Bolero,KBC,en,2026-05-10,70
investissement_courtage,Investissement / courtage en ligne,Bolero,KBC,en,2026-05-17,69
investissement_courtage,Investissement / courtage en ligne,Bolero,KBC,en,2026-05-24,81
investissement_courtage,Investissement / courtage en ligne,Bolero,KBC,en,2026-05-31,81
investissement_courtage,Investissement / courtage en ligne,Bolero,KBC,en,2026-06-07,87
investissement_courtage,Investissement / courtage en ligne,Bolero,KBC,en,2026-06-14,70
investissement_courtage,Investissement / courtage en ligne,Bolero,KBC,en,2026-06-21,64
investissement_courtage,Investissement / courtage en ligne,Bolero,KBC,en,2026-06-28,65
investissement_courtage,Investissement / courtage en ligne,Bolero,KBC,en,2026-07-05,62
investissement_courtage,Investissement / courtage en ligne,Bolero,KBC,en,2026-07-12,59
investissement_courtage,Investissement / courtage en ligne,Bolero,KBC,en,2026-07-19,52
investissement_courtage,Investissement / courtage en ligne,Bolero,KBC,en,2026-07-26,59
investissement_courtage,Investissement / courtage en ligne,Bolero,KBC,en,2026-08-02,67
investissement_courtage,Investissement / courtage en ligne,Bolero,KBC,en,2026-08-09,59
investissement_courtage,Investissement / courtage en ligne,Bolero,KBC,en,2026-08-16,79
investissement_courtage,Investissement / courtage en ligne,Bolero,KBC,en,2026-08-23,60
investissement_courtage,Investissement / courtage en ligne,Bolero,KBC,en,2026-08-30,59
investissement_courtage,Investissement / courtage en ligne,Bolero,KBC,en,2026-09-06,54
investissement_courtage,Investissement / courtage en ligne,Bolero,KBC,en,2026-09-13,49
marque_generique,Marque (recherche générique),KBC,KBC,en,2021-09-12,64
marque_generique,Marque (recherche générique),KBC,KBC,en,2021-09-19,69
marque_generique,Marque (recherche générique),KBC,KBC,en,2021-09-26,72
marque_generique,Marque (recherche générique),KBC,KBC,en,2021-10-03,75
marque_generique,Marque (recherche générique),KBC,KBC,en,2021-10-10,75
marque_generique,Marque (recherche générique),KBC,KBC,en,2021-10-17,72
marque_generique,Marque (recherche générique),KBC,KBC,en,2021-10-24,68
marque_generique,Marque (recherche générique),KBC,KBC,en,2021-10-31,65
marque_generique,Marque (recherche générique),KBC,KBC,en,2021-11-07,63
marque_generique,Marque (recherche générique),KBC,KBC,en,2021-11-14,69
marque_generique,Marque (recherche générique),KBC,KBC,en,2021-11-21,63
marque_generique,Marque (recherche générique),KBC,KBC,en,2021-11-28,67
marque_generique,Marque (recherche générique),KBC,KBC,en,2021-12-05,76
marque_generique,Marque (recherche générique),KBC,KBC,en,2021-12-12,76
marque_generique,Marque (recherche générique),KBC,KBC,en,2021-12-19,69
marque_generique,Marque (recherche générique),KBC,KBC,en,2021-12-26,64
marque_generique,Marque (recherche générique),KBC,KBC,en,2022-01-02,77
marque_generique,Marque (recherche générique),KBC,KBC,en,2022-01-09,74
marque_generique,Marque (recherche générique),KBC,KBC,en,2022-01-16,73
marque_generique,Marque (recherche générique),KBC,KBC,en,2022-01-23,67
marque_generique,Marque (recherche générique),KBC,KBC,en,2022-01-30,82
marque_generique,Marque (recherche générique),KBC,KBC,en,2022-02-06,75
marque_generique,Marque (recherche générique),KBC,KBC,en,2022-02-13,70
marque_generique,Marque (recherche générique),KBC,KBC,en,2022-02-20,79
marque_generique,Marque (recherche générique),KBC,KBC,en,2022-02-27,83
marque_generique,Marque (recherche générique),KBC,KBC,en,2022-03-06,83
marque_generique,Marque (recherche générique),KBC,KBC,en,2022-03-13,75
marque_generique,Marque (recherche générique),KBC,KBC,en,2022-03-20,74
marque_generique,Marque (recherche générique),KBC,KBC,en,2022-03-27,76
marque_generique,Marque (recherche générique),KBC,KBC,en,2022-04-03,74
marque_generique,Marque (recherche générique),KBC,KBC,en,2022-04-10,68
marque_generique,Marque (recherche générique),KBC,KBC,en,2022-04-17,67
marque_generique,Marque (recherche générique),KBC,KBC,en,2022-04-24,70
marque_generique,Marque (recherche générique),KBC,KBC,en,2022-05-01,71
marque_generique,Marque (recherche générique),KBC,KBC,en,2022-05-08,75
marque_generique,Marque (recherche générique),KBC,KBC,en,2022-05-15,69
marque_generique,Marque (recherche générique),KBC,KBC,en,2022-05-22,64
marque_generique,Marque (recherche générique),KBC,KBC,en,2022-05-29,75
marque_generique,Marque (recherche générique),KBC,KBC,en,2022-06-05,70
marque_generique,Marque (recherche générique),KBC,KBC,en,2022-06-12,75
marque_generique,Marque (recherche générique),KBC,KBC,en,2022-06-19,70
marque_generique,Marque (recherche générique),KBC,KBC,en,2022-06-26,82
marque_generique,Marque (recherche générique),KBC,KBC,en,2022-07-03,81
marque_generique,Marque (recherche générique),KBC,KBC,en,2022-07-10,75
marque_generique,Marque (recherche générique),KBC,KBC,en,2022-07-17,62
marque_generique,Marque (recherche générique),KBC,KBC,en,2022-07-24,66
marque_generique,Marque (recherche générique),KBC,KBC,en,2022-07-31,71
marque_generique,Marque (recherche générique),KBC,KBC,en,2022-08-07,64
marque_generique,Marque (recherche générique),KBC,KBC,en,2022-08-14,62
marque_generique,Marque (recherche générique),KBC,KBC,en,2022-08-21,70
marque_generique,Marque (recherche générique),KBC,KBC,en,2022-08-28,72
marque_generique,Marque (recherche générique),KBC,KBC,en,2022-09-04,73
marque_generique,Marque (recherche générique),KBC,KBC,en,2022-09-11,79
marque_generique,Marque (recherche générique),KBC,KBC,en,2022-09-18,68
marque_generique,Marque (recherche générique),KBC,KBC,en,2022-09-25,71
marque_generique,Marque (recherche générique),KBC,KBC,en,2022-10-02,75
marque_generique,Marque (recherche générique),KBC,KBC,en,2022-10-09,68
marque_generique,Marque (recherche générique),KBC,KBC,en,2022-10-16,69
marque_generique,Marque (recherche générique),KBC,KBC,en,2022-10-23,76
marque_generique,Marque (recherche générique),KBC,KBC,en,2022-10-30,60
marque_generique,Marque (recherche générique),KBC,KBC,en,2022-11-06,65
marque_generique,Marque (recherche générique),KBC,KBC,en,2022-11-13,74
marque_generique,Marque (recherche générique),KBC,KBC,en,2022-11-20,62
marque_generique,Marque (recherche générique),KBC,KBC,en,2022-11-27,69
marque_generique,Marque (recherche générique),KBC,KBC,en,2022-12-04,69
marque_generique,Marque (recherche générique),KBC,KBC,en,2022-12-11,70
marque_generique,Marque (recherche générique),KBC,KBC,en,2022-12-18,73
marque_generique,Marque (recherche générique),KBC,KBC,en,2022-12-25,66
marque_generique,Marque (recherche générique),KBC,KBC,en,2023-01-01,79
marque_generique,Marque (recherche générique),KBC,KBC,en,2023-01-08,77
marque_generique,Marque (recherche générique),KBC,KBC,en,2023-01-15,73
marque_generique,Marque (recherche générique),KBC,KBC,en,2023-01-22,74
marque_generique,Marque (recherche générique),KBC,KBC,en,2023-01-29,75
marque_generique,Marque (recherche générique),KBC,KBC,en,2023-02-05,76
marque_generique,Marque (recherche générique),KBC,KBC,en,2023-02-12,71
marque_generique,Marque (recherche générique),KBC,KBC,en,2023-02-19,68
marque_generique,Marque (recherche générique),KBC,KBC,en,2023-02-26,71
marque_generique,Marque (recherche générique),KBC,KBC,en,2023-03-05,73
marque_generique,Marque (recherche générique),KBC,KBC,en,2023-03-12,79
marque_generique,Marque (recherche générique),KBC,KBC,en,2023-03-19,81
marque_generique,Marque (recherche générique),KBC,KBC,en,2023-03-26,71
marque_generique,Marque (recherche générique),KBC,KBC,en,2023-04-02,69
marque_generique,Marque (recherche générique),KBC,KBC,en,2023-04-09,62
marque_generique,Marque (recherche générique),KBC,KBC,en,2023-04-16,66
marque_generique,Marque (recherche générique),KBC,KBC,en,2023-04-23,67
marque_generique,Marque (recherche générique),KBC,KBC,en,2023-04-30,59
marque_generique,Marque (recherche générique),KBC,KBC,en,2023-05-07,63
marque_generique,Marque (recherche générique),KBC,KBC,en,2023-05-14,60
marque_generique,Marque (recherche générique),KBC,KBC,en,2023-05-21,74
marque_generique,Marque (recherche générique),KBC,KBC,en,2023-05-28,63
marque_generique,Marque (recherche générique),KBC,KBC,en,2023-06-04,63
marque_generique,Marque (recherche générique),KBC,KBC,en,2023-06-11,64
marque_generique,Marque (recherche générique),KBC,KBC,en,2023-06-18,65
marque_generique,Marque (recherche générique),KBC,KBC,en,2023-06-25,70
marque_generique,Marque (recherche générique),KBC,KBC,en,2023-07-02,79
marque_generique,Marque (recherche générique),KBC,KBC,en,2023-07-09,72
marque_generique,Marque (recherche générique),KBC,KBC,en,2023-07-16,57
marque_generique,Marque (recherche générique),KBC,KBC,en,2023-07-23,63
marque_generique,Marque (recherche générique),KBC,KBC,en,2023-07-30,65
marque_generique,Marque (recherche générique),KBC,KBC,en,2023-08-06,65
marque_generique,Marque (recherche générique),KBC,KBC,en,2023-08-13,58
marque_generique,Marque (recherche générique),KBC,KBC,en,2023-08-20,83
marque_generique,Marque (recherche générique),KBC,KBC,en,2023-08-27,90
marque_generique,Marque (recherche générique),KBC,KBC,en,2023-09-03,70
marque_generique,Marque (recherche générique),KBC,KBC,en,2023-09-10,60
marque_generique,Marque (recherche générique),KBC,KBC,en,2023-09-17,63
marque_generique,Marque (recherche générique),KBC,KBC,en,2023-09-24,64
marque_generique,Marque (recherche générique),KBC,KBC,en,2023-10-01,68
marque_generique,Marque (recherche générique),KBC,KBC,en,2023-10-08,61
marque_generique,Marque (recherche générique),KBC,KBC,en,2023-10-15,65
marque_generique,Marque (recherche générique),KBC,KBC,en,2023-10-22,66
marque_generique,Marque (recherche générique),KBC,KBC,en,2023-10-29,58
marque_generique,Marque (recherche générique),KBC,KBC,en,2023-11-05,63
marque_generique,Marque (recherche générique),KBC,KBC,en,2023-11-12,59
marque_generique,Marque (recherche générique),KBC,KBC,en,2023-11-19,67
marque_generique,Marque (recherche générique),KBC,KBC,en,2023-11-26,64
marque_generique,Marque (recherche générique),KBC,KBC,en,2023-12-03,67
marque_generique,Marque (recherche générique),KBC,KBC,en,2023-12-10,75
marque_generique,Marque (recherche générique),KBC,KBC,en,2023-12-17,72
marque_generique,Marque (recherche générique),KBC,KBC,en,2023-12-24,59
marque_generique,Marque (recherche générique),KBC,KBC,en,2023-12-31,68
marque_generique,Marque (recherche générique),KBC,KBC,en,2024-01-07,75
marque_generique,Marque (recherche générique),KBC,KBC,en,2024-01-14,71
marque_generique,Marque (recherche générique),KBC,KBC,en,2024-01-21,65
marque_generique,Marque (recherche générique),KBC,KBC,en,2024-01-28,70
marque_generique,Marque (recherche générique),KBC,KBC,en,2024-02-04,63
marque_generique,Marque (recherche générique),KBC,KBC,en,2024-02-11,62
marque_generique,Marque (recherche générique),KBC,KBC,en,2024-02-18,62
marque_generique,Marque (recherche générique),KBC,KBC,en,2024-02-25,69
marque_generique,Marque (recherche générique),KBC,KBC,en,2024-03-03,62
marque_generique,Marque (recherche générique),KBC,KBC,en,2024-03-10,57
marque_generique,Marque (recherche générique),KBC,KBC,en,2024-03-17,60
marque_generique,Marque (recherche générique),KBC,KBC,en,2024-03-24,66
marque_generique,Marque (recherche générique),KBC,KBC,en,2024-03-31,61
marque_generique,Marque (recherche générique),KBC,KBC,en,2024-04-07,59
marque_generique,Marque (recherche générique),KBC,KBC,en,2024-04-14,60
marque_generique,Marque (recherche générique),KBC,KBC,en,2024-04-21,59
marque_generique,Marque (recherche générique),KBC,KBC,en,2024-04-28,57
marque_generique,Marque (recherche générique),KBC,KBC,en,2024-05-05,53
marque_generique,Marque (recherche générique),KBC,KBC,en,2024-05-12,69
marque_generique,Marque (recherche générique),KBC,KBC,en,2024-05-19,52
marque_generique,Marque (recherche générique),KBC,KBC,en,2024-05-26,59
marque_generique,Marque (recherche générique),KBC,KBC,en,2024-06-02,59
marque_generique,Marque (recherche générique),KBC,KBC,en,2024-06-09,56
marque_generique,Marque (recherche générique),KBC,KBC,en,2024-06-16,50
marque_generique,Marque (recherche générique),KBC,KBC,en,2024-06-23,56
marque_generique,Marque (recherche générique),KBC,KBC,en,2024-06-30,61
marque_generique,Marque (recherche générique),KBC,KBC,en,2024-07-07,62
marque_generique,Marque (recherche générique),KBC,KBC,en,2024-07-14,57
marque_generique,Marque (recherche générique),KBC,KBC,en,2024-07-21,58
marque_generique,Marque (recherche générique),KBC,KBC,en,2024-07-28,54
marque_generique,Marque (recherche générique),KBC,KBC,en,2024-08-04,59
marque_generique,Marque (recherche générique),KBC,KBC,en,2024-08-11,53
marque_generique,Marque (recherche générique),KBC,KBC,en,2024-08-18,62
marque_generique,Marque (recherche générique),KBC,KBC,en,2024-08-25,64
marque_generique,Marque (recherche générique),KBC,KBC,en,2024-09-01,100
marque_generique,Marque (recherche générique),KBC,KBC,en,2024-09-08,76
marque_generique,Marque (recherche générique),KBC,KBC,en,2024-09-15,66
marque_generique,Marque (recherche générique),KBC,KBC,en,2024-09-22,67
marque_generique,Marque (recherche générique),KBC,KBC,en,2024-09-29,71
marque_generique,Marque (recherche générique),KBC,KBC,en,2024-10-06,57
marque_generique,Marque (recherche générique),KBC,KBC,en,2024-10-13,59
marque_generique,Marque (recherche générique),KBC,KBC,en,2024-10-20,60
marque_generique,Marque (recherche générique),KBC,KBC,en,2024-10-27,57
marque_generique,Marque (recherche générique),KBC,KBC,en,2024-11-03,59
marque_generique,Marque (recherche générique),KBC,KBC,en,2024-11-10,55
marque_generique,Marque (recherche générique),KBC,KBC,en,2024-11-17,56
marque_generique,Marque (recherche générique),KBC,KBC,en,2024-11-24,62
marque_generique,Marque (recherche générique),KBC,KBC,en,2024-12-01,60
marque_generique,Marque (recherche générique),KBC,KBC,en,2024-12-08,56
marque_generique,Marque (recherche générique),KBC,KBC,en,2024-12-15,64
marque_generique,Marque (recherche générique),KBC,KBC,en,2024-12-22,56
marque_generique,Marque (recherche générique),KBC,KBC,en,2024-12-29,62
marque_generique,Marque (recherche générique),KBC,KBC,en,2025-01-05,66
marque_generique,Marque (recherche générique),KBC,KBC,en,2025-01-12,54
marque_generique,Marque (recherche générique),KBC,KBC,en,2025-01-19,61
marque_generique,Marque (recherche générique),KBC,KBC,en,2025-01-26,62
marque_generique,Marque (recherche générique),KBC,KBC,en,2025-02-02,58
marque_generique,Marque (recherche générique),KBC,KBC,en,2025-02-09,58
marque_generique,Marque (recherche générique),KBC,KBC,en,2025-02-16,61
marque_generique,Marque (recherche générique),KBC,KBC,en,2025-02-23,65
marque_generique,Marque (recherche générique),KBC,KBC,en,2025-03-02,62
marque_generique,Marque (recherche générique),KBC,KBC,en,2025-03-09,61
marque_generique,Marque (recherche générique),KBC,KBC,en,2025-03-16,56
marque_generique,Marque (recherche générique),KBC,KBC,en,2025-03-23,52
marque_generique,Marque (recherche générique),KBC,KBC,en,2025-03-30,65
marque_generique,Marque (recherche générique),KBC,KBC,en,2025-04-06,68
marque_generique,Marque (recherche générique),KBC,KBC,en,2025-04-13,54
marque_generique,Marque (recherche générique),KBC,KBC,en,2025-04-20,58
marque_generique,Marque (recherche générique),KBC,KBC,en,2025-04-27,55
marque_generique,Marque (recherche générique),KBC,KBC,en,2025-05-04,59
marque_generique,Marque (recherche générique),KBC,KBC,en,2025-05-11,61
marque_generique,Marque (recherche générique),KBC,KBC,en,2025-05-18,61
marque_generique,Marque (recherche générique),KBC,KBC,en,2025-05-25,52
marque_generique,Marque (recherche générique),KBC,KBC,en,2025-06-01,57
marque_generique,Marque (recherche générique),KBC,KBC,en,2025-06-08,50
marque_generique,Marque (recherche générique),KBC,KBC,en,2025-06-15,58
marque_generique,Marque (recherche générique),KBC,KBC,en,2025-06-22,61
marque_generique,Marque (recherche générique),KBC,KBC,en,2025-06-29,65
marque_generique,Marque (recherche générique),KBC,KBC,en,2025-07-06,60
marque_generique,Marque (recherche générique),KBC,KBC,en,2025-07-13,60
marque_generique,Marque (recherche générique),KBC,KBC,en,2025-07-20,55
marque_generique,Marque (recherche générique),KBC,KBC,en,2025-07-27,61
marque_generique,Marque (recherche générique),KBC,KBC,en,2025-08-03,58
marque_generique,Marque (recherche générique),KBC,KBC,en,2025-08-10,56
marque_generique,Marque (recherche générique),KBC,KBC,en,2025-08-17,62
marque_generique,Marque (recherche générique),KBC,KBC,en,2025-08-24,60
marque_generique,Marque (recherche générique),KBC,KBC,en,2025-08-31,59
marque_generique,Marque (recherche générique),KBC,KBC,en,2025-09-07,59
marque_generique,Marque (recherche générique),KBC,KBC,en,2025-09-14,59
marque_generique,Marque (recherche générique),KBC,KBC,en,2025-09-21,59
marque_generique,Marque (recherche générique),KBC,KBC,en,2025-09-28,65
marque_generique,Marque (recherche générique),KBC,KBC,en,2025-10-05,61
marque_generique,Marque (recherche générique),KBC,KBC,en,2025-10-12,56
marque_generique,Marque (recherche générique),KBC,KBC,en,2025-10-19,61
marque_generique,Marque (recherche générique),KBC,KBC,en,2025-10-26,61
marque_generique,Marque (recherche générique),KBC,KBC,en,2025-11-02,62
marque_generique,Marque (recherche générique),KBC,KBC,en,2025-11-09,57
marque_generique,Marque (recherche générique),KBC,KBC,en,2025-11-16,56
marque_generique,Marque (recherche générique),KBC,KBC,en,2025-11-23,53
marque_generique,Marque (recherche générique),KBC,KBC,en,2025-11-30,56
marque_generique,Marque (recherche générique),KBC,KBC,en,2025-12-07,57
marque_generique,Marque (recherche générique),KBC,KBC,en,2025-12-14,61
marque_generique,Marque (recherche générique),KBC,KBC,en,2025-12-21,51
marque_generique,Marque (recherche générique),KBC,KBC,en,2025-12-28,58
marque_generique,Marque (recherche générique),KBC,KBC,en,2026-01-04,64
marque_generique,Marque (recherche générique),KBC,KBC,en,2026-01-11,62
marque_generique,Marque (recherche générique),KBC,KBC,en,2026-01-18,59
marque_generique,Marque (recherche générique),KBC,KBC,en,2026-01-25,58
marque_generique,Marque (recherche générique),KBC,KBC,en,2026-02-01,58
marque_generique,Marque (recherche générique),KBC,KBC,en,2026-02-08,56
marque_generique,Marque (recherche générique),KBC,KBC,en,2026-02-15,52
marque_generique,Marque (recherche générique),KBC,KBC,en,2026-02-22,56
marque_generique,Marque (recherche générique),KBC,KBC,en,2026-03-01,56
marque_generique,Marque (recherche générique),KBC,KBC,en,2026-03-08,52
marque_generique,Marque (recherche générique),KBC,KBC,en,2026-03-15,54
marque_generique,Marque (recherche générique),KBC,KBC,en,2026-03-22,58
marque_generique,Marque (recherche générique),KBC,KBC,en,2026-03-29,59
marque_generique,Marque (recherche générique),KBC,KBC,en,2026-04-05,52
marque_generique,Marque (recherche générique),KBC,KBC,en,2026-04-12,50
marque_generique,Marque (recherche générique),KBC,KBC,en,2026-04-19,51
marque_generique,Marque (recherche générique),KBC,KBC,en,2026-04-26,51
marque_generique,Marque (recherche générique),KBC,KBC,en,2026-05-03,53
marque_generique,Marque (recherche générique),KBC,KBC,en,2026-05-10,49
marque_generique,Marque (recherche générique),KBC,KBC,en,2026-05-17,55
marque_generique,Marque (recherche générique),KBC,KBC,en,2026-05-24,50
marque_generique,Marque (recherche générique),KBC,KBC,en,2026-05-31,53
marque_generique,Marque (recherche générique),KBC,KBC,en,2026-06-07,52
marque_generique,Marque (recherche générique),KBC,KBC,en,2026-06-14,47
marque_generique,Marque (recherche générique),KBC,KBC,en,2026-06-21,49
marque_generique,Marque (recherche générique),KBC,KBC,en,2026-06-28,53
marque_generique,Marque (recherche générique),KBC,KBC,en,2026-07-05,49
marque_generique,Marque (recherche générique),KBC,KBC,en,2026-07-12,48
marque_generique,Marque (recherche générique),KBC,KBC,en,2026-07-19,47
marque_generique,Marque (recherche générique),KBC,KBC,en,2026-07-26,45
marque_generique,Marque (recherche générique),KBC,KBC,en,2026-08-02,50
marque_generique,Marque (recherche générique),KBC,KBC,en,2026-08-09,46
marque_generique,Marque (recherche générique),KBC,KBC,en,2026-08-16,46
marque_generique,Marque (recherche générique),KBC,KBC,en,2026-08-23,48
marque_generique,Marque (recherche générique),KBC,KBC,en,2026-08-30,57
marque_generique,Marque (recherche générique),KBC,KBC,en,2026-09-06,49
marque_generique,Marque (recherche générique),KBC,KBC,en,2026-09-13,42
pret_hypothecaire,Prêt hypothécaire,KBC hypothecair krediet,KBC,nl,2021-09-12,0
pret_hypothecaire,Prêt hypothécaire,KBC hypothecair krediet,KBC,nl,2021-09-19,0
pret_hypothecaire,Prêt hypothécaire,KBC hypothecair krediet,KBC,nl,2021-09-26,0
pret_hypothecaire,Prêt hypothécaire,KBC hypothecair krediet,KBC,nl,2021-10-03,0
pret_hypothecaire,Prêt hypothécaire,KBC hypothecair krediet,KBC,nl,2021-10-10,0
pret_hypothecaire,Prêt hypothécaire,KBC hypothecair krediet,KBC,nl,2021-10-17,0
pret_hypothecaire,Prêt hypothécaire,KBC hypothecair krediet,KBC,nl,2021-10-24,0
pret_hypothecaire,Prêt hypothécaire,KBC hypothecair krediet,KBC,nl,2021-10-31,0
pret_hypothecaire,Prêt hypothécaire,KBC hypothecair krediet,KBC,nl,2021-11-07,0
pret_hypothecaire,Prêt hypothécaire,KBC hypothecair krediet,KBC,nl,2021-11-14,0
pret_hypothecaire,Prêt hypothécaire,KBC hypothecair krediet,KBC,nl,2021-11-21,0
pret_hypothecaire,Prêt hypothécaire,KBC hypothecair krediet,KBC,nl,2021-11-28,0
pret_hypothecaire,Prêt hypothécaire,KBC hypothecair krediet,KBC,nl,2021-12-05,0
pret_hypothecaire,Prêt hypothécaire,KBC hypothecair krediet,KBC,nl,2021-12-12,100
pret_hypothecaire,Prêt hypothécaire,KBC hypothecair krediet,KBC,nl,2021-12-19,0
pret_hypothecaire,Prêt hypothécaire,KBC hypothecair krediet,KBC,nl,2021-12-26,0
pret_hypothecaire,Prêt hypothécaire,KBC hypothecair krediet,KBC,nl,2022-01-02,0
pret_hypothecaire,Prêt hypothécaire,KBC hypothecair krediet,KBC,nl,2022-01-09,0
pret_hypothecaire,Prêt hypothécaire,KBC hypothecair krediet,KBC,nl,2022-01-16,0
pret_hypothecaire,Prêt hypothécaire,KBC hypothecair krediet,KBC,nl,2022-01-23,0
pret_hypothecaire,Prêt hypothécaire,KBC hypothecair krediet,KBC,nl,2022-01-30,0
pret_hypothecaire,Prêt hypothécaire,KBC hypothecair krediet,KBC,nl,2022-02-06,0
pret_hypothecaire,Prêt hypothécaire,KBC hypothecair krediet,KBC,nl,2022-02-13,0
pret_hypothecaire,Prêt hypothécaire,KBC hypothecair krediet,KBC,nl,2022-02-20,0
pret_hypothecaire,Prêt hypothécaire,KBC hypothecair krediet,KBC,nl,2022-02-27,0
pret_hypothecaire,Prêt hypothécaire,KBC hypothecair krediet,KBC,nl,2022-03-06,0
pret_hypothecaire,Prêt hypothécaire,KBC hypothecair krediet,KBC,nl,2022-03-13,0
pret_hypothecaire,Prêt hypothécaire,KBC hypothecair krediet,KBC,nl,2022-03-20,0
pret_hypothecaire,Prêt hypothécaire,KBC hypothecair krediet,KBC,nl,2022-03-27,0
pret_hypothecaire,Prêt hypothécaire,KBC hypothecair krediet,KBC,nl,2022-04-03,0
pret_hypothecaire,Prêt hypothécaire,KBC hypothecair krediet,KBC,nl,2022-04-10,0
pret_hypothecaire,Prêt hypothécaire,KBC hypothecair krediet,KBC,nl,2022-04-17,0
pret_hypothecaire,Prêt hypothécaire,KBC hypothecair krediet,KBC,nl,2022-04-24,0
pret_hypothecaire,Prêt hypothécaire,KBC hypothecair krediet,KBC,nl,2022-05-01,0
pret_hypothecaire,Prêt hypothécaire,KBC hypothecair krediet,KBC,nl,2022-05-08,0
pret_hypothecaire,Prêt hypothécaire,KBC hypothecair krediet,KBC,nl,2022-05-15,0
pret_hypothecaire,Prêt hypothécaire,KBC hypothecair krediet,KBC,nl,2022-05-22,0
pret_hypothecaire,Prêt hypothécaire,KBC hypothecair krediet,KBC,nl,2022-05-29,0
pret_hypothecaire,Prêt hypothécaire,KBC hypothecair krediet,KBC,nl,2022-06-05,0
pret_hypothecaire,Prêt hypothécaire,KBC hypothecair krediet,KBC,nl,2022-06-12,0
pret_hypothecaire,Prêt hypothécaire,KBC hypothecair krediet,KBC,nl,2022-06-19,0
pret_hypothecaire,Prêt hypothécaire,KBC hypothecair krediet,KBC,nl,2022-06-26,0
pret_hypothecaire,Prêt hypothécaire,KBC hypothecair krediet,KBC,nl,2022-07-03,0
pret_hypothecaire,Prêt hypothécaire,KBC hypothecair krediet,KBC,nl,2022-07-10,0
pret_hypothecaire,Prêt hypothécaire,KBC hypothecair krediet,KBC,nl,2022-07-17,0
pret_hypothecaire,Prêt hypothécaire,KBC hypothecair krediet,KBC,nl,2022-07-24,0
pret_hypothecaire,Prêt hypothécaire,KBC hypothecair krediet,KBC,nl,2022-07-31,0
pret_hypothecaire,Prêt hypothécaire,KBC hypothecair krediet,KBC,nl,2022-08-07,0
pret_hypothecaire,Prêt hypothécaire,KBC hypothecair krediet,KBC,nl,2022-08-14,0
pret_hypothecaire,Prêt hypothécaire,KBC hypothecair krediet,KBC,nl,2022-08-21,0
pret_hypothecaire,Prêt hypothécaire,KBC hypothecair krediet,KBC,nl,2022-08-28,0
pret_hypothecaire,Prêt hypothécaire,KBC hypothecair krediet,KBC,nl,2022-09-04,0
pret_hypothecaire,Prêt hypothécaire,KBC hypothecair krediet,KBC,nl,2022-09-11,0
pret_hypothecaire,Prêt hypothécaire,KBC hypothecair krediet,KBC,nl,2022-09-18,0
pret_hypothecaire,Prêt hypothécaire,KBC hypothecair krediet,KBC,nl,2022-09-25,0
pret_hypothecaire,Prêt hypothécaire,KBC hypothecair krediet,KBC,nl,2022-10-02,0
pret_hypothecaire,Prêt hypothécaire,KBC hypothecair krediet,KBC,nl,2022-10-09,0
pret_hypothecaire,Prêt hypothécaire,KBC hypothecair krediet,KBC,nl,2022-10-16,0
pret_hypothecaire,Prêt hypothécaire,KBC hypothecair krediet,KBC,nl,2022-10-23,0
pret_hypothecaire,Prêt hypothécaire,KBC hypothecair krediet,KBC,nl,2022-10-30,0
pret_hypothecaire,Prêt hypothécaire,KBC hypothecair krediet,KBC,nl,2022-11-06,0
pret_hypothecaire,Prêt hypothécaire,KBC hypothecair krediet,KBC,nl,2022-11-13,0
pret_hypothecaire,Prêt hypothécaire,KBC hypothecair krediet,KBC,nl,2022-11-20,0
pret_hypothecaire,Prêt hypothécaire,KBC hypothecair krediet,KBC,nl,2022-11-27,0
pret_hypothecaire,Prêt hypothécaire,KBC hypothecair krediet,KBC,nl,2022-12-04,0
pret_hypothecaire,Prêt hypothécaire,KBC hypothecair krediet,KBC,nl,2022-12-11,0
pret_hypothecaire,Prêt hypothécaire,KBC hypothecair krediet,KBC,nl,2022-12-18,0
pret_hypothecaire,Prêt hypothécaire,KBC hypothecair krediet,KBC,nl,2022-12-25,0
pret_hypothecaire,Prêt hypothécaire,KBC hypothecair krediet,KBC,nl,2023-01-01,0
pret_hypothecaire,Prêt hypothécaire,KBC hypothecair krediet,KBC,nl,2023-01-08,0
pret_hypothecaire,Prêt hypothécaire,KBC hypothecair krediet,KBC,nl,2023-01-15,0
pret_hypothecaire,Prêt hypothécaire,KBC hypothecair krediet,KBC,nl,2023-01-22,0
pret_hypothecaire,Prêt hypothécaire,KBC hypothecair krediet,KBC,nl,2023-01-29,0
pret_hypothecaire,Prêt hypothécaire,KBC hypothecair krediet,KBC,nl,2023-02-05,0
pret_hypothecaire,Prêt hypothécaire,KBC hypothecair krediet,KBC,nl,2023-02-12,0
pret_hypothecaire,Prêt hypothécaire,KBC hypothecair krediet,KBC,nl,2023-02-19,0
pret_hypothecaire,Prêt hypothécaire,KBC hypothecair krediet,KBC,nl,2023-02-26,0
pret_hypothecaire,Prêt hypothécaire,KBC hypothecair krediet,KBC,nl,2023-03-05,0
pret_hypothecaire,Prêt hypothécaire,KBC hypothecair krediet,KBC,nl,2023-03-12,0
pret_hypothecaire,Prêt hypothécaire,KBC hypothecair krediet,KBC,nl,2023-03-19,0
pret_hypothecaire,Prêt hypothécaire,KBC hypothecair krediet,KBC,nl,2023-03-26,0
pret_hypothecaire,Prêt hypothécaire,KBC hypothecair krediet,KBC,nl,2023-04-02,0
pret_hypothecaire,Prêt hypothécaire,KBC hypothecair krediet,KBC,nl,2023-04-09,0
pret_hypothecaire,Prêt hypothécaire,KBC hypothecair krediet,KBC,nl,2023-04-16,0
pret_hypothecaire,Prêt hypothécaire,KBC hypothecair krediet,KBC,nl,2023-04-23,0
pret_hypothecaire,Prêt hypothécaire,KBC hypothecair krediet,KBC,nl,2023-04-30,0
pret_hypothecaire,Prêt hypothécaire,KBC hypothecair krediet,KBC,nl,2023-05-07,0
pret_hypothecaire,Prêt hypothécaire,KBC hypothecair krediet,KBC,nl,2023-05-14,0
pret_hypothecaire,Prêt hypothécaire,KBC hypothecair krediet,KBC,nl,2023-05-21,0
pret_hypothecaire,Prêt hypothécaire,KBC hypothecair krediet,KBC,nl,2023-05-28,0
pret_hypothecaire,Prêt hypothécaire,KBC hypothecair krediet,KBC,nl,2023-06-04,0
pret_hypothecaire,Prêt hypothécaire,KBC hypothecair krediet,KBC,nl,2023-06-11,0
pret_hypothecaire,Prêt hypothécaire,KBC hypothecair krediet,KBC,nl,2023-06-18,0
pret_hypothecaire,Prêt hypothécaire,KBC hypothecair krediet,KBC,nl,2023-06-25,0
pret_hypothecaire,Prêt hypothécaire,KBC hypothecair krediet,KBC,nl,2023-07-02,0
pret_hypothecaire,Prêt hypothécaire,KBC hypothecair krediet,KBC,nl,2023-07-09,0
pret_hypothecaire,Prêt hypothécaire,KBC hypothecair krediet,KBC,nl,2023-07-16,0
pret_hypothecaire,Prêt hypothécaire,KBC hypothecair krediet,KBC,nl,2023-07-23,0
pret_hypothecaire,Prêt hypothécaire,KBC hypothecair krediet,KBC,nl,2023-07-30,0
pret_hypothecaire,Prêt hypothécaire,KBC hypothecair krediet,KBC,nl,2023-08-06,0
pret_hypothecaire,Prêt hypothécaire,KBC hypothecair krediet,KBC,nl,2023-08-13,0
pret_hypothecaire,Prêt hypothécaire,KBC hypothecair krediet,KBC,nl,2023-08-20,0
pret_hypothecaire,Prêt hypothécaire,KBC hypothecair krediet,KBC,nl,2023-08-27,0
pret_hypothecaire,Prêt hypothécaire,KBC hypothecair krediet,KBC,nl,2023-09-03,0
pret_hypothecaire,Prêt hypothécaire,KBC hypothecair krediet,KBC,nl,2023-09-10,0
pret_hypothecaire,Prêt hypothécaire,KBC hypothecair krediet,KBC,nl,2023-09-17,0
pret_hypothecaire,Prêt hypothécaire,KBC hypothecair krediet,KBC,nl,2023-09-24,0
pret_hypothecaire,Prêt hypothécaire,KBC hypothecair krediet,KBC,nl,2023-10-01,0
pret_hypothecaire,Prêt hypothécaire,KBC hypothecair krediet,KBC,nl,2023-10-08,0
pret_hypothecaire,Prêt hypothécaire,KBC hypothecair krediet,KBC,nl,2023-10-15,0
pret_hypothecaire,Prêt hypothécaire,KBC hypothecair krediet,KBC,nl,2023-10-22,0
pret_hypothecaire,Prêt hypothécaire,KBC hypothecair krediet,KBC,nl,2023-10-29,0
pret_hypothecaire,Prêt hypothécaire,KBC hypothecair krediet,KBC,nl,2023-11-05,0
pret_hypothecaire,Prêt hypothécaire,KBC hypothecair krediet,KBC,nl,2023-11-12,71
pret_hypothecaire,Prêt hypothécaire,KBC hypothecair krediet,KBC,nl,2023-11-19,0
pret_hypothecaire,Prêt hypothécaire,KBC hypothecair krediet,KBC,nl,2023-11-26,0
pret_hypothecaire,Prêt hypothécaire,KBC hypothecair krediet,KBC,nl,2023-12-03,0
pret_hypothecaire,Prêt hypothécaire,KBC hypothecair krediet,KBC,nl,2023-12-10,0
pret_hypothecaire,Prêt hypothécaire,KBC hypothecair krediet,KBC,nl,2023-12-17,0
pret_hypothecaire,Prêt hypothécaire,KBC hypothecair krediet,KBC,nl,2023-12-24,0
pret_hypothecaire,Prêt hypothécaire,KBC hypothecair krediet,KBC,nl,2023-12-31,0
pret_hypothecaire,Prêt hypothécaire,KBC hypothecair krediet,KBC,nl,2024-01-07,0
pret_hypothecaire,Prêt hypothécaire,KBC hypothecair krediet,KBC,nl,2024-01-14,0
pret_hypothecaire,Prêt hypothécaire,KBC hypothecair krediet,KBC,nl,2024-01-21,0
pret_hypothecaire,Prêt hypothécaire,KBC hypothecair krediet,KBC,nl,2024-01-28,0
pret_hypothecaire,Prêt hypothécaire,KBC hypothecair krediet,KBC,nl,2024-02-04,0
pret_hypothecaire,Prêt hypothécaire,KBC hypothecair krediet,KBC,nl,2024-02-11,0
pret_hypothecaire,Prêt hypothécaire,KBC hypothecair krediet,KBC,nl,2024-02-18,0
pret_hypothecaire,Prêt hypothécaire,KBC hypothecair krediet,KBC,nl,2024-02-25,0
pret_hypothecaire,Prêt hypothécaire,KBC hypothecair krediet,KBC,nl,2024-03-03,0
pret_hypothecaire,Prêt hypothécaire,KBC hypothecair krediet,KBC,nl,2024-03-10,0
pret_hypothecaire,Prêt hypothécaire,KBC hypothecair krediet,KBC,nl,2024-03-17,0
pret_hypothecaire,Prêt hypothécaire,KBC hypothecair krediet,KBC,nl,2024-03-24,0
pret_hypothecaire,Prêt hypothécaire,KBC hypothecair krediet,KBC,nl,2024-03-31,0
pret_hypothecaire,Prêt hypothécaire,KBC hypothecair krediet,KBC,nl,2024-04-07,0
pret_hypothecaire,Prêt hypothécaire,KBC hypothecair krediet,KBC,nl,2024-04-14,0
pret_hypothecaire,Prêt hypothécaire,KBC hypothecair krediet,KBC,nl,2024-04-21,0
pret_hypothecaire,Prêt hypothécaire,KBC hypothecair krediet,KBC,nl,2024-04-28,0
pret_hypothecaire,Prêt hypothécaire,KBC hypothecair krediet,KBC,nl,2024-05-05,0
pret_hypothecaire,Prêt hypothécaire,KBC hypothecair krediet,KBC,nl,2024-05-12,0
pret_hypothecaire,Prêt hypothécaire,KBC hypothecair krediet,KBC,nl,2024-05-19,0
pret_hypothecaire,Prêt hypothécaire,KBC hypothecair krediet,KBC,nl,2024-05-26,0
pret_hypothecaire,Prêt hypothécaire,KBC hypothecair krediet,KBC,nl,2024-06-02,0
pret_hypothecaire,Prêt hypothécaire,KBC hypothecair krediet,KBC,nl,2024-06-09,0
pret_hypothecaire,Prêt hypothécaire,KBC hypothecair krediet,KBC,nl,2024-06-16,0
pret_hypothecaire,Prêt hypothécaire,KBC hypothecair krediet,KBC,nl,2024-06-23,0
pret_hypothecaire,Prêt hypothécaire,KBC hypothecair krediet,KBC,nl,2024-06-30,0
pret_hypothecaire,Prêt hypothécaire,KBC hypothecair krediet,KBC,nl,2024-07-07,0
pret_hypothecaire,Prêt hypothécaire,KBC hypothecair krediet,KBC,nl,2024-07-14,0
pret_hypothecaire,Prêt hypothécaire,KBC hypothecair krediet,KBC,nl,2024-07-21,0
pret_hypothecaire,Prêt hypothécaire,KBC hypothecair krediet,KBC,nl,2024-07-28,0
pret_hypothecaire,Prêt hypothécaire,KBC hypothecair krediet,KBC,nl,2024-08-04,0
pret_hypothecaire,Prêt hypothécaire,KBC hypothecair krediet,KBC,nl,2024-08-11,0
pret_hypothecaire,Prêt hypothécaire,KBC hypothecair krediet,KBC,nl,2024-08-18,0
pret_hypothecaire,Prêt hypothécaire,KBC hypothecair krediet,KBC,nl,2024-08-25,0
pret_hypothecaire,Prêt hypothécaire,KBC hypothecair krediet,KBC,nl,2024-09-01,67
pret_hypothecaire,Prêt hypothécaire,KBC hypothecair krediet,KBC,nl,2024-09-08,0
pret_hypothecaire,Prêt hypothécaire,KBC hypothecair krediet,KBC,nl,2024-09-15,0
pret_hypothecaire,Prêt hypothécaire,KBC hypothecair krediet,KBC,nl,2024-09-22,0
pret_hypothecaire,Prêt hypothécaire,KBC hypothecair krediet,KBC,nl,2024-09-29,0
pret_hypothecaire,Prêt hypothécaire,KBC hypothecair krediet,KBC,nl,2024-10-06,0
pret_hypothecaire,Prêt hypothécaire,KBC hypothecair krediet,KBC,nl,2024-10-13,0
pret_hypothecaire,Prêt hypothécaire,KBC hypothecair krediet,KBC,nl,2024-10-20,0
pret_hypothecaire,Prêt hypothécaire,KBC hypothecair krediet,KBC,nl,2024-10-27,0
pret_hypothecaire,Prêt hypothécaire,KBC hypothecair krediet,KBC,nl,2024-11-03,0
pret_hypothecaire,Prêt hypothécaire,KBC hypothecair krediet,KBC,nl,2024-11-10,0
pret_hypothecaire,Prêt hypothécaire,KBC hypothecair krediet,KBC,nl,2024-11-17,0
pret_hypothecaire,Prêt hypothécaire,KBC hypothecair krediet,KBC,nl,2024-11-24,0
pret_hypothecaire,Prêt hypothécaire,KBC hypothecair krediet,KBC,nl,2024-12-01,0
pret_hypothecaire,Prêt hypothécaire,KBC hypothecair krediet,KBC,nl,2024-12-08,0
pret_hypothecaire,Prêt hypothécaire,KBC hypothecair krediet,KBC,nl,2024-12-15,0
pret_hypothecaire,Prêt hypothécaire,KBC hypothecair krediet,KBC,nl,2024-12-22,0
pret_hypothecaire,Prêt hypothécaire,KBC hypothecair krediet,KBC,nl,2024-12-29,0
pret_hypothecaire,Prêt hypothécaire,KBC hypothecair krediet,KBC,nl,2025-01-05,0
pret_hypothecaire,Prêt hypothécaire,KBC hypothecair krediet,KBC,nl,2025-01-12,0
pret_hypothecaire,Prêt hypothécaire,KBC hypothecair krediet,KBC,nl,2025-01-19,0
pret_hypothecaire,Prêt hypothécaire,KBC hypothecair krediet,KBC,nl,2025-01-26,0
pret_hypothecaire,Prêt hypothécaire,KBC hypothecair krediet,KBC,nl,2025-02-02,0
pret_hypothecaire,Prêt hypothécaire,KBC hypothecair krediet,KBC,nl,2025-02-09,0
pret_hypothecaire,Prêt hypothécaire,KBC hypothecair krediet,KBC,nl,2025-02-16,0
pret_hypothecaire,Prêt hypothécaire,KBC hypothecair krediet,KBC,nl,2025-02-23,0
pret_hypothecaire,Prêt hypothécaire,KBC hypothecair krediet,KBC,nl,2025-03-02,0
pret_hypothecaire,Prêt hypothécaire,KBC hypothecair krediet,KBC,nl,2025-03-09,0
pret_hypothecaire,Prêt hypothécaire,KBC hypothecair krediet,KBC,nl,2025-03-16,0
pret_hypothecaire,Prêt hypothécaire,KBC hypothecair krediet,KBC,nl,2025-03-23,0
pret_hypothecaire,Prêt hypothécaire,KBC hypothecair krediet,KBC,nl,2025-03-30,0
pret_hypothecaire,Prêt hypothécaire,KBC hypothecair krediet,KBC,nl,2025-04-06,0
pret_hypothecaire,Prêt hypothécaire,KBC hypothecair krediet,KBC,nl,2025-04-13,0
pret_hypothecaire,Prêt hypothécaire,KBC hypothecair krediet,KBC,nl,2025-04-20,0
pret_hypothecaire,Prêt hypothécaire,KBC hypothecair krediet,KBC,nl,2025-04-27,0
pret_hypothecaire,Prêt hypothécaire,KBC hypothecair krediet,KBC,nl,2025-05-04,0
pret_hypothecaire,Prêt hypothécaire,KBC hypothecair krediet,KBC,nl,2025-05-11,0
pret_hypothecaire,Prêt hypothécaire,KBC hypothecair krediet,KBC,nl,2025-05-18,0
pret_hypothecaire,Prêt hypothécaire,KBC hypothecair krediet,KBC,nl,2025-05-25,0
pret_hypothecaire,Prêt hypothécaire,KBC hypothecair krediet,KBC,nl,2025-06-01,0
pret_hypothecaire,Prêt hypothécaire,KBC hypothecair krediet,KBC,nl,2025-06-08,0
pret_hypothecaire,Prêt hypothécaire,KBC hypothecair krediet,KBC,nl,2025-06-15,0
pret_hypothecaire,Prêt hypothécaire,KBC hypothecair krediet,KBC,nl,2025-06-22,0
pret_hypothecaire,Prêt hypothécaire,KBC hypothecair krediet,KBC,nl,2025-06-29,0
pret_hypothecaire,Prêt hypothécaire,KBC hypothecair krediet,KBC,nl,2025-07-06,0
pret_hypothecaire,Prêt hypothécaire,KBC hypothecair krediet,KBC,nl,2025-07-13,0
pret_hypothecaire,Prêt hypothécaire,KBC hypothecair krediet,KBC,nl,2025-07-20,0
pret_hypothecaire,Prêt hypothécaire,KBC hypothecair krediet,KBC,nl,2025-07-27,0
pret_hypothecaire,Prêt hypothécaire,KBC hypothecair krediet,KBC,nl,2025-08-03,0
pret_hypothecaire,Prêt hypothécaire,KBC hypothecair krediet,KBC,nl,2025-08-10,0
pret_hypothecaire,Prêt hypothécaire,KBC hypothecair krediet,KBC,nl,2025-08-17,0
pret_hypothecaire,Prêt hypothécaire,KBC hypothecair krediet,KBC,nl,2025-08-24,0
pret_hypothecaire,Prêt hypothécaire,KBC hypothecair krediet,KBC,nl,2025-08-31,0
pret_hypothecaire,Prêt hypothécaire,KBC hypothecair krediet,KBC,nl,2025-09-07,0
pret_hypothecaire,Prêt hypothécaire,KBC hypothecair krediet,KBC,nl,2025-09-14,0
pret_hypothecaire,Prêt hypothécaire,KBC hypothecair krediet,KBC,nl,2025-09-21,0
pret_hypothecaire,Prêt hypothécaire,KBC hypothecair krediet,KBC,nl,2025-09-28,0
pret_hypothecaire,Prêt hypothécaire,KBC hypothecair krediet,KBC,nl,2025-10-05,0
pret_hypothecaire,Prêt hypothécaire,KBC hypothecair krediet,KBC,nl,2025-10-12,0
pret_hypothecaire,Prêt hypothécaire,KBC hypothecair krediet,KBC,nl,2025-10-19,0
pret_hypothecaire,Prêt hypothécaire,KBC hypothecair krediet,KBC,nl,2025-10-26,0
pret_hypothecaire,Prêt hypothécaire,KBC hypothecair krediet,KBC,nl,2025-11-02,0
pret_hypothecaire,Prêt hypothécaire,KBC hypothecair krediet,KBC,nl,2025-11-09,0
pret_hypothecaire,Prêt hypothécaire,KBC hypothecair krediet,KBC,nl,2025-11-16,0
pret_hypothecaire,Prêt hypothécaire,KBC hypothecair krediet,KBC,nl,2025-11-23,0
pret_hypothecaire,Prêt hypothécaire,KBC hypothecair krediet,KBC,nl,2025-11-30,0
pret_hypothecaire,Prêt hypothécaire,KBC hypothecair krediet,KBC,nl,2025-12-07,0
pret_hypothecaire,Prêt hypothécaire,KBC hypothecair krediet,KBC,nl,2025-12-14,0
pret_hypothecaire,Prêt hypothécaire,KBC hypothecair krediet,KBC,nl,2025-12-21,0
pret_hypothecaire,Prêt hypothécaire,KBC hypothecair krediet,KBC,nl,2025-12-28,0
pret_hypothecaire,Prêt hypothécaire,KBC hypothecair krediet,KBC,nl,2026-01-04,0
pret_hypothecaire,Prêt hypothécaire,KBC hypothecair krediet,KBC,nl,2026-01-11,0
pret_hypothecaire,Prêt hypothécaire,KBC hypothecair krediet,KBC,nl,2026-01-18,0
pret_hypothecaire,Prêt hypothécaire,KBC hypothecair krediet,KBC,nl,2026-01-25,0
pret_hypothecaire,Prêt hypothécaire,KBC hypothecair krediet,KBC,nl,2026-02-01,0
pret_hypothecaire,Prêt hypothécaire,KBC hypothecair krediet,KBC,nl,2026-02-08,0
pret_hypothecaire,Prêt hypothécaire,KBC hypothecair krediet,KBC,nl,2026-02-15,0
pret_hypothecaire,Prêt hypothécaire,KBC hypothecair krediet,KBC,nl,2026-02-22,0
pret_hypothecaire,Prêt hypothécaire,KBC hypothecair krediet,KBC,nl,2026-03-01,0
pret_hypothecaire,Prêt hypothécaire,KBC hypothecair krediet,KBC,nl,2026-03-08,0
pret_hypothecaire,Prêt hypothécaire,KBC hypothecair krediet,KBC,nl,2026-03-15,0
pret_hypothecaire,Prêt hypothécaire,KBC hypothecair krediet,KBC,nl,2026-03-22,0
pret_hypothecaire,Prêt hypothécaire,KBC hypothecair krediet,KBC,nl,2026-03-29,0
pret_hypothecaire,Prêt hypothécaire,KBC hypothecair krediet,KBC,nl,2026-04-05,0
pret_hypothecaire,Prêt hypothécaire,KBC hypothecair krediet,KBC,nl,2026-04-12,0
pret_hypothecaire,Prêt hypothécaire,KBC hypothecair krediet,KBC,nl,2026-04-19,0
pret_hypothecaire,Prêt hypothécaire,KBC hypothecair krediet,KBC,nl,2026-04-26,0
pret_hypothecaire,Prêt hypothécaire,KBC hypothecair krediet,KBC,nl,2026-05-03,0
pret_hypothecaire,Prêt hypothécaire,KBC hypothecair krediet,KBC,nl,2026-05-10,0
pret_hypothecaire,Prêt hypothécaire,KBC hypothecair krediet,KBC,nl,2026-05-17,0
pret_hypothecaire,Prêt hypothécaire,KBC hypothecair krediet,KBC,nl,2026-05-24,0
pret_hypothecaire,Prêt hypothécaire,KBC hypothecair krediet,KBC,nl,2026-05-31,0
pret_hypothecaire,Prêt hypothécaire,KBC hypothecair krediet,KBC,nl,2026-06-07,0
pret_hypothecaire,Prêt hypothécaire,KBC hypothecair krediet,KBC,nl,2026-06-14,0
pret_hypothecaire,Prêt hypothécaire,KBC hypothecair krediet,KBC,nl,2026-06-21,0
pret_hypothecaire,Prêt hypothécaire,KBC hypothecair krediet,KBC,nl,2026-06-28,0
pret_hypothecaire,Prêt hypothécaire,KBC hypothecair krediet,KBC,nl,2026-07-05,0
pret_hypothecaire,Prêt hypothécaire,KBC hypothecair krediet,KBC,nl,2026-07-12,0
pret_hypothecaire,Prêt hypothécaire,KBC hypothecair krediet,KBC,nl,2026-07-19,0
pret_hypothecaire,Prêt hypothécaire,KBC hypothecair krediet,KBC,nl,2026-07-26,0
pret_hypothecaire,Prêt hypothécaire,KBC hypothecair krediet,KBC,nl,2026-08-02,0
pret_hypothecaire,Prêt hypothécaire,KBC hypothecair krediet,KBC,nl,2026-08-09,0
pret_hypothecaire,Prêt hypothécaire,KBC hypothecair krediet,KBC,nl,2026-08-16,0
pret_hypothecaire,Prêt hypothécaire,KBC hypothecair krediet,KBC,nl,2026-08-23,0
pret_hypothecaire,Prêt hypothécaire,KBC hypothecair krediet,KBC,nl,2026-08-30,0
pret_hypothecaire,Prêt hypothécaire,KBC hypothecair krediet,KBC,nl,2026-09-06,0
pret_hypothecaire,Prêt hypothécaire,KBC hypothecair krediet,KBC,nl,2026-09-13,0
